menu_fd_Code,menu_fd_Nm,upper_Fd_Grupp_Nm,fd_Grupp_Nm,ingredient_text,document
D011001,눌은밥,밥류,쌀밥,"즉석밥, 누룽지, 끓는물 부음","메뉴명: 눌은밥
메뉴 대분류: 밥류
메뉴 소분류: 쌀밥
식재료: 즉석밥, 누룽지, 끓는물 부음"
D011002,쌀밥,밥류,쌀밥,"멥쌀, 백미, 밥","메뉴명: 쌀밥
메뉴 대분류: 밥류
메뉴 소분류: 쌀밥
식재료: 멥쌀, 백미, 밥"
D011003,찰밥,밥류,쌀밥,"찹쌀, 백미, 보람찰, 밥","메뉴명: 찰밥
메뉴 대분류: 밥류
메뉴 소분류: 쌀밥
식재료: 찹쌀, 백미, 보람찰, 밥"
D011004,현미밥,밥류,쌀밥,"멥쌀, 현미, 밥","메뉴명: 현미밥
메뉴 대분류: 밥류
메뉴 소분류: 쌀밥
식재료: 멥쌀, 현미, 밥"
D011006,현미밥,밥류,쌀밥,"멥쌀, 현미, 밥","메뉴명: 현미밥
메뉴 대분류: 밥류
메뉴 소분류: 쌀밥
식재료: 멥쌀, 현미, 밥"
D011007,누룽지(멥쌀),밥류,쌀밥,메밀묵,"메뉴명: 누룽지(멥쌀)
메뉴 대분류: 밥류
메뉴 소분류: 쌀밥
식재료: 메밀묵"
D011008,흑미밥,밥류,쌀밥,"멥쌀, 백미, 생것, 멥쌀, 현미, 흑미, 생것","메뉴명: 흑미밥
메뉴 대분류: 밥류
메뉴 소분류: 쌀밥
식재료: 멥쌀, 백미, 생것, 멥쌀, 현미, 흑미, 생것"
D011009,발아현미밥,밥류,쌀밥,"멥쌀, 백미, 생것, 멥쌀, 현미, 발아현미, 생것","메뉴명: 발아현미밥
메뉴 대분류: 밥류
메뉴 소분류: 쌀밥
식재료: 멥쌀, 백미, 생것, 멥쌀, 현미, 발아현미, 생것"
D011010,흑미현미밥,밥류,쌀밥,"멥쌀, 백미, 생것, 멥쌀, 현미, 발아현미, 생것, 멥쌀, 현미, 흑미, 생것","메뉴명: 흑미현미밥
메뉴 대분류: 밥류
메뉴 소분류: 쌀밥
식재료: 멥쌀, 백미, 생것, 멥쌀, 현미, 발아현미, 생것, 멥쌀, 현미, 흑미, 생것"
D012001,검정콩밥,밥류,잡곡밥류,"대두, 검은색, 흑태, 삶은것, 멥쌀, 백미, 밥","메뉴명: 검정콩밥
메뉴 대분류: 밥류
메뉴 소분류: 잡곡밥류
식재료: 대두, 검은색, 흑태, 삶은것, 멥쌀, 백미, 밥"
D012002,기장밥,밥류,잡곡밥류,"기장, 도정, 생것, 멥쌀, 백미, 밥","메뉴명: 기장밥
메뉴 대분류: 밥류
메뉴 소분류: 잡곡밥류
식재료: 기장, 도정, 생것, 멥쌀, 백미, 밥"
D012003,녹두밥,밥류,잡곡밥류,"녹두, 삶은것, 멥쌀, 백미, 밥, 찹쌀, 백미, 보람찰, 밥","메뉴명: 녹두밥
메뉴 대분류: 밥류
메뉴 소분류: 잡곡밥류
식재료: 녹두, 삶은것, 멥쌀, 백미, 밥, 찹쌀, 백미, 보람찰, 밥"
D012004,땅콩밥,밥류,잡곡밥류,"땅콩, 삶은것, 소금첨가, 멥쌀, 백미, 밥","메뉴명: 땅콩밥
메뉴 대분류: 밥류
메뉴 소분류: 잡곡밥류
식재료: 땅콩, 삶은것, 소금첨가, 멥쌀, 백미, 밥"
D012005,밤밥,밥류,잡곡밥류,"밤, 삶은것, 멥쌀, 백미, 밥","메뉴명: 밤밥
메뉴 대분류: 밥류
메뉴 소분류: 잡곡밥류
식재료: 밤, 삶은것, 멥쌀, 백미, 밥"
D012006,보리밥,밥류,잡곡밥류,"보리, 겉보리, 압맥, 멥쌀, 백미, 밥","메뉴명: 보리밥
메뉴 대분류: 밥류
메뉴 소분류: 잡곡밥류
식재료: 보리, 겉보리, 압맥, 멥쌀, 백미, 밥"
D012007,보리밥(강낭콩),밥류,잡곡밥류,"보리, 겉보리, 압맥, 멥쌀, 백미, 밥, 강낭콩, 삶은것","메뉴명: 보리밥(강낭콩)
메뉴 대분류: 밥류
메뉴 소분류: 잡곡밥류
식재료: 보리, 겉보리, 압맥, 멥쌀, 백미, 밥, 강낭콩, 삶은것"
D012008,보리밥(조),밥류,잡곡밥류,"보리, 겉보리, 압맥, 멥쌀, 백미, 밥, 조, 메조, 도정, 찐것","메뉴명: 보리밥(조)
메뉴 대분류: 밥류
메뉴 소분류: 잡곡밥류
식재료: 보리, 겉보리, 압맥, 멥쌀, 백미, 밥, 조, 메조, 도정, 찐것"
D012009,보리밥(팥),밥류,잡곡밥류,"보리, 겉보리, 압맥, 멥쌀, 백미, 밥, 팥, 적색, 삶은것","메뉴명: 보리밥(팥)
메뉴 대분류: 밥류
메뉴 소분류: 잡곡밥류
식재료: 보리, 겉보리, 압맥, 멥쌀, 백미, 밥, 팥, 적색, 삶은것"
D012010,수수밥,밥류,잡곡밥류,"수수, 찰수수, 도정, 생것, 멥쌀, 백미, 밥","메뉴명: 수수밥
메뉴 대분류: 밥류
메뉴 소분류: 잡곡밥류
식재료: 수수, 찰수수, 도정, 생것, 멥쌀, 백미, 밥"
D012011,쑥밥,밥류,잡곡밥류,"쑥, 생것, 멥쌀, 백미, 밥","메뉴명: 쑥밥
메뉴 대분류: 밥류
메뉴 소분류: 잡곡밥류
식재료: 쑥, 생것, 멥쌀, 백미, 밥"
D012012,약식,밥류,잡곡밥류,"찹쌀, 백미, 보람찰, 밥, 밤, 생것, 대추, 말린것, 간장, 개량, 양조, 설탕, 흑설탕, 잣, 볶은것, 참기름","메뉴명: 약식
메뉴 대분류: 밥류
메뉴 소분류: 잡곡밥류
식재료: 찹쌀, 백미, 보람찰, 밥, 밤, 생것, 대추, 말린것, 간장, 개량, 양조, 설탕, 흑설탕, 잣, 볶은것, 참기름"
D012013,오곡밥,밥류,잡곡밥류,"찹쌀, 백미, 보람찰, 밥, 멥쌀, 백미, 밥, 조, 차조, 도정, 생것, 팥, 적색, 삶은것, 수수, 찰수수, 도정, 생것, 대두, 검은색, 흑태, 말린것, 기장, 도정, 생것, 소금, 천일염, 가는소금","메뉴명: 오곡밥
메뉴 대분류: 밥류
메뉴 소분류: 잡곡밥류
식재료: 찹쌀, 백미, 보람찰, 밥, 멥쌀, 백미, 밥, 조, 차조, 도정, 생것, 팥, 적색, 삶은것, 수수, 찰수수, 도정, 생것, 대두, 검은색, 흑태, 말린것, 기장, 도정, 생것, 소금, 천일염, 가는소금"
D012014,옥수수밥,밥류,잡곡밥류,"옥수수, 찰옥수수, 삶은것, 멥쌀, 백미, 밥","메뉴명: 옥수수밥
메뉴 대분류: 밥류
메뉴 소분류: 잡곡밥류
식재료: 옥수수, 찰옥수수, 삶은것, 멥쌀, 백미, 밥"
D012015,완두콩밥,밥류,잡곡밥류,"완두, 삶은것, 멥쌀, 백미, 밥, 찹쌀, 백미, 보람찰, 밥","메뉴명: 완두콩밥
메뉴 대분류: 밥류
메뉴 소분류: 잡곡밥류
식재료: 완두, 삶은것, 멥쌀, 백미, 밥, 찹쌀, 백미, 보람찰, 밥"
D012016,율무밥,밥류,잡곡밥류,"율무, 도정, 생것, 멥쌀, 백미, 밥, 찹쌀, 백미, 보람찰, 밥","메뉴명: 율무밥
메뉴 대분류: 밥류
메뉴 소분류: 잡곡밥류
식재료: 율무, 도정, 생것, 멥쌀, 백미, 밥, 찹쌀, 백미, 보람찰, 밥"
D012017,잡곡밥(강낭콩),밥류,잡곡밥류,"강낭콩, 삶은것, 멥쌀, 백미, 밥, 보리, 겉보리, 압맥","메뉴명: 잡곡밥(강낭콩)
메뉴 대분류: 밥류
메뉴 소분류: 잡곡밥류
식재료: 강낭콩, 삶은것, 멥쌀, 백미, 밥, 보리, 겉보리, 압맥"
D012018,잡곡밥(옥수수),밥류,잡곡밥류,"보리, 겉보리, 압맥, 멥쌀, 백미, 밥, 옥수수, 찰옥수수, 삶은것, 율무, 도정, 생것, 조, 메조, 도정, 생것","메뉴명: 잡곡밥(옥수수)
메뉴 대분류: 밥류
메뉴 소분류: 잡곡밥류
식재료: 보리, 겉보리, 압맥, 멥쌀, 백미, 밥, 옥수수, 찰옥수수, 삶은것, 율무, 도정, 생것, 조, 메조, 도정, 생것"
D012019,잡곡밥(팥),밥류,잡곡밥류,"멥쌀, 백미, 밥, 팥, 적색, 삶은것, 수수, 도정, 생것, 조, 차조, 도정, 생것","메뉴명: 잡곡밥(팥)
메뉴 대분류: 밥류
메뉴 소분류: 잡곡밥류
식재료: 멥쌀, 백미, 밥, 팥, 적색, 삶은것, 수수, 도정, 생것, 조, 차조, 도정, 생것"
D012020,조밥,밥류,잡곡밥류,"조, 메조, 도정, 생것, 멥쌀, 백미, 밥","메뉴명: 조밥
메뉴 대분류: 밥류
메뉴 소분류: 잡곡밥류
식재료: 조, 메조, 도정, 생것, 멥쌀, 백미, 밥"
D012021,차수수밥,밥류,잡곡밥류,"수수, 찰수수, 도정, 생것, 멥쌀, 백미, 밥, 보리, 겉보리, 압맥","메뉴명: 차수수밥
메뉴 대분류: 밥류
메뉴 소분류: 잡곡밥류
식재료: 수수, 찰수수, 도정, 생것, 멥쌀, 백미, 밥, 보리, 겉보리, 압맥"
D012022,차조밥,밥류,잡곡밥류,"조, 차조, 도정, 생것, 멥쌀, 백미, 밥, 찹쌀, 백미, 보람찰, 밥","메뉴명: 차조밥
메뉴 대분류: 밥류
메뉴 소분류: 잡곡밥류
식재료: 조, 차조, 도정, 생것, 멥쌀, 백미, 밥, 찹쌀, 백미, 보람찰, 밥"
D012023,찰밥(멥쌀),밥류,잡곡밥류,"찹쌀, 백미, 보람찰, 밥, 멥쌀, 백미, 밥","메뉴명: 찰밥(멥쌀)
메뉴 대분류: 밥류
메뉴 소분류: 잡곡밥류
식재료: 찹쌀, 백미, 보람찰, 밥, 멥쌀, 백미, 밥"
D012024,찰밥(수수),밥류,잡곡밥류,"찹쌀, 백미, 보람찰, 밥, 수수, 찰수수, 도정, 생것, 멥쌀, 백미, 밥","메뉴명: 찰밥(수수)
메뉴 대분류: 밥류
메뉴 소분류: 잡곡밥류
식재료: 찹쌀, 백미, 보람찰, 밥, 수수, 찰수수, 도정, 생것, 멥쌀, 백미, 밥"
D012025,콩밥,밥류,잡곡밥류,"대두, 검은색, 흑태, 삶은것, 멥쌀, 백미, 밥, 찹쌀, 백미, 보람찰, 밥","메뉴명: 콩밥
메뉴 대분류: 밥류
메뉴 소분류: 잡곡밥류
식재료: 대두, 검은색, 흑태, 삶은것, 멥쌀, 백미, 밥, 찹쌀, 백미, 보람찰, 밥"
D012026,팥밥,밥류,잡곡밥류,"팥, 적색, 삶은것, 멥쌀, 백미, 밥","메뉴명: 팥밥
메뉴 대분류: 밥류
메뉴 소분류: 잡곡밥류
식재료: 팥, 적색, 삶은것, 멥쌀, 백미, 밥"
D012027,귀리누룽지,밥류,잡곡밥류,"귀리, 쌀귀리, 도정, 생것, 즉석밥, 누룽지","메뉴명: 귀리누룽지
메뉴 대분류: 밥류
메뉴 소분류: 잡곡밥류
식재료: 귀리, 쌀귀리, 도정, 생것, 즉석밥, 누룽지"
D012029,귀리밥,밥류,잡곡밥류,"찹쌀, 백미, 보람찰, 밥, 귀리, 쌀귀리, 도정, 밥","메뉴명: 귀리밥
메뉴 대분류: 밥류
메뉴 소분류: 잡곡밥류
식재료: 찹쌀, 백미, 보람찰, 밥, 귀리, 쌀귀리, 도정, 밥"
D012034,보리고구마밥,밥류,잡곡밥류,"보리, 쌀보리, 도정, 생것, 고구마, 찐것, 멥쌀, 백미, 밥","메뉴명: 보리고구마밥
메뉴 대분류: 밥류
메뉴 소분류: 잡곡밥류
식재료: 보리, 쌀보리, 도정, 생것, 고구마, 찐것, 멥쌀, 백미, 밥"
D012037,양주밤밥,밥류,잡곡밥류,"멥쌀, 백미, 밥, 찹쌀, 백미, 보람찰, 밥, 은행, 삶은것, 밤, 삶은것","메뉴명: 양주밤밥
메뉴 대분류: 밥류
메뉴 소분류: 잡곡밥류
식재료: 멥쌀, 백미, 밥, 찹쌀, 백미, 보람찰, 밥, 은행, 삶은것, 밤, 삶은것"
D012043,조감자밥,밥류,잡곡밥류,"감자, 대지, 삶은것, 조, 차조, 도정, 생것","메뉴명: 조감자밥
메뉴 대분류: 밥류
메뉴 소분류: 잡곡밥류
식재료: 감자, 대지, 삶은것, 조, 차조, 도정, 생것"
D012047,보리옥수수밥,밥류,잡곡밥류,"멥쌀, 백미, 밥, 옥수수, 찰옥수수, 삶은것, 보리, 겉보리, 압맥","메뉴명: 보리옥수수밥
메뉴 대분류: 밥류
메뉴 소분류: 잡곡밥류
식재료: 멥쌀, 백미, 밥, 옥수수, 찰옥수수, 삶은것, 보리, 겉보리, 압맥"
D012048,보리옥수수밥,밥류,잡곡밥류,"보리, 겉보리, 압맥, 멥쌀, 백미, 밥, 옥수수, 찰옥수수, 삶은것","메뉴명: 보리옥수수밥
메뉴 대분류: 밥류
메뉴 소분류: 잡곡밥류
식재료: 보리, 겉보리, 압맥, 멥쌀, 백미, 밥, 옥수수, 찰옥수수, 삶은것"
D012049,잡곡밥,밥류,잡곡밥류,"찹쌀, 백미, 생것, 멥쌀, 백미, 밥, 조, 차조, 도정, 생것, 팥, 적색, 말린것, 수수, 찰수수, 도정, 생것, 대두, 검은색, 흑태, 말린것, 기장, 도정, 생것, 소금, 천일염, 가는소금","메뉴명: 잡곡밥
메뉴 대분류: 밥류
메뉴 소분류: 잡곡밥류
식재료: 찹쌀, 백미, 생것, 멥쌀, 백미, 밥, 조, 차조, 도정, 생것, 팥, 적색, 말린것, 수수, 찰수수, 도정, 생것, 대두, 검은색, 흑태, 말린것, 기장, 도정, 생것, 소금, 천일염, 가는소금"
D012050,잡곡밥,밥류,잡곡밥류,"찹쌀, 백미, 생것, 멥쌀, 백미, 밥, 조, 차조, 도정, 생것, 팥, 적색, 말린것, 수수, 찰수수, 도정, 생것, 대두, 검은색, 흑태, 말린것, 기장, 도정, 생것, 소금, 천일염, 가는소금","메뉴명: 잡곡밥
메뉴 대분류: 밥류
메뉴 소분류: 잡곡밥류
식재료: 찹쌀, 백미, 생것, 멥쌀, 백미, 밥, 조, 차조, 도정, 생것, 팥, 적색, 말린것, 수수, 찰수수, 도정, 생것, 대두, 검은색, 흑태, 말린것, 기장, 도정, 생것, 소금, 천일염, 가는소금"
D012051,귀리밥,밥류,잡곡밥류,"찹쌀, 백미, 생것, 귀리, 쌀귀리, 도정, 생것","메뉴명: 귀리밥
메뉴 대분류: 밥류
메뉴 소분류: 잡곡밥류
식재료: 찹쌀, 백미, 생것, 귀리, 쌀귀리, 도정, 생것"
D012052,보리고구마밥,밥류,잡곡밥류,"보리, 쌀보리, 도정, 생것, 고구마, 찐것, 멥쌀, 백미, 밥","메뉴명: 보리고구마밥
메뉴 대분류: 밥류
메뉴 소분류: 잡곡밥류
식재료: 보리, 쌀보리, 도정, 생것, 고구마, 찐것, 멥쌀, 백미, 밥"
D012053,옥수수밥,밥류,잡곡밥류,"옥수수, 찰옥수수, 삶은것, 멥쌀, 백미, 밥","메뉴명: 옥수수밥
메뉴 대분류: 밥류
메뉴 소분류: 잡곡밥류
식재료: 옥수수, 찰옥수수, 삶은것, 멥쌀, 백미, 밥"
D012054,잡곡밥(강낭콩),밥류,잡곡밥류,"강낭콩, 삶은것, 멥쌀, 백미, 밥, 보리, 겉보리, 압맥","메뉴명: 잡곡밥(강낭콩)
메뉴 대분류: 밥류
메뉴 소분류: 잡곡밥류
식재료: 강낭콩, 삶은것, 멥쌀, 백미, 밥, 보리, 겉보리, 압맥"
D012055,귀리누룽지,밥류,잡곡밥류,"귀리, 쌀귀리, 도정, 생것, 찹쌀, 백미, 생것","메뉴명: 귀리누룽지
메뉴 대분류: 밥류
메뉴 소분류: 잡곡밥류
식재료: 귀리, 쌀귀리, 도정, 생것, 찹쌀, 백미, 생것"
D012056,보리고구마밥,밥류,잡곡밥류,"보리, 쌀보리, 도정, 생것, 고구마, 찐것, 멥쌀, 백미, 밥","메뉴명: 보리고구마밥
메뉴 대분류: 밥류
메뉴 소분류: 잡곡밥류
식재료: 보리, 쌀보리, 도정, 생것, 고구마, 찐것, 멥쌀, 백미, 밥"
D012057,귀리밥,밥류,잡곡밥류,"찹쌀, 백미, 생것, 귀리, 쌀귀리, 도정, 생것","메뉴명: 귀리밥
메뉴 대분류: 밥류
메뉴 소분류: 잡곡밥류
식재료: 찹쌀, 백미, 생것, 귀리, 쌀귀리, 도정, 생것"
D012058,귀리영양밥,밥류,잡곡밥류,"멥쌀, 백미, 생것, 귀리, 겉귀리, 도정, 생것, 마늘, 생것, 닭고기, 가슴, 생것, 토마토, 방울토마토, 생것, 인삼, 수삼, 생것, 비타민채(다채), 어린잎, 생것","메뉴명: 귀리영양밥
메뉴 대분류: 밥류
메뉴 소분류: 잡곡밥류
식재료: 멥쌀, 백미, 생것, 귀리, 겉귀리, 도정, 생것, 마늘, 생것, 닭고기, 가슴, 생것, 토마토, 방울토마토, 생것, 인삼, 수삼, 생것, 비타민채(다채), 어린잎, 생것"
D012059,기장 영양밥,밥류,잡곡밥류,"기장, 도정, 생것, 멥쌀, 백미, 생것, 전복, 둥근전복, 생것, 우엉, 생것, 연근, 생것, 당근, 뿌리, 생것, 고구마, 생것, 맛술, 참기름, 고춧가루, 간장, 개량, 양조, 매실청, 파, 대파, 생것, 마늘, 생것, 참깨, 흰색, 볶은것, 파, 쪽파, 생것, 생수","메뉴명: 기장 영양밥
메뉴 대분류: 밥류
메뉴 소분류: 잡곡밥류
식재료: 기장, 도정, 생것, 멥쌀, 백미, 생것, 전복, 둥근전복, 생것, 우엉, 생것, 연근, 생것, 당근, 뿌리, 생것, 고구마, 생것, 맛술, 참기름, 고춧가루, 간장, 개량, 양조, 매실청, 파, 대파, 생것, 마늘, 생것, 참깨, 흰색, 볶은것, 파, 쪽파, 생것, 생수"
D012060,대추영양밥,밥류,잡곡밥류,"멥쌀, 백미, 생것, 찹쌀, 백미, 생것, 생수, 대추, 생것, 호박, 단호박, 생것, 표고버섯, 참나무재배, 생것, 은행, 생것, 호박씨, 말린것, 소금, 천일염, 가는소금, 부추, 재래종, 생것, 고춧가루, 간장, 개량, 양조, 마늘, 생것, 들기름, 참깨, 흰색, 볶은것","메뉴명: 대추영양밥
메뉴 대분류: 밥류
메뉴 소분류: 잡곡밥류
식재료: 멥쌀, 백미, 생것, 찹쌀, 백미, 생것, 생수, 대추, 생것, 호박, 단호박, 생것, 표고버섯, 참나무재배, 생것, 은행, 생것, 호박씨, 말린것, 소금, 천일염, 가는소금, 부추, 재래종, 생것, 고춧가루, 간장, 개량, 양조, 마늘, 생것, 들기름, 참깨, 흰색, 볶은것"
D012061,상추쌈보리밥,밥류,잡곡밥류,"보리, 쌀보리, 도정, 생것, 멥쌀, 백미, 생것, 조, 메조, 도정, 생것, 생수, 상추, 잎상추, 치마상추, 녹색, 생것, 양파, 생것, 쌈장","메뉴명: 상추쌈보리밥
메뉴 대분류: 밥류
메뉴 소분류: 잡곡밥류
식재료: 보리, 쌀보리, 도정, 생것, 멥쌀, 백미, 생것, 조, 메조, 도정, 생것, 생수, 상추, 잎상추, 치마상추, 녹색, 생것, 양파, 생것, 쌈장"
D012062,영양찰밥 품은 팥,밥류,잡곡밥류,"팥, 적색, 말린것, 수수, 찰수수, 도정, 생것, 생수, 찹쌀, 백미, 가루, 설탕, 백설탕, 소금, 천일염, 가는소금","메뉴명: 영양찰밥 품은 팥
메뉴 대분류: 밥류
메뉴 소분류: 잡곡밥류
식재료: 팥, 적색, 말린것, 수수, 찰수수, 도정, 생것, 생수, 찹쌀, 백미, 가루, 설탕, 백설탕, 소금, 천일염, 가는소금"
D012063,오곡밥,밥류,잡곡밥류,"찹쌀, 백미, 생것, 멥쌀, 백미, 생것, 팥, 적색, 말린것, 밤콩, 갈색, 말린것, 수수, 찰수수, 도정, 생것, 조, 차조, 도정, 생것, 소금, 천일염, 가는소금, 생수","메뉴명: 오곡밥
메뉴 대분류: 밥류
메뉴 소분류: 잡곡밥류
식재료: 찹쌀, 백미, 생것, 멥쌀, 백미, 생것, 팥, 적색, 말린것, 밤콩, 갈색, 말린것, 수수, 찰수수, 도정, 생것, 조, 차조, 도정, 생것, 소금, 천일염, 가는소금, 생수"
D012064,오곡연잎밥,밥류,잡곡밥류,"찹쌀, 백미, 생것, 멥쌀, 백미, 생것, 대두, 검은색, 서리태, 말린것, 팥, 적색, 말린것, 수수, 도정, 생것, 조, 차조, 도정, 생것, 생수, 연잎밥, 밤, 생것, 소금, 천일염, 가는소금","메뉴명: 오곡연잎밥
메뉴 대분류: 밥류
메뉴 소분류: 잡곡밥류
식재료: 찹쌀, 백미, 생것, 멥쌀, 백미, 생것, 대두, 검은색, 서리태, 말린것, 팥, 적색, 말린것, 수수, 도정, 생것, 조, 차조, 도정, 생것, 생수, 연잎밥, 밤, 생것, 소금, 천일염, 가는소금"
D012065,옥수수영양밥,밥류,잡곡밥류,"멥쌀, 백미, 생것, 생수, 당근, 뿌리, 생것, 우엉, 생것, 표고버섯, 참나무재배, 생것, 옥수수, 단옥수수, 생것, 다시마, 말린것, 완두, 생것, 참기름, 맛술, 소금, 천일염, 가는소금","메뉴명: 옥수수영양밥
메뉴 대분류: 밥류
메뉴 소분류: 잡곡밥류
식재료: 멥쌀, 백미, 생것, 생수, 당근, 뿌리, 생것, 우엉, 생것, 표고버섯, 참나무재배, 생것, 옥수수, 단옥수수, 생것, 다시마, 말린것, 완두, 생것, 참기름, 맛술, 소금, 천일염, 가는소금"
D012066,강낭콩밥,밥류,잡곡밥류,"멥쌀, 백미, 생것, 강낭콩, 생것","메뉴명: 강낭콩밥
메뉴 대분류: 밥류
메뉴 소분류: 잡곡밥류
식재료: 멥쌀, 백미, 생것, 강낭콩, 생것"
D012067,꽁보리밥,밥류,잡곡밥류,"멥쌀, 백미, 생것, 보리, 겉보리, 늘보리, 도정, 생것","메뉴명: 꽁보리밥
메뉴 대분류: 밥류
메뉴 소분류: 잡곡밥류
식재료: 멥쌀, 백미, 생것, 보리, 겉보리, 늘보리, 도정, 생것"
D012068,늘보리밥,밥류,잡곡밥류,"멥쌀, 백미, 생것, 보리, 겉보리, 늘보리, 도정, 생것","메뉴명: 늘보리밥
메뉴 대분류: 밥류
메뉴 소분류: 잡곡밥류
식재료: 멥쌀, 백미, 생것, 보리, 겉보리, 늘보리, 도정, 생것"
D012069,동부콩밥,밥류,잡곡밥류,"멥쌀, 백미, 생것, 동부, 생것","메뉴명: 동부콩밥
메뉴 대분류: 밥류
메뉴 소분류: 잡곡밥류
식재료: 멥쌀, 백미, 생것, 동부, 생것"
D012070,렌틸콩밥,밥류,잡곡밥류,"멥쌀, 백미, 생것, 렌즈콩(렌틸콩), 갈색, 말린것, 찹쌀, 현미, 생것","메뉴명: 렌틸콩밥
메뉴 대분류: 밥류
메뉴 소분류: 잡곡밥류
식재료: 멥쌀, 백미, 생것, 렌즈콩(렌틸콩), 갈색, 말린것, 찹쌀, 현미, 생것"
D012071,모듬콩밥,밥류,잡곡밥류,"멥쌀, 백미, 생것, 완두, 생것, 대두, 검은색, 흑태, 말린것","메뉴명: 모듬콩밥
메뉴 대분류: 밥류
메뉴 소분류: 잡곡밥류
식재료: 멥쌀, 백미, 생것, 완두, 생것, 대두, 검은색, 흑태, 말린것"
D012072,서리태밥,밥류,잡곡밥류,"멥쌀, 백미, 생것, 찹쌀, 백미, 생것, 대두, 검은색, 서리태, 말린것","메뉴명: 서리태밥
메뉴 대분류: 밥류
메뉴 소분류: 잡곡밥류
식재료: 멥쌀, 백미, 생것, 찹쌀, 백미, 생것, 대두, 검은색, 서리태, 말린것"
D012073,오곡찰밥,밥류,잡곡밥류,"멥쌀, 백미, 생것, 찹쌀, 백미, 생것, 팥, 검은색, 말린것, 조, 차조, 도정, 생것, 수수, 도정, 생것, 기장, 도정, 생것, 소금, 천일염, 소금꽃","메뉴명: 오곡찰밥
메뉴 대분류: 밥류
메뉴 소분류: 잡곡밥류
식재료: 멥쌀, 백미, 생것, 찹쌀, 백미, 생것, 팥, 검은색, 말린것, 조, 차조, 도정, 생것, 수수, 도정, 생것, 기장, 도정, 생것, 소금, 천일염, 소금꽃"
D012074,찰보리밥,밥류,잡곡밥류,"멥쌀, 백미, 생것, 보리, 쌀보리, 찰보리, 도정, 생것","메뉴명: 찰보리밥
메뉴 대분류: 밥류
메뉴 소분류: 잡곡밥류
식재료: 멥쌀, 백미, 생것, 보리, 쌀보리, 찰보리, 도정, 생것"
D012075,찰현미밥,밥류,잡곡밥류,"멥쌀, 백미, 생것, 찹쌀, 현미, 생것","메뉴명: 찰현미밥
메뉴 대분류: 밥류
메뉴 소분류: 잡곡밥류
식재료: 멥쌀, 백미, 생것, 찹쌀, 현미, 생것"
D012076,귀리수수밥,밥류,잡곡밥류,"멥쌀, 백미, 생것, 수수, 도정, 생것, 귀리, 쌀귀리, 도정, 생것","메뉴명: 귀리수수밥
메뉴 대분류: 밥류
메뉴 소분류: 잡곡밥류
식재료: 멥쌀, 백미, 생것, 수수, 도정, 생것, 귀리, 쌀귀리, 도정, 생것"
D012077,귀리차조밥,밥류,잡곡밥류,"멥쌀, 백미, 생것, 조, 차조, 도정, 생것, 귀리, 쌀귀리, 도정, 생것","메뉴명: 귀리차조밥
메뉴 대분류: 밥류
메뉴 소분류: 잡곡밥류
식재료: 멥쌀, 백미, 생것, 조, 차조, 도정, 생것, 귀리, 쌀귀리, 도정, 생것"
D012078,귀리현미밥,밥류,잡곡밥류,"멥쌀, 백미, 생것, 찹쌀, 현미, 생것, 귀리, 쌀귀리, 도정, 생것","메뉴명: 귀리현미밥
메뉴 대분류: 밥류
메뉴 소분류: 잡곡밥류
식재료: 멥쌀, 백미, 생것, 찹쌀, 현미, 생것, 귀리, 쌀귀리, 도정, 생것"
D012079,기장보리밥,밥류,잡곡밥류,"멥쌀, 백미, 생것, 보리, 겉보리, 도정, 생것, 기장, 도정, 생것","메뉴명: 기장보리밥
메뉴 대분류: 밥류
메뉴 소분류: 잡곡밥류
식재료: 멥쌀, 백미, 생것, 보리, 겉보리, 도정, 생것, 기장, 도정, 생것"
D012080,기장현미밥,밥류,잡곡밥류,"멥쌀, 백미, 생것, 찹쌀, 현미, 생것, 기장, 도정, 생것","메뉴명: 기장현미밥
메뉴 대분류: 밥류
메뉴 소분류: 잡곡밥류
식재료: 멥쌀, 백미, 생것, 찹쌀, 현미, 생것, 기장, 도정, 생것"
D012081,대추밤찰밥,밥류,잡곡밥류,"멥쌀, 백미, 생것, 밤, 생것, 찹쌀, 백미, 생것, 팥, 검은색, 말린것, 대추, 말린것","메뉴명: 대추밤찰밥
메뉴 대분류: 밥류
메뉴 소분류: 잡곡밥류
식재료: 멥쌀, 백미, 생것, 밤, 생것, 찹쌀, 백미, 생것, 팥, 검은색, 말린것, 대추, 말린것"
D012082,더덕영양밥,밥류,잡곡밥류,"멥쌀, 백미, 생것, 더덕, 뿌리, 생것, 표고버섯, 배지재배, 생것, 은행, 생것, 소금, 천일염, 소금꽃","메뉴명: 더덕영양밥
메뉴 대분류: 밥류
메뉴 소분류: 잡곡밥류
식재료: 멥쌀, 백미, 생것, 더덕, 뿌리, 생것, 표고버섯, 배지재배, 생것, 은행, 생것, 소금, 천일염, 소금꽃"
D012083,병아리콩밥,밥류,잡곡밥류,"멥쌀, 백미, 생것, 병아리콩, 말린것","메뉴명: 병아리콩밥
메뉴 대분류: 밥류
메뉴 소분류: 잡곡밥류
식재료: 멥쌀, 백미, 생것, 병아리콩, 말린것"
D012084,보리현미밥,밥류,잡곡밥류,"멥쌀, 백미, 생것, 보리, 쌀보리, 도정, 생것, 멥쌀, 현미, 생것","메뉴명: 보리현미밥
메뉴 대분류: 밥류
메뉴 소분류: 잡곡밥류
식재료: 멥쌀, 백미, 생것, 보리, 쌀보리, 도정, 생것, 멥쌀, 현미, 생것"
D012085,수수현미밥,밥류,잡곡밥류,"멥쌀, 백미, 생것, 찹쌀, 현미, 생것, 수수, 도정, 생것","메뉴명: 수수현미밥
메뉴 대분류: 밥류
메뉴 소분류: 잡곡밥류
식재료: 멥쌀, 백미, 생것, 찹쌀, 현미, 생것, 수수, 도정, 생것"
D012086,옥수수콩밥,밥류,잡곡밥류,"멥쌀, 백미, 생것, 옥수수, 찰옥수수, 생것, 대두, 검은색, 서리태, 말린것","메뉴명: 옥수수콩밥
메뉴 대분류: 밥류
메뉴 소분류: 잡곡밥류
식재료: 멥쌀, 백미, 생것, 옥수수, 찰옥수수, 생것, 대두, 검은색, 서리태, 말린것"
D012087,차조기장밥,밥류,잡곡밥류,"멥쌀, 백미, 생것, 조, 차조, 도정, 생것, 기장, 도정, 생것","메뉴명: 차조기장밥
메뉴 대분류: 밥류
메뉴 소분류: 잡곡밥류
식재료: 멥쌀, 백미, 생것, 조, 차조, 도정, 생것, 기장, 도정, 생것"
D012088,차조현미밥,밥류,잡곡밥류,"멥쌀, 백미, 생것, 찹쌀, 현미, 생것, 조, 차조, 도정, 생것","메뉴명: 차조현미밥
메뉴 대분류: 밥류
메뉴 소분류: 잡곡밥류
식재료: 멥쌀, 백미, 생것, 찹쌀, 현미, 생것, 조, 차조, 도정, 생것"
D012089,찰옥수수밥,밥류,잡곡밥류,"멥쌀, 백미, 생것, 옥수수, 찰옥수수, 생것, 찹쌀, 백미, 생것","메뉴명: 찰옥수수밥
메뉴 대분류: 밥류
메뉴 소분류: 잡곡밥류
식재료: 멥쌀, 백미, 생것, 옥수수, 찰옥수수, 생것, 찹쌀, 백미, 생것"
D012090,찹쌀기장밥,밥류,잡곡밥류,"멥쌀, 백미, 생것, 찹쌀, 백미, 생것, 기장, 도정, 생것","메뉴명: 찹쌀기장밥
메뉴 대분류: 밥류
메뉴 소분류: 잡곡밥류
식재료: 멥쌀, 백미, 생것, 찹쌀, 백미, 생것, 기장, 도정, 생것"
D012091,찹쌀녹두밥,밥류,잡곡밥류,"멥쌀, 백미, 생것, 녹두, 말린것, 찹쌀, 백미, 생것","메뉴명: 찹쌀녹두밥
메뉴 대분류: 밥류
메뉴 소분류: 잡곡밥류
식재료: 멥쌀, 백미, 생것, 녹두, 말린것, 찹쌀, 백미, 생것"
D012092,찹쌀차조밥,밥류,잡곡밥류,"멥쌀, 백미, 생것, 찹쌀, 백미, 생것, 조, 차조, 도정, 생것","메뉴명: 찹쌀차조밥
메뉴 대분류: 밥류
메뉴 소분류: 잡곡밥류
식재료: 멥쌀, 백미, 생것, 찹쌀, 백미, 생것, 조, 차조, 도정, 생것"
D012093,찹쌀현미밥,밥류,잡곡밥류,"멥쌀, 백미, 생것, 찹쌀, 백미, 생것, 멥쌀, 현미, 발아현미, 생것","메뉴명: 찹쌀현미밥
메뉴 대분류: 밥류
메뉴 소분류: 잡곡밥류
식재료: 멥쌀, 백미, 생것, 찹쌀, 백미, 생것, 멥쌀, 현미, 발아현미, 생것"
D012094,현미기장밥,밥류,잡곡밥류,"멥쌀, 백미, 생것, 멥쌀, 현미, 생것, 기장, 도정, 생것","메뉴명: 현미기장밥
메뉴 대분류: 밥류
메뉴 소분류: 잡곡밥류
식재료: 멥쌀, 백미, 생것, 멥쌀, 현미, 생것, 기장, 도정, 생것"
D012095,현미수수밥,밥류,잡곡밥류,"멥쌀, 백미, 생것, 찹쌀, 현미, 생것, 수수, 도정, 생것","메뉴명: 현미수수밥
메뉴 대분류: 밥류
메뉴 소분류: 잡곡밥류
식재료: 멥쌀, 백미, 생것, 찹쌀, 현미, 생것, 수수, 도정, 생것"
D012096,현미찹쌀밥,밥류,잡곡밥류,"멥쌀, 백미, 생것, 찹쌀, 현미, 생것, 찹쌀, 백미, 생것","메뉴명: 현미찹쌀밥
메뉴 대분류: 밥류
메뉴 소분류: 잡곡밥류
식재료: 멥쌀, 백미, 생것, 찹쌀, 현미, 생것, 찹쌀, 백미, 생것"
D012097,현미흑미밥,밥류,잡곡밥류,"멥쌀, 백미, 생것, 멥쌀, 현미, 발아현미, 생것, 멥쌀, 현미, 흑미, 생것","메뉴명: 현미흑미밥
메뉴 대분류: 밥류
메뉴 소분류: 잡곡밥류
식재료: 멥쌀, 백미, 생것, 멥쌀, 현미, 발아현미, 생것, 멥쌀, 현미, 흑미, 생것"
D012098,흑미차조밥,밥류,잡곡밥류,"멥쌀, 백미, 생것, 조, 차조, 도정, 생것, 멥쌀, 현미, 흑미, 생것","메뉴명: 흑미차조밥
메뉴 대분류: 밥류
메뉴 소분류: 잡곡밥류
식재료: 멥쌀, 백미, 생것, 조, 차조, 도정, 생것, 멥쌀, 현미, 흑미, 생것"
D012099,강낭콩현미밥,밥류,잡곡밥류,"멥쌀, 백미, 생것, 멥쌀, 현미, 생것, 강낭콩, 생것","메뉴명: 강낭콩현미밥
메뉴 대분류: 밥류
메뉴 소분류: 잡곡밥류
식재료: 멥쌀, 백미, 생것, 멥쌀, 현미, 생것, 강낭콩, 생것"
D012100,서리태보리밥,밥류,잡곡밥류,"멥쌀, 백미, 생것, 찹쌀, 백미, 생것, 보리, 쌀보리, 도정, 생것, 대두, 검은색, 서리태, 말린것","메뉴명: 서리태보리밥
메뉴 대분류: 밥류
메뉴 소분류: 잡곡밥류
식재료: 멥쌀, 백미, 생것, 찹쌀, 백미, 생것, 보리, 쌀보리, 도정, 생것, 대두, 검은색, 서리태, 말린것"
D012101,서리태흑미밥,밥류,잡곡밥류,"멥쌀, 백미, 생것, 찹쌀, 백미, 생것, 대두, 검은색, 서리태, 말린것, 멥쌀, 현미, 흑미, 생것","메뉴명: 서리태흑미밥
메뉴 대분류: 밥류
메뉴 소분류: 잡곡밥류
식재료: 멥쌀, 백미, 생것, 찹쌀, 백미, 생것, 대두, 검은색, 서리태, 말린것, 멥쌀, 현미, 흑미, 생것"
D012102,옥수수기장밥,밥류,잡곡밥류,"멥쌀, 백미, 생것, 옥수수, 찰옥수수, 생것, 기장, 도정, 생것","메뉴명: 옥수수기장밥
메뉴 대분류: 밥류
메뉴 소분류: 잡곡밥류
식재료: 멥쌀, 백미, 생것, 옥수수, 찰옥수수, 생것, 기장, 도정, 생것"
D012103,옥수수차조밥,밥류,잡곡밥류,"멥쌀, 백미, 생것, 옥수수, 찰옥수수, 생것, 조, 차조, 도정, 생것","메뉴명: 옥수수차조밥
메뉴 대분류: 밥류
메뉴 소분류: 잡곡밥류
식재료: 멥쌀, 백미, 생것, 옥수수, 찰옥수수, 생것, 조, 차조, 도정, 생것"
D012104,찹쌀검정콩밥,밥류,잡곡밥류,"멥쌀, 백미, 생것, 대두, 검은색, 흑태, 말린것, 찹쌀, 백미, 생것","메뉴명: 찹쌀검정콩밥
메뉴 대분류: 밥류
메뉴 소분류: 잡곡밥류
식재료: 멥쌀, 백미, 생것, 대두, 검은색, 흑태, 말린것, 찹쌀, 백미, 생것"
D012105,찹쌀서리태밥,밥류,잡곡밥류,"멥쌀, 백미, 생것, 찹쌀, 백미, 생것, 대두, 검은색, 서리태, 말린것","메뉴명: 찹쌀서리태밥
메뉴 대분류: 밥류
메뉴 소분류: 잡곡밥류
식재료: 멥쌀, 백미, 생것, 찹쌀, 백미, 생것, 대두, 검은색, 서리태, 말린것"
D012106,연근흑미영양밥,밥류,잡곡밥류,"멥쌀, 백미, 생것, 고구마, 생것, 연근, 생것, 우엉, 생것, 멥쌀, 현미, 흑미, 생것, 당근, 뿌리, 생것, 은행, 생것, 소금, 천일염","메뉴명: 연근흑미영양밥
메뉴 대분류: 밥류
메뉴 소분류: 잡곡밥류
식재료: 멥쌀, 백미, 생것, 고구마, 생것, 연근, 생것, 우엉, 생것, 멥쌀, 현미, 흑미, 생것, 당근, 뿌리, 생것, 은행, 생것, 소금, 천일염"
D012107,도라지전복영양밥,밥류,잡곡밥류,"멥쌀, 백미, 생것, 도라지, 뿌리, 생것, 표고버섯, 배지재배, 생것, 전복, 둥근전복, 생것, 은행, 생것, 밤, 생것, 들기름, 소금, 천일염, 소금꽃","메뉴명: 도라지전복영양밥
메뉴 대분류: 밥류
메뉴 소분류: 잡곡밥류
식재료: 멥쌀, 백미, 생것, 도라지, 뿌리, 생것, 표고버섯, 배지재배, 생것, 전복, 둥근전복, 생것, 은행, 생것, 밤, 생것, 들기름, 소금, 천일염, 소금꽃"
D012108,렌틸콩발아현미밥,밥류,잡곡밥류,"멥쌀, 백미, 생것, 렌즈콩(렌틸콩), 갈색, 말린것, 멥쌀, 현미, 발아현미, 생것","메뉴명: 렌틸콩발아현미밥
메뉴 대분류: 밥류
메뉴 소분류: 잡곡밥류
식재료: 멥쌀, 백미, 생것, 렌즈콩(렌틸콩), 갈색, 말린것, 멥쌀, 현미, 발아현미, 생것"
D012109,흑미초당옥수수밥,밥류,잡곡밥류,"멥쌀, 백미, 생것, 멥쌀, 현미, 흑미, 생것, 옥수수, 찰옥수수, 생것","메뉴명: 흑미초당옥수수밥
메뉴 대분류: 밥류
메뉴 소분류: 잡곡밥류
식재료: 멥쌀, 백미, 생것, 멥쌀, 현미, 흑미, 생것, 옥수수, 찰옥수수, 생것"
D012110,잡곡밥(검정콩밥),밥류,잡곡밥류,"멥쌀, 백미, 생것, 대두, 검은색, 흑태, 말린것","메뉴명: 잡곡밥(검정콩밥)
메뉴 대분류: 밥류
메뉴 소분류: 잡곡밥류
식재료: 멥쌀, 백미, 생것, 대두, 검은색, 흑태, 말린것"
D012111,잡곡밥(병아리콩),밥류,잡곡밥류,"멥쌀, 백미, 생것, 병아리콩, 말린것","메뉴명: 잡곡밥(병아리콩)
메뉴 대분류: 밥류
메뉴 소분류: 잡곡밥류
식재료: 멥쌀, 백미, 생것, 병아리콩, 말린것"
D012112,잡곡밥(찹쌀흑미),밥류,잡곡밥류,"멥쌀, 백미, 생것, 찹쌀, 현미, 흑미, 생것","메뉴명: 잡곡밥(찹쌀흑미)
메뉴 대분류: 밥류
메뉴 소분류: 잡곡밥류
식재료: 멥쌀, 백미, 생것, 찹쌀, 현미, 흑미, 생것"
D012113,오곡밥(대보름),밥류,잡곡밥류,"멥쌀, 백미, 생것, 찹쌀, 백미, 생것, 팥, 적색, 말린것, 대두, 검은색, 서리태, 말린것, 조, 차조, 도정, 생것, 수수, 도정, 생것","메뉴명: 오곡밥(대보름)
메뉴 대분류: 밥류
메뉴 소분류: 잡곡밥류
식재료: 멥쌀, 백미, 생것, 찹쌀, 백미, 생것, 팥, 적색, 말린것, 대두, 검은색, 서리태, 말린것, 조, 차조, 도정, 생것, 수수, 도정, 생것"
D012114,잡곡밥(완두콩),밥류,잡곡밥류,"멥쌀, 백미, 생것, 완두, 생것, 찹쌀, 백미, 생것","메뉴명: 잡곡밥(완두콩)
메뉴 대분류: 밥류
메뉴 소분류: 잡곡밥류
식재료: 멥쌀, 백미, 생것, 완두, 생것, 찹쌀, 백미, 생것"
D012115,잡곡밥(차수수),밥류,잡곡밥류,"멥쌀, 백미, 생것, 찹쌀, 백미, 생것, 수수, 도정, 생것","메뉴명: 잡곡밥(차수수)
메뉴 대분류: 밥류
메뉴 소분류: 잡곡밥류
식재료: 멥쌀, 백미, 생것, 찹쌀, 백미, 생것, 수수, 도정, 생것"
D012116,잡곡밥(보리),밥류,잡곡밥류,"멥쌀, 백미, 생것, 보리, 겉보리, 늘보리, 도정, 생것","메뉴명: 잡곡밥(보리)
메뉴 대분류: 밥류
메뉴 소분류: 잡곡밥류
식재료: 멥쌀, 백미, 생것, 보리, 겉보리, 늘보리, 도정, 생것"
D012117,잡곡밥(차조),밥류,잡곡밥류,"멥쌀, 백미, 생것, 조, 차조, 도정, 생것","메뉴명: 잡곡밥(차조)
메뉴 대분류: 밥류
메뉴 소분류: 잡곡밥류
식재료: 멥쌀, 백미, 생것, 조, 차조, 도정, 생것"
D012118,잡곡밥(혼합),밥류,잡곡밥류,"멥쌀, 백미, 생것, 찹쌀, 백미, 생것, 조, 차조, 도정, 생것, 수수, 도정, 생것","메뉴명: 잡곡밥(혼합)
메뉴 대분류: 밥류
메뉴 소분류: 잡곡밥류
식재료: 멥쌀, 백미, 생것, 찹쌀, 백미, 생것, 조, 차조, 도정, 생것, 수수, 도정, 생것"
D012119,잡곡(녹두)밥,밥류,잡곡밥류,"멥쌀, 백미, 생것, 녹두, 말린것","메뉴명: 잡곡(녹두)밥
메뉴 대분류: 밥류
메뉴 소분류: 잡곡밥류
식재료: 멥쌀, 백미, 생것, 녹두, 말린것"
D012120,크렌베리귀리밥,밥류,잡곡밥류,"멥쌀, 백미, 생것, 크랜베리, 말린것, 가당, 귀리, 쌀귀리, 도정, 생것","메뉴명: 크렌베리귀리밥
메뉴 대분류: 밥류
메뉴 소분류: 잡곡밥류
식재료: 멥쌀, 백미, 생것, 크랜베리, 말린것, 가당, 귀리, 쌀귀리, 도정, 생것"
D013001,감자밥,밥류,채소밥류,"감자, 대지, 삶은것, 멥쌀, 백미, 밥, 찹쌀, 백미, 보람찰, 밥, 소금, 천일염, 가는소금","메뉴명: 감자밥
메뉴 대분류: 밥류
메뉴 소분류: 채소밥류
식재료: 감자, 대지, 삶은것, 멥쌀, 백미, 밥, 찹쌀, 백미, 보람찰, 밥, 소금, 천일염, 가는소금"
D013002,고구마밥,밥류,채소밥류,"고구마, 점질(호박) 고구마, 찐것, 멥쌀, 백미, 밥","메뉴명: 고구마밥
메뉴 대분류: 밥류
메뉴 소분류: 채소밥류
식재료: 고구마, 점질(호박) 고구마, 찐것, 멥쌀, 백미, 밥"
D013003,야채밥,밥류,채소밥류,"멥쌀, 백미, 밥, 감자, 대지, 삶은것, 당근, 뿌리, 데친것, 찹쌀, 백미, 보람찰, 밥, 콩나물, 삶은것, 간장, 개량, 양조, 파, 쪽파, 생것, 고춧가루, 마늘, 생것, 참기름","메뉴명: 야채밥
메뉴 대분류: 밥류
메뉴 소분류: 채소밥류
식재료: 멥쌀, 백미, 밥, 감자, 대지, 삶은것, 당근, 뿌리, 데친것, 찹쌀, 백미, 보람찰, 밥, 콩나물, 삶은것, 간장, 개량, 양조, 파, 쪽파, 생것, 고춧가루, 마늘, 생것, 참기름"
D013004,야채밥(치즈),밥류,채소밥류,"멥쌀, 백미, 밥, 감자, 대지, 삶은것, 치즈, 체다, 당근, 뿌리, 데친것, 찹쌀, 백미, 보람찰, 밥, 콩나물, 삶은것, 간장, 개량, 양조, 파, 쪽파, 생것, 고춧가루, 마늘, 생것, 참기름","메뉴명: 야채밥(치즈)
메뉴 대분류: 밥류
메뉴 소분류: 채소밥류
식재료: 멥쌀, 백미, 밥, 감자, 대지, 삶은것, 치즈, 체다, 당근, 뿌리, 데친것, 찹쌀, 백미, 보람찰, 밥, 콩나물, 삶은것, 간장, 개량, 양조, 파, 쪽파, 생것, 고춧가루, 마늘, 생것, 참기름"
D013005,콩나물밥,밥류,채소밥류,"멥쌀, 백미, 밥, 콩나물, 삶은것, 돼지고기, 등심, 구운것(팬), 간장, 개량, 양조, 보리, 겉보리, 압맥, 파, 쪽파, 생것, 고춧가루, 마늘, 생것, 참기름, 참깨, 흰색, 볶은것","메뉴명: 콩나물밥
메뉴 대분류: 밥류
메뉴 소분류: 채소밥류
식재료: 멥쌀, 백미, 밥, 콩나물, 삶은것, 돼지고기, 등심, 구운것(팬), 간장, 개량, 양조, 보리, 겉보리, 압맥, 파, 쪽파, 생것, 고춧가루, 마늘, 생것, 참기름, 참깨, 흰색, 볶은것"
D013007,김치밥,밥류,채소밥류,"멥쌀, 백미, 밥, 김치, 배추 김치, 소고기, 한우, 등심, 구운것(팬), 콩기름","메뉴명: 김치밥
메뉴 대분류: 밥류
메뉴 소분류: 채소밥류
식재료: 멥쌀, 백미, 밥, 김치, 배추 김치, 소고기, 한우, 등심, 구운것(팬), 콩기름"
D013010,마밥,밥류,채소밥류,"멥쌀, 백미, 밥, 마, 장마, 삶은것","메뉴명: 마밥
메뉴 대분류: 밥류
메뉴 소분류: 채소밥류
식재료: 멥쌀, 백미, 밥, 마, 장마, 삶은것"
D013012,무밥,밥류,채소밥류,"멥쌀, 백미, 밥, 무, 조선무, 생것, 간장, 개량, 양조, 파, 대파, 생것, 마늘, 생것, 참기름, 고춧가루, 참깨, 흰색, 볶은것","메뉴명: 무밥
메뉴 대분류: 밥류
메뉴 소분류: 채소밥류
식재료: 멥쌀, 백미, 밥, 무, 조선무, 생것, 간장, 개량, 양조, 파, 대파, 생것, 마늘, 생것, 참기름, 고춧가루, 참깨, 흰색, 볶은것"
D013014,버섯밥,밥류,채소밥류,"멥쌀, 백미, 밥, 표고버섯, 참나무재배, 말린것, 삶은것, 송이버섯, 데친것, 느타리버섯, 데친것, 호박, 애호박, 데친것, 찹쌀, 백미, 보람찰, 밥, 참기름, 소금, 천일염, 가는소금","메뉴명: 버섯밥
메뉴 대분류: 밥류
메뉴 소분류: 채소밥류
식재료: 멥쌀, 백미, 밥, 표고버섯, 참나무재배, 말린것, 삶은것, 송이버섯, 데친것, 느타리버섯, 데친것, 호박, 애호박, 데친것, 찹쌀, 백미, 보람찰, 밥, 참기름, 소금, 천일염, 가는소금"
D013019,감자밥,밥류,채소밥류,"멥쌀, 백미, 밥, 찹쌀, 백미, 생것, 감자, 대지, 삶은것, 소금, 천일염, 가는소금","메뉴명: 감자밥
메뉴 대분류: 밥류
메뉴 소분류: 채소밥류
식재료: 멥쌀, 백미, 밥, 찹쌀, 백미, 생것, 감자, 대지, 삶은것, 소금, 천일염, 가는소금"
D013020,감자밥,밥류,채소밥류,"멥쌀, 백미, 밥, 찹쌀, 백미, 생것, 감자, 대지, 삶은것, 소금, 천일염, 가는소금","메뉴명: 감자밥
메뉴 대분류: 밥류
메뉴 소분류: 채소밥류
식재료: 멥쌀, 백미, 밥, 찹쌀, 백미, 생것, 감자, 대지, 삶은것, 소금, 천일염, 가는소금"
D013021,감자밥,밥류,채소밥류,"멥쌀, 백미, 밥, 감자, 대지, 삶은것","메뉴명: 감자밥
메뉴 대분류: 밥류
메뉴 소분류: 채소밥류
식재료: 멥쌀, 백미, 밥, 감자, 대지, 삶은것"
D013022,콩나물밥,밥류,채소밥류,"멥쌀, 백미, 밥, 콩나물, 삶은것, 간장, 개량, 양조, 보리, 겉보리, 압맥, 파, 쪽파, 생것, 고춧가루, 마늘, 생것, 참기름, 참깨, 흰색, 볶은것","메뉴명: 콩나물밥
메뉴 대분류: 밥류
메뉴 소분류: 채소밥류
식재료: 멥쌀, 백미, 밥, 콩나물, 삶은것, 간장, 개량, 양조, 보리, 겉보리, 압맥, 파, 쪽파, 생것, 고춧가루, 마늘, 생것, 참기름, 참깨, 흰색, 볶은것"
D013023,깻잎 소고기 쌈밥,밥류,채소밥류,"소고기, 한우(1등급), 우둔(우둔살), 생것, 멥쌀, 백미, 밥, 들깻잎, 생것, 양파, 생것, 당근, 뿌리, 생것, 소금, 천일염, 가는소금, 참깨, 흰색, 말린것, 참기름, 쌈장","메뉴명: 깻잎 소고기 쌈밥
메뉴 대분류: 밥류
메뉴 소분류: 채소밥류
식재료: 소고기, 한우(1등급), 우둔(우둔살), 생것, 멥쌀, 백미, 밥, 들깻잎, 생것, 양파, 생것, 당근, 뿌리, 생것, 소금, 천일염, 가는소금, 참깨, 흰색, 말린것, 참기름, 쌈장"
D013024,단호박약식,밥류,채소밥류,"찹쌀, 백미, 생것, 호박, 단호박, 생것, 대추, 말린것, 호두, 말린것, 밤, 생것, 잣, 생것, 설탕, 백설탕, 소금, 천일염, 가는소금, 참기름, 치자꽃, 생것","메뉴명: 단호박약식
메뉴 대분류: 밥류
메뉴 소분류: 채소밥류
식재료: 찹쌀, 백미, 생것, 호박, 단호박, 생것, 대추, 말린것, 호두, 말린것, 밤, 생것, 잣, 생것, 설탕, 백설탕, 소금, 천일염, 가는소금, 참기름, 치자꽃, 생것"
D013025,시래기 영양밥,밥류,채소밥류,"무청, 시래기, 말린것, 삶은것, 멥쌀, 백미, 생것, 찹쌀, 백미, 생것, 잣, 생것, 밤, 생것, 은행, 생것, 대추, 말린것, 대두, 검은색, 서리태, 말린것, 파, 쪽파, 생것, 간장, 재래, 간장, 개량, 양조, 고춧가루, 참깨, 흰색, 볶은것, 참기름, 생수","메뉴명: 시래기 영양밥
메뉴 대분류: 밥류
메뉴 소분류: 채소밥류
식재료: 무청, 시래기, 말린것, 삶은것, 멥쌀, 백미, 생것, 찹쌀, 백미, 생것, 잣, 생것, 밤, 생것, 은행, 생것, 대추, 말린것, 대두, 검은색, 서리태, 말린것, 파, 쪽파, 생것, 간장, 재래, 간장, 개량, 양조, 고춧가루, 참깨, 흰색, 볶은것, 참기름, 생수"
D013026,연근 연잎밥,밥류,채소밥류,"연근, 생것, 찹쌀, 백미, 생것, 찹쌀, 현미, 흑미, 생것, 조, 차조, 도정, 생것, 생수, 밤, 생것, 은행, 생것, 대추, 말린것, 호두, 볶은것, 대두, 검은색, 서리태, 말린것, 소금, 천일염, 가는소금","메뉴명: 연근 연잎밥
메뉴 대분류: 밥류
메뉴 소분류: 채소밥류
식재료: 연근, 생것, 찹쌀, 백미, 생것, 찹쌀, 현미, 흑미, 생것, 조, 차조, 도정, 생것, 생수, 밤, 생것, 은행, 생것, 대추, 말린것, 호두, 볶은것, 대두, 검은색, 서리태, 말린것, 소금, 천일염, 가는소금"
D013027,죽순영양밥,밥류,채소밥류,"멥쌀, 백미, 생것, 찹쌀, 백미, 생것, 즉석밥, 잡곡밥(멥쌀, 찹쌀, 흑미, 팥, 기장, 찰수수), 대나무순(죽순), 생것, 대추, 말린것, 은행, 생것, 잣, 생것, 소금, 천일염, 가는소금, 식초, 감식초, 다시마, 말린것, 생수, 고춧가루, 된장, 개량, 고추장, 개량, 간장, 개량, 양조, 물엿, 참깨, 흰색, 볶은것","메뉴명: 죽순영양밥
메뉴 대분류: 밥류
메뉴 소분류: 채소밥류
식재료: 멥쌀, 백미, 생것, 찹쌀, 백미, 생것, 즉석밥, 잡곡밥(멥쌀, 찹쌀, 흑미, 팥, 기장, 찰수수), 대나무순(죽순), 생것, 대추, 말린것, 은행, 생것, 잣, 생것, 소금, 천일염, 가는소금, 식초, 감식초, 다시마, 말린것, 생수, 고춧가루, 된장, 개량, 고추장, 개량, 간장, 개량, 양조, 물엿, 참깨, 흰색, 볶은것"
D013028,가지밥,밥류,채소밥류,"멥쌀, 백미, 생것, 가지, 생것, 돼지고기, 앞다리, 생것, 고춧가루, 간장, 개량, 양조, 참기름, 파, 대파, 생것, 참깨, 흰색, 볶은것, 마늘, 생것","메뉴명: 가지밥
메뉴 대분류: 밥류
메뉴 소분류: 채소밥류
식재료: 멥쌀, 백미, 생것, 가지, 생것, 돼지고기, 앞다리, 생것, 고춧가루, 간장, 개량, 양조, 참기름, 파, 대파, 생것, 참깨, 흰색, 볶은것, 마늘, 생것"
D013029,곤드레밥,밥류,채소밥류,"멥쌀, 백미, 생것, 고려엉겅퀴(곤드레), 재래종, 잎, 생것, 들기름, 간장, 개량, 양조, 파, 대파, 생것, 고춧가루, 마늘, 생것","메뉴명: 곤드레밥
메뉴 대분류: 밥류
메뉴 소분류: 채소밥류
식재료: 멥쌀, 백미, 생것, 고려엉겅퀴(곤드레), 재래종, 잎, 생것, 들기름, 간장, 개량, 양조, 파, 대파, 생것, 고춧가루, 마늘, 생것"
D013030,취나물밥,밥류,채소밥류,"멥쌀, 백미, 생것, 찹쌀, 백미, 생것, 취나물, 곰취, 재배, 말린것, 무, 조선무, 생것, 당근, 뿌리, 생것","메뉴명: 취나물밥
메뉴 대분류: 밥류
메뉴 소분류: 채소밥류
식재료: 멥쌀, 백미, 생것, 찹쌀, 백미, 생것, 취나물, 곰취, 재배, 말린것, 무, 조선무, 생것, 당근, 뿌리, 생것"
D013031,가지표고밥,밥류,채소밥류,"멥쌀, 백미, 생것, 가지, 생것, 돼지고기, 앞다리, 생것, 표고버섯, 배지재배, 생것, 혼합식물성유, 발효주, 청주, 알코올 16%, 간장, 개량, 양조","메뉴명: 가지표고밥
메뉴 대분류: 밥류
메뉴 소분류: 채소밥류
식재료: 멥쌀, 백미, 생것, 가지, 생것, 돼지고기, 앞다리, 생것, 표고버섯, 배지재배, 생것, 혼합식물성유, 발효주, 청주, 알코올 16%, 간장, 개량, 양조"
D013032,두릅영양밥,밥류,채소밥류,"멥쌀, 백미, 생것, 두릅, 참두릅, 생것, 표고버섯, 배지재배, 생것, 은행, 생것, 소금, 천일염, 소금꽃","메뉴명: 두릅영양밥
메뉴 대분류: 밥류
메뉴 소분류: 채소밥류
식재료: 멥쌀, 백미, 생것, 두릅, 참두릅, 생것, 표고버섯, 배지재배, 생것, 은행, 생것, 소금, 천일염, 소금꽃"
D013033,은행영양밥,밥류,채소밥류,"멥쌀, 백미, 생것, 찹쌀, 백미, 생것, 우엉, 생것, 연근, 생것, 당근, 뿌리, 생것, 은행, 생것, 밤, 생것, 표고버섯, 배지재배, 생것, 소금, 천일염","메뉴명: 은행영양밥
메뉴 대분류: 밥류
메뉴 소분류: 채소밥류
식재료: 멥쌀, 백미, 생것, 찹쌀, 백미, 생것, 우엉, 생것, 연근, 생것, 당근, 뿌리, 생것, 은행, 생것, 밤, 생것, 표고버섯, 배지재배, 생것, 소금, 천일염"
D013034,콩나물국밥,밥류,채소밥류,"멥쌀, 백미, 생것, 콩나물, 생것, 달걀, 생것, 파, 대파, 생것, 새우, 젓갈, 다시마, 말린것, 간장, 개량, 양조, 마늘, 다진것, 소금, 천일염","메뉴명: 콩나물국밥
메뉴 대분류: 밥류
메뉴 소분류: 채소밥류
식재료: 멥쌀, 백미, 생것, 콩나물, 생것, 달걀, 생것, 파, 대파, 생것, 새우, 젓갈, 다시마, 말린것, 간장, 개량, 양조, 마늘, 다진것, 소금, 천일염"
D013035,곤드레나물밥,밥류,채소밥류,"멥쌀, 백미, 생것, 고려엉겅퀴(곤드레), 재래종, 잎, 생것, 무, 조선무, 생것, 찹쌀, 백미, 생것, 당근, 뿌리, 생것, 들기름, 간장, 개량, 양조, 파, 쪽파, 생것","메뉴명: 곤드레나물밥
메뉴 대분류: 밥류
메뉴 소분류: 채소밥류
식재료: 멥쌀, 백미, 생것, 고려엉겅퀴(곤드레), 재래종, 잎, 생것, 무, 조선무, 생것, 찹쌀, 백미, 생것, 당근, 뿌리, 생것, 들기름, 간장, 개량, 양조, 파, 쪽파, 생것"
D013036,단호박은행밥,밥류,채소밥류,"멥쌀, 백미, 생것, 호박, 단호박, 생것, 은행, 생것, 대추, 말린것","메뉴명: 단호박은행밥
메뉴 대분류: 밥류
메뉴 소분류: 채소밥류
식재료: 멥쌀, 백미, 생것, 호박, 단호박, 생것, 은행, 생것, 대추, 말린것"
D013037,취나물영양밥,밥류,채소밥류,"멥쌀, 백미, 생것, 취나물, 곰취, 생것, 도라지, 뿌리, 생것, 표고버섯, 배지재배, 생것, 은행, 생것, 소금, 천일염, 소금꽃","메뉴명: 취나물영양밥
메뉴 대분류: 밥류
메뉴 소분류: 채소밥류
식재료: 멥쌀, 백미, 생것, 취나물, 곰취, 생것, 도라지, 뿌리, 생것, 표고버섯, 배지재배, 생것, 은행, 생것, 소금, 천일염, 소금꽃"
D013038,뿌리채소영양밥,밥류,채소밥류,"멥쌀, 백미, 생것, 고구마, 생것, 연근, 생것, 표고버섯, 배지재배, 생것, 애느타리버섯, 생것, 우엉, 생것, 완두, 생것, 당근, 뿌리, 생것, 소금, 천일염","메뉴명: 뿌리채소영양밥
메뉴 대분류: 밥류
메뉴 소분류: 채소밥류
식재료: 멥쌀, 백미, 생것, 고구마, 생것, 연근, 생것, 표고버섯, 배지재배, 생것, 애느타리버섯, 생것, 우엉, 생것, 완두, 생것, 당근, 뿌리, 생것, 소금, 천일염"
D013039,뿌리채소은행밥,밥류,채소밥류,"멥쌀, 백미, 생것, 찹쌀, 백미, 생것, 감자, 대지, 생것, 우엉, 생것, 연근, 생것, 은행, 생것","메뉴명: 뿌리채소은행밥
메뉴 대분류: 밥류
메뉴 소분류: 채소밥류
식재료: 멥쌀, 백미, 생것, 찹쌀, 백미, 생것, 감자, 대지, 생것, 우엉, 생것, 연근, 생것, 은행, 생것"
D013040,소고기콩나물밥,밥류,채소밥류,"멥쌀, 백미, 생것, 콩나물, 생것, 소고기, 한우(1++등급), 등심, 생것, 표고버섯, 배지재배, 생것, 맛술, 참기름, 소금, 천일염, 소금꽃","메뉴명: 소고기콩나물밥
메뉴 대분류: 밥류
메뉴 소분류: 채소밥류
식재료: 멥쌀, 백미, 생것, 콩나물, 생것, 소고기, 한우(1++등급), 등심, 생것, 표고버섯, 배지재배, 생것, 맛술, 참기름, 소금, 천일염, 소금꽃"
D013041,아주까리나물밥,밥류,채소밥류,"멥쌀, 백미, 생것, 아주까리, 순, 말린것, 간장, 개량, 양조, 미나리, 물미나리, 생것, 고춧가루, 들기름, 설탕, 백설탕, 파, 대파, 생것, 마늘, 다진것, 참기름, 참깨, 흰색, 볶은것","메뉴명: 아주까리나물밥
메뉴 대분류: 밥류
메뉴 소분류: 채소밥류
식재료: 멥쌀, 백미, 생것, 아주까리, 순, 말린것, 간장, 개량, 양조, 미나리, 물미나리, 생것, 고춧가루, 들기름, 설탕, 백설탕, 파, 대파, 생것, 마늘, 다진것, 참기름, 참깨, 흰색, 볶은것"
D013042,표고버섯콩나물밥,밥류,채소밥류,"콩나물, 생것, 멥쌀, 백미, 생것, 표고버섯, 배지재배, 생것, 맛술, 참기름, 소금, 천일염, 소금꽃","메뉴명: 표고버섯콩나물밥
메뉴 대분류: 밥류
메뉴 소분류: 채소밥류
식재료: 콩나물, 생것, 멥쌀, 백미, 생것, 표고버섯, 배지재배, 생것, 맛술, 참기름, 소금, 천일염, 소금꽃"
D013043,뿌리채소버섯영양밥,밥류,채소밥류,"멥쌀, 백미, 생것, 고구마, 생것, 연근, 생것, 애느타리버섯, 생것, 우엉, 생것, 완두, 생것, 표고버섯, 배지재배, 생것, 당근, 뿌리, 생것, 소금, 천일염, 들기름","메뉴명: 뿌리채소버섯영양밥
메뉴 대분류: 밥류
메뉴 소분류: 채소밥류
식재료: 멥쌀, 백미, 생것, 고구마, 생것, 연근, 생것, 애느타리버섯, 생것, 우엉, 생것, 완두, 생것, 표고버섯, 배지재배, 생것, 당근, 뿌리, 생것, 소금, 천일염, 들기름"
D013044,단호박약식,밥류,채소밥류,"호박, 단호박, 생것, 찹쌀, 백미, 생것, 밤, 생것, 대추, 말린것, 크랜베리, 말린것, 가당, 간장, 개량, 양조, 참기름, 계피, 가루","메뉴명: 단호박약식
메뉴 대분류: 밥류
메뉴 소분류: 채소밥류
식재료: 호박, 단호박, 생것, 찹쌀, 백미, 생것, 밤, 생것, 대추, 말린것, 크랜베리, 말린것, 가당, 간장, 개량, 양조, 참기름, 계피, 가루"
D013045,울금해초밥,밥류,채소밥류,"울금, 가루, 멥쌀, 백미, 생것, 올리브유, 미역, 줄기, 생것, 미소, 양파, 생것, 두부, 마늘, 다진것, 고춧가루, 참기름","메뉴명: 울금해초밥
메뉴 대분류: 밥류
메뉴 소분류: 채소밥류
식재료: 울금, 가루, 멥쌀, 백미, 생것, 올리브유, 미역, 줄기, 생것, 미소, 양파, 생것, 두부, 마늘, 다진것, 고춧가루, 참기름"
D013046,강황고구마밥,밥류,채소밥류,"멥쌀, 백미, 생것, 강황, 가루, 고구마, 생것, 닭 육수, 부추, 솔부추, 생것, 고추, 초록색, 녹광, 생것, 고추, 빨간색, 생것, 양파, 생것, 간장, 개량, 양조","메뉴명: 강황고구마밥
메뉴 대분류: 밥류
메뉴 소분류: 채소밥류
식재료: 멥쌀, 백미, 생것, 강황, 가루, 고구마, 생것, 닭 육수, 부추, 솔부추, 생것, 고추, 초록색, 녹광, 생것, 고추, 빨간색, 생것, 양파, 생것, 간장, 개량, 양조"
D013047,버섯곤드레밥,밥류,채소밥류,"멥쌀, 백미, 생것, 고려엉겅퀴(곤드레), 말린것, 느타리버섯, 생것, 참기름, 두부, 된장, 개량, 고추, 초록색, 녹광, 생것, 고추, 빨간색, 생것, 마늘, 다진것, 파, 대파, 생것, 참깨, 흰색, 볶은것","메뉴명: 버섯곤드레밥
메뉴 대분류: 밥류
메뉴 소분류: 채소밥류
식재료: 멥쌀, 백미, 생것, 고려엉겅퀴(곤드레), 말린것, 느타리버섯, 생것, 참기름, 두부, 된장, 개량, 고추, 초록색, 녹광, 생것, 고추, 빨간색, 생것, 마늘, 다진것, 파, 대파, 생것, 참깨, 흰색, 볶은것"
D014001,김치볶음밥(돼지고기),밥류,비빔밥 및 볶음밥류,"김치, 배추 김치, 멥쌀, 백미, 밥, 돼지고기, 등심, 구운것(팬), 달걀, 부침(달걀프라이), 콩기름, 양파, 생것, 당근, 뿌리, 생것, 마늘, 생것, 참기름, 소금, 천일염, 가는소금, 후추, 검은색, 가루","메뉴명: 김치볶음밥(돼지고기)
메뉴 대분류: 밥류
메뉴 소분류: 비빔밥 및 볶음밥류
식재료: 김치, 배추 김치, 멥쌀, 백미, 밥, 돼지고기, 등심, 구운것(팬), 달걀, 부침(달걀프라이), 콩기름, 양파, 생것, 당근, 뿌리, 생것, 마늘, 생것, 참기름, 소금, 천일염, 가는소금, 후추, 검은색, 가루"
D014002,김치볶음밥(콩나물),밥류,비빔밥 및 볶음밥류,"멥쌀, 백미, 밥, 김치, 배추 김치, 콩나물, 삶은것, 콩기름, 마늘, 생것, 참기름, 소금, 천일염, 가는소금","메뉴명: 김치볶음밥(콩나물)
메뉴 대분류: 밥류
메뉴 소분류: 비빔밥 및 볶음밥류
식재료: 멥쌀, 백미, 밥, 김치, 배추 김치, 콩나물, 삶은것, 콩기름, 마늘, 생것, 참기름, 소금, 천일염, 가는소금"
D014003,비빔밥(고추장),밥류,비빔밥 및 볶음밥류,"멥쌀, 백미, 밥, 고추장, 개량, 달걀, 부침(달걀프라이), 시금치, 데친것, 취나물, 참취, 데친것, 콩나물, 삶은것, 참깨, 흰색, 볶은것, 마늘, 생것, 소금, 천일염, 가는소금, 참기름, 콩기름","메뉴명: 비빔밥(고추장)
메뉴 대분류: 밥류
메뉴 소분류: 비빔밥 및 볶음밥류
식재료: 멥쌀, 백미, 밥, 고추장, 개량, 달걀, 부침(달걀프라이), 시금치, 데친것, 취나물, 참취, 데친것, 콩나물, 삶은것, 참깨, 흰색, 볶은것, 마늘, 생것, 소금, 천일염, 가는소금, 참기름, 콩기름"
D014004,"비빔밥(고추장, 돼지고기)",밥류,비빔밥 및 볶음밥류,"멥쌀, 백미, 밥, 고추장, 개량, 돼지고기, 등심, 구운것(팬), 고사리, 데친것, 시금치, 데친것, 콩나물, 삶은것, 호박, 애호박, 데친것, 마늘, 생것, 참기름, 간장, 개량, 양조, 참깨, 흰색, 볶은것, 소금, 천일염, 가는소금, 콩기름, 후추, 검은색, 가루","메뉴명: 비빔밥(고추장, 돼지고기)
메뉴 대분류: 밥류
메뉴 소분류: 비빔밥 및 볶음밥류
식재료: 멥쌀, 백미, 밥, 고추장, 개량, 돼지고기, 등심, 구운것(팬), 고사리, 데친것, 시금치, 데친것, 콩나물, 삶은것, 호박, 애호박, 데친것, 마늘, 생것, 참기름, 간장, 개량, 양조, 참깨, 흰색, 볶은것, 소금, 천일염, 가는소금, 콩기름, 후추, 검은색, 가루"
D014005,"비빔밥(고추장, 소고기)",밥류,비빔밥 및 볶음밥류,"멥쌀, 백미, 밥, 소고기, 한우, 등심, 구운것(팬), 고추장, 개량, 달걀, 부침(달걀프라이), 당근, 뿌리, 데친것, 시금치, 데친것, 콩나물, 삶은것, 고사리, 데친것, 참기름, 파, 쪽파, 생것","메뉴명: 비빔밥(고추장, 소고기)
메뉴 대분류: 밥류
메뉴 소분류: 비빔밥 및 볶음밥류
식재료: 멥쌀, 백미, 밥, 소고기, 한우, 등심, 구운것(팬), 고추장, 개량, 달걀, 부침(달걀프라이), 당근, 뿌리, 데친것, 시금치, 데친것, 콩나물, 삶은것, 고사리, 데친것, 참기름, 파, 쪽파, 생것"
D014006,산채비빔밥(고추장),밥류,비빔밥 및 볶음밥류,"멥쌀, 백미, 밥, 취나물, 참취, 데친것, 고추장, 개량, 달걀, 부침(달걀프라이), 시금치, 데친것, 콩나물, 삶은것, 참깨, 흰색, 볶은것, 마늘, 생것, 소금, 천일염, 가는소금, 참기름, 콩기름","메뉴명: 산채비빔밥(고추장)
메뉴 대분류: 밥류
메뉴 소분류: 비빔밥 및 볶음밥류
식재료: 멥쌀, 백미, 밥, 취나물, 참취, 데친것, 고추장, 개량, 달걀, 부침(달걀프라이), 시금치, 데친것, 콩나물, 삶은것, 참깨, 흰색, 볶은것, 마늘, 생것, 소금, 천일염, 가는소금, 참기름, 콩기름"
D014007,소고기볶음밥,밥류,비빔밥 및 볶음밥류,"멥쌀, 백미, 밥, 소고기, 한우, 등심, 생것, 감자, 대지, 생것, 당근, 뿌리, 생것, 양파, 생것, 찹쌀, 백미, 생것, 피망, 초록색, 생것, 옥수수, 통조림, 가당, 완두, 생것, 콩기름, 참기름, 소금, 천일염, 가는소금, 후추, 검은색, 가루","메뉴명: 소고기볶음밥
메뉴 대분류: 밥류
메뉴 소분류: 비빔밥 및 볶음밥류
식재료: 멥쌀, 백미, 밥, 소고기, 한우, 등심, 생것, 감자, 대지, 생것, 당근, 뿌리, 생것, 양파, 생것, 찹쌀, 백미, 생것, 피망, 초록색, 생것, 옥수수, 통조림, 가당, 완두, 생것, 콩기름, 참기름, 소금, 천일염, 가는소금, 후추, 검은색, 가루"
D014008,"열무비빔밥(고추장, 소고기)",밥류,비빔밥 및 볶음밥류,"멥쌀, 백미, 밥, 김치, 열무 김치, 소고기, 한우, 등심, 생것, 고추장, 개량, 찹쌀, 백미, 생것, 호박, 애호박, 생것, 양파, 생것, 고추, 풋고추, 생것, 마늘, 생것, 고추, 빨간색, 생것","메뉴명: 열무비빔밥(고추장, 소고기)
메뉴 대분류: 밥류
메뉴 소분류: 비빔밥 및 볶음밥류
식재료: 멥쌀, 백미, 밥, 김치, 열무 김치, 소고기, 한우, 등심, 생것, 고추장, 개량, 찹쌀, 백미, 생것, 호박, 애호박, 생것, 양파, 생것, 고추, 풋고추, 생것, 마늘, 생것, 고추, 빨간색, 생것"
D014009,영양돌솥밥,밥류,비빔밥 및 볶음밥류,"멥쌀, 백미, 밥, 밤, 생것, 찹쌀, 백미, 보람찰, 밥, 은행, 생것, 대추, 말린것, 표고버섯, 참나무재배, 생것","메뉴명: 영양돌솥밥
메뉴 대분류: 밥류
메뉴 소분류: 비빔밥 및 볶음밥류
식재료: 멥쌀, 백미, 밥, 밤, 생것, 찹쌀, 백미, 보람찰, 밥, 은행, 생것, 대추, 말린것, 표고버섯, 참나무재배, 생것"
D014010,오므라이스,밥류,비빔밥 및 볶음밥류,"멥쌀, 백미, 밥, 토마토 소스, 달걀, 생것, 소고기, 한우, 등심, 생것, 당근, 뿌리, 생것, 양파, 생것, 피망, 초록색, 생것, 완두, 생것, 콩기름, 소금, 천일염, 가는소금","메뉴명: 오므라이스
메뉴 대분류: 밥류
메뉴 소분류: 비빔밥 및 볶음밥류
식재료: 멥쌀, 백미, 밥, 토마토 소스, 달걀, 생것, 소고기, 한우, 등심, 생것, 당근, 뿌리, 생것, 양파, 생것, 피망, 초록색, 생것, 완두, 생것, 콩기름, 소금, 천일염, 가는소금"
D014011,콩나물비빔밥(소고기),밥류,비빔밥 및 볶음밥류,"멥쌀, 백미, 밥, 콩나물, 생것, 소고기, 한우, 등심, 생것, 양파, 생것, 간장, 개량, 양조, 파, 쪽파, 생것, 고춧가루, 마늘, 생것, 참기름","메뉴명: 콩나물비빔밥(소고기)
메뉴 대분류: 밥류
메뉴 소분류: 비빔밥 및 볶음밥류
식재료: 멥쌀, 백미, 밥, 콩나물, 생것, 소고기, 한우, 등심, 생것, 양파, 생것, 간장, 개량, 양조, 파, 쪽파, 생것, 고춧가루, 마늘, 생것, 참기름"
D014012,해초비빔밥(고추장),밥류,비빔밥 및 볶음밥류,"미역, 생것, 멥쌀, 백미, 밥, 고추장, 개량, 파래, 납작파래, 생것, 고사리, 데친것, 마늘, 생것, 참기름, 콩기름, 간장, 개량, 양조, 참깨, 흰색, 볶은것, 소금, 천일염, 가는소금","메뉴명: 해초비빔밥(고추장)
메뉴 대분류: 밥류
메뉴 소분류: 비빔밥 및 볶음밥류
식재료: 미역, 생것, 멥쌀, 백미, 밥, 고추장, 개량, 파래, 납작파래, 생것, 고사리, 데친것, 마늘, 생것, 참기름, 콩기름, 간장, 개량, 양조, 참깨, 흰색, 볶은것, 소금, 천일염, 가는소금"
D014019,비빔밥,밥류,비빔밥 및 볶음밥류,"소고기, 한우, 등심, 생것, 간장, 재래, 설탕, 백설탕, 마늘, 생것, 참기름, 무, 조선무, 생것, 고춧가루, 소금, 천일염, 가는소금, 참깨, 흰색, 볶은것, 호박, 애호박, 생것, 콩기름, 당근, 뿌리, 생것, 달걀, 생것, 멥쌀, 백미, 밥, 고추장, 개량","메뉴명: 비빔밥
메뉴 대분류: 밥류
메뉴 소분류: 비빔밥 및 볶음밥류
식재료: 소고기, 한우, 등심, 생것, 간장, 재래, 설탕, 백설탕, 마늘, 생것, 참기름, 무, 조선무, 생것, 고춧가루, 소금, 천일염, 가는소금, 참깨, 흰색, 볶은것, 호박, 애호박, 생것, 콩기름, 당근, 뿌리, 생것, 달걀, 생것, 멥쌀, 백미, 밥, 고추장, 개량"
D014026,육회비빔밥,밥류,비빔밥 및 볶음밥류,"멥쌀, 백미, 밥, 소고기, 한우(1등급), 우둔(우둔살), 생것, 콩나물, 생것, 시금치, 생것, 고사리, 생것, 호박, 애호박, 생것, 송이버섯, 생것, 무, 조선무, 생것, 상추, 잎상추, 축면상추, 적색, 생것, 달걀, 난황, 생것, 김, 참김, 구운것, 고추장, 개량, 고춧가루, 파, 대파, 생것, 마늘, 생것, 소금, 천일염, 가는소금, 간장, 재래, 참기름, 참깨, 흰색, 볶은것","메뉴명: 육회비빔밥
메뉴 대분류: 밥류
메뉴 소분류: 비빔밥 및 볶음밥류
식재료: 멥쌀, 백미, 밥, 소고기, 한우(1등급), 우둔(우둔살), 생것, 콩나물, 생것, 시금치, 생것, 고사리, 생것, 호박, 애호박, 생것, 송이버섯, 생것, 무, 조선무, 생것, 상추, 잎상추, 축면상추, 적색, 생것, 달걀, 난황, 생것, 김, 참김, 구운것, 고추장, 개량, 고춧가루, 파, 대파, 생것, 마늘, 생것, 소금, 천일염, 가는소금, 간장, 재래, 참기름, 참깨, 흰색, 볶은것"
D014036,김치볶음밥(콩나물),밥류,비빔밥 및 볶음밥류,"멥쌀, 백미, 밥, 김치, 배추 김치, 콩나물, 삶은것, 콩기름, 마늘, 생것, 참기름, 소금, 천일염, 가는소금","메뉴명: 김치볶음밥(콩나물)
메뉴 대분류: 밥류
메뉴 소분류: 비빔밥 및 볶음밥류
식재료: 멥쌀, 백미, 밥, 김치, 배추 김치, 콩나물, 삶은것, 콩기름, 마늘, 생것, 참기름, 소금, 천일염, 가는소금"
D014037,겨자소스를 곁들인 영양밥 강정,밥류,비빔밥 및 볶음밥류,"멥쌀, 현미, 흑미, 생것, 멥쌀, 현미, 밥, 멥쌀, 백미, 생것, 표고버섯, 참나무재배, 생것, 양파, 생것, 파, 쪽파, 생것, 아몬드, 말린것, 소고기, 한우(1등급), 안심, 생것, 달걀, 난황, 생것, 소금, 천일염, 가는소금, 간장, 개량, 양조, 굴 소스, 참기름, 마늘, 생것, 후추, 검은색, 가루, 겨자 페이스트, 생수, 꿀, 콩기름, 참깨, 흰색, 볶은것","메뉴명: 겨자소스를 곁들인 영양밥 강정
메뉴 대분류: 밥류
메뉴 소분류: 비빔밥 및 볶음밥류
식재료: 멥쌀, 현미, 흑미, 생것, 멥쌀, 현미, 밥, 멥쌀, 백미, 생것, 표고버섯, 참나무재배, 생것, 양파, 생것, 파, 쪽파, 생것, 아몬드, 말린것, 소고기, 한우(1등급), 안심, 생것, 달걀, 난황, 생것, 소금, 천일염, 가는소금, 간장, 개량, 양조, 굴 소스, 참기름, 마늘, 생것, 후추, 검은색, 가루, 겨자 페이스트, 생수, 꿀, 콩기름, 참깨, 흰색, 볶은것"
D014038,귀리토마토리소토,밥류,비빔밥 및 볶음밥류,"귀리, 겉귀리, 도정, 생것, 생수, 토마토, 생것, 가지, 생것, 호박, 애호박, 생것, 소금, 천일염, 가는소금, 후추, 검은색, 가루, 올리브유","메뉴명: 귀리토마토리소토
메뉴 대분류: 밥류
메뉴 소분류: 비빔밥 및 볶음밥류
식재료: 귀리, 겉귀리, 도정, 생것, 생수, 토마토, 생것, 가지, 생것, 호박, 애호박, 생것, 소금, 천일염, 가는소금, 후추, 검은색, 가루, 올리브유"
D014039,닭가슴살 곤드레밥,밥류,비빔밥 및 볶음밥류,"닭고기, 가슴, 생것, 멥쌀, 현미, 발아현미, 생것, 즉석밥, 백미, 고려엉겅퀴(곤드레), 재래종, 잎, 생것, 표고버섯, 참나무재배, 말린것, 발효주, 청주, 알코올 16%, 소금, 천일염, 가는소금, 후추, 검은색, 가루, 생수, 간장, 개량, 양조, 고추, 초록색, 녹광, 생것, 고추, 빨간색, 생것, 참기름","메뉴명: 닭가슴살 곤드레밥
메뉴 대분류: 밥류
메뉴 소분류: 비빔밥 및 볶음밥류
식재료: 닭고기, 가슴, 생것, 멥쌀, 현미, 발아현미, 생것, 즉석밥, 백미, 고려엉겅퀴(곤드레), 재래종, 잎, 생것, 표고버섯, 참나무재배, 말린것, 발효주, 청주, 알코올 16%, 소금, 천일염, 가는소금, 후추, 검은색, 가루, 생수, 간장, 개량, 양조, 고추, 초록색, 녹광, 생것, 고추, 빨간색, 생것, 참기름"
D014040,바지락비빔밥,밥류,비빔밥 및 볶음밥류,"즉석밥, 잡곡밥(멥쌀, 찹쌀, 흑미, 팥, 기장, 찰수수), 양파, 생것, 파프리카, 빨간색, 생것, 미나리, 돌미나리, 생것, 바지락, 생것, 설탕, 백설탕, 고춧가루, 간장, 개량, 양조, 매실청, 참기름, 고추장, 개량, 참깨, 흰색, 볶은것","메뉴명: 바지락비빔밥
메뉴 대분류: 밥류
메뉴 소분류: 비빔밥 및 볶음밥류
식재료: 즉석밥, 잡곡밥(멥쌀, 찹쌀, 흑미, 팥, 기장, 찰수수), 양파, 생것, 파프리카, 빨간색, 생것, 미나리, 돌미나리, 생것, 바지락, 생것, 설탕, 백설탕, 고춧가루, 간장, 개량, 양조, 매실청, 참기름, 고추장, 개량, 참깨, 흰색, 볶은것"
D014041,양배추 볶음밥,밥류,비빔밥 및 볶음밥류,"양배추, 생것, 마늘, 생것, 파, 대파, 생것, 콩기름, 멥쌀, 백미, 밥, 달걀, 생것, 당근, 뿌리, 생것, 소금, 천일염, 가는소금, 후추, 검은색, 가루, 파슬리, 생것","메뉴명: 양배추 볶음밥
메뉴 대분류: 밥류
메뉴 소분류: 비빔밥 및 볶음밥류
식재료: 양배추, 생것, 마늘, 생것, 파, 대파, 생것, 콩기름, 멥쌀, 백미, 밥, 달걀, 생것, 당근, 뿌리, 생것, 소금, 천일염, 가는소금, 후추, 검은색, 가루, 파슬리, 생것"
D014042,열무김치 불고기비빔밥,밥류,비빔밥 및 볶음밥류,"소고기, 한우, 등심, 생것, 김치, 열무 김치, 멥쌀, 백미, 밥, 양파, 생것, 상추, 잎상추, 치마상추, 녹색, 생것, 팽이버섯, 생것, 달걀, 생것, 설탕, 백설탕, 맛술, 간장, 개량, 양조, 파, 대파, 생것, 물엿, 후추, 검은색, 가루, 참깨, 흰색, 볶은것, 참기름, 마늘, 생것, 콩기름","메뉴명: 열무김치 불고기비빔밥
메뉴 대분류: 밥류
메뉴 소분류: 비빔밥 및 볶음밥류
식재료: 소고기, 한우, 등심, 생것, 김치, 열무 김치, 멥쌀, 백미, 밥, 양파, 생것, 상추, 잎상추, 치마상추, 녹색, 생것, 팽이버섯, 생것, 달걀, 생것, 설탕, 백설탕, 맛술, 간장, 개량, 양조, 파, 대파, 생것, 물엿, 후추, 검은색, 가루, 참깨, 흰색, 볶은것, 참기름, 마늘, 생것, 콩기름"
D014043,율무볶음밥,밥류,비빔밥 및 볶음밥류,"마늘, 생것, 양파, 생것, 당근, 뿌리, 생것, 돼지고기, 앞다리(앞다리살), 생것, 율무, 도정, 생것, 완두, 생것, 생수, 올리브유, 소금, 천일염, 가는소금, 후추, 검은색, 가루, 카레 소스, 가루","메뉴명: 율무볶음밥
메뉴 대분류: 밥류
메뉴 소분류: 비빔밥 및 볶음밥류
식재료: 마늘, 생것, 양파, 생것, 당근, 뿌리, 생것, 돼지고기, 앞다리(앞다리살), 생것, 율무, 도정, 생것, 완두, 생것, 생수, 올리브유, 소금, 천일염, 가는소금, 후추, 검은색, 가루, 카레 소스, 가루"
D014044,참나물불고기비빔밥,밥류,비빔밥 및 볶음밥류,"소고기, 한우, 등심, 생것, 참나물, 야생, 생것, 양파, 생것, 당근, 뿌리, 생것, 달걀, 생것, 멥쌀, 백미, 생것, 생수, 설탕, 백설탕, 간장, 개량, 양조, 굴 소스, 발효주, 청주, 알코올 16%, 마늘, 생것, 참기름, 후추, 검은색, 가루, 고춧가루, 식초, 감식초, 까나리, 액젓, 참깨, 흰색, 볶은것, 콩기름","메뉴명: 참나물불고기비빔밥
메뉴 대분류: 밥류
메뉴 소분류: 비빔밥 및 볶음밥류
식재료: 소고기, 한우, 등심, 생것, 참나물, 야생, 생것, 양파, 생것, 당근, 뿌리, 생것, 달걀, 생것, 멥쌀, 백미, 생것, 생수, 설탕, 백설탕, 간장, 개량, 양조, 굴 소스, 발효주, 청주, 알코올 16%, 마늘, 생것, 참기름, 후추, 검은색, 가루, 고춧가루, 식초, 감식초, 까나리, 액젓, 참깨, 흰색, 볶은것, 콩기름"
D014045,비빔밥,밥류,비빔밥 및 볶음밥류,"멥쌀, 백미, 생것, 달걀, 생것, 콩나물, 생것, 시금치, 생것, 무, 조선무, 생것, 소고기, 한우(1++등급), 설도, 생것, 고사리, 생것, 고추장, 개량, 마늘, 생것, 혼합식물성유, 고춧가루, 참깨, 흰색, 볶은것, 참기름, 파, 대파, 생것, 소금, 천일염, 가는소금","메뉴명: 비빔밥
메뉴 대분류: 밥류
메뉴 소분류: 비빔밥 및 볶음밥류
식재료: 멥쌀, 백미, 생것, 달걀, 생것, 콩나물, 생것, 시금치, 생것, 무, 조선무, 생것, 소고기, 한우(1++등급), 설도, 생것, 고사리, 생것, 고추장, 개량, 마늘, 생것, 혼합식물성유, 고춧가루, 참깨, 흰색, 볶은것, 참기름, 파, 대파, 생것, 소금, 천일염, 가는소금"
D014046,간장달걀밥,밥류,비빔밥 및 볶음밥류,"멥쌀, 백미, 생것, 달걀, 생것, 양파, 생것, 간장, 개량, 양조, 당근, 뿌리, 생것, 콩기름, 소금, 천일염, 파, 쪽파, 생것","메뉴명: 간장달걀밥
메뉴 대분류: 밥류
메뉴 소분류: 비빔밥 및 볶음밥류
식재료: 멥쌀, 백미, 생것, 달걀, 생것, 양파, 생것, 간장, 개량, 양조, 당근, 뿌리, 생것, 콩기름, 소금, 천일염, 파, 쪽파, 생것"
D014047,게살볶음밥,밥류,비빔밥 및 볶음밥류,"멥쌀, 백미, 생것, 게, 대게, 생것, 달걀, 생것, 파, 쪽파, 생것, 양파, 생것, 콩기름, 피망, 초록색, 생것, 파프리카, 노란색, 생것, 굴 소스","메뉴명: 게살볶음밥
메뉴 대분류: 밥류
메뉴 소분류: 비빔밥 및 볶음밥류
식재료: 멥쌀, 백미, 생것, 게, 대게, 생것, 달걀, 생것, 파, 쪽파, 생것, 양파, 생것, 콩기름, 피망, 초록색, 생것, 파프리카, 노란색, 생것, 굴 소스"
D014048,김밥볶음밥,밥류,비빔밥 및 볶음밥류,"멥쌀, 백미, 생것, 달걀, 생것, 우엉, 생것, 햄, 등심햄, 무 절임, 단무지, 당근, 뿌리, 생것, 찹쌀, 백미, 생것, 피망, 초록색, 생것, 김, 참김, 구운것, 간장, 개량, 양조, 참기름, 설탕, 황설탕, 참깨, 흰색, 볶은것, 물엿","메뉴명: 김밥볶음밥
메뉴 대분류: 밥류
메뉴 소분류: 비빔밥 및 볶음밥류
식재료: 멥쌀, 백미, 생것, 달걀, 생것, 우엉, 생것, 햄, 등심햄, 무 절임, 단무지, 당근, 뿌리, 생것, 찹쌀, 백미, 생것, 피망, 초록색, 생것, 김, 참김, 구운것, 간장, 개량, 양조, 참기름, 설탕, 황설탕, 참깨, 흰색, 볶은것, 물엿"
D014049,꼬막비빔밥,밥류,비빔밥 및 볶음밥류,"멥쌀, 백미, 생것, 꼬막, 생것, 무, 조선무, 생것, 양파, 적색, 생것, 날치, 알, 생것, 상추, 잎상추, 치마상추, 녹색, 생것, 들깻잎, 생것, 치커리, 잎, 생것, 간장, 개량, 양조, 파, 대파, 생것, 양배추, 적색, 생것, 고춧가루, 참기름, 마늘, 생것, 참깨, 흰색, 볶은것","메뉴명: 꼬막비빔밥
메뉴 대분류: 밥류
메뉴 소분류: 비빔밥 및 볶음밥류
식재료: 멥쌀, 백미, 생것, 꼬막, 생것, 무, 조선무, 생것, 양파, 적색, 생것, 날치, 알, 생것, 상추, 잎상추, 치마상추, 녹색, 생것, 들깻잎, 생것, 치커리, 잎, 생것, 간장, 개량, 양조, 파, 대파, 생것, 양배추, 적색, 생것, 고춧가루, 참기름, 마늘, 생것, 참깨, 흰색, 볶은것"
D014050,나물비빔밥,밥류,비빔밥 및 볶음밥류,"멥쌀, 백미, 생것, 시금치, 생것, 콩나물, 생것, 콩기름, 간장, 개량, 양조, 참깨, 흰색, 볶은것, 참기름","메뉴명: 나물비빔밥
메뉴 대분류: 밥류
메뉴 소분류: 비빔밥 및 볶음밥류
식재료: 멥쌀, 백미, 생것, 시금치, 생것, 콩나물, 생것, 콩기름, 간장, 개량, 양조, 참깨, 흰색, 볶은것, 참기름"
D014051,낙지비빔밥,밥류,비빔밥 및 볶음밥류,"멥쌀, 백미, 생것, 낙지, 생것, 콩나물, 생것, 상추, 잎상추, 치마상추, 녹색, 생것, 양파, 생것, 고추장, 재래, 김, 참김, 구운것, 파, 대파, 생것, 참기름, 고춧가루, 콩기름, 참깨, 흰색, 볶은것, 소금, 천일염, 간장, 개량, 양조, 마늘, 다진것","메뉴명: 낙지비빔밥
메뉴 대분류: 밥류
메뉴 소분류: 비빔밥 및 볶음밥류
식재료: 멥쌀, 백미, 생것, 낙지, 생것, 콩나물, 생것, 상추, 잎상추, 치마상추, 녹색, 생것, 양파, 생것, 고추장, 재래, 김, 참김, 구운것, 파, 대파, 생것, 참기름, 고춧가루, 콩기름, 참깨, 흰색, 볶은것, 소금, 천일염, 간장, 개량, 양조, 마늘, 다진것"
D014052,달걀볶음밥,밥류,비빔밥 및 볶음밥류,"멥쌀, 백미, 생것, 달걀, 생것, 콩기름, 소금, 천일염, 가는소금","메뉴명: 달걀볶음밥
메뉴 대분류: 밥류
메뉴 소분류: 비빔밥 및 볶음밥류
식재료: 멥쌀, 백미, 생것, 달걀, 생것, 콩기름, 소금, 천일염, 가는소금"
D014053,목살필라프,밥류,비빔밥 및 볶음밥류,"멥쌀, 백미, 생것, 돼지고기, 목심, 생것, 양파, 생것, 마요네즈, 당근, 뿌리, 생것, 굴 소스, 콩기름, 파프리카, 빨간색, 생것, 피망, 초록색, 생것, 파프리카, 노란색, 생것, 발효주, 청주, 알코올 16%, 간장, 개량, 양조, 참기름, 참깨, 흰색, 볶은것, 소금, 천일염, 소금꽃, 후추, 검은색, 가루","메뉴명: 목살필라프
메뉴 대분류: 밥류
메뉴 소분류: 비빔밥 및 볶음밥류
식재료: 멥쌀, 백미, 생것, 돼지고기, 목심, 생것, 양파, 생것, 마요네즈, 당근, 뿌리, 생것, 굴 소스, 콩기름, 파프리카, 빨간색, 생것, 피망, 초록색, 생것, 파프리카, 노란색, 생것, 발효주, 청주, 알코올 16%, 간장, 개량, 양조, 참기름, 참깨, 흰색, 볶은것, 소금, 천일염, 소금꽃, 후추, 검은색, 가루"
D014054,삼색도리아,밥류,비빔밥 및 볶음밥류,"생수, 멥쌀, 백미, 생것, 소고기, 한우(1++등급), 채끝, 생것, 호박, 단호박, 생것, 치즈, 모차렐라, 간장, 개량, 양조, 발효주, 청주, 알코올 16%, 설탕, 백설탕, 양파, 생것, 마늘, 생것, 물엿, 파, 대파, 생것, 후추, 흰색, 가루, 참기름","메뉴명: 삼색도리아
메뉴 대분류: 밥류
메뉴 소분류: 비빔밥 및 볶음밥류
식재료: 생수, 멥쌀, 백미, 생것, 소고기, 한우(1++등급), 채끝, 생것, 호박, 단호박, 생것, 치즈, 모차렐라, 간장, 개량, 양조, 발효주, 청주, 알코올 16%, 설탕, 백설탕, 양파, 생것, 마늘, 생것, 물엿, 파, 대파, 생것, 후추, 흰색, 가루, 참기름"
D014055,새우볶음밥,밥류,비빔밥 및 볶음밥류,"멥쌀, 백미, 생것, 새우, 흰다리새우, 생것, 피망, 초록색, 생것, 감자, 대지, 생것, 양파, 생것, 당근, 뿌리, 생것, 굴 소스, 콩기름, 맛술, 참기름, 참깨, 흰색, 볶은것","메뉴명: 새우볶음밥
메뉴 대분류: 밥류
메뉴 소분류: 비빔밥 및 볶음밥류
식재료: 멥쌀, 백미, 생것, 새우, 흰다리새우, 생것, 피망, 초록색, 생것, 감자, 대지, 생것, 양파, 생것, 당근, 뿌리, 생것, 굴 소스, 콩기름, 맛술, 참기름, 참깨, 흰색, 볶은것"
D014056,야채볶음밥,밥류,비빔밥 및 볶음밥류,"멥쌀, 백미, 생것, 달걀, 생것, 피망, 초록색, 생것, 양파, 생것, 파프리카, 주황색, 생것, 파프리카, 빨간색, 생것, 파프리카, 노란색, 생것, 굴 소스, 콩기름","메뉴명: 야채볶음밥
메뉴 대분류: 밥류
메뉴 소분류: 비빔밥 및 볶음밥류
식재료: 멥쌀, 백미, 생것, 달걀, 생것, 피망, 초록색, 생것, 양파, 생것, 파프리카, 주황색, 생것, 파프리카, 빨간색, 생것, 파프리카, 노란색, 생것, 굴 소스, 콩기름"
D014057,열무비빔밥,밥류,비빔밥 및 볶음밥류,"멥쌀, 백미, 생것, 김치, 열무 김치, 달걀, 생것, 보리, 겉보리, 늘보리, 도정, 생것, 호박, 애호박, 생것, 상추, 잎상추, 치마상추, 녹색, 생것, 양파, 생것, 당근, 뿌리, 생것, 혼합식물성유, 참기름, 참깨, 흰색, 볶은것","메뉴명: 열무비빔밥
메뉴 대분류: 밥류
메뉴 소분류: 비빔밥 및 볶음밥류
식재료: 멥쌀, 백미, 생것, 김치, 열무 김치, 달걀, 생것, 보리, 겉보리, 늘보리, 도정, 생것, 호박, 애호박, 생것, 상추, 잎상추, 치마상추, 녹색, 생것, 양파, 생것, 당근, 뿌리, 생것, 혼합식물성유, 참기름, 참깨, 흰색, 볶은것"
D014058,참치볶음밥,밥류,비빔밥 및 볶음밥류,"멥쌀, 백미, 생것, 다랑어, 가다랑어, 통조림, 유지, 감자, 대지, 생것, 호박, 애호박, 생것, 양파, 생것, 당근, 뿌리, 생것, 간장, 개량, 양조, 콩기름, 참기름, 참깨, 흰색, 볶은것","메뉴명: 참치볶음밥
메뉴 대분류: 밥류
메뉴 소분류: 비빔밥 및 볶음밥류
식재료: 멥쌀, 백미, 생것, 다랑어, 가다랑어, 통조림, 유지, 감자, 대지, 생것, 호박, 애호박, 생것, 양파, 생것, 당근, 뿌리, 생것, 간장, 개량, 양조, 콩기름, 참기름, 참깨, 흰색, 볶은것"
D014059,채소볶음밥,밥류,비빔밥 및 볶음밥류,"멥쌀, 백미, 생것, 달걀, 생것, 양파, 생것, 피망, 초록색, 생것, 당근, 뿌리, 생것, 콩기름, 소금, 천일염, 가는소금","메뉴명: 채소볶음밥
메뉴 대분류: 밥류
메뉴 소분류: 비빔밥 및 볶음밥류
식재료: 멥쌀, 백미, 생것, 달걀, 생것, 양파, 생것, 피망, 초록색, 생것, 당근, 뿌리, 생것, 콩기름, 소금, 천일염, 가는소금"
D014060,통영비빔밥,밥류,비빔밥 및 볶음밥류,"콩나물, 생것, 멥쌀, 백미, 생것, 고사리, 생것, 무, 조선무, 생것, 당근, 뿌리, 생것, 톳, 생것, 참기름, 들기름, 간장, 개량, 양조, 콩기름, 마늘, 다진것, 참깨, 흰색, 볶은것","메뉴명: 통영비빔밥
메뉴 대분류: 밥류
메뉴 소분류: 비빔밥 및 볶음밥류
식재료: 콩나물, 생것, 멥쌀, 백미, 생것, 고사리, 생것, 무, 조선무, 생것, 당근, 뿌리, 생것, 톳, 생것, 참기름, 들기름, 간장, 개량, 양조, 콩기름, 마늘, 다진것, 참깨, 흰색, 볶은것"
D014061,해물볶음밥,밥류,비빔밥 및 볶음밥류,"멥쌀, 백미, 생것, 오징어, 생것, 새우, 흰다리새우, 생것, 양파, 생것, 찹쌀, 백미, 생것, 당근, 뿌리, 생것, 콩기름, 파프리카, 빨간색, 생것, 피망, 초록색, 생것, 굴 소스, 마늘, 생것, 참기름, 참깨, 흰색, 볶은것, 소금, 천일염, 소금꽃","메뉴명: 해물볶음밥
메뉴 대분류: 밥류
메뉴 소분류: 비빔밥 및 볶음밥류
식재료: 멥쌀, 백미, 생것, 오징어, 생것, 새우, 흰다리새우, 생것, 양파, 생것, 찹쌀, 백미, 생것, 당근, 뿌리, 생것, 콩기름, 파프리카, 빨간색, 생것, 피망, 초록색, 생것, 굴 소스, 마늘, 생것, 참기름, 참깨, 흰색, 볶은것, 소금, 천일염, 소금꽃"
D014062,깍두기볶음밥,밥류,비빔밥 및 볶음밥류,"멥쌀, 백미, 생것, 김치, 깍두기, 햄, 등심햄, 고추장, 개량, 고춧가루, 간장, 개량, 양조, 콩기름, 참기름, 파, 대파, 생것, 설탕, 백설탕","메뉴명: 깍두기볶음밥
메뉴 대분류: 밥류
메뉴 소분류: 비빔밥 및 볶음밥류
식재료: 멥쌀, 백미, 생것, 김치, 깍두기, 햄, 등심햄, 고추장, 개량, 고춧가루, 간장, 개량, 양조, 콩기름, 참기름, 파, 대파, 생것, 설탕, 백설탕"
D014063,날치알볶음밥,밥류,비빔밥 및 볶음밥류,"멥쌀, 백미, 생것, 날치, 알, 생것, 찹쌀, 백미, 생것, 무 절임, 단무지, 양파, 생것, 피망, 초록색, 생것, 당근, 뿌리, 생것, 식초, 사과식초, 참기름, 마늘, 생것, 버터, 무가염, 콩기름","메뉴명: 날치알볶음밥
메뉴 대분류: 밥류
메뉴 소분류: 비빔밥 및 볶음밥류
식재료: 멥쌀, 백미, 생것, 날치, 알, 생것, 찹쌀, 백미, 생것, 무 절임, 단무지, 양파, 생것, 피망, 초록색, 생것, 당근, 뿌리, 생것, 식초, 사과식초, 참기름, 마늘, 생것, 버터, 무가염, 콩기름"
D014064,바지락비빔밥,밥류,비빔밥 및 볶음밥류,"멥쌀, 백미, 생것, 바지락, 생것, 무, 조선무, 생것, 양파, 생것, 날치, 알, 생것, 들깻잎, 생것, 간장, 개량, 양조, 파, 대파, 생것, 고춧가루, 참기름, 마늘, 생것","메뉴명: 바지락비빔밥
메뉴 대분류: 밥류
메뉴 소분류: 비빔밥 및 볶음밥류
식재료: 멥쌀, 백미, 생것, 바지락, 생것, 무, 조선무, 생것, 양파, 생것, 날치, 알, 생것, 들깻잎, 생것, 간장, 개량, 양조, 파, 대파, 생것, 고춧가루, 참기름, 마늘, 생것"
D014065,봄나물비빔밥,밥류,비빔밥 및 볶음밥류,"멥쌀, 백미, 생것, 표고버섯, 배지재배, 생것, 당근, 뿌리, 생것, 돌나물, 생것, 달래, 생것, 고비, 야생, 삶아서 말린것, 도라지, 뿌리, 생것, 콩기름, 참깨, 흰색, 볶은것, 소금, 천일염, 간장, 개량, 양조","메뉴명: 봄나물비빔밥
메뉴 대분류: 밥류
메뉴 소분류: 비빔밥 및 볶음밥류
식재료: 멥쌀, 백미, 생것, 표고버섯, 배지재배, 생것, 당근, 뿌리, 생것, 돌나물, 생것, 달래, 생것, 고비, 야생, 삶아서 말린것, 도라지, 뿌리, 생것, 콩기름, 참깨, 흰색, 볶은것, 소금, 천일염, 간장, 개량, 양조"
D014066,산나물비빔밥,밥류,비빔밥 및 볶음밥류,"멥쌀, 백미, 생것, 부지깽이(섬쑥부쟁이), 생것, 취나물, 곰취, 생것, 참나물, 재배, 생것, 머위, 생것, 고추장, 개량, 당근, 뿌리, 생것, 간장, 개량, 양조, 파, 대파, 생것, 참기름, 옥수수기름, 마늘, 생것","메뉴명: 산나물비빔밥
메뉴 대분류: 밥류
메뉴 소분류: 비빔밥 및 볶음밥류
식재료: 멥쌀, 백미, 생것, 부지깽이(섬쑥부쟁이), 생것, 취나물, 곰취, 생것, 참나물, 재배, 생것, 머위, 생것, 고추장, 개량, 당근, 뿌리, 생것, 간장, 개량, 양조, 파, 대파, 생것, 참기름, 옥수수기름, 마늘, 생것"
D014067,삼겹살볶음밥,밥류,비빔밥 및 볶음밥류,"멥쌀, 백미, 생것, 돼지고기, 삼겹살, 생것, 양파, 생것, 옥수수, 통조림, 가당, 당근, 뿌리, 생것, 파프리카, 빨간색, 생것, 피망, 초록색, 생것, 굴 소스, 마늘, 생것, 후추, 흰색, 가루, 소금, 천일염, 가는소금","메뉴명: 삼겹살볶음밥
메뉴 대분류: 밥류
메뉴 소분류: 비빔밥 및 볶음밥류
식재료: 멥쌀, 백미, 생것, 돼지고기, 삼겹살, 생것, 양파, 생것, 옥수수, 통조림, 가당, 당근, 뿌리, 생것, 파프리카, 빨간색, 생것, 피망, 초록색, 생것, 굴 소스, 마늘, 생것, 후추, 흰색, 가루, 소금, 천일염, 가는소금"
D014068,새우살볶음밥,밥류,비빔밥 및 볶음밥류,"멥쌀, 백미, 밥, 달걀, 생것, 새우, 흰다리새우, 생것, 굴 소스, 참기름, 파, 대파, 생것, 간장, 개량, 양조, 면실유, 마늘, 생것","메뉴명: 새우살볶음밥
메뉴 대분류: 밥류
메뉴 소분류: 비빔밥 및 볶음밥류
식재료: 멥쌀, 백미, 밥, 달걀, 생것, 새우, 흰다리새우, 생것, 굴 소스, 참기름, 파, 대파, 생것, 간장, 개량, 양조, 면실유, 마늘, 생것"
D014069,중국식볶음밥,밥류,비빔밥 및 볶음밥류,"멥쌀, 백미, 생것, 달걀, 생것, 양송이버섯, 생것, 양파, 생것, 당근, 뿌리, 생것, 찹쌀, 백미, 생것, 파프리카, 빨간색, 생것, 피망, 초록색, 생것, 굴 소스, 콩기름, 소금, 천일염, 소금꽃, 마늘, 생것, 후추, 검은색, 가루","메뉴명: 중국식볶음밥
메뉴 대분류: 밥류
메뉴 소분류: 비빔밥 및 볶음밥류
식재료: 멥쌀, 백미, 생것, 달걀, 생것, 양송이버섯, 생것, 양파, 생것, 당근, 뿌리, 생것, 찹쌀, 백미, 생것, 파프리카, 빨간색, 생것, 피망, 초록색, 생것, 굴 소스, 콩기름, 소금, 천일염, 소금꽃, 마늘, 생것, 후추, 검은색, 가루"
D014070,중국식잡채밥,밥류,비빔밥 및 볶음밥류,"멥쌀, 백미, 생것, 당면, 고구마, 말린것, 돼지고기, 뒷다리, 생것, 호박, 애호박, 생것, 배추, 생것, 양파, 생것, 대나무순(죽순), 생것, 달걀, 생것, 당근, 뿌리, 생것, 굴 소스, 파프리카, 빨간색, 생것, 피망, 초록색, 생것, 콩기름, 마늘, 생것, 참기름, 목이버섯, 생것, 참깨, 흰색, 볶은것","메뉴명: 중국식잡채밥
메뉴 대분류: 밥류
메뉴 소분류: 비빔밥 및 볶음밥류
식재료: 멥쌀, 백미, 생것, 당면, 고구마, 말린것, 돼지고기, 뒷다리, 생것, 호박, 애호박, 생것, 배추, 생것, 양파, 생것, 대나무순(죽순), 생것, 달걀, 생것, 당근, 뿌리, 생것, 굴 소스, 파프리카, 빨간색, 생것, 피망, 초록색, 생것, 콩기름, 마늘, 생것, 참기름, 목이버섯, 생것, 참깨, 흰색, 볶은것"
D014071,중화풍볶음밥,밥류,비빔밥 및 볶음밥류,"굴 소스, 멥쌀, 백미, 생것, 달걀, 생것, 양파, 생것, 피망, 초록색, 생것, 파프리카, 주황색, 생것, 파프리카, 빨간색, 생것, 파프리카, 노란색, 생것, 콩기름","메뉴명: 중화풍볶음밥
메뉴 대분류: 밥류
메뉴 소분류: 비빔밥 및 볶음밥류
식재료: 굴 소스, 멥쌀, 백미, 생것, 달걀, 생것, 양파, 생것, 피망, 초록색, 생것, 파프리카, 주황색, 생것, 파프리카, 빨간색, 생것, 파프리카, 노란색, 생것, 콩기름"
D014072,햄달걀볶음밥,밥류,비빔밥 및 볶음밥류,"멥쌀, 백미, 생것, 달걀, 생것, 햄, 등심햄, 파, 쪽파, 생것, 굴 소스, 콩기름","메뉴명: 햄달걀볶음밥
메뉴 대분류: 밥류
메뉴 소분류: 비빔밥 및 볶음밥류
식재료: 멥쌀, 백미, 생것, 달걀, 생것, 햄, 등심햄, 파, 쪽파, 생것, 굴 소스, 콩기름"
D014073,햄야채볶음밥,밥류,비빔밥 및 볶음밥류,"멥쌀, 백미, 생것, 햄, 등심햄, 피망, 초록색, 생것, 양파, 생것, 파프리카, 주황색, 생것, 파프리카, 빨간색, 생것, 파프리카, 노란색, 생것, 콩기름, 소금, 천일염","메뉴명: 햄야채볶음밥
메뉴 대분류: 밥류
메뉴 소분류: 비빔밥 및 볶음밥류
식재료: 멥쌀, 백미, 생것, 햄, 등심햄, 피망, 초록색, 생것, 양파, 생것, 파프리카, 주황색, 생것, 파프리카, 빨간색, 생것, 파프리카, 노란색, 생것, 콩기름, 소금, 천일염"
D014074,간장게살볶음밥,밥류,비빔밥 및 볶음밥류,"멥쌀, 백미, 생것, 게, 대게, 생것, 달걀, 생것, 파, 대파, 생것, 당근, 뿌리, 생것, 간장, 개량, 양조, 콩기름, 참기름","메뉴명: 간장게살볶음밥
메뉴 대분류: 밥류
메뉴 소분류: 비빔밥 및 볶음밥류
식재료: 멥쌀, 백미, 생것, 게, 대게, 생것, 달걀, 생것, 파, 대파, 생것, 당근, 뿌리, 생것, 간장, 개량, 양조, 콩기름, 참기름"
D014075,게살달걀볶음밥,밥류,비빔밥 및 볶음밥류,"멥쌀, 백미, 생것, 달걀, 생것, 게맛살, 어육함량이 낮은것, 피망, 초록색, 생것, 양파, 생것, 당근, 뿌리, 생것, 콩기름, 굴 소스, 참기름, 소금, 천일염, 후추, 검은색, 가루","메뉴명: 게살달걀볶음밥
메뉴 대분류: 밥류
메뉴 소분류: 비빔밥 및 볶음밥류
식재료: 멥쌀, 백미, 생것, 달걀, 생것, 게맛살, 어육함량이 낮은것, 피망, 초록색, 생것, 양파, 생것, 당근, 뿌리, 생것, 콩기름, 굴 소스, 참기름, 소금, 천일염, 후추, 검은색, 가루"
D014076,꼬막야채비빔밥,밥류,비빔밥 및 볶음밥류,"꼬막, 생것, 멥쌀, 백미, 생것, 무, 조선무, 생것, 양파, 적색, 생것, 날치, 알, 생것, 상추, 잎상추, 치마상추, 녹색, 생것, 들깻잎, 생것, 치커리, 잎, 생것, 간장, 개량, 양조, 파, 대파, 생것, 양배추, 적색, 생것, 고춧가루, 참기름, 마늘, 생것, 참깨, 흰색, 볶은것","메뉴명: 꼬막야채비빔밥
메뉴 대분류: 밥류
메뉴 소분류: 비빔밥 및 볶음밥류
식재료: 꼬막, 생것, 멥쌀, 백미, 생것, 무, 조선무, 생것, 양파, 적색, 생것, 날치, 알, 생것, 상추, 잎상추, 치마상추, 녹색, 생것, 들깻잎, 생것, 치커리, 잎, 생것, 간장, 개량, 양조, 파, 대파, 생것, 양배추, 적색, 생것, 고춧가루, 참기름, 마늘, 생것, 참깨, 흰색, 볶은것"
D014077,나물된장비빔밥,밥류,비빔밥 및 볶음밥류,"멥쌀, 백미, 생것, 된장, 개량, 무, 조선무, 생것, 호박, 애호박, 생것, 시금치, 생것, 고사리, 생것, 양파, 생것, 당근, 뿌리, 생것, 김, 조미김, 구운것, 콩기름, 참기름, 참깨, 흰색, 볶은것, 간장, 개량, 양조, 소금, 천일염","메뉴명: 나물된장비빔밥
메뉴 대분류: 밥류
메뉴 소분류: 비빔밥 및 볶음밥류
식재료: 멥쌀, 백미, 생것, 된장, 개량, 무, 조선무, 생것, 호박, 애호박, 생것, 시금치, 생것, 고사리, 생것, 양파, 생것, 당근, 뿌리, 생것, 김, 조미김, 구운것, 콩기름, 참기름, 참깨, 흰색, 볶은것, 간장, 개량, 양조, 소금, 천일염"
D014078,낙지강황비빔밥,밥류,비빔밥 및 볶음밥류,"낙지, 생것, 멥쌀, 백미, 생것, 콩나물, 생것, 상추, 잎상추, 치마상추, 녹색, 생것, 양파, 생것, 고추장, 재래, 김, 참김, 구운것, 파, 대파, 생것, 고춧가루, 콩기름, 참기름, 참깨, 흰색, 볶은것, 강황, 가루, 소금, 천일염, 간장, 개량, 양조, 마늘, 다진것","메뉴명: 낙지강황비빔밥
메뉴 대분류: 밥류
메뉴 소분류: 비빔밥 및 볶음밥류
식재료: 낙지, 생것, 멥쌀, 백미, 생것, 콩나물, 생것, 상추, 잎상추, 치마상추, 녹색, 생것, 양파, 생것, 고추장, 재래, 김, 참김, 구운것, 파, 대파, 생것, 고춧가루, 콩기름, 참기름, 참깨, 흰색, 볶은것, 강황, 가루, 소금, 천일염, 간장, 개량, 양조, 마늘, 다진것"
D014079,달걀버터비빔밥,밥류,비빔밥 및 볶음밥류,"달걀, 생것, 멥쌀, 백미, 생것, 명태, 알, 양념젓갈(명란젓), 치커리, 잎, 생것, 버터, 무가염, 부추, 두메부추, 생것, 참기름, 참깨, 흰색, 볶은것","메뉴명: 달걀버터비빔밥
메뉴 대분류: 밥류
메뉴 소분류: 비빔밥 및 볶음밥류
식재료: 달걀, 생것, 멥쌀, 백미, 생것, 명태, 알, 양념젓갈(명란젓), 치커리, 잎, 생것, 버터, 무가염, 부추, 두메부추, 생것, 참기름, 참깨, 흰색, 볶은것"
D014080,닭살채소볶음밥,밥류,비빔밥 및 볶음밥류,"닭고기, 가슴, 생것, 멥쌀, 백미, 생것, 콩기름, 파프리카, 노란색, 생것, 양파, 생것, 당근, 뿌리, 생것, 간장, 개량, 양조, 설탕, 백설탕, 마늘, 생것, 참깨, 흰색, 볶은것, 후추, 검은색, 가루, 맛술","메뉴명: 닭살채소볶음밥
메뉴 대분류: 밥류
메뉴 소분류: 비빔밥 및 볶음밥류
식재료: 닭고기, 가슴, 생것, 멥쌀, 백미, 생것, 콩기름, 파프리카, 노란색, 생것, 양파, 생것, 당근, 뿌리, 생것, 간장, 개량, 양조, 설탕, 백설탕, 마늘, 생것, 참깨, 흰색, 볶은것, 후추, 검은색, 가루, 맛술"
D014081,도토리묵비빔밥,밥류,비빔밥 및 볶음밥류,"멥쌀, 백미, 생것, 도토리묵, 김치, 배추 김치, 오이, 다다기, 생것, 찹쌀, 백미, 생것, 참기름, 간장, 개량, 양조, 설탕, 백설탕, 김, 참김, 구운것, 파, 쪽파, 생것, 당근, 뿌리, 생것, 소금, 천일염, 소금꽃","메뉴명: 도토리묵비빔밥
메뉴 대분류: 밥류
메뉴 소분류: 비빔밥 및 볶음밥류
식재료: 멥쌀, 백미, 생것, 도토리묵, 김치, 배추 김치, 오이, 다다기, 생것, 찹쌀, 백미, 생것, 참기름, 간장, 개량, 양조, 설탕, 백설탕, 김, 참김, 구운것, 파, 쪽파, 생것, 당근, 뿌리, 생것, 소금, 천일염, 소금꽃"
D014082,두부카레볶음밥,밥류,비빔밥 및 볶음밥류,"두부, 멥쌀, 백미, 생것, 카레 소스, 가루, 양파, 생것, 콩기름, 당근, 뿌리, 생것, 부추, 두메부추, 생것","메뉴명: 두부카레볶음밥
메뉴 대분류: 밥류
메뉴 소분류: 비빔밥 및 볶음밥류
식재료: 두부, 멥쌀, 백미, 생것, 카레 소스, 가루, 양파, 생것, 콩기름, 당근, 뿌리, 생것, 부추, 두메부추, 생것"
D014083,보리열무비빔밥,밥류,비빔밥 및 볶음밥류,"김치, 열무 김치, 멥쌀, 백미, 생것, 보리, 겉보리, 늘보리, 도정, 생것, 표고버섯, 배지재배, 생것, 느타리버섯, 생것, 상추, 잎상추, 치마상추, 녹색, 생것","메뉴명: 보리열무비빔밥
메뉴 대분류: 밥류
메뉴 소분류: 비빔밥 및 볶음밥류
식재료: 김치, 열무 김치, 멥쌀, 백미, 생것, 보리, 겉보리, 늘보리, 도정, 생것, 표고버섯, 배지재배, 생것, 느타리버섯, 생것, 상추, 잎상추, 치마상추, 녹색, 생것"
D014084,새우야채볶음밥,밥류,비빔밥 및 볶음밥류,"멥쌀, 백미, 생것, 새우, 흰다리새우, 생것, 브로콜리, 생것, 감자, 대지, 생것, 양파, 생것, 당근, 뿌리, 생것, 파, 대파, 생것, 콩기름, 마늘, 다진것, 참깨, 흰색, 볶은것, 소금, 천일염","메뉴명: 새우야채볶음밥
메뉴 대분류: 밥류
메뉴 소분류: 비빔밥 및 볶음밥류
식재료: 멥쌀, 백미, 생것, 새우, 흰다리새우, 생것, 브로콜리, 생것, 감자, 대지, 생것, 양파, 생것, 당근, 뿌리, 생것, 파, 대파, 생것, 콩기름, 마늘, 다진것, 참깨, 흰색, 볶은것, 소금, 천일염"
D014085,야채나물비빔밥,밥류,비빔밥 및 볶음밥류,"멥쌀, 백미, 생것, 달걀, 생것, 보리, 겉보리, 늘보리, 도정, 생것, 호박, 애호박, 생것, 상추, 잎상추, 치마상추, 녹색, 생것, 양파, 생것, 당근, 뿌리, 생것, 혼합식물성유, 참기름, 참깨, 흰색, 볶은것","메뉴명: 야채나물비빔밥
메뉴 대분류: 밥류
메뉴 소분류: 비빔밥 및 볶음밥류
식재료: 멥쌀, 백미, 생것, 달걀, 생것, 보리, 겉보리, 늘보리, 도정, 생것, 호박, 애호박, 생것, 상추, 잎상추, 치마상추, 녹색, 생것, 양파, 생것, 당근, 뿌리, 생것, 혼합식물성유, 참기름, 참깨, 흰색, 볶은것"
D014086,열무김치비빔밥,밥류,비빔밥 및 볶음밥류,"멥쌀, 백미, 생것, 김치, 열무 김치, 오이, 다다기, 생것, 보리, 쌀보리, 도정, 생것, 상추, 잎상추, 치마상추, 녹색, 생것, 참기름, 고추장, 개량, 참깨, 흰색, 볶은것","메뉴명: 열무김치비빔밥
메뉴 대분류: 밥류
메뉴 소분류: 비빔밥 및 볶음밥류
식재료: 멥쌀, 백미, 생것, 김치, 열무 김치, 오이, 다다기, 생것, 보리, 쌀보리, 도정, 생것, 상추, 잎상추, 치마상추, 녹색, 생것, 참기름, 고추장, 개량, 참깨, 흰색, 볶은것"
D014087,열무보리비빔밥,밥류,비빔밥 및 볶음밥류,"김치, 열무 김치, 보리, 쌀보리, 찰보리, 도정, 생것, 보리, 쌀보리, 도정, 생것, 호박, 애호박, 생것, 상추, 잎상추, 치마상추, 녹색, 생것, 양파, 생것, 당근, 뿌리, 생것, 참기름, 참깨, 흰색, 볶은것","메뉴명: 열무보리비빔밥
메뉴 대분류: 밥류
메뉴 소분류: 비빔밥 및 볶음밥류
식재료: 김치, 열무 김치, 보리, 쌀보리, 찰보리, 도정, 생것, 보리, 쌀보리, 도정, 생것, 호박, 애호박, 생것, 상추, 잎상추, 치마상추, 녹색, 생것, 양파, 생것, 당근, 뿌리, 생것, 참기름, 참깨, 흰색, 볶은것"
D014088,참치채소볶음밥,밥류,비빔밥 및 볶음밥류,"멥쌀, 백미, 생것, 다랑어, 가다랑어, 통조림, 유지, 양파, 생것, 당근, 뿌리, 생것, 파, 대파, 생것, 간장, 개량, 양조, 콩기름, 참기름, 마늘, 생것, 후추, 검은색, 가루","메뉴명: 참치채소볶음밥
메뉴 대분류: 밥류
메뉴 소분류: 비빔밥 및 볶음밥류
식재료: 멥쌀, 백미, 생것, 다랑어, 가다랑어, 통조림, 유지, 양파, 생것, 당근, 뿌리, 생것, 파, 대파, 생것, 간장, 개량, 양조, 콩기름, 참기름, 마늘, 생것, 후추, 검은색, 가루"
D014089,파인애플볶음밥,밥류,비빔밥 및 볶음밥류,"멥쌀, 백미, 생것, 돼지고기, 뒷다리, 생것, 양파, 생것, 파인애플, 생것, 호박, 애호박, 생것, 브로콜리, 생것, 당근, 뿌리, 생것, 혼합식물성유, 고춧가루, 참기름, 소금, 천일염, 가는소금, 참깨, 흰색, 볶은것, 후추, 검은색, 가루","메뉴명: 파인애플볶음밥
메뉴 대분류: 밥류
메뉴 소분류: 비빔밥 및 볶음밥류
식재료: 멥쌀, 백미, 생것, 돼지고기, 뒷다리, 생것, 양파, 생것, 파인애플, 생것, 호박, 애호박, 생것, 브로콜리, 생것, 당근, 뿌리, 생것, 혼합식물성유, 고춧가루, 참기름, 소금, 천일염, 가는소금, 참깨, 흰색, 볶은것, 후추, 검은색, 가루"
D014090,굴소스해물볶음밥,밥류,비빔밥 및 볶음밥류,"멥쌀, 백미, 생것, 오징어, 생것, 새우, 흰다리새우, 생것, 양파, 생것, 피망, 초록색, 생것, 콩기름, 당근, 뿌리, 생것, 굴 소스, 소금, 천일염, 가는소금, 마늘, 생것","메뉴명: 굴소스해물볶음밥
메뉴 대분류: 밥류
메뉴 소분류: 비빔밥 및 볶음밥류
식재료: 멥쌀, 백미, 생것, 오징어, 생것, 새우, 흰다리새우, 생것, 양파, 생것, 피망, 초록색, 생것, 콩기름, 당근, 뿌리, 생것, 굴 소스, 소금, 천일염, 가는소금, 마늘, 생것"
D014091,깍두기달걀볶음밥,밥류,비빔밥 및 볶음밥류,"달걀, 생것, 멥쌀, 백미, 생것, 김치, 깍두기, 양파, 생것, 찹쌀, 백미, 생것, 고추장, 개량, 당근, 뿌리, 생것, 파, 대파, 생것, 김, 참김, 구운것, 굴 소스, 간장, 개량, 양조, 콩기름, 참기름, 설탕, 백설탕, 소금, 천일염, 가는소금, 참깨, 흰색, 볶은것, 후추, 검은색, 가루","메뉴명: 깍두기달걀볶음밥
메뉴 대분류: 밥류
메뉴 소분류: 비빔밥 및 볶음밥류
식재료: 달걀, 생것, 멥쌀, 백미, 생것, 김치, 깍두기, 양파, 생것, 찹쌀, 백미, 생것, 고추장, 개량, 당근, 뿌리, 생것, 파, 대파, 생것, 김, 참김, 구운것, 굴 소스, 간장, 개량, 양조, 콩기름, 참기름, 설탕, 백설탕, 소금, 천일염, 가는소금, 참깨, 흰색, 볶은것, 후추, 검은색, 가루"
D014092,날치알계란볶음밥,밥류,비빔밥 및 볶음밥류,"멥쌀, 백미, 생것, 달걀, 생것, 날치, 알, 생것, 양파, 생것, 당근, 뿌리, 생것, 멥쌀, 현미, 흑미, 생것, 무 절임, 단무지, 피망, 초록색, 생것, 버터, 무가염, 콩기름, 참기름, 소금, 천일염, 가는소금","메뉴명: 날치알계란볶음밥
메뉴 대분류: 밥류
메뉴 소분류: 비빔밥 및 볶음밥류
식재료: 멥쌀, 백미, 생것, 달걀, 생것, 날치, 알, 생것, 양파, 생것, 당근, 뿌리, 생것, 멥쌀, 현미, 흑미, 생것, 무 절임, 단무지, 피망, 초록색, 생것, 버터, 무가염, 콩기름, 참기름, 소금, 천일염, 가는소금"
D014093,닭고기산채비빔밥,밥류,비빔밥 및 볶음밥류,"멥쌀, 백미, 생것, 닭고기, 가슴, 생것, 고추장, 개량, 호박, 애호박, 생것, 표고버섯, 배지재배, 생것, 고사리, 생것, 당근, 뿌리, 생것, 도라지, 뿌리, 생것, 멥쌀, 현미, 흑미, 생것","메뉴명: 닭고기산채비빔밥
메뉴 대분류: 밥류
메뉴 소분류: 비빔밥 및 볶음밥류
식재료: 멥쌀, 백미, 생것, 닭고기, 가슴, 생것, 고추장, 개량, 호박, 애호박, 생것, 표고버섯, 배지재배, 생것, 고사리, 생것, 당근, 뿌리, 생것, 도라지, 뿌리, 생것, 멥쌀, 현미, 흑미, 생것"
D014094,소고기가지볶음밥,밥류,비빔밥 및 볶음밥류,"멥쌀, 백미, 생것, 소고기, 한우(1++등급), 등심, 생것, 가지, 생것, 파프리카, 빨간색, 생것, 양파, 생것, 간장, 개량, 양조, 콩기름, 설탕, 백설탕, 파, 대파, 생것, 마늘, 생것, 참기름, 후추, 흰색, 가루","메뉴명: 소고기가지볶음밥
메뉴 대분류: 밥류
메뉴 소분류: 비빔밥 및 볶음밥류
식재료: 멥쌀, 백미, 생것, 소고기, 한우(1++등급), 등심, 생것, 가지, 생것, 파프리카, 빨간색, 생것, 양파, 생것, 간장, 개량, 양조, 콩기름, 설탕, 백설탕, 파, 대파, 생것, 마늘, 생것, 참기름, 후추, 흰색, 가루"
D014095,소고기채소볶음밥,밥류,비빔밥 및 볶음밥류,"멥쌀, 백미, 생것, 소고기, 한우(1++등급), 앞다리, 생것, 찹쌀, 백미, 생것, 우엉, 생것, 양파, 생것, 당근, 뿌리, 생것, 물엿, 김, 참김, 구운것, 간장, 개량, 양조, 설탕, 황설탕, 참깨, 흰색, 볶은것, 참기름, 마늘, 생것","메뉴명: 소고기채소볶음밥
메뉴 대분류: 밥류
메뉴 소분류: 비빔밥 및 볶음밥류
식재료: 멥쌀, 백미, 생것, 소고기, 한우(1++등급), 앞다리, 생것, 찹쌀, 백미, 생것, 우엉, 생것, 양파, 생것, 당근, 뿌리, 생것, 물엿, 김, 참김, 구운것, 간장, 개량, 양조, 설탕, 황설탕, 참깨, 흰색, 볶은것, 참기름, 마늘, 생것"
D014096,참치생야채비빔밥,밥류,비빔밥 및 볶음밥류,"멥쌀, 백미, 생것, 다랑어, 가다랑어, 통조림, 유지, 양배추, 적색, 생것, 오이, 다다기, 생것, 상추, 잎상추, 치마상추, 녹색, 생것, 들깻잎, 생것","메뉴명: 참치생야채비빔밥
메뉴 대분류: 밥류
메뉴 소분류: 비빔밥 및 볶음밥류
식재료: 멥쌀, 백미, 생것, 다랑어, 가다랑어, 통조림, 유지, 양배추, 적색, 생것, 오이, 다다기, 생것, 상추, 잎상추, 치마상추, 녹색, 생것, 들깻잎, 생것"
D014097,청경채두부볶음밥,밥류,비빔밥 및 볶음밥류,"멥쌀, 백미, 생것, 두부, 청경채, 생것, 돼지고기, 삼겹살, 생것, 콩기름, 소금, 천일염, 가는소금","메뉴명: 청경채두부볶음밥
메뉴 대분류: 밥류
메뉴 소분류: 비빔밥 및 볶음밥류
식재료: 멥쌀, 백미, 생것, 두부, 청경채, 생것, 돼지고기, 삼겹살, 생것, 콩기름, 소금, 천일염, 가는소금"
D014098,토마토달걀볶음밥,밥류,비빔밥 및 볶음밥류,"멥쌀, 백미, 생것, 달걀, 생것, 토마토, 생것, 우유, 콩기름, 소금, 천일염, 가는소금","메뉴명: 토마토달걀볶음밥
메뉴 대분류: 밥류
메뉴 소분류: 비빔밥 및 볶음밥류
식재료: 멥쌀, 백미, 생것, 달걀, 생것, 토마토, 생것, 우유, 콩기름, 소금, 천일염, 가는소금"
D014099,해물굴소스볶음밥,밥류,비빔밥 및 볶음밥류,"멥쌀, 백미, 생것, 오징어, 생것, 새우, 흰다리새우, 생것, 양파, 생것, 피망, 초록색, 생것, 당근, 뿌리, 생것, 굴 소스, 콩기름, 소금, 천일염, 가는소금, 마늘, 생것","메뉴명: 해물굴소스볶음밥
메뉴 대분류: 밥류
메뉴 소분류: 비빔밥 및 볶음밥류
식재료: 멥쌀, 백미, 생것, 오징어, 생것, 새우, 흰다리새우, 생것, 양파, 생것, 피망, 초록색, 생것, 당근, 뿌리, 생것, 굴 소스, 콩기름, 소금, 천일염, 가는소금, 마늘, 생것"
D014100,닭가슴살우엉볶음밥,밥류,비빔밥 및 볶음밥류,"멥쌀, 백미, 생것, 닭고기, 가슴, 생것, 콩기름, 간장, 개량, 양조, 호박, 애호박, 생것, 파, 대파, 생것, 우엉, 생것, 식초, 양조, 물엿, 참기름","메뉴명: 닭가슴살우엉볶음밥
메뉴 대분류: 밥류
메뉴 소분류: 비빔밥 및 볶음밥류
식재료: 멥쌀, 백미, 생것, 닭고기, 가슴, 생것, 콩기름, 간장, 개량, 양조, 호박, 애호박, 생것, 파, 대파, 생것, 우엉, 생것, 식초, 양조, 물엿, 참기름"
D014101,돼지고기채소볶음밥,밥류,비빔밥 및 볶음밥류,"멥쌀, 백미, 생것, 돼지고기, 등심, 생것, 피망, 초록색, 생것, 양파, 생것, 당근, 뿌리, 생것, 콩기름, 파, 대파, 생것, 간장, 개량, 양조, 마늘, 생것, 참기름, 후추, 흰색, 가루, 소금, 천일염, 가는소금","메뉴명: 돼지고기채소볶음밥
메뉴 대분류: 밥류
메뉴 소분류: 비빔밥 및 볶음밥류
식재료: 멥쌀, 백미, 생것, 돼지고기, 등심, 생것, 피망, 초록색, 생것, 양파, 생것, 당근, 뿌리, 생것, 콩기름, 파, 대파, 생것, 간장, 개량, 양조, 마늘, 생것, 참기름, 후추, 흰색, 가루, 소금, 천일염, 가는소금"
D014102,명란아보카도비빔밥,밥류,비빔밥 및 볶음밥류,"멥쌀, 백미, 생것, 아보카도, 생것, 달걀, 생것, 명태, 알, 양념젓갈(명란젓), 치커리, 잎, 생것, 참기름, 부추, 두메부추, 생것, 참깨, 흰색, 볶은것","메뉴명: 명란아보카도비빔밥
메뉴 대분류: 밥류
메뉴 소분류: 비빔밥 및 볶음밥류
식재료: 멥쌀, 백미, 생것, 아보카도, 생것, 달걀, 생것, 명태, 알, 양념젓갈(명란젓), 치커리, 잎, 생것, 참기름, 부추, 두메부추, 생것, 참깨, 흰색, 볶은것"
D014103,새우파인애플볶음밥,밥류,비빔밥 및 볶음밥류,"멥쌀, 백미, 밥, 파인애플, 생것, 달걀, 삶은것, 새우, 흰다리새우, 생것, 파프리카, 빨간색, 생것, 피망, 초록색, 생것, 양파, 생것, 옥수수기름, 파, 대파, 생것, 소금, 천일염, 가는소금, 굴 소스, 마늘, 생것","메뉴명: 새우파인애플볶음밥
메뉴 대분류: 밥류
메뉴 소분류: 비빔밥 및 볶음밥류
식재료: 멥쌀, 백미, 밥, 파인애플, 생것, 달걀, 삶은것, 새우, 흰다리새우, 생것, 파프리카, 빨간색, 생것, 피망, 초록색, 생것, 양파, 생것, 옥수수기름, 파, 대파, 생것, 소금, 천일염, 가는소금, 굴 소스, 마늘, 생것"
D014104,소고기고사리볶음밥,밥류,비빔밥 및 볶음밥류,"멥쌀, 백미, 생것, 소고기, 한우(1++등급), 안심, 생것, 고사리, 생것, 양파, 생것, 당근, 뿌리, 생것, 간장, 개량, 양조, 콩기름, 설탕, 백설탕, 마늘, 생것, 후추, 흰색, 가루, 맛술","메뉴명: 소고기고사리볶음밥
메뉴 대분류: 밥류
메뉴 소분류: 비빔밥 및 볶음밥류
식재료: 멥쌀, 백미, 생것, 소고기, 한우(1++등급), 안심, 생것, 고사리, 생것, 양파, 생것, 당근, 뿌리, 생것, 간장, 개량, 양조, 콩기름, 설탕, 백설탕, 마늘, 생것, 후추, 흰색, 가루, 맛술"
D014105,아보카도명란비빔밥,밥류,비빔밥 및 볶음밥류,"멥쌀, 백미, 생것, 달걀, 생것, 아보카도, 생것, 명태, 알, 양념젓갈(명란젓), 치커리, 잎, 생것, 양파, 생것, 콩기름, 부추, 두메부추, 생것, 양배추, 적색, 생것, 참기름, 참깨, 흰색, 볶은것","메뉴명: 아보카도명란비빔밥
메뉴 대분류: 밥류
메뉴 소분류: 비빔밥 및 볶음밥류
식재료: 멥쌀, 백미, 생것, 달걀, 생것, 아보카도, 생것, 명태, 알, 양념젓갈(명란젓), 치커리, 잎, 생것, 양파, 생것, 콩기름, 부추, 두메부추, 생것, 양배추, 적색, 생것, 참기름, 참깨, 흰색, 볶은것"
D014106,파인애플새우볶음밥,밥류,비빔밥 및 볶음밥류,"멥쌀, 백미, 생것, 달걀, 생것, 새우, 흰다리새우, 생것, 파인애플, 통조림, 고형물, 양파, 생것, 당근, 뿌리, 생것, 콩기름, 파, 대파, 생것, 굴 소스, 파프리카, 빨간색, 생것, 피망, 초록색, 생것, 파프리카, 노란색, 생것, 마늘, 다진것, 대두, 콩가루, 참깨, 흰색, 볶은것, 소금, 천일염","메뉴명: 파인애플새우볶음밥
메뉴 대분류: 밥류
메뉴 소분류: 비빔밥 및 볶음밥류
식재료: 멥쌀, 백미, 생것, 달걀, 생것, 새우, 흰다리새우, 생것, 파인애플, 통조림, 고형물, 양파, 생것, 당근, 뿌리, 생것, 콩기름, 파, 대파, 생것, 굴 소스, 파프리카, 빨간색, 생것, 피망, 초록색, 생것, 파프리카, 노란색, 생것, 마늘, 다진것, 대두, 콩가루, 참깨, 흰색, 볶은것, 소금, 천일염"
D014107,파프리카야채볶음밥,밥류,비빔밥 및 볶음밥류,"멥쌀, 백미, 생것, 달걀, 생것, 피망, 초록색, 생것, 양파, 생것, 파프리카, 주황색, 생것, 파프리카, 빨간색, 생것, 파프리카, 노란색, 생것, 굴 소스, 콩기름","메뉴명: 파프리카야채볶음밥
메뉴 대분류: 밥류
메뉴 소분류: 비빔밥 및 볶음밥류
식재료: 멥쌀, 백미, 생것, 달걀, 생것, 피망, 초록색, 생것, 양파, 생것, 파프리카, 주황색, 생것, 파프리카, 빨간색, 생것, 파프리카, 노란색, 생것, 굴 소스, 콩기름"
D014108,안매운김치치즈볶음밥,밥류,비빔밥 및 볶음밥류,"멥쌀, 백미, 생것, 김치, 배추 김치, 치즈, 체다, 양파, 생것, 콩기름","메뉴명: 안매운김치치즈볶음밥
메뉴 대분류: 밥류
메뉴 소분류: 비빔밥 및 볶음밥류
식재료: 멥쌀, 백미, 생것, 김치, 배추 김치, 치즈, 체다, 양파, 생것, 콩기름"
D014109,한우장조림버터비빔밥,밥류,비빔밥 및 볶음밥류,"멥쌀, 백미, 생것, 달걀, 생것, 소고기, 한우(1++등급), 우둔, 생것, 양파, 생것, 찹쌀, 백미, 생것, 당근, 뿌리, 생것, 간장, 개량, 양조, 버터, 무가염, 피망, 초록색, 생것, 굴 소스, 참기름, 참깨, 흰색, 볶은것, 콩기름, 설탕, 황설탕","메뉴명: 한우장조림버터비빔밥
메뉴 대분류: 밥류
메뉴 소분류: 비빔밥 및 볶음밥류
식재료: 멥쌀, 백미, 생것, 달걀, 생것, 소고기, 한우(1++등급), 우둔, 생것, 양파, 생것, 찹쌀, 백미, 생것, 당근, 뿌리, 생것, 간장, 개량, 양조, 버터, 무가염, 피망, 초록색, 생것, 굴 소스, 참기름, 참깨, 흰색, 볶은것, 콩기름, 설탕, 황설탕"
D014110,닭가슴살과견과류비빔밥,밥류,비빔밥 및 볶음밥류,"멥쌀, 백미, 생것, 닭고기, 가슴, 생것, 부추, 두메부추, 생것, 호두, 볶은것, 아몬드, 볶은것, 고춧가루, 참기름, 마늘, 생것, 참깨, 흰색, 볶은것","메뉴명: 닭가슴살과견과류비빔밥
메뉴 대분류: 밥류
메뉴 소분류: 비빔밥 및 볶음밥류
식재료: 멥쌀, 백미, 생것, 닭고기, 가슴, 생것, 부추, 두메부추, 생것, 호두, 볶은것, 아몬드, 볶은것, 고춧가루, 참기름, 마늘, 생것, 참깨, 흰색, 볶은것"
D014111,닭가슴살데리야끼채소비빔밥,밥류,비빔밥 및 볶음밥류,"닭고기, 가슴, 생것, 멥쌀, 백미, 생것, 콩나물, 생것, 고추장, 개량, 오이, 다다기, 생것, 양배추, 적색, 생것, 양배추, 생것, 양파, 생것, 데리야끼 소스, 당근, 뿌리, 생것, 부추, 두메부추, 생것, 발효주, 청주, 알코올 16%, 치커리, 잎, 생것, 설탕, 백설탕, 식초, 사과식초, 간장, 개량, 양조, 탄산 음료, 사이다, 참기름, 적양무, 어린잎, 생것, 참깨, 흰색, 볶은것","메뉴명: 닭가슴살데리야끼채소비빔밥
메뉴 대분류: 밥류
메뉴 소분류: 비빔밥 및 볶음밥류
식재료: 닭고기, 가슴, 생것, 멥쌀, 백미, 생것, 콩나물, 생것, 고추장, 개량, 오이, 다다기, 생것, 양배추, 적색, 생것, 양배추, 생것, 양파, 생것, 데리야끼 소스, 당근, 뿌리, 생것, 부추, 두메부추, 생것, 발효주, 청주, 알코올 16%, 치커리, 잎, 생것, 설탕, 백설탕, 식초, 사과식초, 간장, 개량, 양조, 탄산 음료, 사이다, 참기름, 적양무, 어린잎, 생것, 참깨, 흰색, 볶은것"
D014112,굴소스야채볶음밥(소),밥류,비빔밥 및 볶음밥류,"멥쌀, 백미, 생것, 달걀, 생것, 피망, 초록색, 생것, 양파, 생것, 파프리카, 주황색, 생것, 파프리카, 빨간색, 생것, 파프리카, 노란색, 생것, 굴 소스, 콩기름","메뉴명: 굴소스야채볶음밥(소)
메뉴 대분류: 밥류
메뉴 소분류: 비빔밥 및 볶음밥류
식재료: 멥쌀, 백미, 생것, 달걀, 생것, 피망, 초록색, 생것, 양파, 생것, 파프리카, 주황색, 생것, 파프리카, 빨간색, 생것, 파프리카, 노란색, 생것, 굴 소스, 콩기름"
D014113,멕시칸볶음밥(세계음식-멕시코),밥류,비빔밥 및 볶음밥류,"멥쌀, 백미, 생것, 소고기, 한우(1++등급), 등심, 생것, 양파, 생것, 칠리, 가루, 피망, 초록색, 생것, 파프리카, 주황색, 생것, 파프리카, 빨간색, 생것, 파프리카, 노란색, 생것, 토마토, 생것, 간장, 개량, 양조, 올리브유, 파, 쪽파, 생것","메뉴명: 멕시칸볶음밥(세계음식-멕시코)
메뉴 대분류: 밥류
메뉴 소분류: 비빔밥 및 볶음밥류
식재료: 멥쌀, 백미, 생것, 소고기, 한우(1++등급), 등심, 생것, 양파, 생것, 칠리, 가루, 피망, 초록색, 생것, 파프리카, 주황색, 생것, 파프리카, 빨간색, 생것, 파프리카, 노란색, 생것, 토마토, 생것, 간장, 개량, 양조, 올리브유, 파, 쪽파, 생것"
D014114,배추나물밥&amp;양념장,밥류,비빔밥 및 볶음밥류,"멥쌀, 백미, 생것, 배추, 생것, 당근, 뿌리, 생것, 간장, 개량, 양조, 들기름, 다시마, 생것, 부추, 두메부추, 생것, 고춧가루, 마늘, 생것","메뉴명: 배추나물밥&amp;양념장
메뉴 대분류: 밥류
메뉴 소분류: 비빔밥 및 볶음밥류
식재료: 멥쌀, 백미, 생것, 배추, 생것, 당근, 뿌리, 생것, 간장, 개량, 양조, 들기름, 다시마, 생것, 부추, 두메부추, 생것, 고춧가루, 마늘, 생것"
D014115,김치볶음밥&amp;달걀후라이,밥류,비빔밥 및 볶음밥류,"멥쌀, 백미, 생것, 달걀, 생것, 김치, 배추 김치, 돼지고기, 목심, 생것, 양파, 생것, 찹쌀, 백미, 생것, 피망, 초록색, 생것, 옥수수, 통조림, 가당, 콩기름, 당근, 뿌리, 생것, 참기름, 간장, 개량, 양조, 김, 참김, 구운것, 파, 대파, 생것, 참깨, 흰색, 볶은것, 소금, 천일염, 가는소금, 마늘, 생것","메뉴명: 김치볶음밥&amp;달걀후라이
메뉴 대분류: 밥류
메뉴 소분류: 비빔밥 및 볶음밥류
식재료: 멥쌀, 백미, 생것, 달걀, 생것, 김치, 배추 김치, 돼지고기, 목심, 생것, 양파, 생것, 찹쌀, 백미, 생것, 피망, 초록색, 생것, 옥수수, 통조림, 가당, 콩기름, 당근, 뿌리, 생것, 참기름, 간장, 개량, 양조, 김, 참김, 구운것, 파, 대파, 생것, 참깨, 흰색, 볶은것, 소금, 천일염, 가는소금, 마늘, 생것"
D014116,산채비빔밥&amp;표고약고추장,밥류,비빔밥 및 볶음밥류,"멥쌀, 백미, 생것, 달걀, 생것, 콩나물, 생것, 호박, 애호박, 생것, 무, 조선무, 생것, 취나물, 곰취, 재배, 말린것, 소고기, 한우(1++등급), 목심, 생것, 고비, 야생, 삶아서 말린것, 표고버섯, 배지재배, 생것, 도라지, 뿌리, 생것, 당근, 뿌리, 생것, 상추, 잎상추, 치마상추, 녹색, 생것, 찹쌀, 백미, 생것, 참기름, 콩기름, 설탕, 백설탕, 참깨, 흰색, 볶은것, 소금, 천일염, 간장, 개량, 양조","메뉴명: 산채비빔밥&amp;표고약고추장
메뉴 대분류: 밥류
메뉴 소분류: 비빔밥 및 볶음밥류
식재료: 멥쌀, 백미, 생것, 달걀, 생것, 콩나물, 생것, 호박, 애호박, 생것, 무, 조선무, 생것, 취나물, 곰취, 재배, 말린것, 소고기, 한우(1++등급), 목심, 생것, 고비, 야생, 삶아서 말린것, 표고버섯, 배지재배, 생것, 도라지, 뿌리, 생것, 당근, 뿌리, 생것, 상추, 잎상추, 치마상추, 녹색, 생것, 찹쌀, 백미, 생것, 참기름, 콩기름, 설탕, 백설탕, 참깨, 흰색, 볶은것, 소금, 천일염, 간장, 개량, 양조"
D014117,곤드레무밥/양념장,밥류,비빔밥 및 볶음밥류,"멥쌀, 백미, 생것, 고려엉겅퀴(곤드레), 재래종, 잎, 생것, 무, 조선무, 생것, 간장, 개량, 양조, 참기름, 참깨, 흰색, 볶은것, 파, 대파, 생것, 고춧가루, 마늘, 생것","메뉴명: 곤드레무밥/양념장
메뉴 대분류: 밥류
메뉴 소분류: 비빔밥 및 볶음밥류
식재료: 멥쌀, 백미, 생것, 고려엉겅퀴(곤드레), 재래종, 잎, 생것, 무, 조선무, 생것, 간장, 개량, 양조, 참기름, 참깨, 흰색, 볶은것, 파, 대파, 생것, 고춧가루, 마늘, 생것"
D014118,버섯영양밥/양념장,밥류,비빔밥 및 볶음밥류,"멥쌀, 백미, 생것, 표고버섯, 배지재배, 생것, 간장, 개량, 양조, 양송이버섯, 생것, 당근, 뿌리, 생것, 맛술, 마늘, 생것, 참깨, 흰색, 볶은것, 참기름","메뉴명: 버섯영양밥/양념장
메뉴 대분류: 밥류
메뉴 소분류: 비빔밥 및 볶음밥류
식재료: 멥쌀, 백미, 생것, 표고버섯, 배지재배, 생것, 간장, 개량, 양조, 양송이버섯, 생것, 당근, 뿌리, 생것, 맛술, 마늘, 생것, 참깨, 흰색, 볶은것, 참기름"
D014119,시래기무밥/양념장,밥류,비빔밥 및 볶음밥류,"멥쌀, 백미, 생것, 무, 조선무, 생것, 무청, 시래기, 말린것, 삶은것, 간장, 개량, 양조, 파, 대파, 생것, 고춧가루, 들기름, 마늘, 생것","메뉴명: 시래기무밥/양념장
메뉴 대분류: 밥류
메뉴 소분류: 비빔밥 및 볶음밥류
식재료: 멥쌀, 백미, 생것, 무, 조선무, 생것, 무청, 시래기, 말린것, 삶은것, 간장, 개량, 양조, 파, 대파, 생것, 고춧가루, 들기름, 마늘, 생것"
D014120,콩나물무밥/양념장,밥류,비빔밥 및 볶음밥류,"멥쌀, 백미, 생것, 콩나물, 생것, 무, 조선무, 생것, 표고버섯, 배지재배, 생것, 고춧가루, 간장, 개량, 양조, 참깨, 흰색, 볶은것, 참기름, 마늘, 생것","메뉴명: 콩나물무밥/양념장
메뉴 대분류: 밥류
메뉴 소분류: 비빔밥 및 볶음밥류
식재료: 멥쌀, 백미, 생것, 콩나물, 생것, 무, 조선무, 생것, 표고버섯, 배지재배, 생것, 고춧가루, 간장, 개량, 양조, 참깨, 흰색, 볶은것, 참기름, 마늘, 생것"
D014121,소라톳밥&amp;부추양념장,밥류,비빔밥 및 볶음밥류,"멥쌀, 백미, 생것, 소라, 생것, 톳, 생것, 간장, 개량, 양조, 파, 쪽파, 생것, 부추, 두메부추, 생것, 참기름, 마늘, 다진것, 소금, 천일염","메뉴명: 소라톳밥&amp;부추양념장
메뉴 대분류: 밥류
메뉴 소분류: 비빔밥 및 볶음밥류
식재료: 멥쌀, 백미, 생것, 소라, 생것, 톳, 생것, 간장, 개량, 양조, 파, 쪽파, 생것, 부추, 두메부추, 생것, 참기름, 마늘, 다진것, 소금, 천일염"
D014122,꽁보리밥(비빔밥용),밥류,비빔밥 및 볶음밥류,"보리, 겉보리, 늘보리, 도정, 생것, 멥쌀, 백미, 생것, 고추장, 개량, 참기름","메뉴명: 꽁보리밥(비빔밥용)
메뉴 대분류: 밥류
메뉴 소분류: 비빔밥 및 볶음밥류
식재료: 보리, 겉보리, 늘보리, 도정, 생것, 멥쌀, 백미, 생것, 고추장, 개량, 참기름"
D014123,톳영양밥/양념장,밥류,비빔밥 및 볶음밥류,"톳, 생것, 멥쌀, 백미, 생것, 참기름, 파, 쪽파, 생것, 간장, 개량, 양조, 고추, 청양고추, 생것, 고추, 빨간색, 생것, 소금, 천일염","메뉴명: 톳영양밥/양념장
메뉴 대분류: 밥류
메뉴 소분류: 비빔밥 및 볶음밥류
식재료: 톳, 생것, 멥쌀, 백미, 생것, 참기름, 파, 쪽파, 생것, 간장, 개량, 양조, 고추, 청양고추, 생것, 고추, 빨간색, 생것, 소금, 천일염"
D014124,곤드레밥/부추파프리카양념장,밥류,비빔밥 및 볶음밥류,"멥쌀, 백미, 생것, 고려엉겅퀴(곤드레), 재래종, 잎, 생것, 가지, 생것, 양파, 생것, 당근, 뿌리, 생것, 간장, 개량, 양조, 파, 쪽파, 생것, 파, 대파, 생것, 파프리카, 빨간색, 생것, 피망, 초록색, 생것, 파프리카, 노란색, 생것, 고춧가루, 들기름, 설탕, 황설탕, 마늘, 생것","메뉴명: 곤드레밥/부추파프리카양념장
메뉴 대분류: 밥류
메뉴 소분류: 비빔밥 및 볶음밥류
식재료: 멥쌀, 백미, 생것, 고려엉겅퀴(곤드레), 재래종, 잎, 생것, 가지, 생것, 양파, 생것, 당근, 뿌리, 생것, 간장, 개량, 양조, 파, 쪽파, 생것, 파, 대파, 생것, 파프리카, 빨간색, 생것, 피망, 초록색, 생것, 파프리카, 노란색, 생것, 고춧가루, 들기름, 설탕, 황설탕, 마늘, 생것"
D014125,냉이 강된장비빔밥,밥류,비빔밥 및 볶음밥류,"두부, 멥쌀, 백미, 생것, 된장, 개량, 호박, 애호박, 생것, 큰느타리버섯(새송이버섯), 생것, 냉이, 생것, 참기름, 파, 대파, 생것, 고추, 풋고추, 생것, 고추, 빨간색, 생것, 전분, 감자, 가루","메뉴명: 냉이 강된장비빔밥
메뉴 대분류: 밥류
메뉴 소분류: 비빔밥 및 볶음밥류
식재료: 두부, 멥쌀, 백미, 생것, 된장, 개량, 호박, 애호박, 생것, 큰느타리버섯(새송이버섯), 생것, 냉이, 생것, 참기름, 파, 대파, 생것, 고추, 풋고추, 생것, 고추, 빨간색, 생것, 전분, 감자, 가루"
D014126,가지볶음밥,밥류,비빔밥 및 볶음밥류,"호박, 단호박, 생것, 양파, 생것, 김치, 깍두기, 파프리카, 빨간색, 생것, 가지, 생것, 두부, 멥쌀, 백미, 신동진, 밥, 갯나물, 세발나물, 생것, 마늘, 다진것, 된장, 개량, 후추, 흰색, 가루, 들기름","메뉴명: 가지볶음밥
메뉴 대분류: 밥류
메뉴 소분류: 비빔밥 및 볶음밥류
식재료: 호박, 단호박, 생것, 양파, 생것, 김치, 깍두기, 파프리카, 빨간색, 생것, 가지, 생것, 두부, 멥쌀, 백미, 신동진, 밥, 갯나물, 세발나물, 생것, 마늘, 다진것, 된장, 개량, 후추, 흰색, 가루, 들기름"
D014127,미역볶음밥,밥류,비빔밥 및 볶음밥류,"멥쌀, 백미, 신동진, 생것, 다시마, 말린것, 양파, 생것, 파, 쪽파, 생것, 고추, 청양고추, 생것, 고추, 빨간색, 생것, 오징어, 생것, 주꾸미, 생것, 미역, 양식, 생것, 새우, 흰다리새우, 생것, 들기름, 마늘, 다진것, 소금, 천일염, 가는소금, 들깨, 볶은것","메뉴명: 미역볶음밥
메뉴 대분류: 밥류
메뉴 소분류: 비빔밥 및 볶음밥류
식재료: 멥쌀, 백미, 신동진, 생것, 다시마, 말린것, 양파, 생것, 파, 쪽파, 생것, 고추, 청양고추, 생것, 고추, 빨간색, 생것, 오징어, 생것, 주꾸미, 생것, 미역, 양식, 생것, 새우, 흰다리새우, 생것, 들기름, 마늘, 다진것, 소금, 천일염, 가는소금, 들깨, 볶은것"
D014128,채소비빔밥,밥류,비빔밥 및 볶음밥류,"멥쌀, 백미, 생것, 바지락, 생것, 소고기, 한우(1++등급), 안심, 생것, 생수, 참기름, 후추, 흰색, 가루, 마늘, 다진것, 호박, 애호박, 생것, 양파, 생것, 오이, 다다기, 생것, 당근, 뿌리, 생것, 표고버섯, 배지재배, 생것, 두부, 갯나물, 퉁퉁마디(함초), 하우스, 생것, 들깻잎, 생것, 파, 대파, 생것","메뉴명: 채소비빔밥
메뉴 대분류: 밥류
메뉴 소분류: 비빔밥 및 볶음밥류
식재료: 멥쌀, 백미, 생것, 바지락, 생것, 소고기, 한우(1++등급), 안심, 생것, 생수, 참기름, 후추, 흰색, 가루, 마늘, 다진것, 호박, 애호박, 생것, 양파, 생것, 오이, 다다기, 생것, 당근, 뿌리, 생것, 표고버섯, 배지재배, 생것, 두부, 갯나물, 퉁퉁마디(함초), 하우스, 생것, 들깻잎, 생것, 파, 대파, 생것"
D014129,해물볶음밥,밥류,비빔밥 및 볶음밥류,"멥쌀, 백미, 신동진, 생것, 아스파라거스, 생것, 큰느타리버섯(새송이버섯), 생것, 달걀, 생것, 문어, 생것, 새우, 흰다리새우, 생것, 주꾸미, 생것, 무, 조선무, 생것, 우엉, 생것, 미나리, 물미나리, 생것, 고추장, 개량, 참기름, 생수","메뉴명: 해물볶음밥
메뉴 대분류: 밥류
메뉴 소분류: 비빔밥 및 볶음밥류
식재료: 멥쌀, 백미, 신동진, 생것, 아스파라거스, 생것, 큰느타리버섯(새송이버섯), 생것, 달걀, 생것, 문어, 생것, 새우, 흰다리새우, 생것, 주꾸미, 생것, 무, 조선무, 생것, 우엉, 생것, 미나리, 물미나리, 생것, 고추장, 개량, 참기름, 생수"
D014130,근채류주먹밥,밥류,비빔밥 및 볶음밥류,"우엉, 생것, 연근, 생것, 감자, 대지, 생것, 고추, 초록색, 녹광, 생것, 양파, 생것, 당근, 뿌리, 생것, 멥쌀, 백미, 생것, 오이, 다다기, 생것, 참깨, 흰색, 볶은것, 간장, 개량, 양조, 참기름, 콩기름, 소금, 가공염, 퉁퉁마디(함초)","메뉴명: 근채류주먹밥
메뉴 대분류: 밥류
메뉴 소분류: 비빔밥 및 볶음밥류
식재료: 우엉, 생것, 연근, 생것, 감자, 대지, 생것, 고추, 초록색, 녹광, 생것, 양파, 생것, 당근, 뿌리, 생것, 멥쌀, 백미, 생것, 오이, 다다기, 생것, 참깨, 흰색, 볶은것, 간장, 개량, 양조, 참기름, 콩기름, 소금, 가공염, 퉁퉁마디(함초)"
D014131,닭고기볶음밥,밥류,비빔밥 및 볶음밥류,"멥쌀, 백미, 신동진, 생것, 완두, 생것, 닭고기, 살코기, 생것, 대추, 생것, 인삼, 수삼, 생것, 양파, 생것, 당근, 뿌리, 생것, 강황, 가루, 맛술","메뉴명: 닭고기볶음밥
메뉴 대분류: 밥류
메뉴 소분류: 비빔밥 및 볶음밥류
식재료: 멥쌀, 백미, 신동진, 생것, 완두, 생것, 닭고기, 살코기, 생것, 대추, 생것, 인삼, 수삼, 생것, 양파, 생것, 당근, 뿌리, 생것, 강황, 가루, 맛술"
D014132,청국장볶음밥,밥류,비빔밥 및 볶음밥류,"멥쌀, 백미, 신동진, 생것, 멥쌀, 현미, 신동진, 생것, 감자, 대지, 생것, 고구마, 생것, 양파, 생것, 연근, 생것, 당근, 뿌리, 생것, 호박, 애호박, 생것, 우엉, 생것, 마늘, 생것, 시금치, 생것, 참나물, 재배, 생것, 들깻잎, 생것, 미나리, 물미나리, 생것, 다시마, 말린것, 청국장, 들깨, 볶은것, 올리브유, 들기름","메뉴명: 청국장볶음밥
메뉴 대분류: 밥류
메뉴 소분류: 비빔밥 및 볶음밥류
식재료: 멥쌀, 백미, 신동진, 생것, 멥쌀, 현미, 신동진, 생것, 감자, 대지, 생것, 고구마, 생것, 양파, 생것, 연근, 생것, 당근, 뿌리, 생것, 호박, 애호박, 생것, 우엉, 생것, 마늘, 생것, 시금치, 생것, 참나물, 재배, 생것, 들깻잎, 생것, 미나리, 물미나리, 생것, 다시마, 말린것, 청국장, 들깨, 볶은것, 올리브유, 들기름"
D014133,파인애플볶음밥,밥류,비빔밥 및 볶음밥류,"멥쌀, 백미, 밥, 새우, 중하, 생것, 파인애플, 통조림, 고형물, 양파, 생것, 고추, 초록색, 녹광, 생것, 파프리카, 노란색, 생것, 파프리카, 빨간색, 생것, 마늘, 생것, 달걀, 생것, 콩기름, 후추, 흰색, 가루, 소금, 천일염, 가는소금, 간장, 개량, 양조, 참깨, 흰색, 볶은것","메뉴명: 파인애플볶음밥
메뉴 대분류: 밥류
메뉴 소분류: 비빔밥 및 볶음밥류
식재료: 멥쌀, 백미, 밥, 새우, 중하, 생것, 파인애플, 통조림, 고형물, 양파, 생것, 고추, 초록색, 녹광, 생것, 파프리카, 노란색, 생것, 파프리카, 빨간색, 생것, 마늘, 생것, 달걀, 생것, 콩기름, 후추, 흰색, 가루, 소금, 천일염, 가는소금, 간장, 개량, 양조, 참깨, 흰색, 볶은것"
D014134,토마토카레 채소볶음밥,밥류,비빔밥 및 볶음밥류,"감자, 대지, 생것, 양파, 생것, 당근, 뿌리, 생것, 피망, 빨간색, 생것, 닭고기, 가슴, 생것, 멥쌀, 백미, 신동진, 밥, 브로콜리, 생것, 토마토, 방울토마토, 생것, 요구르트, 호상, 플레인, 후추, 흰색, 가루, 토마토, 통조림, 페이스트, 파프리카, 가루, 카레 소스, 가루","메뉴명: 토마토카레 채소볶음밥
메뉴 대분류: 밥류
메뉴 소분류: 비빔밥 및 볶음밥류
식재료: 감자, 대지, 생것, 양파, 생것, 당근, 뿌리, 생것, 피망, 빨간색, 생것, 닭고기, 가슴, 생것, 멥쌀, 백미, 신동진, 밥, 브로콜리, 생것, 토마토, 방울토마토, 생것, 요구르트, 호상, 플레인, 후추, 흰색, 가루, 토마토, 통조림, 페이스트, 파프리카, 가루, 카레 소스, 가루"
D015001,계란덮밥,밥류,덮밥 및 국밥류,"멥쌀, 백미, 밥, 달걀, 생것, 두부, 소고기, 한우, 등심, 생것, 콩기름, 느타리버섯, 생것, 당근, 뿌리, 생것, 양배추, 생것, 양파, 생것, 전분, 감자, 가루, 표고버섯, 참나무재배, 생것, 마늘, 생것, 소금, 천일염, 가는소금","메뉴명: 계란덮밥
메뉴 대분류: 밥류
메뉴 소분류: 덮밥 및 국밥류
식재료: 멥쌀, 백미, 밥, 달걀, 생것, 두부, 소고기, 한우, 등심, 생것, 콩기름, 느타리버섯, 생것, 당근, 뿌리, 생것, 양배추, 생것, 양파, 생것, 전분, 감자, 가루, 표고버섯, 참나무재배, 생것, 마늘, 생것, 소금, 천일염, 가는소금"
D015002,닭고기덮밥,밥류,덮밥 및 국밥류,"멥쌀, 백미, 밥, 닭고기, 살코기, 생것, 콩기름, 느타리버섯, 생것, 당근, 뿌리, 생것, 양배추, 생것, 양파, 생것, 전분, 감자, 가루, 표고버섯, 참나무재배, 말린것, 삶은것, 마늘, 생것, 소금, 천일염, 가는소금","메뉴명: 닭고기덮밥
메뉴 대분류: 밥류
메뉴 소분류: 덮밥 및 국밥류
식재료: 멥쌀, 백미, 밥, 닭고기, 살코기, 생것, 콩기름, 느타리버섯, 생것, 당근, 뿌리, 생것, 양배추, 생것, 양파, 생것, 전분, 감자, 가루, 표고버섯, 참나무재배, 말린것, 삶은것, 마늘, 생것, 소금, 천일염, 가는소금"
D015003,두부덮밥,밥류,덮밥 및 국밥류,"멥쌀, 백미, 밥, 두부, 소고기, 한우, 등심, 생것, 콩기름, 느타리버섯, 생것, 당근, 뿌리, 생것, 양배추, 생것, 양파, 생것, 전분, 감자, 가루, 표고버섯, 참나무재배, 생것, 마늘, 생것, 소금, 천일염, 가는소금","메뉴명: 두부덮밥
메뉴 대분류: 밥류
메뉴 소분류: 덮밥 및 국밥류
식재료: 멥쌀, 백미, 밥, 두부, 소고기, 한우, 등심, 생것, 콩기름, 느타리버섯, 생것, 당근, 뿌리, 생것, 양배추, 생것, 양파, 생것, 전분, 감자, 가루, 표고버섯, 참나무재배, 생것, 마늘, 생것, 소금, 천일염, 가는소금"
D015004,소고기국밥,밥류,덮밥 및 국밥류,"멥쌀, 백미, 밥, 소고기, 한우, 양지, 생것, 배추, 생것, 파, 대파, 생것, 토란대, 줄기, 생것, 마늘, 생것, 소금, 천일염, 가는소금","메뉴명: 소고기국밥
메뉴 대분류: 밥류
메뉴 소분류: 덮밥 및 국밥류
식재료: 멥쌀, 백미, 밥, 소고기, 한우, 양지, 생것, 배추, 생것, 파, 대파, 생것, 토란대, 줄기, 생것, 마늘, 생것, 소금, 천일염, 가는소금"
D015005,소고기덮밥,밥류,덮밥 및 국밥류,"멥쌀, 백미, 밥, 소고기, 한우, 등심, 생것, 양배추, 생것, 콩기름, 느타리버섯, 생것, 당근, 뿌리, 생것, 양파, 생것, 전분, 감자, 가루, 표고버섯, 참나무재배, 생것, 마늘, 생것, 소금, 천일염, 가는소금","메뉴명: 소고기덮밥
메뉴 대분류: 밥류
메뉴 소분류: 덮밥 및 국밥류
식재료: 멥쌀, 백미, 밥, 소고기, 한우, 등심, 생것, 양배추, 생것, 콩기름, 느타리버섯, 생것, 당근, 뿌리, 생것, 양파, 생것, 전분, 감자, 가루, 표고버섯, 참나무재배, 생것, 마늘, 생것, 소금, 천일염, 가는소금"
D015006,소고기덮밥(양송이버섯),밥류,덮밥 및 국밥류,"멥쌀, 백미, 밥, 소고기, 한우, 등심, 생것, 양송이버섯, 생것, 느타리버섯, 생것, 양배추, 생것, 표고버섯, 참나무재배, 생것, 콩기름, 당근, 뿌리, 생것, 양파, 생것, 전분, 감자, 가루, 마늘, 생것, 소금, 천일염, 가는소금","메뉴명: 소고기덮밥(양송이버섯)
메뉴 대분류: 밥류
메뉴 소분류: 덮밥 및 국밥류
식재료: 멥쌀, 백미, 밥, 소고기, 한우, 등심, 생것, 양송이버섯, 생것, 느타리버섯, 생것, 양배추, 생것, 표고버섯, 참나무재배, 생것, 콩기름, 당근, 뿌리, 생것, 양파, 생것, 전분, 감자, 가루, 마늘, 생것, 소금, 천일염, 가는소금"
D015007,순대국밥,밥류,덮밥 및 국밥류,"멥쌀, 백미, 밥, 소 부산물, 소장(곱창), 생것, 소 부산물, 선지(피), 생것, 양파, 생것, 당면, 고구마, 말린것, 된장, 개량, 무청, 시래기, 말린것, 삶은것, 소고기, 한우, 양지, 생것, 파, 대파, 생것, 고추, 빨간색, 생것, 마늘, 생것, 소금, 천일염, 가는소금","메뉴명: 순대국밥
메뉴 대분류: 밥류
메뉴 소분류: 덮밥 및 국밥류
식재료: 멥쌀, 백미, 밥, 소 부산물, 소장(곱창), 생것, 소 부산물, 선지(피), 생것, 양파, 생것, 당면, 고구마, 말린것, 된장, 개량, 무청, 시래기, 말린것, 삶은것, 소고기, 한우, 양지, 생것, 파, 대파, 생것, 고추, 빨간색, 생것, 마늘, 생것, 소금, 천일염, 가는소금"
D015008,오징어덮밥(고추장),밥류,덮밥 및 국밥류,"오징어, 생것, 멥쌀, 백미, 밥, 고추장, 개량, 양배추, 생것, 콩기름, 피망, 초록색, 생것, 양파, 생것, 고추, 빨간색, 생것, 당근, 뿌리, 생것, 간장, 개량, 양조, 전분, 감자, 가루, 마늘, 생것","메뉴명: 오징어덮밥(고추장)
메뉴 대분류: 밥류
메뉴 소분류: 덮밥 및 국밥류
식재료: 오징어, 생것, 멥쌀, 백미, 밥, 고추장, 개량, 양배추, 생것, 콩기름, 피망, 초록색, 생것, 양파, 생것, 고추, 빨간색, 생것, 당근, 뿌리, 생것, 간장, 개량, 양조, 전분, 감자, 가루, 마늘, 생것"
D015009,잡채밥,밥류,덮밥 및 국밥류,"멥쌀, 백미, 밥, 돼지고기, 등심, 생것, 시금치, 생것, 당근, 뿌리, 생것, 당면, 고구마, 말린것, 표고버섯, 참나무재배, 말린것, 삶은것, 양파, 생것, 참기름, 간장, 개량, 양조, 소금, 천일염, 가는소금","메뉴명: 잡채밥
메뉴 대분류: 밥류
메뉴 소분류: 덮밥 및 국밥류
식재료: 멥쌀, 백미, 밥, 돼지고기, 등심, 생것, 시금치, 생것, 당근, 뿌리, 생것, 당면, 고구마, 말린것, 표고버섯, 참나무재배, 말린것, 삶은것, 양파, 생것, 참기름, 간장, 개량, 양조, 소금, 천일염, 가는소금"
D015010,잡탕밥,밥류,덮밥 및 국밥류,"멥쌀, 백미, 밥, 돼지고기, 등심, 생것, 새우, 중하, 생것, 오징어, 생것, 메추리알, 생것, 양파, 생것, 호박, 애호박, 생것, 전분, 감자, 가루, 고추, 풋고추, 생것, 당근, 뿌리, 생것, 콩기름, 표고버섯, 참나무재배, 말린것, 삶은것, 소금, 천일염, 가는소금","메뉴명: 잡탕밥
메뉴 대분류: 밥류
메뉴 소분류: 덮밥 및 국밥류
식재료: 멥쌀, 백미, 밥, 돼지고기, 등심, 생것, 새우, 중하, 생것, 오징어, 생것, 메추리알, 생것, 양파, 생것, 호박, 애호박, 생것, 전분, 감자, 가루, 고추, 풋고추, 생것, 당근, 뿌리, 생것, 콩기름, 표고버섯, 참나무재배, 말린것, 삶은것, 소금, 천일염, 가는소금"
D015011,제육덮밥(고추장),밥류,덮밥 및 국밥류,"돼지고기, 등심, 생것, 멥쌀, 백미, 밥, 고추장, 개량, 양배추, 생것, 양파, 생것, 고춧가루, 당근, 뿌리, 생것, 생강, 뿌리줄기, 생것, 파, 대파, 생것, 간장, 개량, 양조, 설탕, 백설탕, 참기름, 후추, 검은색, 가루, 마늘, 생것","메뉴명: 제육덮밥(고추장)
메뉴 대분류: 밥류
메뉴 소분류: 덮밥 및 국밥류
식재료: 돼지고기, 등심, 생것, 멥쌀, 백미, 밥, 고추장, 개량, 양배추, 생것, 양파, 생것, 고춧가루, 당근, 뿌리, 생것, 생강, 뿌리줄기, 생것, 파, 대파, 생것, 간장, 개량, 양조, 설탕, 백설탕, 참기름, 후추, 검은색, 가루, 마늘, 생것"
D015012,짜장밥,밥류,덮밥 및 국밥류,"짜장 소스, 레토르트, 멥쌀, 백미, 밥, 감자, 대지, 생것, 양배추, 생것, 양파, 생것, 돼지고기, 등심, 생것, 소금, 천일염, 가는소금, 옥수수, 통조림, 가당, 완두, 생것, 전분, 감자, 가루, 파, 쪽파, 생것","메뉴명: 짜장밥
메뉴 대분류: 밥류
메뉴 소분류: 덮밥 및 국밥류
식재료: 짜장 소스, 레토르트, 멥쌀, 백미, 밥, 감자, 대지, 생것, 양배추, 생것, 양파, 생것, 돼지고기, 등심, 생것, 소금, 천일염, 가는소금, 옥수수, 통조림, 가당, 완두, 생것, 전분, 감자, 가루, 파, 쪽파, 생것"
D015013,카레라이스,밥류,덮밥 및 국밥류,"카레 소스, 레토르트, 멥쌀, 백미, 밥, 감자, 대지, 생것, 돼지고기, 등심, 생것, 당근, 뿌리, 생것, 양파, 생것, 콩기름, 마늘, 생것, 소금, 천일염, 가는소금, 후추, 검은색, 가루","메뉴명: 카레라이스
메뉴 대분류: 밥류
메뉴 소분류: 덮밥 및 국밥류
식재료: 카레 소스, 레토르트, 멥쌀, 백미, 밥, 감자, 대지, 생것, 돼지고기, 등심, 생것, 당근, 뿌리, 생것, 양파, 생것, 콩기름, 마늘, 생것, 소금, 천일염, 가는소금, 후추, 검은색, 가루"
D015014,하이라이스,밥류,덮밥 및 국밥류,"밀, 중력밀가루, 멥쌀, 백미, 밥, 감자, 대지, 생것, 양파, 생것, 돼지고기, 등심, 생것, 당근, 뿌리, 생것, 양배추, 생것, 양송이버섯, 생것, 발효주, 과실주, 포도주, 적포도주, 알코올 13%, 마늘, 생것, 콩기름","메뉴명: 하이라이스
메뉴 대분류: 밥류
메뉴 소분류: 덮밥 및 국밥류
식재료: 밀, 중력밀가루, 멥쌀, 백미, 밥, 감자, 대지, 생것, 양파, 생것, 돼지고기, 등심, 생것, 당근, 뿌리, 생것, 양배추, 생것, 양송이버섯, 생것, 발효주, 과실주, 포도주, 적포도주, 알코올 13%, 마늘, 생것, 콩기름"
D015015,한치덮밥(고추장),밥류,덮밥 및 국밥류,"한치, 생것, 멥쌀, 백미, 밥, 고추장, 개량, 당근, 뿌리, 생것, 양배추, 생것, 오이, 다다기, 생것, 콩기름, 고추, 풋고추, 생것, 상추, 반결구, 로메인, 녹색, 생것, 마늘, 생것, 쑥갓, 생것, 간장, 개량, 양조, 참기름, 설탕, 백설탕","메뉴명: 한치덮밥(고추장)
메뉴 대분류: 밥류
메뉴 소분류: 덮밥 및 국밥류
식재료: 한치, 생것, 멥쌀, 백미, 밥, 고추장, 개량, 당근, 뿌리, 생것, 양배추, 생것, 오이, 다다기, 생것, 콩기름, 고추, 풋고추, 생것, 상추, 반결구, 로메인, 녹색, 생것, 마늘, 생것, 쑥갓, 생것, 간장, 개량, 양조, 참기름, 설탕, 백설탕"
D015016,해물덮밥(고추장),밥류,덮밥 및 국밥류,"오징어, 생것, 새우, 중하, 생것, 담치, 참담치(홍합), 생것, 멥쌀, 백미, 밥, 고추장, 개량, 콩기름, 피망, 초록색, 생것, 양파, 생것, 고추, 빨간색, 생것, 당근, 뿌리, 생것, 간장, 개량, 양조, 전분, 감자, 가루, 마늘, 생것","메뉴명: 해물덮밥(고추장)
메뉴 대분류: 밥류
메뉴 소분류: 덮밥 및 국밥류
식재료: 오징어, 생것, 새우, 중하, 생것, 담치, 참담치(홍합), 생것, 멥쌀, 백미, 밥, 고추장, 개량, 콩기름, 피망, 초록색, 생것, 양파, 생것, 고추, 빨간색, 생것, 당근, 뿌리, 생것, 간장, 개량, 양조, 전분, 감자, 가루, 마늘, 생것"
D015017,"회덮밥(참치, 고추장)",밥류,덮밥 및 국밥류,"다랑어, 참다랑어, 냉동, 멥쌀, 백미, 밥, 고추장, 개량, 당근, 뿌리, 생것, 양배추, 생것, 오이, 다다기, 생것, 고추, 풋고추, 생것, 상추, 반결구, 로메인, 녹색, 생것, 마늘, 생것, 쑥갓, 생것, 참기름, 설탕, 백설탕","메뉴명: 회덮밥(참치, 고추장)
메뉴 대분류: 밥류
메뉴 소분류: 덮밥 및 국밥류
식재료: 다랑어, 참다랑어, 냉동, 멥쌀, 백미, 밥, 고추장, 개량, 당근, 뿌리, 생것, 양배추, 생것, 오이, 다다기, 생것, 고추, 풋고추, 생것, 상추, 반결구, 로메인, 녹색, 생것, 마늘, 생것, 쑥갓, 생것, 참기름, 설탕, 백설탕"
D015018,"회덮밥(참치, 초고추장)",밥류,덮밥 및 국밥류,"다랑어, 참다랑어, 냉동, 멥쌀, 백미, 밥, 고추장, 개량, 무, 조선무, 생것, 오이, 다다기, 생것, 상추, 반결구, 로메인, 녹색, 생것, 양배추, 생것, 물엿, 고추, 풋고추, 생것, 식초, 감식초, 참기름, 고춧가루, 마늘, 생것","메뉴명: 회덮밥(참치, 초고추장)
메뉴 대분류: 밥류
메뉴 소분류: 덮밥 및 국밥류
식재료: 다랑어, 참다랑어, 냉동, 멥쌀, 백미, 밥, 고추장, 개량, 무, 조선무, 생것, 오이, 다다기, 생것, 상추, 반결구, 로메인, 녹색, 생것, 양배추, 생것, 물엿, 고추, 풋고추, 생것, 식초, 감식초, 참기름, 고춧가루, 마늘, 생것"
D015021,다슬기국밥(올갱이국밥),밥류,덮밥 및 국밥류,"다슬기, 생것, 멥쌀, 백미, 밥, 아욱, 생것, 달걀, 생것, 밀, 중력밀가루, 된장, 개량, 고추장, 개량, 고춧가루, 파, 대파, 생것, 마늘, 생것, 후추, 검은색, 가루","메뉴명: 다슬기국밥(올갱이국밥)
메뉴 대분류: 밥류
메뉴 소분류: 덮밥 및 국밥류
식재료: 다슬기, 생것, 멥쌀, 백미, 밥, 아욱, 생것, 달걀, 생것, 밀, 중력밀가루, 된장, 개량, 고추장, 개량, 고춧가루, 파, 대파, 생것, 마늘, 생것, 후추, 검은색, 가루"
D015029,전주콩나물국밥,밥류,덮밥 및 국밥류,"멥쌀, 백미, 밥, 콩나물, 생것, 파, 대파, 생것, 달걀, 생것, 오징어, 생것, 새우, 젓갈, 토굴육젓, 김치, 배추 김치, 참깨, 흰색, 볶은것, 고춧가루, 멸치 육수","메뉴명: 전주콩나물국밥
메뉴 대분류: 밥류
메뉴 소분류: 덮밥 및 국밥류
식재료: 멥쌀, 백미, 밥, 콩나물, 생것, 파, 대파, 생것, 달걀, 생것, 오징어, 생것, 새우, 젓갈, 토굴육젓, 김치, 배추 김치, 참깨, 흰색, 볶은것, 고춧가루, 멸치 육수"
D015030,해물덮밥(고추장),밥류,덮밥 및 국밥류,"오징어, 구운것, 새우, 중하, 생것, 멥쌀, 백미, 밥, 고추장, 개량, 콩기름, 피망, 초록색, 생것, 양파, 데친것, 고추, 빨간색, 생것, 당근, 뿌리, 데친것, 간장, 개량, 양조, 전분, 감자, 가루, 마늘, 생것","메뉴명: 해물덮밥(고추장)
메뉴 대분류: 밥류
메뉴 소분류: 덮밥 및 국밥류
식재료: 오징어, 구운것, 새우, 중하, 생것, 멥쌀, 백미, 밥, 고추장, 개량, 콩기름, 피망, 초록색, 생것, 양파, 데친것, 고추, 빨간색, 생것, 당근, 뿌리, 데친것, 간장, 개량, 양조, 전분, 감자, 가루, 마늘, 생것"
D015031,카레라이스,밥류,덮밥 및 국밥류,"카레 소스, 가루, 멥쌀, 백미, 밥, 감자, 대지, 삶은것, 돼지고기, 등심, 구운것(팬), 당근, 뿌리, 데친것, 양파, 데친것, 콩기름, 마늘, 생것, 소금, 천일염, 가는소금, 후추, 검은색, 가루","메뉴명: 카레라이스
메뉴 대분류: 밥류
메뉴 소분류: 덮밥 및 국밥류
식재료: 카레 소스, 가루, 멥쌀, 백미, 밥, 감자, 대지, 삶은것, 돼지고기, 등심, 구운것(팬), 당근, 뿌리, 데친것, 양파, 데친것, 콩기름, 마늘, 생것, 소금, 천일염, 가는소금, 후추, 검은색, 가루"
D015032,수수차밥,밥류,덮밥 및 국밥류,"수수, 도정, 생것, 명태, 알, 양념젓갈(명란젓), 멥쌀, 백미, 밥, 콩기름, 파, 쪽파, 생것, 김, 김밥용김, 말린것","메뉴명: 수수차밥
메뉴 대분류: 밥류
메뉴 소분류: 덮밥 및 국밥류
식재료: 수수, 도정, 생것, 명태, 알, 양념젓갈(명란젓), 멥쌀, 백미, 밥, 콩기름, 파, 쪽파, 생것, 김, 김밥용김, 말린것"
D015033,양파버섯덮밥,밥류,덮밥 및 국밥류,"표고버섯, 참나무재배, 말린것, 양파, 생것, 마늘, 생것, 파, 쪽파, 생것, 달걀, 생것, 멥쌀, 백미, 밥, 고추기름, 설탕, 백설탕, 간장, 개량, 양조, 후추, 검은색, 가루, 참기름, 콩기름","메뉴명: 양파버섯덮밥
메뉴 대분류: 밥류
메뉴 소분류: 덮밥 및 국밥류
식재료: 표고버섯, 참나무재배, 말린것, 양파, 생것, 마늘, 생것, 파, 쪽파, 생것, 달걀, 생것, 멥쌀, 백미, 밥, 고추기름, 설탕, 백설탕, 간장, 개량, 양조, 후추, 검은색, 가루, 참기름, 콩기름"
D015034,장어밥,밥류,덮밥 및 국밥류,"멥쌀, 백미, 생것, 생수, 장어, 갯장어, 생것, 생강, 뿌리줄기, 생것, 마늘, 생것, 간장, 개량, 양조, 파, 대파, 생것, 참기름, 고춧가루","메뉴명: 장어밥
메뉴 대분류: 밥류
메뉴 소분류: 덮밥 및 국밥류
식재료: 멥쌀, 백미, 생것, 생수, 장어, 갯장어, 생것, 생강, 뿌리줄기, 생것, 마늘, 생것, 간장, 개량, 양조, 파, 대파, 생것, 참기름, 고춧가루"
D015035,차돌박이미나리덮밥,밥류,덮밥 및 국밥류,"미나리, 돌미나리, 생것, 양파, 생것, 고추, 빨간색, 생것, 소고기, 한우(1등급), 양지(차돌박이), 생것, 멥쌀, 현미, 밥, 달걀, 난황, 생것, 간장, 개량, 양조, 마늘, 생것, 식초, 발사믹, 매실청, 올리브유, 후추, 검은색, 가루, 발효주, 청주, 알코올 16%","메뉴명: 차돌박이미나리덮밥
메뉴 대분류: 밥류
메뉴 소분류: 덮밥 및 국밥류
식재료: 미나리, 돌미나리, 생것, 양파, 생것, 고추, 빨간색, 생것, 소고기, 한우(1등급), 양지(차돌박이), 생것, 멥쌀, 현미, 밥, 달걀, 난황, 생것, 간장, 개량, 양조, 마늘, 생것, 식초, 발사믹, 매실청, 올리브유, 후추, 검은색, 가루, 발효주, 청주, 알코올 16%"
D015036,굴국밥,밥류,덮밥 및 국밥류,"굴, 참굴, 생것, 무, 조선무, 생것, 달걀, 생것, 두부, 명태, 생것, 간장, 개량, 양조, 파, 대파, 생것, 미역, 생것, 마늘, 생것, 참기름, 소금, 천일염, 가는소금","메뉴명: 굴국밥
메뉴 대분류: 밥류
메뉴 소분류: 덮밥 및 국밥류
식재료: 굴, 참굴, 생것, 무, 조선무, 생것, 달걀, 생것, 두부, 명태, 생것, 간장, 개량, 양조, 파, 대파, 생것, 미역, 생것, 마늘, 생것, 참기름, 소금, 천일염, 가는소금"
D015037,날치알밥,밥류,덮밥 및 국밥류,"김치, 배추 김치, 멥쌀, 백미, 생것, 무 절임, 단무지, 날치, 알, 생것, 참기름, 김, 참김, 구운것","메뉴명: 날치알밥
메뉴 대분류: 밥류
메뉴 소분류: 덮밥 및 국밥류
식재료: 김치, 배추 김치, 멥쌀, 백미, 생것, 무 절임, 단무지, 날치, 알, 생것, 참기름, 김, 참김, 구운것"
D015038,달걀덮밥,밥류,덮밥 및 국밥류,"멥쌀, 백미, 생것, 달걀, 생것, 양송이버섯, 생것, 피망, 초록색, 생것, 양파, 생것, 당근, 뿌리, 생것, 굴 소스, 멸치, 대멸치, 삶아서 말린것, 콩기름, 참기름, 마늘, 생것","메뉴명: 달걀덮밥
메뉴 대분류: 밥류
메뉴 소분류: 덮밥 및 국밥류
식재료: 멥쌀, 백미, 생것, 달걀, 생것, 양송이버섯, 생것, 피망, 초록색, 생것, 양파, 생것, 당근, 뿌리, 생것, 굴 소스, 멸치, 대멸치, 삶아서 말린것, 콩기름, 참기름, 마늘, 생것"
D015039,짬뽕덮밥,밥류,덮밥 및 국밥류,"멥쌀, 백미, 생것, 담치, 참담치(홍합), 생것, 양파, 생것, 조개, 가무락조개, 생것, 오징어, 생것, 대나무순(죽순), 생것, 간장, 개량, 양조, 오징어, 갑오징어, 생것, 새우, 흰다리새우, 생것, 청경채, 생것, 부추, 두메부추, 생것, 당근, 뿌리, 생것, 파, 대파, 생것, 표고버섯, 배지재배, 생것, 마늘, 생것, 목이버섯, 생것, 생강, 뿌리줄기, 생것, 소금, 천일염, 소금꽃, 후추, 검은색, 가루","메뉴명: 짬뽕덮밥
메뉴 대분류: 밥류
메뉴 소분류: 덮밥 및 국밥류
식재료: 멥쌀, 백미, 생것, 담치, 참담치(홍합), 생것, 양파, 생것, 조개, 가무락조개, 생것, 오징어, 생것, 대나무순(죽순), 생것, 간장, 개량, 양조, 오징어, 갑오징어, 생것, 새우, 흰다리새우, 생것, 청경채, 생것, 부추, 두메부추, 생것, 당근, 뿌리, 생것, 파, 대파, 생것, 표고버섯, 배지재배, 생것, 마늘, 생것, 목이버섯, 생것, 생강, 뿌리줄기, 생것, 소금, 천일염, 소금꽃, 후추, 검은색, 가루"
D015040,닭갈비덮밥,밥류,덮밥 및 국밥류,"닭고기, 다리(아랫다리), 생것, 멥쌀, 백미, 생것, 양배추, 생것, 양파, 생것, 들깻잎, 생것, 고추장, 개량, 간장, 개량, 양조, 설탕, 황설탕, 마늘, 생것, 고춧가루, 참기름, 후추, 검은색, 가루","메뉴명: 닭갈비덮밥
메뉴 대분류: 밥류
메뉴 소분류: 덮밥 및 국밥류
식재료: 닭고기, 다리(아랫다리), 생것, 멥쌀, 백미, 생것, 양배추, 생것, 양파, 생것, 들깻잎, 생것, 고추장, 개량, 간장, 개량, 양조, 설탕, 황설탕, 마늘, 생것, 고춧가루, 참기름, 후추, 검은색, 가루"
D015041,닭살짜장밥,밥류,덮밥 및 국밥류,"멥쌀, 백미, 생것, 닭고기, 가슴, 생것, 짜장 소스, 가루, 호박, 애호박, 생것, 양배추, 생것, 감자, 대지, 생것, 양파, 생것, 당근, 뿌리, 생것, 콩기름, 마늘, 생것","메뉴명: 닭살짜장밥
메뉴 대분류: 밥류
메뉴 소분류: 덮밥 및 국밥류
식재료: 멥쌀, 백미, 생것, 닭고기, 가슴, 생것, 짜장 소스, 가루, 호박, 애호박, 생것, 양배추, 생것, 감자, 대지, 생것, 양파, 생것, 당근, 뿌리, 생것, 콩기름, 마늘, 생것"
D015042,소고기규동,밥류,덮밥 및 국밥류,"멥쌀, 백미, 생것, 소고기, 한우(1++등급), 양지, 생것, 양배추, 생것, 양파, 생것, 달걀, 생것, 표고버섯, 배지재배, 생것, 당근, 뿌리, 생것, 파, 대파, 생것, 간장, 개량, 양조, 발효주, 청주, 알코올 16%, 김, 참김, 구운것, 설탕, 백설탕, 마늘, 생것, 고춧가루, 멸치, 대멸치, 삶아서 말린것, 후추, 검은색, 가루","메뉴명: 소고기규동
메뉴 대분류: 밥류
메뉴 소분류: 덮밥 및 국밥류
식재료: 멥쌀, 백미, 생것, 소고기, 한우(1++등급), 양지, 생것, 양배추, 생것, 양파, 생것, 달걀, 생것, 표고버섯, 배지재배, 생것, 당근, 뿌리, 생것, 파, 대파, 생것, 간장, 개량, 양조, 발효주, 청주, 알코올 16%, 김, 참김, 구운것, 설탕, 백설탕, 마늘, 생것, 고춧가루, 멸치, 대멸치, 삶아서 말린것, 후추, 검은색, 가루"
D015043,야채자장밥,밥류,덮밥 및 국밥류,"멥쌀, 백미, 생것, 짜장 소스, 가루, 감자, 대지, 생것, 양파, 생것, 콩기름, 호박, 애호박, 생것, 양배추, 생것, 당근, 뿌리, 생것","메뉴명: 야채자장밥
메뉴 대분류: 밥류
메뉴 소분류: 덮밥 및 국밥류
식재료: 멥쌀, 백미, 생것, 짜장 소스, 가루, 감자, 대지, 생것, 양파, 생것, 콩기름, 호박, 애호박, 생것, 양배추, 생것, 당근, 뿌리, 생것"
D015044,양송이덮밥,밥류,덮밥 및 국밥류,"멥쌀, 백미, 생것, 소고기, 한우(1++등급), 앞다리, 생것, 양송이버섯, 생것, 파프리카, 빨간색, 생것, 피망, 초록색, 생것, 파, 대파, 생것, 혼합식물성유, 마늘, 생것, 고춧가루, 참기름, 전분, 감자, 가루, 맛술, 소금, 천일염, 가는소금, 후추, 검은색, 가루","메뉴명: 양송이덮밥
메뉴 대분류: 밥류
메뉴 소분류: 덮밥 및 국밥류
식재료: 멥쌀, 백미, 생것, 소고기, 한우(1++등급), 앞다리, 생것, 양송이버섯, 생것, 파프리카, 빨간색, 생것, 피망, 초록색, 생것, 파, 대파, 생것, 혼합식물성유, 마늘, 생것, 고춧가루, 참기름, 전분, 감자, 가루, 맛술, 소금, 천일염, 가는소금, 후추, 검은색, 가루"
D015045,팔보채덮밥,밥류,덮밥 및 국밥류,"멥쌀, 백미, 생것, 오징어, 생것, 양파, 생것, 담치, 참담치(홍합), 생것, 새우, 흰다리새우, 생것, 파프리카, 빨간색, 생것, 피망, 초록색, 생것, 청경채, 생것, 양배추, 생것, 대나무순(죽순), 통조림, 당근, 뿌리, 생것, 해삼, 생것, 굴 소스, 고추기름, 간장, 개량, 양조, 전분, 감자, 가루, 표고버섯, 배지재배, 생것, 참기름, 마늘, 다진것","메뉴명: 팔보채덮밥
메뉴 대분류: 밥류
메뉴 소분류: 덮밥 및 국밥류
식재료: 멥쌀, 백미, 생것, 오징어, 생것, 양파, 생것, 담치, 참담치(홍합), 생것, 새우, 흰다리새우, 생것, 파프리카, 빨간색, 생것, 피망, 초록색, 생것, 청경채, 생것, 양배추, 생것, 대나무순(죽순), 통조림, 당근, 뿌리, 생것, 해삼, 생것, 굴 소스, 고추기름, 간장, 개량, 양조, 전분, 감자, 가루, 표고버섯, 배지재배, 생것, 참기름, 마늘, 다진것"
D015046,고추잡채덮밥,밥류,덮밥 및 국밥류,"멥쌀, 백미, 생것, 돼지고기, 뒷다리, 생것, 파프리카, 빨간색, 생것, 피망, 초록색, 생것, 양파, 생것, 표고버섯, 배지재배, 생것, 당근, 뿌리, 생것, 콩기름, 굴 소스, 고추기름, 전분, 감자, 가루, 마늘, 다진것, 후추, 검은색, 가루","메뉴명: 고추잡채덮밥
메뉴 대분류: 밥류
메뉴 소분류: 덮밥 및 국밥류
식재료: 멥쌀, 백미, 생것, 돼지고기, 뒷다리, 생것, 파프리카, 빨간색, 생것, 피망, 초록색, 생것, 양파, 생것, 표고버섯, 배지재배, 생것, 당근, 뿌리, 생것, 콩기름, 굴 소스, 고추기름, 전분, 감자, 가루, 마늘, 다진것, 후추, 검은색, 가루"
D015047,단호박리조또,밥류,덮밥 및 국밥류,"멥쌀, 백미, 생것, 호박, 단호박, 생것, 양파, 생것, 우유, 소금, 천일염, 가는소금, 크림, 생크림, 치즈, 파르메산(파마산), 버터, 무가염, 후추, 흰색, 가루","메뉴명: 단호박리조또
메뉴 대분류: 밥류
메뉴 소분류: 덮밥 및 국밥류
식재료: 멥쌀, 백미, 생것, 호박, 단호박, 생것, 양파, 생것, 우유, 소금, 천일염, 가는소금, 크림, 생크림, 치즈, 파르메산(파마산), 버터, 무가염, 후추, 흰색, 가루"
D015048,마파두부덮밥,밥류,덮밥 및 국밥류,"멥쌀, 백미, 생것, 두부, 돼지고기, 앞다리, 생것, 표고버섯, 배지재배, 생것, 파, 대파, 생것, 전분, 감자, 가루, 굴 소스, 고추, 풋고추, 생것, 고추, 빨간색, 생것, 콩기름, 마늘, 생것, 참기름","메뉴명: 마파두부덮밥
메뉴 대분류: 밥류
메뉴 소분류: 덮밥 및 국밥류
식재료: 멥쌀, 백미, 생것, 두부, 돼지고기, 앞다리, 생것, 표고버섯, 배지재배, 생것, 파, 대파, 생것, 전분, 감자, 가루, 굴 소스, 고추, 풋고추, 생것, 고추, 빨간색, 생것, 콩기름, 마늘, 생것, 참기름"
D015049,참치마요덮밥,밥류,덮밥 및 국밥류,"멥쌀, 백미, 생것, 다랑어, 가다랑어, 통조림, 유지, 마요네즈, 데리야끼 소스, 상추, 잎상추, 치마상추, 녹색, 생것, 양파, 생것, 조, 차조, 도정, 생것, 간장, 개량, 양조, 김, 조미김, 구운것, 브로콜리, 싹, 생것, 맛술, 고추냉이, 페이스트, 설탕, 백설탕, 파, 쪽파, 생것, 콩기름, 마늘, 다진것, 생강, 뿌리줄기, 생것","메뉴명: 참치마요덮밥
메뉴 대분류: 밥류
메뉴 소분류: 덮밥 및 국밥류
식재료: 멥쌀, 백미, 생것, 다랑어, 가다랑어, 통조림, 유지, 마요네즈, 데리야끼 소스, 상추, 잎상추, 치마상추, 녹색, 생것, 양파, 생것, 조, 차조, 도정, 생것, 간장, 개량, 양조, 김, 조미김, 구운것, 브로콜리, 싹, 생것, 맛술, 고추냉이, 페이스트, 설탕, 백설탕, 파, 쪽파, 생것, 콩기름, 마늘, 다진것, 생강, 뿌리줄기, 생것"
D015050,치킨마요덮밥,밥류,덮밥 및 국밥류,"멥쌀, 백미, 생것, 닭고기, 가슴, 튀긴것(튀김옷), 찹쌀, 백미, 생것, 양파, 생것, 달걀, 생것, 마요네즈, 간장, 개량, 양조, 콩기름, 참기름, 설탕, 황설탕, 김, 참김, 구운것, 참깨, 흰색, 말린것","메뉴명: 치킨마요덮밥
메뉴 대분류: 밥류
메뉴 소분류: 덮밥 및 국밥류
식재료: 멥쌀, 백미, 생것, 닭고기, 가슴, 튀긴것(튀김옷), 찹쌀, 백미, 생것, 양파, 생것, 달걀, 생것, 마요네즈, 간장, 개량, 양조, 콩기름, 참기름, 설탕, 황설탕, 김, 참김, 구운것, 참깨, 흰색, 말린것"
D015051,해물볶음덮밥,밥류,덮밥 및 국밥류,"멥쌀, 백미, 생것, 달걀, 생것, 양배추, 생것, 오징어, 생것, 새우, 흰다리새우, 생것, 포크커틀릿 소스, 밀, 부침가루, 숙주나물, 생것, 양파, 생것, 파, 쪽파, 생것, 콩기름, 김, 참김, 구운것","메뉴명: 해물볶음덮밥
메뉴 대분류: 밥류
메뉴 소분류: 덮밥 및 국밥류
식재료: 멥쌀, 백미, 생것, 달걀, 생것, 양배추, 생것, 오징어, 생것, 새우, 흰다리새우, 생것, 포크커틀릿 소스, 밀, 부침가루, 숙주나물, 생것, 양파, 생것, 파, 쪽파, 생것, 콩기름, 김, 참김, 구운것"
D015052,훈제연어덮밥,밥류,덮밥 및 국밥류,"멥쌀, 백미, 생것, 연어, 훈제, 양파, 생것, 겨자 페이스트, 간장, 개량, 양조, 마늘, 다진것, 식초, 양조, 설탕, 백설탕","메뉴명: 훈제연어덮밥
메뉴 대분류: 밥류
메뉴 소분류: 덮밥 및 국밥류
식재료: 멥쌀, 백미, 생것, 연어, 훈제, 양파, 생것, 겨자 페이스트, 간장, 개량, 양조, 마늘, 다진것, 식초, 양조, 설탕, 백설탕"
D015053,바질새우리조또,밥류,덮밥 및 국밥류,"멥쌀, 백미, 생것, 새우, 흰다리새우, 생것, 바질, 잎, 생것, 양파, 생것, 크림, 생크림, 우유, 치즈, 파르메산(파마산), 버터, 무가염, 소금, 천일염, 가는소금, 후추, 흰색, 가루","메뉴명: 바질새우리조또
메뉴 대분류: 밥류
메뉴 소분류: 덮밥 및 국밥류
식재료: 멥쌀, 백미, 생것, 새우, 흰다리새우, 생것, 바질, 잎, 생것, 양파, 생것, 크림, 생크림, 우유, 치즈, 파르메산(파마산), 버터, 무가염, 소금, 천일염, 가는소금, 후추, 흰색, 가루"
D015054,버섯카레라이스,밥류,덮밥 및 국밥류,"멥쌀, 백미, 생것, 카레 소스, 가루, 감자, 대지, 생것, 양송이버섯, 생것, 당근, 뿌리, 생것, 표고버섯, 배지재배, 생것, 송이버섯, 생것, 완두, 생것, 소금, 천일염, 가는소금, 양파, 생것","메뉴명: 버섯카레라이스
메뉴 대분류: 밥류
메뉴 소분류: 덮밥 및 국밥류
식재료: 멥쌀, 백미, 생것, 카레 소스, 가루, 감자, 대지, 생것, 양송이버섯, 생것, 당근, 뿌리, 생것, 표고버섯, 배지재배, 생것, 송이버섯, 생것, 완두, 생것, 소금, 천일염, 가는소금, 양파, 생것"
D015055,소고기미역국밥,밥류,덮밥 및 국밥류,"멥쌀, 백미, 생것, 소고기, 한우(1++등급), 양지, 생것, 미역, 생것, 참기름, 간장, 개량, 양조, 마늘, 생것","메뉴명: 소고기미역국밥
메뉴 대분류: 밥류
메뉴 소분류: 덮밥 및 국밥류
식재료: 멥쌀, 백미, 생것, 소고기, 한우(1++등급), 양지, 생것, 미역, 생것, 참기름, 간장, 개량, 양조, 마늘, 생것"
D015056,주꾸미볶음덮밥,밥류,덮밥 및 국밥류,"주꾸미, 생것, 멥쌀, 백미, 생것, 양배추, 생것, 양파, 생것, 고추장, 개량, 파, 대파, 생것, 당근, 뿌리, 생것, 김, 참김, 구운것","메뉴명: 주꾸미볶음덮밥
메뉴 대분류: 밥류
메뉴 소분류: 덮밥 및 국밥류
식재료: 주꾸미, 생것, 멥쌀, 백미, 생것, 양배추, 생것, 양파, 생것, 고추장, 개량, 파, 대파, 생것, 당근, 뿌리, 생것, 김, 참김, 구운것"
D015057,쭈꾸미볶음덮밥,밥류,덮밥 및 국밥류,"멥쌀, 백미, 생것, 주꾸미, 생것, 고추장, 개량, 새우, 흰다리새우, 생것, 양파, 생것, 당근, 뿌리, 생것, 고춧가루, 설탕, 백설탕, 김, 참김, 구운것, 파, 쪽파, 생것, 참깨, 흰색, 볶은것, 소금, 천일염, 가는소금","메뉴명: 쭈꾸미볶음덮밥
메뉴 대분류: 밥류
메뉴 소분류: 덮밥 및 국밥류
식재료: 멥쌀, 백미, 생것, 주꾸미, 생것, 고추장, 개량, 새우, 흰다리새우, 생것, 양파, 생것, 당근, 뿌리, 생것, 고춧가루, 설탕, 백설탕, 김, 참김, 구운것, 파, 쪽파, 생것, 참깨, 흰색, 볶은것, 소금, 천일염, 가는소금"
D015058,토마토제육덮밥,밥류,덮밥 및 국밥류,"돼지고기, 뒷다리, 생것, 멥쌀, 백미, 생것, 토마토, 생것, 토마토, 통조림, 페이스트, 치즈, 모차렐라, 슈레드타입, 양배추, 생것, 양파, 생것, 큰느타리버섯(새송이버섯), 생것, 당근, 뿌리, 생것, 고춧가루, 고추장, 개량, 간장, 개량, 양조, 설탕, 황설탕, 마늘, 다진것, 발효주, 청주, 알코올 16%, 매실청, 생강, 뿌리줄기, 생것, 후추, 검은색, 가루","메뉴명: 토마토제육덮밥
메뉴 대분류: 밥류
메뉴 소분류: 덮밥 및 국밥류
식재료: 돼지고기, 뒷다리, 생것, 멥쌀, 백미, 생것, 토마토, 생것, 토마토, 통조림, 페이스트, 치즈, 모차렐라, 슈레드타입, 양배추, 생것, 양파, 생것, 큰느타리버섯(새송이버섯), 생것, 당근, 뿌리, 생것, 고춧가루, 고추장, 개량, 간장, 개량, 양조, 설탕, 황설탕, 마늘, 다진것, 발효주, 청주, 알코올 16%, 매실청, 생강, 뿌리줄기, 생것, 후추, 검은색, 가루"
D015059,토마토카레덮밥,밥류,덮밥 및 국밥류,"돼지고기, 뒷다리, 생것, 멥쌀, 백미, 생것, 카레 소스, 가루, 감자, 대지, 생것, 양파, 생것, 토마토, 통조림, 페이스트, 피망, 초록색, 생것, 당근, 뿌리, 생것, 콩기름, 소금, 천일염, 가는소금","메뉴명: 토마토카레덮밥
메뉴 대분류: 밥류
메뉴 소분류: 덮밥 및 국밥류
식재료: 돼지고기, 뒷다리, 생것, 멥쌀, 백미, 생것, 카레 소스, 가루, 감자, 대지, 생것, 양파, 생것, 토마토, 통조림, 페이스트, 피망, 초록색, 생것, 당근, 뿌리, 생것, 콩기름, 소금, 천일염, 가는소금"
D015060,깐풍돼지고기덮밥,밥류,덮밥 및 국밥류,"멥쌀, 백미, 생것, 돼지고기, 뒷다리, 생것, 달걀, 생것, 전분, 감자, 가루, 양파, 생것, 설탕, 백설탕, 파, 대파, 생것, 마늘, 생것, 식초, 사과식초, 간장, 개량, 양조, 콩기름, 참기름, 소금, 천일염","메뉴명: 깐풍돼지고기덮밥
메뉴 대분류: 밥류
메뉴 소분류: 덮밥 및 국밥류
식재료: 멥쌀, 백미, 생것, 돼지고기, 뒷다리, 생것, 달걀, 생것, 전분, 감자, 가루, 양파, 생것, 설탕, 백설탕, 파, 대파, 생것, 마늘, 생것, 식초, 사과식초, 간장, 개량, 양조, 콩기름, 참기름, 소금, 천일염"
D015061,돼지고기부추덮밥,밥류,덮밥 및 국밥류,"멥쌀, 백미, 생것, 돼지고기, 등심, 생것, 양배추, 생것, 부추, 두메부추, 생것, 양파, 생것, 간장, 개량, 양조, 설탕, 백설탕, 굴 소스, 소금, 천일염, 전분, 감자, 가루, 마늘, 다진것, 후추, 흰색, 가루, 맛술","메뉴명: 돼지고기부추덮밥
메뉴 대분류: 밥류
메뉴 소분류: 덮밥 및 국밥류
식재료: 멥쌀, 백미, 생것, 돼지고기, 등심, 생것, 양배추, 생것, 부추, 두메부추, 생것, 양파, 생것, 간장, 개량, 양조, 설탕, 백설탕, 굴 소스, 소금, 천일염, 전분, 감자, 가루, 마늘, 다진것, 후추, 흰색, 가루, 맛술"
D015062,돼지고기짜장덮밥,밥류,덮밥 및 국밥류,"멥쌀, 백미, 생것, 돼지고기, 뒷다리, 생것, 짜장 소스, 가루, 감자, 대지, 생것, 호박, 애호박, 생것, 양배추, 생것, 양파, 생것, 당근, 뿌리, 생것, 맛술, 콩기름, 마늘, 생것","메뉴명: 돼지고기짜장덮밥
메뉴 대분류: 밥류
메뉴 소분류: 덮밥 및 국밥류
식재료: 멥쌀, 백미, 생것, 돼지고기, 뒷다리, 생것, 짜장 소스, 가루, 감자, 대지, 생것, 호박, 애호박, 생것, 양배추, 생것, 양파, 생것, 당근, 뿌리, 생것, 맛술, 콩기름, 마늘, 생것"
D015063,베이컨로제리조또,밥류,덮밥 및 국밥류,"멥쌀, 백미, 생것, 스파게티 소스, 토마토, 병조림, 양파, 생것, 베이컨, 크림, 생크림, 우유, 올리브유, 양송이버섯, 생것, 소금, 천일염, 가는소금, 후추, 검은색, 가루","메뉴명: 베이컨로제리조또
메뉴 대분류: 밥류
메뉴 소분류: 덮밥 및 국밥류
식재료: 멥쌀, 백미, 생것, 스파게티 소스, 토마토, 병조림, 양파, 생것, 베이컨, 크림, 생크림, 우유, 올리브유, 양송이버섯, 생것, 소금, 천일염, 가는소금, 후추, 검은색, 가루"
D015064,새우살굴소스덮밥,밥류,덮밥 및 국밥류,"멥쌀, 백미, 생것, 새우, 중하, 생것, 큰느타리버섯(새송이버섯), 생것, 콩기름, 양파, 생것, 당근, 뿌리, 생것, 굴 소스, 간장, 개량, 양조, 마늘, 생것","메뉴명: 새우살굴소스덮밥
메뉴 대분류: 밥류
메뉴 소분류: 덮밥 및 국밥류
식재료: 멥쌀, 백미, 생것, 새우, 중하, 생것, 큰느타리버섯(새송이버섯), 생것, 콩기름, 양파, 생것, 당근, 뿌리, 생것, 굴 소스, 간장, 개량, 양조, 마늘, 생것"
D015065,소고기카레라이스,밥류,덮밥 및 국밥류,"멥쌀, 백미, 생것, 감자, 대지, 생것, 양송이버섯, 생것, 양파, 생것, 카레 소스, 가루, 당근, 뿌리, 생것, 소고기, 한우(1++등급), 앞다리, 생것, 콩기름","메뉴명: 소고기카레라이스
메뉴 대분류: 밥류
메뉴 소분류: 덮밥 및 국밥류
식재료: 멥쌀, 백미, 생것, 감자, 대지, 생것, 양송이버섯, 생것, 양파, 생것, 카레 소스, 가루, 당근, 뿌리, 생것, 소고기, 한우(1++등급), 앞다리, 생것, 콩기름"
D015066,소고기하이라이스,밥류,덮밥 및 국밥류,"멥쌀, 백미, 생것, 감자, 대지, 생것, 하이라이스, 가루, 소고기, 한우(1++등급), 앞다리, 생것, 양파, 생것, 당근, 뿌리, 생것, 양송이버섯, 생것, 혼합식물성유","메뉴명: 소고기하이라이스
메뉴 대분류: 밥류
메뉴 소분류: 덮밥 및 국밥류
식재료: 멥쌀, 백미, 생것, 감자, 대지, 생것, 하이라이스, 가루, 소고기, 한우(1++등급), 앞다리, 생것, 양파, 생것, 당근, 뿌리, 생것, 양송이버섯, 생것, 혼합식물성유"
D015067,토마토비프리조또,밥류,덮밥 및 국밥류,"토마토, 통조림, 멥쌀, 백미, 생것, 소고기, 한우(1++등급), 등심, 생것, 양송이버섯, 생것, 양파, 생것, 치즈, 파르메산(파마산), 발효주, 청주, 알코올 16%, 마늘, 생것, 올리브유, 순무, 잎, 생것, 소금, 천일염, 가는소금, 버터, 무가염, 후추, 흰색, 가루, 파슬리, 말린것, 후추, 검은색, 가루","메뉴명: 토마토비프리조또
메뉴 대분류: 밥류
메뉴 소분류: 덮밥 및 국밥류
식재료: 토마토, 통조림, 멥쌀, 백미, 생것, 소고기, 한우(1++등급), 등심, 생것, 양송이버섯, 생것, 양파, 생것, 치즈, 파르메산(파마산), 발효주, 청주, 알코올 16%, 마늘, 생것, 올리브유, 순무, 잎, 생것, 소금, 천일염, 가는소금, 버터, 무가염, 후추, 흰색, 가루, 파슬리, 말린것, 후추, 검은색, 가루"
D015068,훈제오리양파덮밥,밥류,덮밥 및 국밥류,"멥쌀, 백미, 생것, 오리고기, 조미훈제, 양파, 생것, 양배추, 생것, 당근, 뿌리, 생것, 후추, 검은색, 가루, 소금, 천일염, 가는소금","메뉴명: 훈제오리양파덮밥
메뉴 대분류: 밥류
메뉴 소분류: 덮밥 및 국밥류
식재료: 멥쌀, 백미, 생것, 오리고기, 조미훈제, 양파, 생것, 양배추, 생것, 당근, 뿌리, 생것, 후추, 검은색, 가루, 소금, 천일염, 가는소금"
D015069,돼지고기양송이덮밥,밥류,덮밥 및 국밥류,"돼지고기, 등심, 생것, 멥쌀, 백미, 생것, 양파, 생것, 양송이버섯, 생것, 바비큐 소스, 토마토 케첩, 브로콜리, 생것, 굴 소스, 고추, 청양고추, 생것, 올리브유, 마늘, 생것, 후추, 흰색, 가루, 맛술, 간장, 개량, 양조, 설탕, 백설탕, 소금, 천일염, 가는소금","메뉴명: 돼지고기양송이덮밥
메뉴 대분류: 밥류
메뉴 소분류: 덮밥 및 국밥류
식재료: 돼지고기, 등심, 생것, 멥쌀, 백미, 생것, 양파, 생것, 양송이버섯, 생것, 바비큐 소스, 토마토 케첩, 브로콜리, 생것, 굴 소스, 고추, 청양고추, 생것, 올리브유, 마늘, 생것, 후추, 흰색, 가루, 맛술, 간장, 개량, 양조, 설탕, 백설탕, 소금, 천일염, 가는소금"
D015070,새우살마파두부덮밥,밥류,덮밥 및 국밥류,"두부, 멥쌀, 백미, 생것, 새우, 흰다리새우, 생것, 양파, 생것, 두반장, 돼지고기, 뒷다리, 생것, 당근, 뿌리, 생것, 굴 소스, 고추기름, 파, 쪽파, 생것, 마늘, 다진것, 콩기름, 전분, 옥수수, 가루","메뉴명: 새우살마파두부덮밥
메뉴 대분류: 밥류
메뉴 소분류: 덮밥 및 국밥류
식재료: 두부, 멥쌀, 백미, 생것, 새우, 흰다리새우, 생것, 양파, 생것, 두반장, 돼지고기, 뒷다리, 생것, 당근, 뿌리, 생것, 굴 소스, 고추기름, 파, 쪽파, 생것, 마늘, 다진것, 콩기름, 전분, 옥수수, 가루"
D015071,중화풍마파두부덮밥,밥류,덮밥 및 국밥류,"두부, 연두부, 멥쌀, 백미, 생것, 돼지고기, 뒷다리, 생것, 양파, 생것, 두반장, 당근, 뿌리, 생것, 굴 소스, 콩기름, 고추기름, 파, 쪽파, 생것, 마늘, 다진것, 발효주, 청주, 알코올 16%, 미소, 설탕, 백설탕, 고춧가루, 전분, 감자, 가루, 생강, 뿌리줄기, 생것","메뉴명: 중화풍마파두부덮밥
메뉴 대분류: 밥류
메뉴 소분류: 덮밥 및 국밥류
식재료: 두부, 연두부, 멥쌀, 백미, 생것, 돼지고기, 뒷다리, 생것, 양파, 생것, 두반장, 당근, 뿌리, 생것, 굴 소스, 콩기름, 고추기름, 파, 쪽파, 생것, 마늘, 다진것, 발효주, 청주, 알코올 16%, 미소, 설탕, 백설탕, 고춧가루, 전분, 감자, 가루, 생강, 뿌리줄기, 생것"
D015072,돼지고기마파두부덮밥,밥류,덮밥 및 국밥류,"멥쌀, 백미, 생것, 두부, 돼지고기, 앞다리, 생것, 파프리카, 빨간색, 생것, 피망, 초록색, 생것, 양파, 생것, 면실유, 전분, 감자, 가루, 파, 대파, 생것, 참기름","메뉴명: 돼지고기마파두부덮밥
메뉴 대분류: 밥류
메뉴 소분류: 덮밥 및 국밥류
식재료: 멥쌀, 백미, 생것, 두부, 돼지고기, 앞다리, 생것, 파프리카, 빨간색, 생것, 피망, 초록색, 생것, 양파, 생것, 면실유, 전분, 감자, 가루, 파, 대파, 생것, 참기름"
D015073,코코넛밀크새우그린커리,밥류,덮밥 및 국밥류,"멥쌀, 백미, 생것, 코코넛, 코코넛밀크, 새우, 흰다리새우, 생것, 카레 소스, 가루, 호박, 단호박, 생것, 감자, 대지, 생것, 양파, 생것, 피망, 초록색, 생것, 시금치, 생것, 양송이버섯, 생것, 콩기름","메뉴명: 코코넛밀크새우그린커리
메뉴 대분류: 밥류
메뉴 소분류: 덮밥 및 국밥류
식재료: 멥쌀, 백미, 생것, 코코넛, 코코넛밀크, 새우, 흰다리새우, 생것, 카레 소스, 가루, 호박, 단호박, 생것, 감자, 대지, 생것, 양파, 생것, 피망, 초록색, 생것, 시금치, 생것, 양송이버섯, 생것, 콩기름"
D015074,단호박병아리콩카레라이스,밥류,덮밥 및 국밥류,"멥쌀, 백미, 생것, 호박, 단호박, 생것, 소고기, 한우(1++등급), 앞다리, 생것, 감자, 대지, 생것, 양파, 생것, 카레 소스, 가루, 브로콜리, 생것, 당근, 뿌리, 생것, 파프리카, 빨간색, 생것, 피망, 초록색, 생것, 파프리카, 노란색, 생것","메뉴명: 단호박병아리콩카레라이스
메뉴 대분류: 밥류
메뉴 소분류: 덮밥 및 국밥류
식재료: 멥쌀, 백미, 생것, 호박, 단호박, 생것, 소고기, 한우(1++등급), 앞다리, 생것, 감자, 대지, 생것, 양파, 생것, 카레 소스, 가루, 브로콜리, 생것, 당근, 뿌리, 생것, 파프리카, 빨간색, 생것, 피망, 초록색, 생것, 파프리카, 노란색, 생것"
D015075,팽이버섯덮밥/달걀후라이,밥류,덮밥 및 국밥류,"멥쌀, 백미, 생것, 팽이버섯, 생것, 양파, 생것, 달걀, 생것, 파, 대파, 생것, 맛술, 간장, 개량, 양조, 콩기름, 후추, 흰색, 가루, 참기름, 참깨, 흰색, 볶은것","메뉴명: 팽이버섯덮밥/달걀후라이
메뉴 대분류: 밥류
메뉴 소분류: 덮밥 및 국밥류
식재료: 멥쌀, 백미, 생것, 팽이버섯, 생것, 양파, 생것, 달걀, 생것, 파, 대파, 생것, 맛술, 간장, 개량, 양조, 콩기름, 후추, 흰색, 가루, 참기름, 참깨, 흰색, 볶은것"
D015076,구운달걀 카레덮밥,밥류,덮밥 및 국밥류,"달걀, 생것, 멥쌀, 백미, 생것, 돼지고기, 뒷다리, 생것, 감자, 대지, 생것, 양파, 생것, 카레 소스, 가루, 피망, 초록색, 생것, 당근, 뿌리, 생것, 콩기름, 소금, 천일염, 가는소금","메뉴명: 구운달걀 카레덮밥
메뉴 대분류: 밥류
메뉴 소분류: 덮밥 및 국밥류
식재료: 달걀, 생것, 멥쌀, 백미, 생것, 돼지고기, 뒷다리, 생것, 감자, 대지, 생것, 양파, 생것, 카레 소스, 가루, 피망, 초록색, 생것, 당근, 뿌리, 생것, 콩기름, 소금, 천일염, 가는소금"
D015077,돼지고기 가지덮밥,밥류,덮밥 및 국밥류,"가지, 생것, 돼지고기, 뒷다리, 생것, 양파, 생것, 전분, 감자, 가루, 파, 대파, 생것, 고추, 초록색, 녹광, 생것, 고추, 빨간색, 생것, 굴 소스, 간장, 개량, 양조, 혼합식물성유, 마늘, 생것, 식초, 양조, 소금, 천일염, 가는소금, 설탕, 백설탕, 후추, 흰색, 가루","메뉴명: 돼지고기 가지덮밥
메뉴 대분류: 밥류
메뉴 소분류: 덮밥 및 국밥류
식재료: 가지, 생것, 돼지고기, 뒷다리, 생것, 양파, 생것, 전분, 감자, 가루, 파, 대파, 생것, 고추, 초록색, 녹광, 생것, 고추, 빨간색, 생것, 굴 소스, 간장, 개량, 양조, 혼합식물성유, 마늘, 생것, 식초, 양조, 소금, 천일염, 가는소금, 설탕, 백설탕, 후추, 흰색, 가루"
D015078,묵계밥,밥류,덮밥 및 국밥류,"도토리묵, 올방개묵, 메밀묵, 귀리, 쌀귀리, 도정, 밥, 달걀, 생것, 콩나물, 생것, 닭고기, 가슴, 생것, 마늘, 생것, 파, 대파, 생것, 양파, 생것, 간장, 개량, 양조, 후추, 흰색, 가루, 소금, 천일염, 가는소금","메뉴명: 묵계밥
메뉴 대분류: 밥류
메뉴 소분류: 덮밥 및 국밥류
식재료: 도토리묵, 올방개묵, 메밀묵, 귀리, 쌀귀리, 도정, 밥, 달걀, 생것, 콩나물, 생것, 닭고기, 가슴, 생것, 마늘, 생것, 파, 대파, 생것, 양파, 생것, 간장, 개량, 양조, 후추, 흰색, 가루, 소금, 천일염, 가는소금"
D015079,봄나물밥,밥류,덮밥 및 국밥류,"멥쌀, 현미, 신동진, 생것, 멥쌀, 백미, 신동진, 생것, 쑥갓, 생것, 두릅, 참두릅, 생것, 달래, 생것, 두부, 고추장, 개량, 된장, 개량, 다시마 육수","메뉴명: 봄나물밥
메뉴 대분류: 밥류
메뉴 소분류: 덮밥 및 국밥류
식재료: 멥쌀, 현미, 신동진, 생것, 멥쌀, 백미, 신동진, 생것, 쑥갓, 생것, 두릅, 참두릅, 생것, 달래, 생것, 두부, 고추장, 개량, 된장, 개량, 다시마 육수"
D015080,불고기덮밥,밥류,덮밥 및 국밥류,"멥쌀, 백미, 밥, 소고기, 한우(1++등급), 등심, 생것, 양파, 생것, 고추, 초록색, 녹광, 생것, 고추, 빨간색, 생것, 팽이버섯, 생것, 달걀, 생것, 파, 쪽파, 생것, 콩기름, 참깨, 흰색, 볶은것, 간장, 개량, 양조, 생강청, 마늘, 다진것, 파, 대파, 생것, 후추, 흰색, 가루, 참기름","메뉴명: 불고기덮밥
메뉴 대분류: 밥류
메뉴 소분류: 덮밥 및 국밥류
식재료: 멥쌀, 백미, 밥, 소고기, 한우(1++등급), 등심, 생것, 양파, 생것, 고추, 초록색, 녹광, 생것, 고추, 빨간색, 생것, 팽이버섯, 생것, 달걀, 생것, 파, 쪽파, 생것, 콩기름, 참깨, 흰색, 볶은것, 간장, 개량, 양조, 생강청, 마늘, 다진것, 파, 대파, 생것, 후추, 흰색, 가루, 참기름"
D015081,전복내장밥,밥류,덮밥 및 국밥류,"전복, 북방전복, 생것, 새우, 중하, 생것, 바지락, 생것, 당근, 뿌리, 생것, 연근, 생것, 호박, 단호박, 생것, 찹쌀, 백미, 생것, 마늘, 다진것, 참기름, 증류주, 소주, 희석식, 알코올 17.8%, 후추, 흰색, 가루, 콩기름","메뉴명: 전복내장밥
메뉴 대분류: 밥류
메뉴 소분류: 덮밥 및 국밥류
식재료: 전복, 북방전복, 생것, 새우, 중하, 생것, 바지락, 생것, 당근, 뿌리, 생것, 연근, 생것, 호박, 단호박, 생것, 찹쌀, 백미, 생것, 마늘, 다진것, 참기름, 증류주, 소주, 희석식, 알코올 17.8%, 후추, 흰색, 가루, 콩기름"
D015082,치즈리조또,밥류,덮밥 및 국밥류,"호박, 단호박, 생것, 우유, 치즈, 모차렐라, 멥쌀, 백미, 생것, 표고버섯, 배지재배, 생것, 참기름, 소금, 천일염, 가는소금","메뉴명: 치즈리조또
메뉴 대분류: 밥류
메뉴 소분류: 덮밥 및 국밥류
식재료: 호박, 단호박, 생것, 우유, 치즈, 모차렐라, 멥쌀, 백미, 생것, 표고버섯, 배지재배, 생것, 참기름, 소금, 천일염, 가는소금"
D015083,두부달걀덮밥,밥류,덮밥 및 국밥류,"두부, 가지, 생것, 표고버섯, 배지재배, 생것, 양파, 생것, 달걀, 생것, 멥쌀, 백미, 신동진, 밥, 다랑어, 가다랑어 육수, 다시마, 생것, 후추, 흰색, 가루, 전분, 감자, 가루, 발효주, 청주, 알코올 16%, 설탕, 가루, 간장, 개량, 양조","메뉴명: 두부달걀덮밥
메뉴 대분류: 밥류
메뉴 소분류: 덮밥 및 국밥류
식재료: 두부, 가지, 생것, 표고버섯, 배지재배, 생것, 양파, 생것, 달걀, 생것, 멥쌀, 백미, 신동진, 밥, 다랑어, 가다랑어 육수, 다시마, 생것, 후추, 흰색, 가루, 전분, 감자, 가루, 발효주, 청주, 알코올 16%, 설탕, 가루, 간장, 개량, 양조"
D015084,매생이찰범벅,밥류,덮밥 및 국밥류,"우유, 매생이, 생것, 찹쌀, 백미, 생것, 호박, 단호박, 생것, 밤, 생것, 소금, 천일염, 가는소금, 멸치 육수","메뉴명: 매생이찰범벅
메뉴 대분류: 밥류
메뉴 소분류: 덮밥 및 국밥류
식재료: 우유, 매생이, 생것, 찹쌀, 백미, 생것, 호박, 단호박, 생것, 밤, 생것, 소금, 천일염, 가는소금, 멸치 육수"
D015085,바비큐리조또,밥류,덮밥 및 국밥류,"돼지고기, 삼겹살, 생것, 간장, 개량, 양조, 후추, 검은색, 가루, 식초, 발사믹, 후추, 흰색, 가루, 멥쌀, 백미, 밥, 청국장, 가루, 멸치 육수, 티백, 채소 포함, 감자, 대지, 생것, 올리브유, 부추, 솔부추, 생것, 양배추, 적색, 생것, 사과, 생것, 마늘, 생것","메뉴명: 바비큐리조또
메뉴 대분류: 밥류
메뉴 소분류: 덮밥 및 국밥류
식재료: 돼지고기, 삼겹살, 생것, 간장, 개량, 양조, 후추, 검은색, 가루, 식초, 발사믹, 후추, 흰색, 가루, 멥쌀, 백미, 밥, 청국장, 가루, 멸치 육수, 티백, 채소 포함, 감자, 대지, 생것, 올리브유, 부추, 솔부추, 생것, 양배추, 적색, 생것, 사과, 생것, 마늘, 생것"
D015086,닭가슴살리조또,밥류,덮밥 및 국밥류,"닭고기, 가슴, 생것, 보리, 쌀보리, 찰보리, 도정, 생것, 찹쌀, 백미, 생것, 피망, 초록색, 생것, 표고버섯, 배지재배, 생것, 고추, 청양고추, 생것, 양파, 생것, 마늘, 다진것, 피망, 빨간색, 생것, 크림, 생크림, 우유, 올리브유, 소금, 가공염, 퉁퉁마디(함초), 토마토, 생것","메뉴명: 닭가슴살리조또
메뉴 대분류: 밥류
메뉴 소분류: 덮밥 및 국밥류
식재료: 닭고기, 가슴, 생것, 보리, 쌀보리, 찰보리, 도정, 생것, 찹쌀, 백미, 생것, 피망, 초록색, 생것, 표고버섯, 배지재배, 생것, 고추, 청양고추, 생것, 양파, 생것, 마늘, 다진것, 피망, 빨간색, 생것, 크림, 생크림, 우유, 올리브유, 소금, 가공염, 퉁퉁마디(함초), 토마토, 생것"
D016001,김밥(게맛살),밥류,김(초)밥,"김, 김밥용김, 말린것, 멥쌀, 백미, 밥, 게맛살, 어육함량이 낮은것, 무 절임, 단무지, 시금치, 생것, 달걀, 부침(달걀프라이), 오이, 취청, 생것, 참기름, 참깨, 흰색, 볶은것","메뉴명: 김밥(게맛살)
메뉴 대분류: 밥류
메뉴 소분류: 김(초)밥
식재료: 김, 김밥용김, 말린것, 멥쌀, 백미, 밥, 게맛살, 어육함량이 낮은것, 무 절임, 단무지, 시금치, 생것, 달걀, 부침(달걀프라이), 오이, 취청, 생것, 참기름, 참깨, 흰색, 볶은것"
D016002,김밥(비엔나소시지),밥류,김(초)밥,"김, 김밥용김, 말린것, 멥쌀, 백미, 밥, 소시지, 위너(비엔나)소시지, 무 절임, 단무지, 달걀, 부침(달걀프라이), 시금치, 생것, 어묵, 콩기름, 참기름","메뉴명: 김밥(비엔나소시지)
메뉴 대분류: 밥류
메뉴 소분류: 김(초)밥
식재료: 김, 김밥용김, 말린것, 멥쌀, 백미, 밥, 소시지, 위너(비엔나)소시지, 무 절임, 단무지, 달걀, 부침(달걀프라이), 시금치, 생것, 어묵, 콩기름, 참기름"
D016003,김밥(어묵),밥류,김(초)밥,"김, 김밥용김, 말린것, 멥쌀, 백미, 밥, 어묵, 무 절임, 단무지, 시금치, 생것, 달걀, 부침(달걀프라이), 오이, 취청, 생것, 참기름, 참깨, 흰색, 볶은것","메뉴명: 김밥(어묵)
메뉴 대분류: 밥류
메뉴 소분류: 김(초)밥
식재료: 김, 김밥용김, 말린것, 멥쌀, 백미, 밥, 어묵, 무 절임, 단무지, 시금치, 생것, 달걀, 부침(달걀프라이), 오이, 취청, 생것, 참기름, 참깨, 흰색, 볶은것"
D016004,김밥(햄),밥류,김(초)밥,"김, 김밥용김, 말린것, 멥쌀, 백미, 밥, 햄, 등심햄, 무 절임, 단무지, 시금치, 데친것, 달걀, 부침(달걀프라이), 오이, 취청, 생것, 참기름, 참깨, 흰색, 볶은것","메뉴명: 김밥(햄)
메뉴 대분류: 밥류
메뉴 소분류: 김(초)밥
식재료: 김, 김밥용김, 말린것, 멥쌀, 백미, 밥, 햄, 등심햄, 무 절임, 단무지, 시금치, 데친것, 달걀, 부침(달걀프라이), 오이, 취청, 생것, 참기름, 참깨, 흰색, 볶은것"
D016005,미역유부밥(새우젓),밥류,김(초)밥,"미역, 염장, 데친것, 두부, 유부, 멥쌀, 백미, 밥, 새우, 젓새우, 생것","메뉴명: 미역유부밥(새우젓)
메뉴 대분류: 밥류
메뉴 소분류: 김(초)밥
식재료: 미역, 염장, 데친것, 두부, 유부, 멥쌀, 백미, 밥, 새우, 젓새우, 생것"
D016006,주먹밥,밥류,김(초)밥,"멥쌀, 백미, 밥, 당근, 뿌리, 생것, 양파, 생것, 오이, 취청, 생것, 소고기, 한우, 등심, 구운것(팬), 들깨, 볶은것, 소금, 천일염, 가는소금, 마늘, 생것, 참기름, 후추, 검은색, 가루","메뉴명: 주먹밥
메뉴 대분류: 밥류
메뉴 소분류: 김(초)밥
식재료: 멥쌀, 백미, 밥, 당근, 뿌리, 생것, 양파, 생것, 오이, 취청, 생것, 소고기, 한우, 등심, 구운것(팬), 들깨, 볶은것, 소금, 천일염, 가는소금, 마늘, 생것, 참기름, 후추, 검은색, 가루"
D016007,초밥(문어),밥류,김(초)밥,"식초, 감식초, 멥쌀, 백미, 밥, 문어, 생것, 설탕, 백설탕, 간장, 개량, 양조, 소금, 천일염, 가는소금, 겨자, 가루","메뉴명: 초밥(문어)
메뉴 대분류: 밥류
메뉴 소분류: 김(초)밥
식재료: 식초, 감식초, 멥쌀, 백미, 밥, 문어, 생것, 설탕, 백설탕, 간장, 개량, 양조, 소금, 천일염, 가는소금, 겨자, 가루"
D016008,초밥(새우),밥류,김(초)밥,"식초, 감식초, 멥쌀, 백미, 밥, 새우, 중하, 생것, 설탕, 백설탕, 간장, 개량, 양조, 소금, 천일염, 가는소금, 겨자, 가루","메뉴명: 초밥(새우)
메뉴 대분류: 밥류
메뉴 소분류: 김(초)밥
식재료: 식초, 감식초, 멥쌀, 백미, 밥, 새우, 중하, 생것, 설탕, 백설탕, 간장, 개량, 양조, 소금, 천일염, 가는소금, 겨자, 가루"
D016009,초밥(연어),밥류,김(초)밥,"식초, 감식초, 멥쌀, 백미, 밥, 연어, 생것, 설탕, 백설탕, 간장, 개량, 양조, 소금, 천일염, 가는소금, 겨자, 가루","메뉴명: 초밥(연어)
메뉴 대분류: 밥류
메뉴 소분류: 김(초)밥
식재료: 식초, 감식초, 멥쌀, 백미, 밥, 연어, 생것, 설탕, 백설탕, 간장, 개량, 양조, 소금, 천일염, 가는소금, 겨자, 가루"
D016010,초밥(유부),밥류,김(초)밥,"식초, 감식초, 멥쌀, 백미, 밥, 두부, 유부, 시금치, 데친것, 설탕, 백설탕, 참기름, 간장, 개량, 양조, 참깨, 흰색, 볶은것, 소금, 천일염, 가는소금","메뉴명: 초밥(유부)
메뉴 대분류: 밥류
메뉴 소분류: 김(초)밥
식재료: 식초, 감식초, 멥쌀, 백미, 밥, 두부, 유부, 시금치, 데친것, 설탕, 백설탕, 참기름, 간장, 개량, 양조, 참깨, 흰색, 볶은것, 소금, 천일염, 가는소금"
D016011,초밥(장어),밥류,김(초)밥,"식초, 감식초, 멥쌀, 백미, 밥, 장어, 먹장어, 생것, 설탕, 백설탕, 간장, 개량, 양조, 소금, 천일염, 가는소금, 겨자, 가루","메뉴명: 초밥(장어)
메뉴 대분류: 밥류
메뉴 소분류: 김(초)밥
식재료: 식초, 감식초, 멥쌀, 백미, 밥, 장어, 먹장어, 생것, 설탕, 백설탕, 간장, 개량, 양조, 소금, 천일염, 가는소금, 겨자, 가루"
D016012,초밥(참치),밥류,김(초)밥,"식초, 감식초, 멥쌀, 백미, 밥, 다랑어, 황다랑어, 생것, 설탕, 백설탕, 간장, 개량, 양조, 소금, 천일염, 가는소금, 겨자, 가루","메뉴명: 초밥(참치)
메뉴 대분류: 밥류
메뉴 소분류: 김(초)밥
식재료: 식초, 감식초, 멥쌀, 백미, 밥, 다랑어, 황다랑어, 생것, 설탕, 백설탕, 간장, 개량, 양조, 소금, 천일염, 가는소금, 겨자, 가루"
D016019,기장상추주먹밥,밥류,김(초)밥,"기장, 도정, 생것, 멥쌀, 백미, 생것, 생수, 달래, 생것, 상추, 잎상추, 치마상추, 녹색, 생것, 소금, 천일염, 가는소금, 참깨, 흰색, 볶은것, 참기름, 고추, 빨간색, 생것, 마늘, 생것, 된장, 개량, 고추장, 개량, 물엿","메뉴명: 기장상추주먹밥
메뉴 대분류: 밥류
메뉴 소분류: 김(초)밥
식재료: 기장, 도정, 생것, 멥쌀, 백미, 생것, 생수, 달래, 생것, 상추, 잎상추, 치마상추, 녹색, 생것, 소금, 천일염, 가는소금, 참깨, 흰색, 볶은것, 참기름, 고추, 빨간색, 생것, 마늘, 생것, 된장, 개량, 고추장, 개량, 물엿"
D016020,두부초밥,밥류,김(초)밥,"즉석밥, 잡곡밥(멥쌀, 찹쌀, 흑미, 팥, 기장, 찰수수), 두부, 김, 김밥용김, 말린것, 소금, 천일염, 가는소금, 설탕, 백설탕, 간장, 개량, 양조, 맛술, 식초, 감식초","메뉴명: 두부초밥
메뉴 대분류: 밥류
메뉴 소분류: 김(초)밥
식재료: 즉석밥, 잡곡밥(멥쌀, 찹쌀, 흑미, 팥, 기장, 찰수수), 두부, 김, 김밥용김, 말린것, 소금, 천일염, 가는소금, 설탕, 백설탕, 간장, 개량, 양조, 맛술, 식초, 감식초"
D016021,수수떡갈비김밥,밥류,김(초)밥,"수수, 도정, 생것, 멥쌀, 백미, 생것, 생수, 양파, 생것, 양송이버섯, 생것, 김, 김밥용김, 말린것, 소고기, 한우(1등급), 우둔, 생것, 무 절임, 단무지, 우엉, 생것, 설탕, 백설탕, 전분, 감자, 가루, 간장, 개량, 양조, 발효주, 청주, 알코올 16%, 마늘, 생것, 파, 대파, 생것, 생강 페이스트, 참기름, 콩기름, 매실청, 소금, 천일염, 가는소금, 참깨, 흰색, 볶은것","메뉴명: 수수떡갈비김밥
메뉴 대분류: 밥류
메뉴 소분류: 김(초)밥
식재료: 수수, 도정, 생것, 멥쌀, 백미, 생것, 생수, 양파, 생것, 양송이버섯, 생것, 김, 김밥용김, 말린것, 소고기, 한우(1등급), 우둔, 생것, 무 절임, 단무지, 우엉, 생것, 설탕, 백설탕, 전분, 감자, 가루, 간장, 개량, 양조, 발효주, 청주, 알코올 16%, 마늘, 생것, 파, 대파, 생것, 생강 페이스트, 참기름, 콩기름, 매실청, 소금, 천일염, 가는소금, 참깨, 흰색, 볶은것"
D016022,우리통밀 뿌리채소주먹밥,밥류,김(초)밥,"밀, 통밀, 생것, 즉석밥, 잡곡밥(멥쌀, 찹쌀, 흑미, 팥, 기장, 찰수수), 찹쌀, 백미, 생것, 생수, 소고기, 한우(1등급), 우둔(우둔살), 생것, 우엉, 생것, 당근, 뿌리, 생것, 발효주, 청주, 알코올 16%, 간장, 개량, 양조, 물엿, 후추, 검은색, 가루, 참기름","메뉴명: 우리통밀 뿌리채소주먹밥
메뉴 대분류: 밥류
메뉴 소분류: 김(초)밥
식재료: 밀, 통밀, 생것, 즉석밥, 잡곡밥(멥쌀, 찹쌀, 흑미, 팥, 기장, 찰수수), 찹쌀, 백미, 생것, 생수, 소고기, 한우(1등급), 우둔(우둔살), 생것, 우엉, 생것, 당근, 뿌리, 생것, 발효주, 청주, 알코올 16%, 간장, 개량, 양조, 물엿, 후추, 검은색, 가루, 참기름"
D016023,현미채소초밥,밥류,김(초)밥,"멥쌀, 현미, 생것, 멥쌀, 백미, 생것, 생수, 가지, 생것, 큰느타리버섯(새송이버섯), 생것, 고추냉이, 페이스트, 소금, 천일염, 가는소금, 설탕, 백설탕, 식초, 감식초, 물엿, 간장, 개량, 양조","메뉴명: 현미채소초밥
메뉴 대분류: 밥류
메뉴 소분류: 김(초)밥
식재료: 멥쌀, 현미, 생것, 멥쌀, 백미, 생것, 생수, 가지, 생것, 큰느타리버섯(새송이버섯), 생것, 고추냉이, 페이스트, 소금, 천일염, 가는소금, 설탕, 백설탕, 식초, 감식초, 물엿, 간장, 개량, 양조"
D016024,김주먹밥,밥류,김(초)밥,"멥쌀, 백미, 생것, 김, 참김, 구운것, 참기름, 참깨, 흰색, 볶은것, 소금, 천일염, 가는소금","메뉴명: 김주먹밥
메뉴 대분류: 밥류
메뉴 소분류: 김(초)밥
식재료: 멥쌀, 백미, 생것, 김, 참김, 구운것, 참기름, 참깨, 흰색, 볶은것, 소금, 천일염, 가는소금"
D016025,충무김밥,밥류,김(초)밥,"멥쌀, 백미, 생것, 오징어, 생것, 어묵, 고춧가루, 매실청, 간장, 개량, 양조, 참기름, 까나리, 액젓, 설탕, 백설탕, 물엿","메뉴명: 충무김밥
메뉴 대분류: 밥류
메뉴 소분류: 김(초)밥
식재료: 멥쌀, 백미, 생것, 오징어, 생것, 어묵, 고춧가루, 매실청, 간장, 개량, 양조, 참기름, 까나리, 액젓, 설탕, 백설탕, 물엿"
D016026,참치주먹밥,밥류,김(초)밥,"멥쌀, 백미, 생것, 다랑어, 가다랑어, 통조림, 유지, 감자, 대지, 생것, 호박, 애호박, 생것, 양파, 생것, 당근, 뿌리, 생것, 간장, 개량, 양조, 콩기름, 참기름, 참깨, 흰색, 볶은것","메뉴명: 참치주먹밥
메뉴 대분류: 밥류
메뉴 소분류: 김(초)밥
식재료: 멥쌀, 백미, 생것, 다랑어, 가다랑어, 통조림, 유지, 감자, 대지, 생것, 호박, 애호박, 생것, 양파, 생것, 당근, 뿌리, 생것, 간장, 개량, 양조, 콩기름, 참기름, 참깨, 흰색, 볶은것"
D016027,김가루주먹밥,밥류,김(초)밥,"멥쌀, 백미, 생것, 햄, 등심햄, 찹쌀, 백미, 생것, 무 절임, 단무지, 양파, 생것, 당근, 뿌리, 생것, 김, 참김, 구운것, 참깨, 흰색, 볶은것, 소금, 천일염, 가는소금, 참기름","메뉴명: 김가루주먹밥
메뉴 대분류: 밥류
메뉴 소분류: 김(초)밥
식재료: 멥쌀, 백미, 생것, 햄, 등심햄, 찹쌀, 백미, 생것, 무 절임, 단무지, 양파, 생것, 당근, 뿌리, 생것, 김, 참김, 구운것, 참깨, 흰색, 볶은것, 소금, 천일염, 가는소금, 참기름"
D016028,묵은지주먹밥,밥류,김(초)밥,"김치, 배추 김치, 멥쌀, 백미, 생것, 다랑어, 가다랑어, 통조림, 유지, 쌈장, 설탕, 백설탕, 참기름, 참깨, 흰색, 볶은것, 마늘, 다진것, 고추, 빨간색, 생것, 후추, 검은색, 가루","메뉴명: 묵은지주먹밥
메뉴 대분류: 밥류
메뉴 소분류: 김(초)밥
식재료: 김치, 배추 김치, 멥쌀, 백미, 생것, 다랑어, 가다랑어, 통조림, 유지, 쌈장, 설탕, 백설탕, 참기름, 참깨, 흰색, 볶은것, 마늘, 다진것, 고추, 빨간색, 생것, 후추, 검은색, 가루"
D016029,소고기주먹밥,밥류,김(초)밥,"멥쌀, 백미, 생것, 소고기, 한우(1++등급), 앞다리, 생것, 양파, 생것, 피망, 초록색, 생것, 당근, 뿌리, 생것, 소금, 천일염, 가는소금, 참기름, 마늘, 생것, 후추, 검은색, 가루","메뉴명: 소고기주먹밥
메뉴 대분류: 밥류
메뉴 소분류: 김(초)밥
식재료: 멥쌀, 백미, 생것, 소고기, 한우(1++등급), 앞다리, 생것, 양파, 생것, 피망, 초록색, 생것, 당근, 뿌리, 생것, 소금, 천일염, 가는소금, 참기름, 마늘, 생것, 후추, 검은색, 가루"
D016030,햄채소주먹밥,밥류,김(초)밥,"멥쌀, 백미, 생것, 햄, 슬라이스햄, 호박, 애호박, 생것, 양파, 생것, 당근, 뿌리, 생것, 콩기름, 참기름, 소금, 천일염, 가는소금, 참깨, 흰색, 볶은것","메뉴명: 햄채소주먹밥
메뉴 대분류: 밥류
메뉴 소분류: 김(초)밥
식재료: 멥쌀, 백미, 생것, 햄, 슬라이스햄, 호박, 애호박, 생것, 양파, 생것, 당근, 뿌리, 생것, 콩기름, 참기름, 소금, 천일염, 가는소금, 참깨, 흰색, 볶은것"
D016031,잔멸치김가루주먹밥(소),밥류,김(초)밥,"멥쌀, 백미, 생것, 멸치, 잔멸치, 삶아서 말린것, 콩기름, 물엿, 김, 참김, 구운것, 설탕, 백설탕, 참깨, 흰색, 볶은것","메뉴명: 잔멸치김가루주먹밥(소)
메뉴 대분류: 밥류
메뉴 소분류: 김(초)밥
식재료: 멥쌀, 백미, 생것, 멸치, 잔멸치, 삶아서 말린것, 콩기름, 물엿, 김, 참김, 구운것, 설탕, 백설탕, 참깨, 흰색, 볶은것"
D016032,봄주먹밥,밥류,김(초)밥,"배추, 봄동, 생것, 들깻잎, 생것, 낙지, 생것, 참기름, 두릅, 참두릅, 생것, 올리브유, 미나리, 물미나리, 생것, 꼬막, 생것, 멥쌀, 백미, 신동진, 밥, 참깨, 흰색, 볶은것, 양파, 생것, 당근, 뿌리, 생것, 호박, 애호박, 생것, 된장, 개량, 고춧가루, 마늘, 다진것, 고추, 빨간색, 생것, 고추, 청양고추, 생것, 두부","메뉴명: 봄주먹밥
메뉴 대분류: 밥류
메뉴 소분류: 김(초)밥
식재료: 배추, 봄동, 생것, 들깻잎, 생것, 낙지, 생것, 참기름, 두릅, 참두릅, 생것, 올리브유, 미나리, 물미나리, 생것, 꼬막, 생것, 멥쌀, 백미, 신동진, 밥, 참깨, 흰색, 볶은것, 양파, 생것, 당근, 뿌리, 생것, 호박, 애호박, 생것, 된장, 개량, 고춧가루, 마늘, 다진것, 고추, 빨간색, 생것, 고추, 청양고추, 생것, 두부"
D016033,양배추롤,밥류,김(초)밥,"멥쌀, 현미, 생것, 멥쌀, 백미, 생것, 다시마, 말린것, 양배추, 생것, 소고기, 한우(1++등급), 앞다리(부채살), 생것, 고추, 빨간색, 생것, 달래, 생것, 간장, 개량, 양조, 참기름","메뉴명: 양배추롤
메뉴 대분류: 밥류
메뉴 소분류: 김(초)밥
식재료: 멥쌀, 현미, 생것, 멥쌀, 백미, 생것, 다시마, 말린것, 양배추, 생것, 소고기, 한우(1++등급), 앞다리(부채살), 생것, 고추, 빨간색, 생것, 달래, 생것, 간장, 개량, 양조, 참기름"
D016034,구운주먹밥,밥류,김(초)밥,"멥쌀, 현미, 신동진, 생것, 톳, 생것, 김, 참김, 생것, 달걀, 생것, 참기름, 참깨, 흰색, 볶은것, 설탕, 가루, 식초, 사과식초","메뉴명: 구운주먹밥
메뉴 대분류: 밥류
메뉴 소분류: 김(초)밥
식재료: 멥쌀, 현미, 신동진, 생것, 톳, 생것, 김, 참김, 생것, 달걀, 생것, 참기름, 참깨, 흰색, 볶은것, 설탕, 가루, 식초, 사과식초"
D016035,깐풍주먹밥,밥류,김(초)밥,"새우, 흰다리새우, 생것, 소고기, 한우(1등급), 안심, 생것, 후추, 흰색, 가루, 참기름, 찹쌀, 현미, 보람찰, 밥, 밀, 중력밀가루, 파인애플, 생것, 부추, 산부추, 생것, 마늘, 다진것, 고추, 빨간색, 생것, 고추, 풋고추, 생것, 식초, 사과식초, 갯나물, 퉁퉁마디(함초), 노지, 생것, 설탕, 가루","메뉴명: 깐풍주먹밥
메뉴 대분류: 밥류
메뉴 소분류: 김(초)밥
식재료: 새우, 흰다리새우, 생것, 소고기, 한우(1등급), 안심, 생것, 후추, 흰색, 가루, 참기름, 찹쌀, 현미, 보람찰, 밥, 밀, 중력밀가루, 파인애플, 생것, 부추, 산부추, 생것, 마늘, 다진것, 고추, 빨간색, 생것, 고추, 풋고추, 생것, 식초, 사과식초, 갯나물, 퉁퉁마디(함초), 노지, 생것, 설탕, 가루"
D016036,닭봉주먹밥,밥류,김(초)밥,"닭고기, 다리(아랫다리), 생것, 우유, 호박, 단호박, 생것, 큰느타리버섯(새송이버섯), 생것, 가지, 생것, 호박, 쥬키니, 생것, 당근, 뿌리, 생것, 양파, 생것, 무청, 시래기, 말린것, 삶은것, 치즈, 모차렐라, 멥쌀, 백미, 신동진, 밥, 비타민채(다채), 어린잎, 생것, 후추, 흰색, 가루, 참기름, 간장, 개량, 양조, 레몬 착즙, 마요네즈, 꿀, 참깨, 흰색, 볶은것","메뉴명: 닭봉주먹밥
메뉴 대분류: 밥류
메뉴 소분류: 김(초)밥
식재료: 닭고기, 다리(아랫다리), 생것, 우유, 호박, 단호박, 생것, 큰느타리버섯(새송이버섯), 생것, 가지, 생것, 호박, 쥬키니, 생것, 당근, 뿌리, 생것, 양파, 생것, 무청, 시래기, 말린것, 삶은것, 치즈, 모차렐라, 멥쌀, 백미, 신동진, 밥, 비타민채(다채), 어린잎, 생것, 후추, 흰색, 가루, 참기름, 간장, 개량, 양조, 레몬 착즙, 마요네즈, 꿀, 참깨, 흰색, 볶은것"
D016037,깻잎장아찌롤,밥류,김(초)밥,"멥쌀, 백미, 신동진, 생것, 들깻잎장아찌, 김, 김밥용김, 말린것, 비타민채(다채), 어린잎, 생것, 참기름, 참깨, 흰색, 볶은것, 양파, 생것, 오이 피클, 달걀, 삶은것, 마요네즈, 머스타드 소스, 설탕, 가루","메뉴명: 깻잎장아찌롤
메뉴 대분류: 밥류
메뉴 소분류: 김(초)밥
식재료: 멥쌀, 백미, 신동진, 생것, 들깻잎장아찌, 김, 김밥용김, 말린것, 비타민채(다채), 어린잎, 생것, 참기름, 참깨, 흰색, 볶은것, 양파, 생것, 오이 피클, 달걀, 삶은것, 마요네즈, 머스타드 소스, 설탕, 가루"
D016038,새싹참치김밥,밥류,김(초)밥,"파프리카, 빨간색, 생것, 파인애플, 생것, 달걀, 생것, 김, 김밥용김, 말린것, 멥쌀, 백미, 신동진, 밥, 비타민채(다채), 어린잎, 생것, 다랑어, 가다랑어, 통조림, 유지, 간장, 개량, 양조, 마요네즈, 설탕, 가루","메뉴명: 새싹참치김밥
메뉴 대분류: 밥류
메뉴 소분류: 김(초)밥
식재료: 파프리카, 빨간색, 생것, 파인애플, 생것, 달걀, 생것, 김, 김밥용김, 말린것, 멥쌀, 백미, 신동진, 밥, 비타민채(다채), 어린잎, 생것, 다랑어, 가다랑어, 통조림, 유지, 간장, 개량, 양조, 마요네즈, 설탕, 가루"
D016039,참치비빔밥롤,밥류,김(초)밥,"멥쌀, 백미, 신동진, 생것, 완두, 생것, 달걀, 생것, 호박, 쥬키니, 생것, 당근, 뿌리, 생것, 가지, 생것, 다랑어, 가다랑어, 통조림, 유지, 김, 김밥용김, 말린것, 케일, 생것, 후추, 흰색, 가루, 올리브유, 식초, 사과식초, 사과, 생것, 로즈메리, 말린것, 꿀, 토마토, 통조림, 페이스트, 고추, 초록색, 녹광, 생것","메뉴명: 참치비빔밥롤
메뉴 대분류: 밥류
메뉴 소분류: 김(초)밥
식재료: 멥쌀, 백미, 신동진, 생것, 완두, 생것, 달걀, 생것, 호박, 쥬키니, 생것, 당근, 뿌리, 생것, 가지, 생것, 다랑어, 가다랑어, 통조림, 유지, 김, 김밥용김, 말린것, 케일, 생것, 후추, 흰색, 가루, 올리브유, 식초, 사과식초, 사과, 생것, 로즈메리, 말린것, 꿀, 토마토, 통조림, 페이스트, 고추, 초록색, 녹광, 생것"
D016040,오징어불고기김밥,밥류,김(초)밥,"오징어, 생것, 파프리카, 빨간색, 생것, 당근, 뿌리, 생것, 피망, 빨간색, 생것, 멥쌀, 백미, 신동진, 밥, 소고기, 한우(1++등급), 우둔(우둔살), 생것, 달걀, 생것, 김, 김밥용김, 말린것, 들깻잎, 생것, 큰느타리버섯(새송이버섯), 생것, 참기름, 고추장, 개량, 매실청","메뉴명: 오징어불고기김밥
메뉴 대분류: 밥류
메뉴 소분류: 김(초)밥
식재료: 오징어, 생것, 파프리카, 빨간색, 생것, 당근, 뿌리, 생것, 피망, 빨간색, 생것, 멥쌀, 백미, 신동진, 밥, 소고기, 한우(1++등급), 우둔(우둔살), 생것, 달걀, 생것, 김, 김밥용김, 말린것, 들깻잎, 생것, 큰느타리버섯(새송이버섯), 생것, 참기름, 고추장, 개량, 매실청"
D016041,채소 초밥,밥류,김(초)밥,"바지락, 생것, 멥쌀, 현미, 생것, 찹쌀, 현미, 동진찰, 생것, 호박, 애호박, 생것, 큰느타리버섯(새송이버섯), 생것, 우엉, 생것, 파프리카, 빨간색, 생것, 파프리카, 노란색, 생것, 파프리카, 주황색, 생것, 식초, 사과식초, 설탕, 가루, 파래, 말린것, 맛술, 레몬, 생것, 다시마, 말린것","메뉴명: 채소 초밥
메뉴 대분류: 밥류
메뉴 소분류: 김(초)밥
식재료: 바지락, 생것, 멥쌀, 현미, 생것, 찹쌀, 현미, 동진찰, 생것, 호박, 애호박, 생것, 큰느타리버섯(새송이버섯), 생것, 우엉, 생것, 파프리카, 빨간색, 생것, 파프리카, 노란색, 생것, 파프리카, 주황색, 생것, 식초, 사과식초, 설탕, 가루, 파래, 말린것, 맛술, 레몬, 생것, 다시마, 말린것"
D017001,밤밥,밥류,기타,"멥쌀, 백미, 생것, 밤, 생것, 찹쌀, 백미, 생것","메뉴명: 밤밥
메뉴 대분류: 밥류
메뉴 소분류: 기타
식재료: 멥쌀, 백미, 생것, 밤, 생것, 찹쌀, 백미, 생것"
D017002,강황밥,밥류,기타,"멥쌀, 백미, 생것, 찹쌀, 백미, 생것, 강황, 가루","메뉴명: 강황밥
메뉴 대분류: 밥류
메뉴 소분류: 기타
식재료: 멥쌀, 백미, 생것, 찹쌀, 백미, 생것, 강황, 가루"
D017003,굴무밥,밥류,기타,"굴, 참굴, 생것, 멥쌀, 백미, 생것, 무, 조선무, 생것, 표고버섯, 배지재배, 생것","메뉴명: 굴무밥
메뉴 대분류: 밥류
메뉴 소분류: 기타
식재료: 굴, 참굴, 생것, 멥쌀, 백미, 생것, 무, 조선무, 생것, 표고버섯, 배지재배, 생것"
D017004,녹차밥,밥류,기타,"멥쌀, 백미, 생것, 찹쌀, 현미, 흑미, 생것, 녹차, 현미","메뉴명: 녹차밥
메뉴 대분류: 밥류
메뉴 소분류: 기타
식재료: 멥쌀, 백미, 생것, 찹쌀, 현미, 흑미, 생것, 녹차, 현미"
D017005,영양밥,밥류,기타,"찹쌀, 백미, 생것, 멥쌀, 백미, 생것, 밤, 통조림, 표고버섯, 배지재배, 생것, 인삼, 수삼, 생것","메뉴명: 영양밥
메뉴 대분류: 밥류
메뉴 소분류: 기타
식재료: 찹쌀, 백미, 생것, 멥쌀, 백미, 생것, 밤, 통조림, 표고버섯, 배지재배, 생것, 인삼, 수삼, 생것"
D017006,홍합밥,밥류,기타,"멥쌀, 백미, 생것, 담치, 참담치(홍합), 생것, 간장, 개량, 양조, 참기름, 다시마, 말린것","메뉴명: 홍합밥
메뉴 대분류: 밥류
메뉴 소분류: 기타
식재료: 멥쌀, 백미, 생것, 담치, 참담치(홍합), 생것, 간장, 개량, 양조, 참기름, 다시마, 말린것"
D017007,닭고기솥밥,밥류,기타,"멥쌀, 백미, 생것, 닭고기, 다리(넓적다리), 생것, 우엉, 생것, 은행, 생것, 다시마, 생것, 맛술, 간장, 개량, 양조, 소금, 천일염, 가는소금","메뉴명: 닭고기솥밥
메뉴 대분류: 밥류
메뉴 소분류: 기타
식재료: 멥쌀, 백미, 생것, 닭고기, 다리(넓적다리), 생것, 우엉, 생것, 은행, 생것, 다시마, 생것, 맛술, 간장, 개량, 양조, 소금, 천일염, 가는소금"
D017008,클로렐라밥,밥류,기타,"멥쌀, 백미, 생것, 찹쌀, 백미, 생것, 클로렐라, 말린것","메뉴명: 클로렐라밥
메뉴 대분류: 밥류
메뉴 소분류: 기타
식재료: 멥쌀, 백미, 생것, 찹쌀, 백미, 생것, 클로렐라, 말린것"
D017009,소불고기브리또,밥류,기타,"멥쌀, 백미, 생것, 소고기, 한우(1++등급), 앞다리, 생것, 스파게티 소스, 토마토, 병조림, 빵, 또띠아, 밀, 치즈, 모차렐라, 양파, 생것, 파프리카, 빨간색, 생것, 피망, 초록색, 생것, 소금, 천일염, 소금꽃, 후추, 흰색, 가루","메뉴명: 소불고기브리또
메뉴 대분류: 밥류
메뉴 소분류: 기타
식재료: 멥쌀, 백미, 생것, 소고기, 한우(1++등급), 앞다리, 생것, 스파게티 소스, 토마토, 병조림, 빵, 또띠아, 밀, 치즈, 모차렐라, 양파, 생것, 파프리카, 빨간색, 생것, 피망, 초록색, 생것, 소금, 천일염, 소금꽃, 후추, 흰색, 가루"
D017010,제주고구마밥(향토-제주도),밥류,기타,"멥쌀, 백미, 생것, 고구마, 생것","메뉴명: 제주고구마밥(향토-제주도)
메뉴 대분류: 밥류
메뉴 소분류: 기타
식재료: 멥쌀, 백미, 생것, 고구마, 생것"
D017011,이천영양밥(향토-경기도),밥류,기타,"멥쌀, 백미, 생것, 찹쌀, 백미, 생것, 밤, 통조림, 표고버섯, 배지재배, 생것, 인삼, 수삼, 생것","메뉴명: 이천영양밥(향토-경기도)
메뉴 대분류: 밥류
메뉴 소분류: 기타
식재료: 멥쌀, 백미, 생것, 찹쌀, 백미, 생것, 밤, 통조림, 표고버섯, 배지재배, 생것, 인삼, 수삼, 생것"
D021001,건포도빵,과자 및 빵류,빵류,"빵, 건포도빵","메뉴명: 건포도빵
메뉴 대분류: 과자 및 빵류
메뉴 소분류: 빵류
식재료: 빵, 건포도빵"
D021002,곰보빵,과자 및 빵류,빵류,"빵, 곰보빵","메뉴명: 곰보빵
메뉴 대분류: 과자 및 빵류
메뉴 소분류: 빵류
식재료: 빵, 곰보빵"
D021003,단팥빵,과자 및 빵류,빵류,"빵, 팥빵","메뉴명: 단팥빵
메뉴 대분류: 과자 및 빵류
메뉴 소분류: 빵류
식재료: 빵, 팥빵"
D021004,도우넛(링),과자 및 빵류,빵류,"빵, 도넛, 링","메뉴명: 도우넛(링)
메뉴 대분류: 과자 및 빵류
메뉴 소분류: 빵류
식재료: 빵, 도넛, 링"
D021005,도우넛(팥),과자 및 빵류,빵류,"빵, 도넛, 팥","메뉴명: 도우넛(팥)
메뉴 대분류: 과자 및 빵류
메뉴 소분류: 빵류
식재료: 빵, 도넛, 팥"
D021006,바게트빵,과자 및 빵류,빵류,"빵, 바게트","메뉴명: 바게트빵
메뉴 대분류: 과자 및 빵류
메뉴 소분류: 빵류
식재료: 빵, 바게트"
D021007,식빵(옥수수),과자 및 빵류,빵류,"빵, 식빵, 옥수수","메뉴명: 식빵(옥수수)
메뉴 대분류: 과자 및 빵류
메뉴 소분류: 빵류
식재료: 빵, 식빵, 옥수수"
D021009,토스트,과자 및 빵류,빵류,"빵, 식빵, 버터 첨가","메뉴명: 토스트
메뉴 대분류: 과자 및 빵류
메뉴 소분류: 빵류
식재료: 빵, 식빵, 버터 첨가"
D021010,팬케이크,과자 및 빵류,빵류,"밀, 팬케이크가루, 달걀, 부침(달걀프라이), 우유, 콩기름","메뉴명: 팬케이크
메뉴 대분류: 과자 및 빵류
메뉴 소분류: 빵류
식재료: 밀, 팬케이크가루, 달걀, 부침(달걀프라이), 우유, 콩기름"
D021011,프렌치토스트,과자 및 빵류,빵류,"빵, 식빵, 버터 첨가, 달걀, 부침(달걀프라이), 우유, 버터, 가염, 소금, 천일염, 가는소금","메뉴명: 프렌치토스트
메뉴 대분류: 과자 및 빵류
메뉴 소분류: 빵류
식재료: 빵, 식빵, 버터 첨가, 달걀, 부침(달걀프라이), 우유, 버터, 가염, 소금, 천일염, 가는소금"
D021012,"피자(슈퍼슈프림, 냉동)",과자 및 빵류,빵류,"피자, 콤비네이션 피자, 냉동, 전자레인지 조리","메뉴명: 피자(슈퍼슈프림, 냉동)
메뉴 대분류: 과자 및 빵류
메뉴 소분류: 빵류
식재료: 피자, 콤비네이션 피자, 냉동, 전자레인지 조리"
D021013,핫도그(냉동),과자 및 빵류,빵류,"핫도그, 냉동","메뉴명: 핫도그(냉동)
메뉴 대분류: 과자 및 빵류
메뉴 소분류: 빵류
식재료: 핫도그, 냉동"
D021014,햄버거(소고기패티),과자 및 빵류,빵류,"햄버거, 소고기패티","메뉴명: 햄버거(소고기패티)
메뉴 대분류: 과자 및 빵류
메뉴 소분류: 빵류
식재료: 햄버거, 소고기패티"
D021023,꽈배기빵,과자 및 빵류,빵류,"빵, 꽈배기","메뉴명: 꽈배기빵
메뉴 대분류: 과자 및 빵류
메뉴 소분류: 빵류
식재료: 빵, 꽈배기"
D021024,롤빵(하드),과자 및 빵류,빵류,"빵, 롤빵, 하드","메뉴명: 롤빵(하드)
메뉴 대분류: 과자 및 빵류
메뉴 소분류: 빵류
식재료: 빵, 롤빵, 하드"
D021025,롤빵(소프트),과자 및 빵류,빵류,"빵, 롤빵, 소프트","메뉴명: 롤빵(소프트)
메뉴 대분류: 과자 및 빵류
메뉴 소분류: 빵류
식재료: 빵, 롤빵, 소프트"
D021026,마늘빵,과자 및 빵류,빵류,"빵, 마늘빵","메뉴명: 마늘빵
메뉴 대분류: 과자 및 빵류
메뉴 소분류: 빵류
식재료: 빵, 마늘빵"
D021027,머핀(우유),과자 및 빵류,빵류,"빵, 머핀, 우유","메뉴명: 머핀(우유)
메뉴 대분류: 과자 및 빵류
메뉴 소분류: 빵류
식재료: 빵, 머핀, 우유"
D021028,모닝빵,과자 및 빵류,빵류,"빵, 모닝빵","메뉴명: 모닝빵
메뉴 대분류: 과자 및 빵류
메뉴 소분류: 빵류
식재료: 빵, 모닝빵"
D021029,모카빵,과자 및 빵류,빵류,"빵, 모카빵","메뉴명: 모카빵
메뉴 대분류: 과자 및 빵류
메뉴 소분류: 빵류
식재료: 빵, 모카빵"
D021030,베이글,과자 및 빵류,빵류,"빵, 베이글","메뉴명: 베이글
메뉴 대분류: 과자 및 빵류
메뉴 소분류: 빵류
식재료: 빵, 베이글"
D021031,식빵,과자 및 빵류,빵류,"빵, 식빵, 버터 첨가","메뉴명: 식빵
메뉴 대분류: 과자 및 빵류
메뉴 소분류: 빵류
식재료: 빵, 식빵, 버터 첨가"
D021032,식빵(우유),과자 및 빵류,빵류,"빵, 식빵, 우유","메뉴명: 식빵(우유)
메뉴 대분류: 과자 및 빵류
메뉴 소분류: 빵류
식재료: 빵, 식빵, 우유"
D021033,옥수수빵,과자 및 빵류,빵류,"빵, 옥수수빵","메뉴명: 옥수수빵
메뉴 대분류: 과자 및 빵류
메뉴 소분류: 빵류
식재료: 빵, 옥수수빵"
D021034,잼빵,과자 및 빵류,빵류,"빵, 잼빵","메뉴명: 잼빵
메뉴 대분류: 과자 및 빵류
메뉴 소분류: 빵류
식재료: 빵, 잼빵"
D021035,찐빵(팥),과자 및 빵류,빵류,"빵, 찐빵, 팥, 막걸리 발효","메뉴명: 찐빵(팥)
메뉴 대분류: 과자 및 빵류
메뉴 소분류: 빵류
식재료: 빵, 찐빵, 팥, 막걸리 발효"
D021036,찐빵(채소),과자 및 빵류,빵류,"빵, 찐빵, 채소","메뉴명: 찐빵(채소)
메뉴 대분류: 과자 및 빵류
메뉴 소분류: 빵류
식재료: 빵, 찐빵, 채소"
D021037,찐빵(단호박),과자 및 빵류,빵류,"빵, 찐빵, 단호박, 막걸리 발효","메뉴명: 찐빵(단호박)
메뉴 대분류: 과자 및 빵류
메뉴 소분류: 빵류
식재료: 빵, 찐빵, 단호박, 막걸리 발효"
D021038,카스텔라,과자 및 빵류,빵류,"빵, 카스텔라","메뉴명: 카스텔라
메뉴 대분류: 과자 및 빵류
메뉴 소분류: 빵류
식재료: 빵, 카스텔라"
D021039,크로와상,과자 및 빵류,빵류,"빵, 크루아상","메뉴명: 크로와상
메뉴 대분류: 과자 및 빵류
메뉴 소분류: 빵류
식재료: 빵, 크루아상"
D021042,크로켓(채소),과자 및 빵류,빵류,"빵, 크로켓, 채소, 크로켓, 채소 크로켓, 냉동","메뉴명: 크로켓(채소)
메뉴 대분류: 과자 및 빵류
메뉴 소분류: 빵류
식재료: 빵, 크로켓, 채소, 크로켓, 채소 크로켓, 냉동"
D021043,크림빵,과자 및 빵류,빵류,"빵, 크림빵","메뉴명: 크림빵
메뉴 대분류: 과자 및 빵류
메뉴 소분류: 빵류
식재료: 빵, 크림빵"
D021045,페이스트리,과자 및 빵류,빵류,"빵, 페이스트리","메뉴명: 페이스트리
메뉴 대분류: 과자 및 빵류
메뉴 소분류: 빵류
식재료: 빵, 페이스트리"
D021046,치즈 페이스트리,과자 및 빵류,빵류,"빵, 페이스트리, 치즈","메뉴명: 치즈 페이스트리
메뉴 대분류: 과자 및 빵류
메뉴 소분류: 빵류
식재료: 빵, 페이스트리, 치즈"
D021047,과일 페이스트리,과자 및 빵류,빵류,"빵, 페이스트리, 과일","메뉴명: 과일 페이스트리
메뉴 대분류: 과자 및 빵류
메뉴 소분류: 빵류
식재료: 빵, 페이스트리, 과일"
D021048,붕어빵,과자 및 빵류,빵류,"빵, 붕어빵, 팥","메뉴명: 붕어빵
메뉴 대분류: 과자 및 빵류
메뉴 소분류: 빵류
식재료: 빵, 붕어빵, 팥"
D021049,소시지빵,과자 및 빵류,빵류,"빵, 소시지빵","메뉴명: 소시지빵
메뉴 대분류: 과자 및 빵류
메뉴 소분류: 빵류
식재료: 빵, 소시지빵"
D021050,난,과자 및 빵류,빵류,"빵, 난","메뉴명: 난
메뉴 대분류: 과자 및 빵류
메뉴 소분류: 빵류
식재료: 빵, 난"
D021051,케이크(후르츠 과일),과자 및 빵류,빵류,"케이크, 과일(후르츠)","메뉴명: 케이크(후르츠 과일)
메뉴 대분류: 과자 및 빵류
메뉴 소분류: 빵류
식재료: 케이크, 과일(후르츠)"
D021052,롤케이크,과자 및 빵류,빵류,"케이크, 롤 케이크","메뉴명: 롤케이크
메뉴 대분류: 과자 및 빵류
메뉴 소분류: 빵류
식재료: 케이크, 롤 케이크"
D021054,생크림 케이크(블루베리),과자 및 빵류,빵류,"케이크, 생크림 블루베리","메뉴명: 생크림 케이크(블루베리)
메뉴 대분류: 과자 및 빵류
메뉴 소분류: 빵류
식재료: 케이크, 생크림 블루베리"
D021056,스펀지 케이크,과자 및 빵류,빵류,"케이크, 스펀지 케이크","메뉴명: 스펀지 케이크
메뉴 대분류: 과자 및 빵류
메뉴 소분류: 빵류
식재료: 케이크, 스펀지 케이크"
D021057,엔젤푸드 케이크,과자 및 빵류,빵류,"케이크, 엔젤푸드 케이크","메뉴명: 엔젤푸드 케이크
메뉴 대분류: 과자 및 빵류
메뉴 소분류: 빵류
식재료: 케이크, 엔젤푸드 케이크"
D021058,초콜릿 케이크,과자 및 빵류,빵류,"케이크, 초콜릿 케이크","메뉴명: 초콜릿 케이크
메뉴 대분류: 과자 및 빵류
메뉴 소분류: 빵류
식재료: 케이크, 초콜릿 케이크"
D021059,치즈 케이크,과자 및 빵류,빵류,"케이크, 치즈 케이크","메뉴명: 치즈 케이크
메뉴 대분류: 과자 및 빵류
메뉴 소분류: 빵류
식재료: 케이크, 치즈 케이크"
D021060,파운드 케이크,과자 및 빵류,빵류,"케이크, 파운드 케이크","메뉴명: 파운드 케이크
메뉴 대분류: 과자 및 빵류
메뉴 소분류: 빵류
식재료: 케이크, 파운드 케이크"
D021061,찹쌀빵(찹쌀도우넛),과자 및 빵류,빵류,"찹쌀빵, 찹쌀도넛","메뉴명: 찹쌀빵(찹쌀도우넛)
메뉴 대분류: 과자 및 빵류
메뉴 소분류: 빵류
식재료: 찹쌀빵, 찹쌀도넛"
D021062,호밀빵,과자 및 빵류,빵류,호밀빵,"메뉴명: 호밀빵
메뉴 대분류: 과자 및 빵류
메뉴 소분류: 빵류
식재료: 호밀빵"
D021063,크로켓(감자),과자 및 빵류,빵류,"크로켓, 감자 크로켓, 냉동","메뉴명: 크로켓(감자)
메뉴 대분류: 과자 및 빵류
메뉴 소분류: 빵류
식재료: 크로켓, 감자 크로켓, 냉동"
D021064,크로켓(크림),과자 및 빵류,빵류,"크로켓, 크림 크로켓, 냉동","메뉴명: 크로켓(크림)
메뉴 대분류: 과자 및 빵류
메뉴 소분류: 빵류
식재료: 크로켓, 크림 크로켓, 냉동"
D021065,곶감토르띠야피자,과자 및 빵류,빵류,"감, 떫은감, 곶감, 반건시, 호두, 말린것, 아몬드, 말린것, 빵, 또띠아, 밀, 치즈, 모차렐라, 슈레드타입, 옥수수, 통조림, 가당, 치즈, 파르메산(파마산)","메뉴명: 곶감토르띠야피자
메뉴 대분류: 과자 및 빵류
메뉴 소분류: 빵류
식재료: 감, 떫은감, 곶감, 반건시, 호두, 말린것, 아몬드, 말린것, 빵, 또띠아, 밀, 치즈, 모차렐라, 슈레드타입, 옥수수, 통조림, 가당, 치즈, 파르메산(파마산)"
D021066,늙은 호박 찐빵,과자 및 빵류,빵류,"호박, 늙은호박, 생것, 밀, 통밀가루, 설탕, 백설탕, 소금, 천일염, 가는소금, 팽창제, 효모, 말린것, 콩기름","메뉴명: 늙은 호박 찐빵
메뉴 대분류: 과자 및 빵류
메뉴 소분류: 빵류
식재료: 호박, 늙은호박, 생것, 밀, 통밀가루, 설탕, 백설탕, 소금, 천일염, 가는소금, 팽창제, 효모, 말린것, 콩기름"
D021067,달걀빵,과자 및 빵류,빵류,"베이컨, 양파, 생것, 달걀, 생것, 우유, 밀, 강력밀가루, 설탕, 백설탕, 소금, 천일염, 가는소금, 버터, 가염","메뉴명: 달걀빵
메뉴 대분류: 과자 및 빵류
메뉴 소분류: 빵류
식재료: 베이컨, 양파, 생것, 달걀, 생것, 우유, 밀, 강력밀가루, 설탕, 백설탕, 소금, 천일염, 가는소금, 버터, 가염"
D021068,닭고기또띠아쌈(치킨타코),과자 및 빵류,빵류,"닭고기, 가슴, 생것, 토마토, 생것, 피망, 초록색, 생것, 피망, 빨간색, 생것, 양파, 적색, 생것, 아보카도, 생것, 빵, 또띠아, 밀, 치즈, 모차렐라, 슈레드타입, 칠리 소스, 소금, 천일염, 가는소금, 후추, 검은색, 가루, 마늘, 생것, 올리브유, 꿀, 레몬 착즙","메뉴명: 닭고기또띠아쌈(치킨타코)
메뉴 대분류: 과자 및 빵류
메뉴 소분류: 빵류
식재료: 닭고기, 가슴, 생것, 토마토, 생것, 피망, 초록색, 생것, 피망, 빨간색, 생것, 양파, 적색, 생것, 아보카도, 생것, 빵, 또띠아, 밀, 치즈, 모차렐라, 슈레드타입, 칠리 소스, 소금, 천일염, 가는소금, 후추, 검은색, 가루, 마늘, 생것, 올리브유, 꿀, 레몬 착즙"
D021069,메밀갈레트,과자 및 빵류,빵류,"메밀, 도정, 생것, 밀, 중력밀가루, 소금, 천일염, 가는소금, 설탕, 백설탕, 달걀, 생것, 우유, 양송이버섯, 생것, 베이컨, 치즈, 체다, 치즈, 모차렐라, 슈레드타입, 루꼴라, 생것, 토마토, 방울토마토, 생것, 양파, 생것, 꿀, 식초, 감식초, 올리브유, 후추, 검은색, 가루","메뉴명: 메밀갈레트
메뉴 대분류: 과자 및 빵류
메뉴 소분류: 빵류
식재료: 메밀, 도정, 생것, 밀, 중력밀가루, 소금, 천일염, 가는소금, 설탕, 백설탕, 달걀, 생것, 우유, 양송이버섯, 생것, 베이컨, 치즈, 체다, 치즈, 모차렐라, 슈레드타입, 루꼴라, 생것, 토마토, 방울토마토, 생것, 양파, 생것, 꿀, 식초, 감식초, 올리브유, 후추, 검은색, 가루"
D021070,발효생햄줄줄이토스트,과자 및 빵류,빵류,"빵, 식빵, 버터 첨가, 치즈, 체다, 햄, 슬라이스햄, 버터, 가염, 마늘, 생것, 치즈, 파르메산(파마산), 연유, 점성이 높은것, 파슬리, 말린것, 딸기, 잼","메뉴명: 발효생햄줄줄이토스트
메뉴 대분류: 과자 및 빵류
메뉴 소분류: 빵류
식재료: 빵, 식빵, 버터 첨가, 치즈, 체다, 햄, 슬라이스햄, 버터, 가염, 마늘, 생것, 치즈, 파르메산(파마산), 연유, 점성이 높은것, 파슬리, 말린것, 딸기, 잼"
D021071,보리브리또,과자 및 빵류,빵류,"보리, 쌀보리, 찰보리, 도정, 생것, 멥쌀, 백미, 생것, 생수, 소고기, 한우, 등심, 생것, 김치, 배추 김치, 빵, 또띠아, 밀, 양파, 생것, 파, 대파, 생것, 당근, 뿌리, 생것, 콩기름, 간장, 개량, 양조, 설탕, 백설탕, 참기름, 참깨, 흰색, 볶은것","메뉴명: 보리브리또
메뉴 대분류: 과자 및 빵류
메뉴 소분류: 빵류
식재료: 보리, 쌀보리, 찰보리, 도정, 생것, 멥쌀, 백미, 생것, 생수, 소고기, 한우, 등심, 생것, 김치, 배추 김치, 빵, 또띠아, 밀, 양파, 생것, 파, 대파, 생것, 당근, 뿌리, 생것, 콩기름, 간장, 개량, 양조, 설탕, 백설탕, 참기름, 참깨, 흰색, 볶은것"
D021072,보리술빵,과자 및 빵류,빵류,"보리, 가루, 발효주, 탁주, 막걸리, 알코올 6%, 우유, 강낭콩, 생것, 완두, 생것, 밤, 생것, 설탕, 백설탕","메뉴명: 보리술빵
메뉴 대분류: 과자 및 빵류
메뉴 소분류: 빵류
식재료: 보리, 가루, 발효주, 탁주, 막걸리, 알코올 6%, 우유, 강낭콩, 생것, 완두, 생것, 밤, 생것, 설탕, 백설탕"
D021073,보리카스텔라,과자 및 빵류,빵류,"달걀, 생것, 보리, 가루, 밀, 박력밀가루, 우유, 설탕, 백설탕, 소금, 천일염, 가는소금, 물엿, 포도씨유","메뉴명: 보리카스텔라
메뉴 대분류: 과자 및 빵류
메뉴 소분류: 빵류
식재료: 달걀, 생것, 보리, 가루, 밀, 박력밀가루, 우유, 설탕, 백설탕, 소금, 천일염, 가는소금, 물엿, 포도씨유"
D021074,사과조림 샌드,과자 및 빵류,빵류,"사과, 생것, 빵, 또띠아, 밀, 치즈, 모차렐라, 설탕, 백설탕, 버터, 가염, 올리브유, 호두, 말린것, 잣, 생것, 계피, 가루, 소금, 천일염, 가는소금","메뉴명: 사과조림 샌드
메뉴 대분류: 과자 및 빵류
메뉴 소분류: 빵류
식재료: 사과, 생것, 빵, 또띠아, 밀, 치즈, 모차렐라, 설탕, 백설탕, 버터, 가염, 올리브유, 호두, 말린것, 잣, 생것, 계피, 가루, 소금, 천일염, 가는소금"
D021075,수수카나페,과자 및 빵류,빵류,"수수, 도정, 생것, 찹쌀, 백미, 가루, 생수, 아몬드, 볶은것, 팥, 앙금, 치즈, 크림, 크랜베리, 말린것, 가당, 설탕, 백설탕, 소금, 천일염, 가는소금, 콩기름","메뉴명: 수수카나페
메뉴 대분류: 과자 및 빵류
메뉴 소분류: 빵류
식재료: 수수, 도정, 생것, 찹쌀, 백미, 가루, 생수, 아몬드, 볶은것, 팥, 앙금, 치즈, 크림, 크랜베리, 말린것, 가당, 설탕, 백설탕, 소금, 천일염, 가는소금, 콩기름"
D021076,쌀 파운드케이크,과자 및 빵류,빵류,"바나나, 생것, 버터, 가염, 설탕, 황설탕, 달걀, 생것, 멥쌀, 백미, 가루, 팽창제, 베이킹파우더, 소금, 천일염, 가는소금","메뉴명: 쌀 파운드케이크
메뉴 대분류: 과자 및 빵류
메뉴 소분류: 빵류
식재료: 바나나, 생것, 버터, 가염, 설탕, 황설탕, 달걀, 생것, 멥쌀, 백미, 가루, 팽창제, 베이킹파우더, 소금, 천일염, 가는소금"
D021077,오곡불고기부리토,과자 및 빵류,빵류,"찹쌀, 백미, 생것, 멥쌀, 백미, 생것, 멥쌀, 현미, 생것, 수수, 도정, 생것, 조, 차조, 도정, 생것, 소고기, 수입산, 목심(목심살), 생것, 양파, 생것, 파프리카, 빨간색, 생것, 파프리카, 노란색, 생것, 옥수수, 통조림, 가당, 콩기름, 빵, 또띠아, 밀, 치즈, 모차렐라, 설탕, 백설탕, 간장, 개량, 양조, 발효주, 청주, 알코올 16%, 마늘, 생것, 파, 대파, 생것, 참깨, 흰색, 볶은것, 참기름","메뉴명: 오곡불고기부리토
메뉴 대분류: 과자 및 빵류
메뉴 소분류: 빵류
식재료: 찹쌀, 백미, 생것, 멥쌀, 백미, 생것, 멥쌀, 현미, 생것, 수수, 도정, 생것, 조, 차조, 도정, 생것, 소고기, 수입산, 목심(목심살), 생것, 양파, 생것, 파프리카, 빨간색, 생것, 파프리카, 노란색, 생것, 옥수수, 통조림, 가당, 콩기름, 빵, 또띠아, 밀, 치즈, 모차렐라, 설탕, 백설탕, 간장, 개량, 양조, 발효주, 청주, 알코올 16%, 마늘, 생것, 파, 대파, 생것, 참깨, 흰색, 볶은것, 참기름"
D021078,우리밀 옥수수빵,과자 및 빵류,빵류,"옥수수, 통조림, 가당, 밀, 중력밀가루, 옥수수, 가루, 팽창제, 베이킹파우더, 설탕, 백설탕, 소금, 천일염, 가는소금, 우유, 달걀, 생것, 콩기름","메뉴명: 우리밀 옥수수빵
메뉴 대분류: 과자 및 빵류
메뉴 소분류: 빵류
식재료: 옥수수, 통조림, 가당, 밀, 중력밀가루, 옥수수, 가루, 팽창제, 베이킹파우더, 설탕, 백설탕, 소금, 천일염, 가는소금, 우유, 달걀, 생것, 콩기름"
D021079,율무밥크로켓,과자 및 빵류,빵류,"율무, 도정, 생것, 멥쌀, 백미, 생것, 생수, 피망, 초록색, 생것, 양송이버섯, 생것, 옥수수, 통조림, 가당, 치즈, 모차렐라, 슈레드타입, 밀, 박력밀가루, 달걀, 생것, 밀, 빵가루, 파슬리, 말린것, 콩기름, 간장, 개량, 양조, 참기름, 소금, 천일염, 가는소금, 후추, 검은색, 가루","메뉴명: 율무밥크로켓
메뉴 대분류: 과자 및 빵류
메뉴 소분류: 빵류
식재료: 율무, 도정, 생것, 멥쌀, 백미, 생것, 생수, 피망, 초록색, 생것, 양송이버섯, 생것, 옥수수, 통조림, 가당, 치즈, 모차렐라, 슈레드타입, 밀, 박력밀가루, 달걀, 생것, 밀, 빵가루, 파슬리, 말린것, 콩기름, 간장, 개량, 양조, 참기름, 소금, 천일염, 가는소금, 후추, 검은색, 가루"
D021080,채소쌀케익,과자 및 빵류,빵류,"멥쌀, 백미, 생것, 생수, 당근, 뿌리, 생것, 양파, 생것, 감자, 대지, 생것, 버터, 가염, 소금, 천일염, 가는소금, 설탕, 백설탕, 치즈, 모차렐라, 핫 소스, 마요네즈, 콩기름","메뉴명: 채소쌀케익
메뉴 대분류: 과자 및 빵류
메뉴 소분류: 빵류
식재료: 멥쌀, 백미, 생것, 생수, 당근, 뿌리, 생것, 양파, 생것, 감자, 대지, 생것, 버터, 가염, 소금, 천일염, 가는소금, 설탕, 백설탕, 치즈, 모차렐라, 핫 소스, 마요네즈, 콩기름"
D021081,팥찹쌀떡팬케이크,과자 및 빵류,빵류,"팥, 적색, 말린것, 우유, 달걀, 생것, 찹쌀, 백미, 가루, 소금, 천일염, 가는소금, 꿀, 설탕, 백설탕, 콩기름, 참깨, 흰색, 볶은것","메뉴명: 팥찹쌀떡팬케이크
메뉴 대분류: 과자 및 빵류
메뉴 소분류: 빵류
식재료: 팥, 적색, 말린것, 우유, 달걀, 생것, 찹쌀, 백미, 가루, 소금, 천일염, 가는소금, 꿀, 설탕, 백설탕, 콩기름, 참깨, 흰색, 볶은것"
D021082,카스텔라케이크와 해독주스,과자 및 빵류,빵류,"빵, 카스텔라, 꿀, 아몬드, 볶은것, 요구르트, 호상, 플레인, 체리, 생것, 바나나, 생것, 브로콜리, 생것, 사과, 생것, 당근, 뿌리, 생것, 토마토, 방울토마토, 생것","메뉴명: 카스텔라케이크와 해독주스
메뉴 대분류: 과자 및 빵류
메뉴 소분류: 빵류
식재료: 빵, 카스텔라, 꿀, 아몬드, 볶은것, 요구르트, 호상, 플레인, 체리, 생것, 바나나, 생것, 브로콜리, 생것, 사과, 생것, 당근, 뿌리, 생것, 토마토, 방울토마토, 생것"
D022001,건빵,과자 및 빵류,과자류,"과자, 건빵","메뉴명: 건빵
메뉴 대분류: 과자 및 빵류
메뉴 소분류: 과자류
식재료: 과자, 건빵"
D022002,"과자(스넥, 새우)",과자 및 빵류,과자류,"과자, 스낵, 새우","메뉴명: 과자(스넥, 새우)
메뉴 대분류: 과자 및 빵류
메뉴 소분류: 과자류
식재료: 과자, 스낵, 새우"
D022003,과자(초코파이),과자 및 빵류,과자류,"과자, 초코파이","메뉴명: 과자(초코파이)
메뉴 대분류: 과자 및 빵류
메뉴 소분류: 과자류
식재료: 과자, 초코파이"
D022004,"멥쌀과자(튀밥, 팽화)",과자 및 빵류,과자류,"멥쌀 과자, 튀밥, 팽화","메뉴명: 멥쌀과자(튀밥, 팽화)
메뉴 대분류: 과자 및 빵류
메뉴 소분류: 과자류
식재료: 멥쌀 과자, 튀밥, 팽화"
D022005,"시리얼(옥수수, 아몬드)",과자 및 빵류,과자류,"시리얼, 옥수수, 아몬드","메뉴명: 시리얼(옥수수, 아몬드)
메뉴 대분류: 과자 및 빵류
메뉴 소분류: 과자류
식재료: 시리얼, 옥수수, 아몬드"
D022006,참깨과자(엿강정),과자 및 빵류,과자류,"참깨 과자, 엿강정","메뉴명: 참깨과자(엿강정)
메뉴 대분류: 과자 및 빵류
메뉴 소분류: 과자류
식재료: 참깨 과자, 엿강정"
D022007,찹쌀과자(검정깨 다식),과자 및 빵류,과자류,"다식, 검정깨","메뉴명: 찹쌀과자(검정깨 다식)
메뉴 대분류: 과자 및 빵류
메뉴 소분류: 과자류
식재료: 다식, 검정깨"
D022012,깨엿강정,과자 및 빵류,과자류,"참깨, 흰색, 볶은것, 콩기름, 설탕, 백설탕, 물엿","메뉴명: 깨엿강정
메뉴 대분류: 과자 및 빵류
메뉴 소분류: 과자류
식재료: 참깨, 흰색, 볶은것, 콩기름, 설탕, 백설탕, 물엿"
D022015,모약과,과자 및 빵류,과자류,"밀, 중력밀가루, 생강, 뿌리줄기, 생것, 발효주, 청주, 알코올 16%, 콩기름, 참기름, 계피, 가루, 소금, 천일염, 가는소금, 잣, 볶은것, 물엿, 설탕, 백설탕","메뉴명: 모약과
메뉴 대분류: 과자 및 빵류
메뉴 소분류: 과자류
식재료: 밀, 중력밀가루, 생강, 뿌리줄기, 생것, 발효주, 청주, 알코올 16%, 콩기름, 참기름, 계피, 가루, 소금, 천일염, 가는소금, 잣, 볶은것, 물엿, 설탕, 백설탕"
D022019,인삼정과,과자 및 빵류,과자류,"인삼, 수삼, 생것, 설탕, 백설탕, 물엿, 꿀","메뉴명: 인삼정과
메뉴 대분류: 과자 및 빵류
메뉴 소분류: 과자류
식재료: 인삼, 수삼, 생것, 설탕, 백설탕, 물엿, 꿀"
D022024,멥쌀과자,과자 및 빵류,과자류,"멥쌀 과자, 튀밥, 팽화","메뉴명: 멥쌀과자
메뉴 대분류: 과자 및 빵류
메뉴 소분류: 과자류
식재료: 멥쌀 과자, 튀밥, 팽화"
D022025,멥쌀과자(쌀엿강정),과자 및 빵류,과자류,"멥쌀 과자, 쌀엿강정, 팽화","메뉴명: 멥쌀과자(쌀엿강정)
메뉴 대분류: 과자 및 빵류
메뉴 소분류: 과자류
식재료: 멥쌀 과자, 쌀엿강정, 팽화"
D022026,만주(밤),과자 및 빵류,과자류,"과자, 만주, 밤","메뉴명: 만주(밤)
메뉴 대분류: 과자 및 빵류
메뉴 소분류: 과자류
식재료: 과자, 만주, 밤"
D022027,모나카(과자),과자 및 빵류,과자류,"과자, 모나카","메뉴명: 모나카(과자)
메뉴 대분류: 과자 및 빵류
메뉴 소분류: 과자류
식재료: 과자, 모나카"
D022028,하드 비스킷(과자),과자 및 빵류,과자류,"과자, 비스킷, 하드","메뉴명: 하드 비스킷(과자)
메뉴 대분류: 과자 및 빵류
메뉴 소분류: 과자류
식재료: 과자, 비스킷, 하드"
D022029,소프트 비스킷(과자),과자 및 빵류,과자류,"과자, 비스킷, 소프트","메뉴명: 소프트 비스킷(과자)
메뉴 대분류: 과자 및 빵류
메뉴 소분류: 과자류
식재료: 과자, 비스킷, 소프트"
D022030,사과파이(과자),과자 및 빵류,과자류,"과자, 사과파이","메뉴명: 사과파이(과자)
메뉴 대분류: 과자 및 빵류
메뉴 소분류: 과자류
식재료: 과자, 사과파이"
D022031,전병(과자),과자 및 빵류,과자류,"과자, 전병, 땅콩","메뉴명: 전병(과자)
메뉴 대분류: 과자 및 빵류
메뉴 소분류: 과자류
식재료: 과자, 전병, 땅콩"
D022032,김전병(과자),과자 및 빵류,과자류,"과자, 전병, 김","메뉴명: 김전병(과자)
메뉴 대분류: 과자 및 빵류
메뉴 소분류: 과자류
식재료: 과자, 전병, 김"
D022033,옥수수스넥(과자),과자 및 빵류,과자류,"과자, 스낵, 옥수수","메뉴명: 옥수수스넥(과자)
메뉴 대분류: 과자 및 빵류
메뉴 소분류: 과자류
식재료: 과자, 스낵, 옥수수"
D022034,약과(과자),과자 및 빵류,과자류,"과자, 약과","메뉴명: 약과(과자)
메뉴 대분류: 과자 및 빵류
메뉴 소분류: 과자류
식재료: 과자, 약과"
D022039,바닐라 웨하스(과자),과자 및 빵류,과자류,"과자, 바닐라 웨하스","메뉴명: 바닐라 웨하스(과자)
메뉴 대분류: 과자 및 빵류
메뉴 소분류: 과자류
식재료: 과자, 바닐라 웨하스"
D022040,초코볼(과자),과자 및 빵류,과자류,"과자, 초코볼","메뉴명: 초코볼(과자)
메뉴 대분류: 과자 및 빵류
메뉴 소분류: 과자류
식재료: 과자, 초코볼"
D022041,통밀쿠키(과자),과자 및 빵류,과자류,"과자, 쿠키, 통밀","메뉴명: 통밀쿠키(과자)
메뉴 대분류: 과자 및 빵류
메뉴 소분류: 과자류
식재료: 과자, 쿠키, 통밀"
D022042,땅콩버터쿠키(과자),과자 및 빵류,과자류,"과자, 쿠키, 땅콩버터","메뉴명: 땅콩버터쿠키(과자)
메뉴 대분류: 과자 및 빵류
메뉴 소분류: 과자류
식재료: 과자, 쿠키, 땅콩버터"
D022043,초코칩쿠키(과자),과자 및 빵류,과자류,"과자, 쿠키, 초코칩","메뉴명: 초코칩쿠키(과자)
메뉴 대분류: 과자 및 빵류
메뉴 소분류: 과자류
식재료: 과자, 쿠키, 초코칩"
D022044,버터쿠키(과자),과자 및 빵류,과자류,"과자, 쿠키, 버터","메뉴명: 버터쿠키(과자)
메뉴 대분류: 과자 및 빵류
메뉴 소분류: 과자류
식재료: 과자, 쿠키, 버터"
D022045,크랙커(과자),과자 및 빵류,과자류,"과자, 크래커","메뉴명: 크랙커(과자)
메뉴 대분류: 과자 및 빵류
메뉴 소분류: 과자류
식재료: 과자, 크래커"
D022046,땅콩샌드 크랙커(과자),과자 및 빵류,과자류,"과자, 크래커, 땅콩샌드","메뉴명: 땅콩샌드 크랙커(과자)
메뉴 대분류: 과자 및 빵류
메뉴 소분류: 과자류
식재료: 과자, 크래커, 땅콩샌드"
D022047,치즈샌드 크랙커(과자),과자 및 빵류,과자류,"과자, 크래커, 치즈샌드","메뉴명: 치즈샌드 크랙커(과자)
메뉴 대분류: 과자 및 빵류
메뉴 소분류: 과자류
식재료: 과자, 크래커, 치즈샌드"
D022048,채소 크랙커(과자),과자 및 빵류,과자류,"과자, 크래커, 채소","메뉴명: 채소 크랙커(과자)
메뉴 대분류: 과자 및 빵류
메뉴 소분류: 과자류
식재료: 과자, 크래커, 채소"
D022050,뻥튀기(팽화),과자 및 빵류,과자류,"과자, 뻥튀기, 원반 모양, 팽화","메뉴명: 뻥튀기(팽화)
메뉴 대분류: 과자 및 빵류
메뉴 소분류: 과자류
식재료: 과자, 뻥튀기, 원반 모양, 팽화"
D022051,마카로니(과자),과자 및 빵류,과자류,"과자, 마카로니","메뉴명: 마카로니(과자)
메뉴 대분류: 과자 및 빵류
메뉴 소분류: 과자류
식재료: 과자, 마카로니"
D022052,시리얼(옥수수),과자 및 빵류,과자류,"시리얼, 옥수수","메뉴명: 시리얼(옥수수)
메뉴 대분류: 과자 및 빵류
메뉴 소분류: 과자류
식재료: 시리얼, 옥수수"
D022053,시리얼(현미),과자 및 빵류,과자류,"시리얼, 현미","메뉴명: 시리얼(현미)
메뉴 대분류: 과자 및 빵류
메뉴 소분류: 과자류
식재료: 시리얼, 현미"
D022054,그래놀라(코코넛),과자 및 빵류,과자류,"시리얼, 옥수수, 그래놀라, 코코넛","메뉴명: 그래놀라(코코넛)
메뉴 대분류: 과자 및 빵류
메뉴 소분류: 과자류
식재료: 시리얼, 옥수수, 그래놀라, 코코넛"
D022055,그래놀라(건조과일),과자 및 빵류,과자류,"시리얼, 옥수수, 그래놀라, 건조과일","메뉴명: 그래놀라(건조과일)
메뉴 대분류: 과자 및 빵류
메뉴 소분류: 과자류
식재료: 시리얼, 옥수수, 그래놀라, 건조과일"
D022056,시리얼(쌀),과자 및 빵류,과자류,"시리얼, 쌀","메뉴명: 시리얼(쌀)
메뉴 대분류: 과자 및 빵류
메뉴 소분류: 과자류
식재료: 시리얼, 쌀"
D022057,시리얼(코코아),과자 및 빵류,과자류,"시리얼, 옥수수, 코코아","메뉴명: 시리얼(코코아)
메뉴 대분류: 과자 및 빵류
메뉴 소분류: 과자류
식재료: 시리얼, 옥수수, 코코아"
D022058,옥수수과자(강냉이),과자 및 빵류,과자류,"옥수수 과자, 강냉이","메뉴명: 옥수수과자(강냉이)
메뉴 대분류: 과자 및 빵류
메뉴 소분류: 과자류
식재료: 옥수수 과자, 강냉이"
D022060,찹쌀과자(송화다식),과자 및 빵류,과자류,"다식, 송화","메뉴명: 찹쌀과자(송화다식)
메뉴 대분류: 과자 및 빵류
메뉴 소분류: 과자류
식재료: 다식, 송화"
D022061,찹쌀과자(산자),과자 및 빵류,과자류,"찹쌀 과자, 산자","메뉴명: 찹쌀과자(산자)
메뉴 대분류: 과자 및 빵류
메뉴 소분류: 과자류
식재료: 찹쌀 과자, 산자"
D022062,찹쌀과자(유과),과자 및 빵류,과자류,"찹쌀 과자, 유과","메뉴명: 찹쌀과자(유과)
메뉴 대분류: 과자 및 빵류
메뉴 소분류: 과자류
식재료: 찹쌀 과자, 유과"
D022064,"감자칩(과자,구운것)",과자 및 빵류,과자류,"감자 과자, 감자칩, 구운것","메뉴명: 감자칩(과자,구운것)
메뉴 대분류: 과자 및 빵류
메뉴 소분류: 과자류
식재료: 감자 과자, 감자칩, 구운것"
D022065,"감자칩(과자,튀긴것)",과자 및 빵류,과자류,"감자 과자, 감자칩, 튀긴것","메뉴명: 감자칩(과자,튀긴것)
메뉴 대분류: 과자 및 빵류
메뉴 소분류: 과자류
식재료: 감자 과자, 감자칩, 튀긴것"
D022066,풍선껌,과자 및 빵류,과자류,"껌, 풍선껌","메뉴명: 풍선껌
메뉴 대분류: 과자 및 빵류
메뉴 소분류: 과자류
식재료: 껌, 풍선껌"
D022067,껌(무설탕),과자 및 빵류,과자류,"껌, 무설탕","메뉴명: 껌(무설탕)
메뉴 대분류: 과자 및 빵류
메뉴 소분류: 과자류
식재료: 껌, 무설탕"
D022068,엿(고구마),과자 및 빵류,과자류,물엿,"메뉴명: 엿(고구마)
메뉴 대분류: 과자 및 빵류
메뉴 소분류: 과자류
식재료: 물엿"
D022069,사탕(마쉬멜로),과자 및 빵류,과자류,"사탕, 마시멜로","메뉴명: 사탕(마쉬멜로)
메뉴 대분류: 과자 및 빵류
메뉴 소분류: 과자류
식재료: 사탕, 마시멜로"
D022070,사탕(박하사탕),과자 및 빵류,과자류,"사탕, 박하사탕","메뉴명: 사탕(박하사탕)
메뉴 대분류: 과자 및 빵류
메뉴 소분류: 과자류
식재료: 사탕, 박하사탕"
D022071,사탕(버터),과자 및 빵류,과자류,"사탕, 버터","메뉴명: 사탕(버터)
메뉴 대분류: 과자 및 빵류
메뉴 소분류: 과자류
식재료: 사탕, 버터"
D022072,사탕(땅콩),과자 및 빵류,과자류,"사탕, 땅콩","메뉴명: 사탕(땅콩)
메뉴 대분류: 과자 및 빵류
메뉴 소분류: 과자류
식재료: 사탕, 땅콩"
D022073,팥 양갱,과자 및 빵류,과자류,"양갱, 팥","메뉴명: 팥 양갱
메뉴 대분류: 과자 및 빵류
메뉴 소분류: 과자류
식재료: 양갱, 팥"
D022074,젤리(구미),과자 및 빵류,과자류,"젤리, 구미","메뉴명: 젤리(구미)
메뉴 대분류: 과자 및 빵류
메뉴 소분류: 과자류
식재료: 젤리, 구미"
D022075,초코바(땅콩 카라멜),과자 및 빵류,과자류,"초코바, 땅콩 캐러멜","메뉴명: 초코바(땅콩 카라멜)
메뉴 대분류: 과자 및 빵류
메뉴 소분류: 과자류
식재료: 초코바, 땅콩 캐러멜"
D022076,초코바(쿠키 카라멜),과자 및 빵류,과자류,"초코바, 쿠키 캐러멜","메뉴명: 초코바(쿠키 카라멜)
메뉴 대분류: 과자 및 빵류
메뉴 소분류: 과자류
식재료: 초코바, 쿠키 캐러멜"
D022077,초콜릿(다크),과자 및 빵류,과자류,"초콜릿, 다크 초콜릿","메뉴명: 초콜릿(다크)
메뉴 대분류: 과자 및 빵류
메뉴 소분류: 과자류
식재료: 초콜릿, 다크 초콜릿"
D022078,초콜릿(땅콩),과자 및 빵류,과자류,"초콜릿, 땅콩 초콜릿","메뉴명: 초콜릿(땅콩)
메뉴 대분류: 과자 및 빵류
메뉴 소분류: 과자류
식재료: 초콜릿, 땅콩 초콜릿"
D022079,초콜릿(크런치),과자 및 빵류,과자류,"초콜릿, 크런치 초콜릿","메뉴명: 초콜릿(크런치)
메뉴 대분류: 과자 및 빵류
메뉴 소분류: 과자류
식재료: 초콜릿, 크런치 초콜릿"
D022080,초콜릿(밀크 아몬드),과자 및 빵류,과자류,"초콜릿, 밀크 아몬드 초콜릿","메뉴명: 초콜릿(밀크 아몬드)
메뉴 대분류: 과자 및 빵류
메뉴 소분류: 과자류
식재료: 초콜릿, 밀크 아몬드 초콜릿"
D022081,초콜릿(스위트),과자 및 빵류,과자류,"초콜릿, 스위트 초콜릿","메뉴명: 초콜릿(스위트)
메뉴 대분류: 과자 및 빵류
메뉴 소분류: 과자류
식재료: 초콜릿, 스위트 초콜릿"
D022082,초콜릿(화이트),과자 및 빵류,과자류,"초콜릿, 화이트 초콜릿","메뉴명: 초콜릿(화이트)
메뉴 대분류: 과자 및 빵류
메뉴 소분류: 과자류
식재료: 초콜릿, 화이트 초콜릿"
D022083,카라멜(밀크),과자 및 빵류,과자류,"캐러멜, 우유","메뉴명: 카라멜(밀크)
메뉴 대분류: 과자 및 빵류
메뉴 소분류: 과자류
식재료: 캐러멜, 우유"
D022084,푸딩(커스터드),과자 및 빵류,과자류,"푸딩, 커스터드","메뉴명: 푸딩(커스터드)
메뉴 대분류: 과자 및 빵류
메뉴 소분류: 과자류
식재료: 푸딩, 커스터드"
D022085,강정,과자 및 빵류,과자류,"찹쌀, 백미, 생것, 대두, 노란색, 말린것, 증류주, 소주, 희석식, 알코올 17.8%, 멥쌀, 백미, 생것, 소금, 천일염, 가는소금, 설탕, 백설탕, 꿀, 멥쌀 과자, 튀밥, 팽화, 참깨, 흰색, 볶은것, 참깨, 검은색, 볶은것, 잣, 볶은것, 대두, 콩가루","메뉴명: 강정
메뉴 대분류: 과자 및 빵류
메뉴 소분류: 과자류
식재료: 찹쌀, 백미, 생것, 대두, 노란색, 말린것, 증류주, 소주, 희석식, 알코올 17.8%, 멥쌀, 백미, 생것, 소금, 천일염, 가는소금, 설탕, 백설탕, 꿀, 멥쌀 과자, 튀밥, 팽화, 참깨, 흰색, 볶은것, 참깨, 검은색, 볶은것, 잣, 볶은것, 대두, 콩가루"
D022086,대추초,과자 및 빵류,과자류,"보리, 엿기름, 소금, 천일염, 가는소금, 생강, 뿌리줄기, 생것, 잣, 볶은것, 콩기름, 설탕, 백설탕, 꿀, 계피, 가루","메뉴명: 대추초
메뉴 대분류: 과자 및 빵류
메뉴 소분류: 과자류
식재료: 보리, 엿기름, 소금, 천일염, 가는소금, 생강, 뿌리줄기, 생것, 잣, 볶은것, 콩기름, 설탕, 백설탕, 꿀, 계피, 가루"
D022087,도라지정과,과자 및 빵류,과자류,"도라지, 뿌리, 생것, 설탕, 백설탕, 소금, 천일염, 가는소금, 꿀","메뉴명: 도라지정과
메뉴 대분류: 과자 및 빵류
메뉴 소분류: 과자류
식재료: 도라지, 뿌리, 생것, 설탕, 백설탕, 소금, 천일염, 가는소금, 꿀"
D022088,매작과,과자 및 빵류,과자류,"밀, 중력밀가루, 소금, 천일염, 가는소금, 생강, 뿌리줄기, 생것, 잣, 볶은것, 콩기름, 설탕, 백설탕, 꿀, 계피, 가루","메뉴명: 매작과
메뉴 대분류: 과자 및 빵류
메뉴 소분류: 과자류
식재료: 밀, 중력밀가루, 소금, 천일염, 가는소금, 생강, 뿌리줄기, 생것, 잣, 볶은것, 콩기름, 설탕, 백설탕, 꿀, 계피, 가루"
D022089,엿,과자 및 빵류,과자류,"찹쌀, 백미, 생것, 보리, 엿기름, 대두, 콩가루","메뉴명: 엿
메뉴 대분류: 과자 및 빵류
메뉴 소분류: 과자류
식재료: 찹쌀, 백미, 생것, 보리, 엿기름, 대두, 콩가루"
D022090,콩엿강정,과자 및 빵류,과자류,"대두, 노란색, 말린것, 대두, 검은색, 서리태, 말린것, 설탕, 백설탕, 물엿, 콩기름, 참기름","메뉴명: 콩엿강정
메뉴 대분류: 과자 및 빵류
메뉴 소분류: 과자류
식재료: 대두, 노란색, 말린것, 대두, 검은색, 서리태, 말린것, 설탕, 백설탕, 물엿, 콩기름, 참기름"
D022091,마늘바게트,과자 및 빵류,과자류,"과자, 마늘바게트","메뉴명: 마늘바게트
메뉴 대분류: 과자 및 빵류
메뉴 소분류: 과자류
식재료: 과자, 마늘바게트"
D022092,밀쌀스낵,과자 및 빵류,과자류,"과자, 스낵, 밀쌀","메뉴명: 밀쌀스낵
메뉴 대분류: 과자 및 빵류
메뉴 소분류: 과자류
식재료: 과자, 스낵, 밀쌀"
D022093,대추영양바,과자 및 빵류,과자류,"대추, 말린것, 호두, 말린것, 멥쌀, 현미, 생것, 귀리, 오트밀, 호박씨, 말린것, 아몬드, 말린것, 조청, 쌀, 설탕, 흑설탕, 버터, 가염, 소금, 천일염, 가는소금, 계피, 가루, 생수","메뉴명: 대추영양바
메뉴 대분류: 과자 및 빵류
메뉴 소분류: 과자류
식재료: 대추, 말린것, 호두, 말린것, 멥쌀, 현미, 생것, 귀리, 오트밀, 호박씨, 말린것, 아몬드, 말린것, 조청, 쌀, 설탕, 흑설탕, 버터, 가염, 소금, 천일염, 가는소금, 계피, 가루, 생수"
D022094,보리하트쿠키,과자 및 빵류,과자류,"밀, 박력밀가루, 보리, 가루, 설탕, 백설탕, 버터, 가염, 우유, 소금, 천일염, 가는소금","메뉴명: 보리하트쿠키
메뉴 대분류: 과자 및 빵류
메뉴 소분류: 과자류
식재료: 밀, 박력밀가루, 보리, 가루, 설탕, 백설탕, 버터, 가염, 우유, 소금, 천일염, 가는소금"
D022095,오곡강정,과자 및 빵류,과자류,"율무, 도정, 생것, 찹쌀, 백미, 생것, 귀리, 겉귀리, 도정, 생것, 보리, 쌀보리, 찰보리, 도정, 생것, 참깨, 검은색, 볶은것, 해바라기씨, 말린것, 크랜베리, 말린것, 가당, 조청, 쌀, 설탕, 백설탕, 콩기름","메뉴명: 오곡강정
메뉴 대분류: 과자 및 빵류
메뉴 소분류: 과자류
식재료: 율무, 도정, 생것, 찹쌀, 백미, 생것, 귀리, 겉귀리, 도정, 생것, 보리, 쌀보리, 찰보리, 도정, 생것, 참깨, 검은색, 볶은것, 해바라기씨, 말린것, 크랜베리, 말린것, 가당, 조청, 쌀, 설탕, 백설탕, 콩기름"
D022096,우리밀 시나몬초코칩쿠키,과자 및 빵류,과자류,"밀, 박력밀가루, 팽창제, 베이킹파우더, 계피, 가루, 버터, 가염, 설탕, 백설탕, 설탕, 흑설탕, 소금, 천일염, 가는소금, 달걀, 생것, 과자, 쿠키, 초코칩","메뉴명: 우리밀 시나몬초코칩쿠키
메뉴 대분류: 과자 및 빵류
메뉴 소분류: 과자류
식재료: 밀, 박력밀가루, 팽창제, 베이킹파우더, 계피, 가루, 버터, 가염, 설탕, 백설탕, 설탕, 흑설탕, 소금, 천일염, 가는소금, 달걀, 생것, 과자, 쿠키, 초코칩"
D022097,호두땅콩크로캉,과자 및 빵류,과자류,"호두, 말린것, 땅콩, 볶은것, 달걀, 난백, 생것, 설탕, 백설탕, 버터, 가염, 밀, 박력밀가루, 호박씨, 말린것","메뉴명: 호두땅콩크로캉
메뉴 대분류: 과자 및 빵류
메뉴 소분류: 과자류
식재료: 호두, 말린것, 땅콩, 볶은것, 달걀, 난백, 생것, 설탕, 백설탕, 버터, 가염, 밀, 박력밀가루, 호박씨, 말린것"
D022098,효도강정,과자 및 빵류,과자류,"멥쌀, 현미, 생것, 율무, 도정, 생것, 수수, 도정, 생것, 아몬드, 볶은것, 참깨, 검은색, 볶은것, 과당, 설탕, 가루, 콩기름","메뉴명: 효도강정
메뉴 대분류: 과자 및 빵류
메뉴 소분류: 과자류
식재료: 멥쌀, 현미, 생것, 율무, 도정, 생것, 수수, 도정, 생것, 아몬드, 볶은것, 참깨, 검은색, 볶은것, 과당, 설탕, 가루, 콩기름"
D031001,국수장국,면 및 만두류,면류,"국수, 소면, 말린것, 삶은것, 호박, 애호박, 데친것, 달걀, 삶은것, 양파, 데친것, 파, 대파, 생것, 멸치 육수, 마늘, 생것, 간장, 재래, 참기름, 후추, 검은색, 가루, 참깨, 흰색, 볶은것, 소금, 천일염, 가는소금","메뉴명: 국수장국
메뉴 대분류: 면 및 만두류
메뉴 소분류: 면류
식재료: 국수, 소면, 말린것, 삶은것, 호박, 애호박, 데친것, 달걀, 삶은것, 양파, 데친것, 파, 대파, 생것, 멸치 육수, 마늘, 생것, 간장, 재래, 참기름, 후추, 검은색, 가루, 참깨, 흰색, 볶은것, 소금, 천일염, 가는소금"
D031002,도토리국수,면 및 만두류,면류,"도토리, 국수, 말린것, 김치, 동치미, 무, 조선무, 생것, 오이, 다다기, 생것, 배, 신고, 생것, 달걀, 삶은것, 소고기, 한우, 양지, 삶은것, 간장, 개량, 양조, 참기름, 설탕, 백설탕","메뉴명: 도토리국수
메뉴 대분류: 면 및 만두류
메뉴 소분류: 면류
식재료: 도토리, 국수, 말린것, 김치, 동치미, 무, 조선무, 생것, 오이, 다다기, 생것, 배, 신고, 생것, 달걀, 삶은것, 소고기, 한우, 양지, 삶은것, 간장, 개량, 양조, 참기름, 설탕, 백설탕"
D031003,라면,면 및 만두류,면류,"라면, 조리후, 달걀, 삶은것, 파, 쪽파, 생것","메뉴명: 라면
메뉴 대분류: 면 및 만두류
메뉴 소분류: 면류
식재료: 라면, 조리후, 달걀, 삶은것, 파, 쪽파, 생것"
D031004,메밀국수,면 및 만두류,면류,"메밀 국수, 말린것, 삶은것, 무, 조선무, 생것, 소고기, 한우, 양지, 삶은것, 오이, 다다기, 생것, 간장, 재래, 참기름, 파, 쪽파, 생것, 겨자, 가루, 김, 참김, 구운것","메뉴명: 메밀국수
메뉴 대분류: 면 및 만두류
메뉴 소분류: 면류
식재료: 메밀 국수, 말린것, 삶은것, 무, 조선무, 생것, 소고기, 한우, 양지, 삶은것, 오이, 다다기, 생것, 간장, 재래, 참기름, 파, 쪽파, 생것, 겨자, 가루, 김, 참김, 구운것"
D031005,물냉면,면 및 만두류,면류,"메밀 냉면, 말린것, 삶은것, 냉면 육수, 무, 조선무, 생것, 소고기, 한우, 양지, 삶은것, 달걀, 삶은것, 오이, 다다기, 생것, 식초, 감식초, 소금, 천일염, 가는소금, 겨자, 가루, 마늘, 생것","메뉴명: 물냉면
메뉴 대분류: 면 및 만두류
메뉴 소분류: 면류
식재료: 메밀 냉면, 말린것, 삶은것, 냉면 육수, 무, 조선무, 생것, 소고기, 한우, 양지, 삶은것, 달걀, 삶은것, 오이, 다다기, 생것, 식초, 감식초, 소금, 천일염, 가는소금, 겨자, 가루, 마늘, 생것"
D031007,비빔냉면,면 및 만두류,면류,"메밀 냉면, 말린것, 삶은것, 냉면 육수, 무 절임, 치킨무, 오이, 다다기, 생것, 달걀, 삶은것, 양배추, 생것, 고추장, 개량, 소고기, 한우, 양지, 삶은것, 참기름, 설탕, 백설탕","메뉴명: 비빔냉면
메뉴 대분류: 면 및 만두류
메뉴 소분류: 면류
식재료: 메밀 냉면, 말린것, 삶은것, 냉면 육수, 무 절임, 치킨무, 오이, 다다기, 생것, 달걀, 삶은것, 양배추, 생것, 고추장, 개량, 소고기, 한우, 양지, 삶은것, 참기름, 설탕, 백설탕"
D031008,소면,면 및 만두류,면류,"국수, 소면, 말린것, 삶은것, 오이, 취청, 생것, 토마토, 생것, 참깨, 흰색, 볶은것, 멸치 육수, 소금, 천일염, 가는소금","메뉴명: 소면
메뉴 대분류: 면 및 만두류
메뉴 소분류: 면류
식재료: 국수, 소면, 말린것, 삶은것, 오이, 취청, 생것, 토마토, 생것, 참깨, 흰색, 볶은것, 멸치 육수, 소금, 천일염, 가는소금"
D031009,수제비,면 및 만두류,면류,"밀, 중력밀가루, 감자, 대지, 삶은것, 호박, 애호박, 데친것, 양파, 데친것, 멸치 육수, 파, 대파, 생것, 간장, 재래, 마늘, 생것, 소금, 천일염, 가는소금","메뉴명: 수제비
메뉴 대분류: 면 및 만두류
메뉴 소분류: 면류
식재료: 밀, 중력밀가루, 감자, 대지, 삶은것, 호박, 애호박, 데친것, 양파, 데친것, 멸치 육수, 파, 대파, 생것, 간장, 재래, 마늘, 생것, 소금, 천일염, 가는소금"
D031010,"수제비(계란, 소고기맛 조미료)",면 및 만두류,면류,"밀, 중력밀가루, 달걀, 삶은것, 조미료, 쇠고기맛, 가루, 감자, 대지, 삶은것, 호박, 애호박, 데친것, 파, 대파, 생것, 멸치 육수, 마늘, 생것, 간장, 재래, 소금, 천일염, 가는소금","메뉴명: 수제비(계란, 소고기맛 조미료)
메뉴 대분류: 면 및 만두류
메뉴 소분류: 면류
식재료: 밀, 중력밀가루, 달걀, 삶은것, 조미료, 쇠고기맛, 가루, 감자, 대지, 삶은것, 호박, 애호박, 데친것, 파, 대파, 생것, 멸치 육수, 마늘, 생것, 간장, 재래, 소금, 천일염, 가는소금"
D031011,열무김치국수,면 및 만두류,면류,"김치, 열무 김치, 국수, 소면, 말린것, 삶은것, 달걀, 삶은것, 소고기, 한우, 양지, 삶은것, 파, 쪽파, 생것, 김, 참김, 구운것","메뉴명: 열무김치국수
메뉴 대분류: 면 및 만두류
메뉴 소분류: 면류
식재료: 김치, 열무 김치, 국수, 소면, 말린것, 삶은것, 달걀, 삶은것, 소고기, 한우, 양지, 삶은것, 파, 쪽파, 생것, 김, 참김, 구운것"
D031012,우동,면 및 만두류,면류,"우동면, 생것, 삶은것, 달걀, 삶은것, 어묵, 어묵, 게맛살 첨가, 소금, 천일염, 가는소금, 마늘, 생것, 파, 대파, 생것","메뉴명: 우동
메뉴 대분류: 면 및 만두류
메뉴 소분류: 면류
식재료: 우동면, 생것, 삶은것, 달걀, 삶은것, 어묵, 어묵, 게맛살 첨가, 소금, 천일염, 가는소금, 마늘, 생것, 파, 대파, 생것"
D031013,유부국수,면 및 만두류,면류,"두부, 유부, 국수, 소면, 말린것, 삶은것, 달걀, 삶은것, 바지락, 생것, 소고기, 한우, 양지, 삶은것, 쑥갓, 생것, 파, 쪽파, 생것, 멸치 육수, 소금, 천일염, 가는소금","메뉴명: 유부국수
메뉴 대분류: 면 및 만두류
메뉴 소분류: 면류
식재료: 두부, 유부, 국수, 소면, 말린것, 삶은것, 달걀, 삶은것, 바지락, 생것, 소고기, 한우, 양지, 삶은것, 쑥갓, 생것, 파, 쪽파, 생것, 멸치 육수, 소금, 천일염, 가는소금"
D031014,잔치국수,면 및 만두류,면류,"국수, 소면, 말린것, 삶은것, 호박, 애호박, 데친것, 달걀, 삶은것, 양파, 데친것, 파, 대파, 생것, 멸치 육수, 간장, 재래, 소금, 천일염, 가는소금","메뉴명: 잔치국수
메뉴 대분류: 면 및 만두류
메뉴 소분류: 면류
식재료: 국수, 소면, 말린것, 삶은것, 호박, 애호박, 데친것, 달걀, 삶은것, 양파, 데친것, 파, 대파, 생것, 멸치 육수, 간장, 재래, 소금, 천일염, 가는소금"
D031015,짜장면,면 및 만두류,면류,"우동면, 생것, 삶은것, 돼지고기, 등심, 구운것(팬), 양배추, 데친것, 양파, 데친것, 호박, 애호박, 데친것, 오이, 다다기, 생것, 쇼트닝, 전분, 감자, 가루, 생강, 뿌리줄기, 생것, 설탕, 백설탕, 파, 쪽파, 생것","메뉴명: 짜장면
메뉴 대분류: 면 및 만두류
메뉴 소분류: 면류
식재료: 우동면, 생것, 삶은것, 돼지고기, 등심, 구운것(팬), 양배추, 데친것, 양파, 데친것, 호박, 애호박, 데친것, 오이, 다다기, 생것, 쇼트닝, 전분, 감자, 가루, 생강, 뿌리줄기, 생것, 설탕, 백설탕, 파, 쪽파, 생것"
D031016,짬뽕,면 및 만두류,면류,"우동면, 생것, 삶은것, 오징어, 구운것, 담치, 참담치(홍합), 생것, 바지락, 생것, 양배추, 데친것, 양파, 데친것, 호박, 애호박, 데친것, 당근, 뿌리, 데친것, 대나무순(죽순), 삶은것, 콩기름, 소금, 천일염, 가는소금, 고춧가루, 마늘, 생것","메뉴명: 짬뽕
메뉴 대분류: 면 및 만두류
메뉴 소분류: 면류
식재료: 우동면, 생것, 삶은것, 오징어, 구운것, 담치, 참담치(홍합), 생것, 바지락, 생것, 양배추, 데친것, 양파, 데친것, 호박, 애호박, 데친것, 당근, 뿌리, 데친것, 대나무순(죽순), 삶은것, 콩기름, 소금, 천일염, 가는소금, 고춧가루, 마늘, 생것"
D031017,쫄면,면 및 만두류,면류,"쫄면, 말린것, 오이, 다다기, 생것, 달걀, 삶은것, 양배추, 생것, 고추장, 개량, 식초, 감식초, 설탕, 백설탕, 참기름, 들깨, 볶은것","메뉴명: 쫄면
메뉴 대분류: 면 및 만두류
메뉴 소분류: 면류
식재료: 쫄면, 말린것, 오이, 다다기, 생것, 달걀, 삶은것, 양배추, 생것, 고추장, 개량, 식초, 감식초, 설탕, 백설탕, 참기름, 들깨, 볶은것"
D031018,칡냉면,면 및 만두류,면류,"메밀 냉면, 말린것, 삶은것, 냉면 육수, 무 절임, 치킨무, 오이, 다다기, 생것, 달걀, 삶은것, 고추장, 개량, 소고기, 한우, 양지, 삶은것, 식초, 감식초, 참기름, 겨자, 가루, 고춧가루, 마늘, 생것, 설탕, 백설탕","메뉴명: 칡냉면
메뉴 대분류: 면 및 만두류
메뉴 소분류: 면류
식재료: 메밀 냉면, 말린것, 삶은것, 냉면 육수, 무 절임, 치킨무, 오이, 다다기, 생것, 달걀, 삶은것, 고추장, 개량, 소고기, 한우, 양지, 삶은것, 식초, 감식초, 참기름, 겨자, 가루, 고춧가루, 마늘, 생것, 설탕, 백설탕"
D031019,칼국수(닭고기),면 및 만두류,면류,"칼국수면, 생것, 삶은것, 닭고기, 영계, 삶은것, 호박, 애호박, 데친것, 파, 쪽파, 생것, 고추, 풋고추, 생것, 간장, 재래, 마늘, 생것","메뉴명: 칼국수(닭고기)
메뉴 대분류: 면 및 만두류
메뉴 소분류: 면류
식재료: 칼국수면, 생것, 삶은것, 닭고기, 영계, 삶은것, 호박, 애호박, 데친것, 파, 쪽파, 생것, 고추, 풋고추, 생것, 간장, 재래, 마늘, 생것"
D031020,칼국수(소고기),면 및 만두류,면류,"밀, 중력밀가루, 소고기, 한우, 양지, 삶은것, 호박, 애호박, 데친것, 달걀, 삶은것, 감자, 대지, 삶은것, 간장, 재래, 파, 대파, 생것, 표고버섯, 참나무재배, 말린것, 삶은것, 멸치 육수, 참기름, 김, 참김, 구운것, 마늘, 생것, 소금, 천일염, 가는소금","메뉴명: 칼국수(소고기)
메뉴 대분류: 면 및 만두류
메뉴 소분류: 면류
식재료: 밀, 중력밀가루, 소고기, 한우, 양지, 삶은것, 호박, 애호박, 데친것, 달걀, 삶은것, 감자, 대지, 삶은것, 간장, 재래, 파, 대파, 생것, 표고버섯, 참나무재배, 말린것, 삶은것, 멸치 육수, 참기름, 김, 참김, 구운것, 마늘, 생것, 소금, 천일염, 가는소금"
D031021,콩국수,면 및 만두류,면류,"대두, 노란색, 삶은것, 국수, 소면, 말린것, 삶은것, 오이, 다다기, 생것, 고추, 빨간색, 생것, 소금, 천일염, 가는소금, 참깨, 흰색, 볶은것","메뉴명: 콩국수
메뉴 대분류: 면 및 만두류
메뉴 소분류: 면류
식재료: 대두, 노란색, 삶은것, 국수, 소면, 말린것, 삶은것, 오이, 다다기, 생것, 고추, 빨간색, 생것, 소금, 천일염, 가는소금, 참깨, 흰색, 볶은것"
D031022,회냉면(홍어),면 및 만두류,면류,"메밀 냉면, 말린것, 삶은것, 냉면 육수, 홍어, 생것, 무 절임, 치킨무, 달걀, 삶은것, 고추장, 개량, 물엿, 식초, 감식초, 설탕, 백설탕, 고춧가루, 소금, 천일염, 가는소금, 겨자, 가루, 참기름, 마늘, 생것","메뉴명: 회냉면(홍어)
메뉴 대분류: 면 및 만두류
메뉴 소분류: 면류
식재료: 메밀 냉면, 말린것, 삶은것, 냉면 육수, 홍어, 생것, 무 절임, 치킨무, 달걀, 삶은것, 고추장, 개량, 물엿, 식초, 감식초, 설탕, 백설탕, 고춧가루, 소금, 천일염, 가는소금, 겨자, 가루, 참기름, 마늘, 생것"
D031039,메밀콧등치기,면 및 만두류,면류,"메밀, 도정, 가루, 밀, 중력밀가루, 김치, 갓김치, 호박, 애호박, 데친것, 감자, 대지, 삶은것, 김, 참김, 구운것, 간장, 재래, 소금, 천일염, 가는소금, 간장, 개량, 양조, 고춧가루, 파, 대파, 생것, 마늘, 생것, 참기름, 참깨, 흰색, 볶은것","메뉴명: 메밀콧등치기
메뉴 대분류: 면 및 만두류
메뉴 소분류: 면류
식재료: 메밀, 도정, 가루, 밀, 중력밀가루, 김치, 갓김치, 호박, 애호박, 데친것, 감자, 대지, 삶은것, 김, 참김, 구운것, 간장, 재래, 소금, 천일염, 가는소금, 간장, 개량, 양조, 고춧가루, 파, 대파, 생것, 마늘, 생것, 참기름, 참깨, 흰색, 볶은것"
D031045,비빔국수,면 및 만두류,면류,"국수, 소면, 말린것, 삶은것, 오이, 다다기, 생것, 양배추, 생것, 당근, 뿌리, 데친것, 양파, 데친것, 달걀, 부침(달걀프라이), 참기름, 참깨, 흰색, 볶은것, 콩기름","메뉴명: 비빔국수
메뉴 대분류: 면 및 만두류
메뉴 소분류: 면류
식재료: 국수, 소면, 말린것, 삶은것, 오이, 다다기, 생것, 양배추, 생것, 당근, 뿌리, 데친것, 양파, 데친것, 달걀, 부침(달걀프라이), 참기름, 참깨, 흰색, 볶은것, 콩기름"
D031060,"수제비(계란, 소고기맛 조미료)",면 및 만두류,면류,"밀, 중력밀가루, 달걀, 삶은것, 조미료, 쇠고기맛, 가루, 감자, 대지, 삶은것, 호박, 애호박, 데친것, 파, 대파, 생것, 멸치 육수, 마늘, 생것, 간장, 재래, 소금, 천일염, 가는소금, 쌀겨기름(미강유)","메뉴명: 수제비(계란, 소고기맛 조미료)
메뉴 대분류: 면 및 만두류
메뉴 소분류: 면류
식재료: 밀, 중력밀가루, 달걀, 삶은것, 조미료, 쇠고기맛, 가루, 감자, 대지, 삶은것, 호박, 애호박, 데친것, 파, 대파, 생것, 멸치 육수, 마늘, 생것, 간장, 재래, 소금, 천일염, 가는소금, 쌀겨기름(미강유)"
D031061,녹두 칼국수,면 및 만두류,면류,"녹두, 말린것, 생수, 칼국수면, 생것, 설탕, 백설탕, 소금, 천일염, 가는소금, 잣, 생것","메뉴명: 녹두 칼국수
메뉴 대분류: 면 및 만두류
메뉴 소분류: 면류
식재료: 녹두, 말린것, 생수, 칼국수면, 생것, 설탕, 백설탕, 소금, 천일염, 가는소금, 잣, 생것"
D031062,도토리온국수,면 및 만두류,면류,"파, 쪽파, 생것, 고추, 청양고추, 생것, 고추, 빨간색, 생것, 호박, 애호박, 생것, 표고버섯, 참나무재배, 생것, 돼지고기, 앞다리(앞다리살), 생것, 도토리, 국수, 말린것, 다시마 육수, 굴, 석굴, 생것, 달걀, 생것, 간장, 개량, 양조, 마늘, 생것, 참기름, 후추, 검은색, 가루, 소금, 천일염, 가는소금","메뉴명: 도토리온국수
메뉴 대분류: 면 및 만두류
메뉴 소분류: 면류
식재료: 파, 쪽파, 생것, 고추, 청양고추, 생것, 고추, 빨간색, 생것, 호박, 애호박, 생것, 표고버섯, 참나무재배, 생것, 돼지고기, 앞다리(앞다리살), 생것, 도토리, 국수, 말린것, 다시마 육수, 굴, 석굴, 생것, 달걀, 생것, 간장, 개량, 양조, 마늘, 생것, 참기름, 후추, 검은색, 가루, 소금, 천일염, 가는소금"
D031063,들깨수제비,면 및 만두류,면류,"멸치, 대멸치, 삶아서 말린것, 다시마, 말린것, 밀, 중력밀가루, 들깨, 볶은것, 생수, 찹쌀, 백미, 생것, 호박, 애호박, 생것, 감자, 대지, 생것, 당근, 뿌리, 생것, 간장, 재래","메뉴명: 들깨수제비
메뉴 대분류: 면 및 만두류
메뉴 소분류: 면류
식재료: 멸치, 대멸치, 삶아서 말린것, 다시마, 말린것, 밀, 중력밀가루, 들깨, 볶은것, 생수, 찹쌀, 백미, 생것, 호박, 애호박, 생것, 감자, 대지, 생것, 당근, 뿌리, 생것, 간장, 재래"
D031064,메밀국수김말이,면 및 만두류,면류,"달걀, 생것, 비름, 생것, 메밀 국수, 생것, 김, 김밥용김, 말린것, 당근, 뿌리, 생것, 맛술, 콩기름, 참기름, 참깨, 흰색, 볶은것, 간장, 개량, 양조, 소금, 천일염, 가는소금, 후추, 검은색, 가루","메뉴명: 메밀국수김말이
메뉴 대분류: 면 및 만두류
메뉴 소분류: 면류
식재료: 달걀, 생것, 비름, 생것, 메밀 국수, 생것, 김, 김밥용김, 말린것, 당근, 뿌리, 생것, 맛술, 콩기름, 참기름, 참깨, 흰색, 볶은것, 간장, 개량, 양조, 소금, 천일염, 가는소금, 후추, 검은색, 가루"
D031065,메밀샐러드국수,면 및 만두류,면류,"상추, 결구(양상추), 녹색, 생것, 오이, 취청, 생것, 토마토, 생것, 메밀 국수, 생것, 비타민채(다채), 생것, 간장, 개량, 양조, 식초, 감식초, 설탕, 백설탕, 마늘, 생것, 참기름, 생수, 다시마, 말린것, 멸치, 대멸치, 삶아서 말린것, 무, 조선무, 생것","메뉴명: 메밀샐러드국수
메뉴 대분류: 면 및 만두류
메뉴 소분류: 면류
식재료: 상추, 결구(양상추), 녹색, 생것, 오이, 취청, 생것, 토마토, 생것, 메밀 국수, 생것, 비타민채(다채), 생것, 간장, 개량, 양조, 식초, 감식초, 설탕, 백설탕, 마늘, 생것, 참기름, 생수, 다시마, 말린것, 멸치, 대멸치, 삶아서 말린것, 무, 조선무, 생것"
D031066,메밀수제비,면 및 만두류,면류,"메밀, 도정, 생것, 밀, 중력밀가루, 소금, 천일염, 가는소금, 생수, 콩기름, 호박, 애호박, 생것, 감자, 대지, 생것, 당근, 뿌리, 생것, 양파, 생것, 부추, 재래종, 생것, 고추, 빨간색, 생것, 고추, 청양고추, 생것, 멸치, 대멸치, 삶아서 말린것, 새우, 꽃새우, 삶아서 말린것, 다시마, 말린것, 파, 대파, 생것, 간장, 개량, 양조, 들깨, 볶은것, 마늘, 생것, 참기름, 후추, 검은색, 가루","메뉴명: 메밀수제비
메뉴 대분류: 면 및 만두류
메뉴 소분류: 면류
식재료: 메밀, 도정, 생것, 밀, 중력밀가루, 소금, 천일염, 가는소금, 생수, 콩기름, 호박, 애호박, 생것, 감자, 대지, 생것, 당근, 뿌리, 생것, 양파, 생것, 부추, 재래종, 생것, 고추, 빨간색, 생것, 고추, 청양고추, 생것, 멸치, 대멸치, 삶아서 말린것, 새우, 꽃새우, 삶아서 말린것, 다시마, 말린것, 파, 대파, 생것, 간장, 개량, 양조, 들깨, 볶은것, 마늘, 생것, 참기름, 후추, 검은색, 가루"
D031067,수수들깨칼국수,면 및 만두류,면류,"수수, 찰수수, 도정, 생것, 밀, 중력밀가루, 생수, 양파, 생것, 호박, 애호박, 생것, 들깨, 볶은것, 표고버섯, 참나무재배, 생것, 고추, 빨간색, 녹광, 생것, 파, 대파, 생것, 명태, 황태, 포, 말린것, 멸치 육수, 다시마, 말린것, 소금, 천일염, 가는소금, 콩기름, 간장, 개량, 양조, 멸치, 액젓","메뉴명: 수수들깨칼국수
메뉴 대분류: 면 및 만두류
메뉴 소분류: 면류
식재료: 수수, 찰수수, 도정, 생것, 밀, 중력밀가루, 생수, 양파, 생것, 호박, 애호박, 생것, 들깨, 볶은것, 표고버섯, 참나무재배, 생것, 고추, 빨간색, 녹광, 생것, 파, 대파, 생것, 명태, 황태, 포, 말린것, 멸치 육수, 다시마, 말린것, 소금, 천일염, 가는소금, 콩기름, 간장, 개량, 양조, 멸치, 액젓"
D031068,우엉비빔면,면 및 만두류,면류,"우엉, 생것, 닭고기, 가슴, 생것, 메밀 국수, 생것, 파, 대파, 생것, 김, 참김, 생것, 양파, 생것, 비트, 뿌리, 생것, 간장, 개량, 산분해, 생강, 뿌리줄기, 생것, 맛술, 설탕, 백설탕, 고추냉이, 페이스트, 레몬 착즙, 참기름, 참깨, 흰색, 볶은것, 식초, 현미식초","메뉴명: 우엉비빔면
메뉴 대분류: 면 및 만두류
메뉴 소분류: 면류
식재료: 우엉, 생것, 닭고기, 가슴, 생것, 메밀 국수, 생것, 파, 대파, 생것, 김, 참김, 생것, 양파, 생것, 비트, 뿌리, 생것, 간장, 개량, 산분해, 생강, 뿌리줄기, 생것, 맛술, 설탕, 백설탕, 고추냉이, 페이스트, 레몬 착즙, 참기름, 참깨, 흰색, 볶은것, 식초, 현미식초"
D031069,풋콩국수,면 및 만두류,면류,"대두, 노란색, 말린것, 생수, 호두, 말린것, 참깨, 흰색, 볶은것, 국수, 소면, 말린것, 오이, 취청, 생것, 토마토, 방울토마토, 생것, 소금, 천일염, 가는소금, 설탕, 백설탕","메뉴명: 풋콩국수
메뉴 대분류: 면 및 만두류
메뉴 소분류: 면류
식재료: 대두, 노란색, 말린것, 생수, 호두, 말린것, 참깨, 흰색, 볶은것, 국수, 소면, 말린것, 오이, 취청, 생것, 토마토, 방울토마토, 생것, 소금, 천일염, 가는소금, 설탕, 백설탕"
D031070,간편콩국수,면 및 만두류,면류,"메밀 국수, 생것, 송이버섯, 생것, 콩기름, 참깨, 흰색, 볶은것, 소금, 천일염, 가는소금, 호박, 애호박, 생것, 양파, 생것, 고추, 초록색, 녹광, 생것, 고추, 빨간색, 생것, 두유, 대두, 두부","메뉴명: 간편콩국수
메뉴 대분류: 면 및 만두류
메뉴 소분류: 면류
식재료: 메밀 국수, 생것, 송이버섯, 생것, 콩기름, 참깨, 흰색, 볶은것, 소금, 천일염, 가는소금, 호박, 애호박, 생것, 양파, 생것, 고추, 초록색, 녹광, 생것, 고추, 빨간색, 생것, 두유, 대두, 두부"
D031071,삼겹살라면,면 및 만두류,면류,"라면, 말린것, 파, 쪽파, 생것, 돼지고기, 삼겹살, 생것, 파, 대파, 생것, 생강, 뿌리줄기, 생것, 다랑어, 가다랑어 육수, 간장, 개량, 양조, 맛술, 설탕, 흑설탕","메뉴명: 삼겹살라면
메뉴 대분류: 면 및 만두류
메뉴 소분류: 면류
식재료: 라면, 말린것, 파, 쪽파, 생것, 돼지고기, 삼겹살, 생것, 파, 대파, 생것, 생강, 뿌리줄기, 생것, 다랑어, 가다랑어 육수, 간장, 개량, 양조, 맛술, 설탕, 흑설탕"
D031072,오색볶음면,면 및 만두류,면류,"양파, 생것, 청경채, 생것, 파프리카, 노란색, 생것, 파프리카, 빨간색, 생것, 파, 쪽파, 생것, 라면, 말린것, 돼지고기, 살코기, 생것, 마늘, 다진것, 고추기름, 설탕, 가루, 두반장, 라면 스프","메뉴명: 오색볶음면
메뉴 대분류: 면 및 만두류
메뉴 소분류: 면류
식재료: 양파, 생것, 청경채, 생것, 파프리카, 노란색, 생것, 파프리카, 빨간색, 생것, 파, 쪽파, 생것, 라면, 말린것, 돼지고기, 살코기, 생것, 마늘, 다진것, 고추기름, 설탕, 가루, 두반장, 라면 스프"
D031073,토마토라면,면 및 만두류,면류,"호박, 애호박, 생것, 양파, 생것, 고추, 청양고추, 생것, 파, 대파, 생것, 토마토, 생것, 라면 스프, 라면, 말린것, 다시마, 말린것, 멸치, 대멸치, 삶아서 말린것, 무, 조선무, 생것, 생수","메뉴명: 토마토라면
메뉴 대분류: 면 및 만두류
메뉴 소분류: 면류
식재료: 호박, 애호박, 생것, 양파, 생것, 고추, 청양고추, 생것, 파, 대파, 생것, 토마토, 생것, 라면 스프, 라면, 말린것, 다시마, 말린것, 멸치, 대멸치, 삶아서 말린것, 무, 조선무, 생것, 생수"
D031074,다이어트국수,면 및 만두류,면류,"곤약(구약나물), 국수형, 생것, 김치, 열무 물김치, 오이, 다다기, 생것, 달걀, 생것, 당근, 뿌리, 생것, 양파, 생것, 참깨, 흰색, 볶은것, 레몬 착즙, 탄산수, 간장, 개량, 양조","메뉴명: 다이어트국수
메뉴 대분류: 면 및 만두류
메뉴 소분류: 면류
식재료: 곤약(구약나물), 국수형, 생것, 김치, 열무 물김치, 오이, 다다기, 생것, 달걀, 생것, 당근, 뿌리, 생것, 양파, 생것, 참깨, 흰색, 볶은것, 레몬 착즙, 탄산수, 간장, 개량, 양조"
D031075,닭갈비볶음면,면 및 만두류,면류,"마늘, 생것, 들깻잎, 생것, 파, 쪽파, 생것, 파프리카, 빨간색, 생것, 양파, 생것, 파, 대파, 생것, 토마토, 방울토마토, 생것, 닭고기, 가슴, 생것, 라면, 말린것, 카레 소스, 가루, 고춧가루, 고추장, 개량, 참기름","메뉴명: 닭갈비볶음면
메뉴 대분류: 면 및 만두류
메뉴 소분류: 면류
식재료: 마늘, 생것, 들깻잎, 생것, 파, 쪽파, 생것, 파프리카, 빨간색, 생것, 양파, 생것, 파, 대파, 생것, 토마토, 방울토마토, 생것, 닭고기, 가슴, 생것, 라면, 말린것, 카레 소스, 가루, 고춧가루, 고추장, 개량, 참기름"
D031076,로제소스라면,면 및 만두류,면류,"새우, 중하, 생것, 백합, 생것, 담치, 참담치(홍합), 생것, 큰느타리버섯(새송이버섯), 생것, 양파, 생것, 토마토, 생것, 라면, 말린것, 우유, 크림, 생크림, 월계수, 잎, 말린것, 정향, 가루, 치즈, 파르메산(파마산), 파슬리, 말린것","메뉴명: 로제소스라면
메뉴 대분류: 면 및 만두류
메뉴 소분류: 면류
식재료: 새우, 중하, 생것, 백합, 생것, 담치, 참담치(홍합), 생것, 큰느타리버섯(새송이버섯), 생것, 양파, 생것, 토마토, 생것, 라면, 말린것, 우유, 크림, 생크림, 월계수, 잎, 말린것, 정향, 가루, 치즈, 파르메산(파마산), 파슬리, 말린것"
D031077,열무곤약국수,면 및 만두류,면류,"김치, 열무 김치, 곤약(구약나물), 국수형, 생것, 오이, 다다기, 생것, 레몬, 생것, 양파, 생것, 달걀, 생것, 당근, 뿌리, 생것, 참깨, 흰색, 볶은것","메뉴명: 열무곤약국수
메뉴 대분류: 면 및 만두류
메뉴 소분류: 면류
식재료: 김치, 열무 김치, 곤약(구약나물), 국수형, 생것, 오이, 다다기, 생것, 레몬, 생것, 양파, 생것, 달걀, 생것, 당근, 뿌리, 생것, 참깨, 흰색, 볶은것"
D031078,까르보나라뇨끼,면 및 만두류,면류,"감자, 대지, 생것, 들깻잎, 생것, 베이컨, 송이버섯, 생것, 마늘, 다진것, 양파, 생것, 파, 대파, 생것, 후추, 흰색, 가루, 버터, 무가염, 우유, 크림, 생크림, 설탕, 가루, 치즈, 파르메산(파마산)","메뉴명: 까르보나라뇨끼
메뉴 대분류: 면 및 만두류
메뉴 소분류: 면류
식재료: 감자, 대지, 생것, 들깻잎, 생것, 베이컨, 송이버섯, 생것, 마늘, 다진것, 양파, 생것, 파, 대파, 생것, 후추, 흰색, 가루, 버터, 무가염, 우유, 크림, 생크림, 설탕, 가루, 치즈, 파르메산(파마산)"
D031079,열무김치파스타,면 및 만두류,면류,"스파게티면, 말린것, 김치, 열무 김치, 오이, 다다기, 생것, 고추, 초록색, 녹광, 생것, 고추, 빨간색, 생것, 파프리카, 노란색, 생것, 양파, 생것, 당근, 뿌리, 생것, 들기름, 참깨, 흰색, 볶은것, 고추, 청양고추, 생것","메뉴명: 열무김치파스타
메뉴 대분류: 면 및 만두류
메뉴 소분류: 면류
식재료: 스파게티면, 말린것, 김치, 열무 김치, 오이, 다다기, 생것, 고추, 초록색, 녹광, 생것, 고추, 빨간색, 생것, 파프리카, 노란색, 생것, 양파, 생것, 당근, 뿌리, 생것, 들기름, 참깨, 흰색, 볶은것, 고추, 청양고추, 생것"
D031080,유자샐러드라면,면 및 만두류,면류,"라면, 말린것, 상추, 결구(양상추), 녹색, 생것, 케일, 생것, 파프리카, 빨간색, 생것, 비타민채(다채), 생것, 식초, 사과식초, 레몬 착즙, 유자청, 올리브유","메뉴명: 유자샐러드라면
메뉴 대분류: 면 및 만두류
메뉴 소분류: 면류
식재료: 라면, 말린것, 상추, 결구(양상추), 녹색, 생것, 케일, 생것, 파프리카, 빨간색, 생것, 비타민채(다채), 생것, 식초, 사과식초, 레몬 착즙, 유자청, 올리브유"
D031081,황태포당면국수,면 및 만두류,면류,"감자, 대지, 생것, 양파, 생것, 당근, 뿌리, 생것, 파, 대파, 생것, 고추, 청양고추, 생것, 팽이버섯, 생것, 달걀, 생것, 당면, 고구마, 말린것, 쑥갓, 생것, 멸치, 대멸치, 삶아서 말린것, 명태, 황태, 포, 말린것, 마늘, 다진것, 간장, 개량, 양조, 소금, 천일염, 가는소금, 후추, 흰색, 가루","메뉴명: 황태포당면국수
메뉴 대분류: 면 및 만두류
메뉴 소분류: 면류
식재료: 감자, 대지, 생것, 양파, 생것, 당근, 뿌리, 생것, 파, 대파, 생것, 고추, 청양고추, 생것, 팽이버섯, 생것, 달걀, 생것, 당면, 고구마, 말린것, 쑥갓, 생것, 멸치, 대멸치, 삶아서 말린것, 명태, 황태, 포, 말린것, 마늘, 다진것, 간장, 개량, 양조, 소금, 천일염, 가는소금, 후추, 흰색, 가루"
D031082,간장곤약볶음국수,면 및 만두류,면류,"곤약(구약나물), 국수형, 생것, 사과, 생것, 레몬 착즙, 간장, 개량, 양조, 생강, 뿌리줄기, 생것, 양파, 생것, 버터, 무가염, 참깨, 검은색, 볶은것, 요구르트, 호상, 플레인, 시리얼, 옥수수, 그래놀라, 건조과일, 꿀","메뉴명: 간장곤약볶음국수
메뉴 대분류: 면 및 만두류
메뉴 소분류: 면류
식재료: 곤약(구약나물), 국수형, 생것, 사과, 생것, 레몬 착즙, 간장, 개량, 양조, 생강, 뿌리줄기, 생것, 양파, 생것, 버터, 무가염, 참깨, 검은색, 볶은것, 요구르트, 호상, 플레인, 시리얼, 옥수수, 그래놀라, 건조과일, 꿀"
D031083,바나나크림파스타,면 및 만두류,면류,"바나나, 생것, 아보카도, 생것, 토마토, 생것, 베이컨, 바질, 잎, 생것, 마늘, 생것, 양파, 생것, 크림, 휘핑, 식물성, 치즈, 체다, 우유, 소금, 천일염, 가는소금, 스파게티면, 말린것","메뉴명: 바나나크림파스타
메뉴 대분류: 면 및 만두류
메뉴 소분류: 면류
식재료: 바나나, 생것, 아보카도, 생것, 토마토, 생것, 베이컨, 바질, 잎, 생것, 마늘, 생것, 양파, 생것, 크림, 휘핑, 식물성, 치즈, 체다, 우유, 소금, 천일염, 가는소금, 스파게티면, 말린것"
D031084,토마토샐러드라면,면 및 만두류,면류,"상추, 결구(양상추), 녹색, 생것, 치커리, 잎, 생것, 라면, 면, 조리후, 닭고기, 가슴, 삶은것, 토마토, 방울토마토, 생것, 파슬리, 말린것, 설탕, 가루, 식초, 양조, 레몬 착즙, 간장, 개량, 양조, 마늘, 다진것, 토마토, 생것, 양파, 생것, 올리브유","메뉴명: 토마토샐러드라면
메뉴 대분류: 면 및 만두류
메뉴 소분류: 면류
식재료: 상추, 결구(양상추), 녹색, 생것, 치커리, 잎, 생것, 라면, 면, 조리후, 닭고기, 가슴, 삶은것, 토마토, 방울토마토, 생것, 파슬리, 말린것, 설탕, 가루, 식초, 양조, 레몬 착즙, 간장, 개량, 양조, 마늘, 다진것, 토마토, 생것, 양파, 생것, 올리브유"
D031085,토마토스프파스타,면 및 만두류,면류,"토마토, 통조림, 페이스트, 토마토, 생것, 양파, 생것, 마늘, 다진것, 스파게티면, 말린것, 치즈, 모차렐라, 파슬리, 말린것, 소금, 가공염, 퉁퉁마디(함초), 올리브유, 가지, 생것, 파프리카, 빨간색, 생것, 파프리카, 노란색, 생것, 호박, 애호박, 생것","메뉴명: 토마토스프파스타
메뉴 대분류: 면 및 만두류
메뉴 소분류: 면류
식재료: 토마토, 통조림, 페이스트, 토마토, 생것, 양파, 생것, 마늘, 다진것, 스파게티면, 말린것, 치즈, 모차렐라, 파슬리, 말린것, 소금, 가공염, 퉁퉁마디(함초), 올리브유, 가지, 생것, 파프리카, 빨간색, 생것, 파프리카, 노란색, 생것, 호박, 애호박, 생것"
D031086,얼큰 콩나물 수제비,면 및 만두류,면류,"콩나물, 생것, 명태, 황태, 포, 말린것, 고추장, 개량, 밀, 중력밀가루, 고춧가루, 소금, 천일염, 가는소금","메뉴명: 얼큰 콩나물 수제비
메뉴 대분류: 면 및 만두류
메뉴 소분류: 면류
식재료: 콩나물, 생것, 명태, 황태, 포, 말린것, 고추장, 개량, 밀, 중력밀가루, 고춧가루, 소금, 천일염, 가는소금"
D031087,감자칼국수,면 및 만두류,면류,"칼국수면, 생것, 감자, 대지, 생것, 호박, 애호박, 생것, 양파, 생것, 마늘, 다진것, 당근, 뿌리, 생것, 간장, 개량, 양조, 다시마, 말린것, 파, 대파, 생것, 고추, 청양고추, 생것, 고추, 빨간색, 생것, 소금, 천일염, 소금꽃, 후추, 흰색, 가루","메뉴명: 감자칼국수
메뉴 대분류: 면 및 만두류
메뉴 소분류: 면류
식재료: 칼국수면, 생것, 감자, 대지, 생것, 호박, 애호박, 생것, 양파, 생것, 마늘, 다진것, 당근, 뿌리, 생것, 간장, 개량, 양조, 다시마, 말린것, 파, 대파, 생것, 고추, 청양고추, 생것, 고추, 빨간색, 생것, 소금, 천일염, 소금꽃, 후추, 흰색, 가루"
D031088,계란잔치국수,면 및 만두류,면류,"국수, 소면, 말린것, 김치, 배추 김치, 달걀, 삶은것, 호박, 애호박, 생것, 당근, 뿌리, 생것, 두부, 유부, 다시마, 말린것, 멸치, 대멸치, 삶아서 말린것, 파, 대파, 생것, 간장, 개량, 양조, 참기름, 김, 참김, 구운것, 마늘, 생것","메뉴명: 계란잔치국수
메뉴 대분류: 면 및 만두류
메뉴 소분류: 면류
식재료: 국수, 소면, 말린것, 김치, 배추 김치, 달걀, 삶은것, 호박, 애호박, 생것, 당근, 뿌리, 생것, 두부, 유부, 다시마, 말린것, 멸치, 대멸치, 삶아서 말린것, 파, 대파, 생것, 간장, 개량, 양조, 참기름, 김, 참김, 구운것, 마늘, 생것"
D031089,골뱅이비빔면,면 및 만두류,면류,"국수, 소면, 말린것, 우렁이, 큰구슬우렁이(골뱅이), 통조림, 고형물, 소고기, 한우(1++등급), 앞다리, 생것, 양파, 생것, 당근, 뿌리, 생것, 고추장, 개량, 토마토 케첩, 설탕, 백설탕, 물엿, 콩기름, 식초, 양조, 마늘, 생것, 참깨, 흰색, 볶은것, 참기름","메뉴명: 골뱅이비빔면
메뉴 대분류: 면 및 만두류
메뉴 소분류: 면류
식재료: 국수, 소면, 말린것, 우렁이, 큰구슬우렁이(골뱅이), 통조림, 고형물, 소고기, 한우(1++등급), 앞다리, 생것, 양파, 생것, 당근, 뿌리, 생것, 고추장, 개량, 토마토 케첩, 설탕, 백설탕, 물엿, 콩기름, 식초, 양조, 마늘, 생것, 참깨, 흰색, 볶은것, 참기름"
D031090,까르보나라스파게티,면 및 만두류,면류,"스파게티면, 말린것, 우유, 달걀, 난황, 생것, 베이컨, 새우, 흰다리새우, 생것, 브로콜리, 생것, 양파, 생것, 크림, 휘핑, 식물성, 크림, 생크림, 버터, 무가염, 전분, 감자, 가루, 소금, 천일염, 후추, 흰색, 가루","메뉴명: 까르보나라스파게티
메뉴 대분류: 면 및 만두류
메뉴 소분류: 면류
식재료: 스파게티면, 말린것, 우유, 달걀, 난황, 생것, 베이컨, 새우, 흰다리새우, 생것, 브로콜리, 생것, 양파, 생것, 크림, 휘핑, 식물성, 크림, 생크림, 버터, 무가염, 전분, 감자, 가루, 소금, 천일염, 후추, 흰색, 가루"
D031091,꼬치어묵우동,면 및 만두류,면류,"우동면, 생것, 어묵, 멸치 육수, 두부, 유부, 파, 대파, 생것, 양파, 생것, 멸치, 중멸치, 삶아서 말린것, 다시마, 말린것, 김, 참김, 구운것, 쑥갓, 생것, 소금, 구운소금, 마늘, 다진것, 간장, 재래","메뉴명: 꼬치어묵우동
메뉴 대분류: 면 및 만두류
메뉴 소분류: 면류
식재료: 우동면, 생것, 어묵, 멸치 육수, 두부, 유부, 파, 대파, 생것, 양파, 생것, 멸치, 중멸치, 삶아서 말린것, 다시마, 말린것, 김, 참김, 구운것, 쑥갓, 생것, 소금, 구운소금, 마늘, 다진것, 간장, 재래"
D031092,달걀스파게티피자,면 및 만두류,면류,"우유, 달걀, 생것, 스파게티면, 말린것, 토마토, 생것, 스파게티 소스, 토마토, 병조림, 크림, 휘핑, 식물성, 핫 소스, 치커리, 잎, 생것, 식초, 사과식초, 치즈, 모차렐라, 혼합식물성유, 치커리, 잎, 적색, 생것, 비타민채(다채), 어린잎, 생것, 소금, 천일염, 가는소금, 치즈, 파르메산(파마산)","메뉴명: 달걀스파게티피자
메뉴 대분류: 면 및 만두류
메뉴 소분류: 면류
식재료: 우유, 달걀, 생것, 스파게티면, 말린것, 토마토, 생것, 스파게티 소스, 토마토, 병조림, 크림, 휘핑, 식물성, 핫 소스, 치커리, 잎, 생것, 식초, 사과식초, 치즈, 모차렐라, 혼합식물성유, 치커리, 잎, 적색, 생것, 비타민채(다채), 어린잎, 생것, 소금, 천일염, 가는소금, 치즈, 파르메산(파마산)"
D031093,닭고기와사랑에빠진수제비,면 및 만두류,면류,"닭고기, 가슴, 생것, 호박, 애호박, 생것, 닭 육수, 파, 대파, 생것, 간장, 개량, 양조, 밀, 중력밀가루, 당근, 뿌리, 생것, 팽이버섯, 생것, 고춧가루, 마늘, 생것, 들깻잎, 생것, 소금, 천일염, 가는소금, 후추, 흰색, 가루","메뉴명: 닭고기와사랑에빠진수제비
메뉴 대분류: 면 및 만두류
메뉴 소분류: 면류
식재료: 닭고기, 가슴, 생것, 호박, 애호박, 생것, 닭 육수, 파, 대파, 생것, 간장, 개량, 양조, 밀, 중력밀가루, 당근, 뿌리, 생것, 팽이버섯, 생것, 고춧가루, 마늘, 생것, 들깻잎, 생것, 소금, 천일염, 가는소금, 후추, 흰색, 가루"
D031094,돼지고기김치크림파스타,면 및 만두류,면류,"우유, 스파게티면, 말린것, 김치, 배추 김치, 돼지고기, 앞다리, 생것, 크림, 휘핑, 식물성, 양파, 생것, 브로콜리, 생것, 버터, 무가염, 발효주, 청주, 알코올 16%, 참기름, 마늘, 생것, 후추, 흰색, 가루, 설탕, 백설탕, 생강, 뿌리줄기, 생것, 소금, 천일염, 가는소금","메뉴명: 돼지고기김치크림파스타
메뉴 대분류: 면 및 만두류
메뉴 소분류: 면류
식재료: 우유, 스파게티면, 말린것, 김치, 배추 김치, 돼지고기, 앞다리, 생것, 크림, 휘핑, 식물성, 양파, 생것, 브로콜리, 생것, 버터, 무가염, 발효주, 청주, 알코올 16%, 참기름, 마늘, 생것, 후추, 흰색, 가루, 설탕, 백설탕, 생강, 뿌리줄기, 생것, 소금, 천일염, 가는소금"
D031095,들깨버섯칼국수,면 및 만두류,면류,"칼국수면, 생것, 들깨, 볶은것, 호박, 애호박, 생것, 표고버섯, 배지재배, 생것, 양송이버섯, 생것, 애느타리버섯, 생것, 송이버섯, 생것, 당근, 뿌리, 생것, 다시마, 말린것, 고춧가루, 간장, 재래, 파, 대파, 생것, 소금, 천일염, 마늘, 다진것, 참기름","메뉴명: 들깨버섯칼국수
메뉴 대분류: 면 및 만두류
메뉴 소분류: 면류
식재료: 칼국수면, 생것, 들깨, 볶은것, 호박, 애호박, 생것, 표고버섯, 배지재배, 생것, 양송이버섯, 생것, 애느타리버섯, 생것, 송이버섯, 생것, 당근, 뿌리, 생것, 다시마, 말린것, 고춧가루, 간장, 재래, 파, 대파, 생것, 소금, 천일염, 마늘, 다진것, 참기름"
D031096,들깨인삼칼국수,면 및 만두류,면류,"칼국수면, 생것, 들깨, 볶은것, 호박, 애호박, 생것, 인삼, 수삼, 생것, 멸치, 대멸치, 삶아서 말린것, 당근, 뿌리, 생것, 다시마, 말린것, 고춧가루, 간장, 재래, 파, 대파, 생것, 소금, 천일염, 참기름, 마늘, 생것","메뉴명: 들깨인삼칼국수
메뉴 대분류: 면 및 만두류
메뉴 소분류: 면류
식재료: 칼국수면, 생것, 들깨, 볶은것, 호박, 애호박, 생것, 인삼, 수삼, 생것, 멸치, 대멸치, 삶아서 말린것, 당근, 뿌리, 생것, 다시마, 말린것, 고춧가루, 간장, 재래, 파, 대파, 생것, 소금, 천일염, 참기름, 마늘, 생것"
D031097,들깨칼국수,면 및 만두류,면류,"칼국수면, 생것, 호박, 애호박, 생것, 들깨, 볶은것, 당근, 뿌리, 생것, 고춧가루, 간장, 재래, 멸치, 대멸치, 삶아서 말린것, 파, 대파, 생것, 참기름, 마늘, 생것","메뉴명: 들깨칼국수
메뉴 대분류: 면 및 만두류
메뉴 소분류: 면류
식재료: 칼국수면, 생것, 호박, 애호박, 생것, 들깨, 볶은것, 당근, 뿌리, 생것, 고춧가루, 간장, 재래, 멸치, 대멸치, 삶아서 말린것, 파, 대파, 생것, 참기름, 마늘, 생것"
D031098,로제크림파스타,면 및 만두류,면류,"스파게티면, 말린것, 스파게티 소스, 토마토, 병조림, 스파게티 소스, 크림, 병조림, 토마토 소스, 양파, 생것, 베이컨, 크림, 생크림, 마늘, 생것, 올리브유, 피망, 초록색, 생것, 소금, 천일염, 파슬리, 말린것","메뉴명: 로제크림파스타
메뉴 대분류: 면 및 만두류
메뉴 소분류: 면류
식재료: 스파게티면, 말린것, 스파게티 소스, 토마토, 병조림, 스파게티 소스, 크림, 병조림, 토마토 소스, 양파, 생것, 베이컨, 크림, 생크림, 마늘, 생것, 올리브유, 피망, 초록색, 생것, 소금, 천일염, 파슬리, 말린것"
D031099,로제파스타,면 및 만두류,면류,"스파게티면, 말린것, 스파게티 소스, 토마토, 병조림, 스파게티 소스, 크림, 병조림, 토마토 소스, 양파, 생것, 베이컨, 크림, 생크림, 마늘, 생것, 올리브유, 소금, 천일염","메뉴명: 로제파스타
메뉴 대분류: 면 및 만두류
메뉴 소분류: 면류
식재료: 스파게티면, 말린것, 스파게티 소스, 토마토, 병조림, 스파게티 소스, 크림, 병조림, 토마토 소스, 양파, 생것, 베이컨, 크림, 생크림, 마늘, 생것, 올리브유, 소금, 천일염"
D031100,매생이칼국수,면 및 만두류,면류,"칼국수면, 생것, 매생이, 생것, 바지락, 생것, 표고버섯, 배지재배, 생것, 간장, 재래, 참기름, 마늘, 생것, 후추, 흰색, 가루","메뉴명: 매생이칼국수
메뉴 대분류: 면 및 만두류
메뉴 소분류: 면류
식재료: 칼국수면, 생것, 매생이, 생것, 바지락, 생것, 표고버섯, 배지재배, 생것, 간장, 재래, 참기름, 마늘, 생것, 후추, 흰색, 가루"
D031101,메밀막국수,면 및 만두류,면류,"메밀 국수, 생것, 냉면 육수, 상추, 잎상추, 적색, 생것, 간장, 개량, 양조, 고추장, 개량, 들기름, 김, 참김, 구운것, 마늘, 생것","메뉴명: 메밀막국수
메뉴 대분류: 면 및 만두류
메뉴 소분류: 면류
식재료: 메밀 국수, 생것, 냉면 육수, 상추, 잎상추, 적색, 생것, 간장, 개량, 양조, 고추장, 개량, 들기름, 김, 참김, 구운것, 마늘, 생것"
D031102,메밀비빔국수,면 및 만두류,면류,"메밀 국수, 생것, 콩나물, 생것, 오이, 다다기, 생것, 들깻잎, 생것, 참기름, 고추장, 개량, 식초, 양조, 고춧가루, 간장, 개량, 양조, 매실청, 설탕, 백설탕, 파, 대파, 생것, 마늘, 생것","메뉴명: 메밀비빔국수
메뉴 대분류: 면 및 만두류
메뉴 소분류: 면류
식재료: 메밀 국수, 생것, 콩나물, 생것, 오이, 다다기, 생것, 들깻잎, 생것, 참기름, 고추장, 개량, 식초, 양조, 고춧가루, 간장, 개량, 양조, 매실청, 설탕, 백설탕, 파, 대파, 생것, 마늘, 생것"
D031103,멸치튀김잔치국수,면 및 만두류,면류,"국수, 소면, 말린것, 호박, 애호박, 생것, 양파, 생것, 멸치, 잔멸치, 삶아서 말린것, 당근, 뿌리, 생것, 바지락, 생것, 다시마, 말린것, 콩기름, 전분, 감자, 가루, 멸치, 대멸치, 삶아서 말린것, 마늘, 다진것, 고추, 빨간색, 말린것, 후추, 흰색, 가루","메뉴명: 멸치튀김잔치국수
메뉴 대분류: 면 및 만두류
메뉴 소분류: 면류
식재료: 국수, 소면, 말린것, 호박, 애호박, 생것, 양파, 생것, 멸치, 잔멸치, 삶아서 말린것, 당근, 뿌리, 생것, 바지락, 생것, 다시마, 말린것, 콩기름, 전분, 감자, 가루, 멸치, 대멸치, 삶아서 말린것, 마늘, 다진것, 고추, 빨간색, 말린것, 후추, 흰색, 가루"
D031104,미나리봉골레파스타,면 및 만두류,면류,"스파게티면, 말린것, 조개, 가무락조개, 생것, 양파, 생것, 올리브유, 미나리, 물미나리, 생것, 마늘, 다진것, 소금, 구운소금, 후추, 검은색, 가루","메뉴명: 미나리봉골레파스타
메뉴 대분류: 면 및 만두류
메뉴 소분류: 면류
식재료: 스파게티면, 말린것, 조개, 가무락조개, 생것, 양파, 생것, 올리브유, 미나리, 물미나리, 생것, 마늘, 다진것, 소금, 구운소금, 후추, 검은색, 가루"
D031105,미나리해물파스타,면 및 만두류,면류,"스파게티면, 말린것, 오징어, 생것, 바지락, 생것, 새우, 흰다리새우, 생것, 올리브유, 양송이버섯, 생것, 발효주, 청주, 알코올 16%, 소금, 천일염, 소금꽃, 월계수, 잎, 말린것, 양파, 생것, 마늘, 생것","메뉴명: 미나리해물파스타
메뉴 대분류: 면 및 만두류
메뉴 소분류: 면류
식재료: 스파게티면, 말린것, 오징어, 생것, 바지락, 생것, 새우, 흰다리새우, 생것, 올리브유, 양송이버섯, 생것, 발효주, 청주, 알코올 16%, 소금, 천일염, 소금꽃, 월계수, 잎, 말린것, 양파, 생것, 마늘, 생것"
D031106,미니김치말이국수,면 및 만두류,면류,"냉면 육수, 김치, 배추 김치, 국수, 소면, 말린것, 달걀, 부침(달걀프라이), 오이, 다다기, 생것, 김, 참김, 구운것, 소금, 천일염, 소금꽃, 참기름, 참깨, 흰색, 볶은것","메뉴명: 미니김치말이국수
메뉴 대분류: 면 및 만두류
메뉴 소분류: 면류
식재료: 냉면 육수, 김치, 배추 김치, 국수, 소면, 말린것, 달걀, 부침(달걀프라이), 오이, 다다기, 생것, 김, 참김, 구운것, 소금, 천일염, 소금꽃, 참기름, 참깨, 흰색, 볶은것"
D031107,미니양지쌀국수,면 및 만두류,면류,"멥쌀 국수, 말린것, 소고기, 한우(1++등급), 양지, 생것, 숙주나물, 생것, 양파, 생것, 파, 대파, 생것, 고추, 빨간색, 생것, 식초, 양조, 설탕, 백설탕, 소금, 천일염, 가는소금","메뉴명: 미니양지쌀국수
메뉴 대분류: 면 및 만두류
메뉴 소분류: 면류
식재료: 멥쌀 국수, 말린것, 소고기, 한우(1++등급), 양지, 생것, 숙주나물, 생것, 양파, 생것, 파, 대파, 생것, 고추, 빨간색, 생것, 식초, 양조, 설탕, 백설탕, 소금, 천일염, 가는소금"
D031108,미니우동,면 및 만두류,면류,"우동면, 생것, 쑥갓, 생것, 간장, 재래, 파, 대파, 생것, 멸치, 대멸치, 삶아서 말린것, 김, 참김, 구운것, 마늘, 생것","메뉴명: 미니우동
메뉴 대분류: 면 및 만두류
메뉴 소분류: 면류
식재료: 우동면, 생것, 쑥갓, 생것, 간장, 재래, 파, 대파, 생것, 멸치, 대멸치, 삶아서 말린것, 김, 참김, 구운것, 마늘, 생것"
D031109,미니잔치국수,면 및 만두류,면류,"국수, 소면, 말린것, 김치, 배추 김치, 달걀, 삶은것, 호박, 애호박, 생것, 당근, 뿌리, 생것, 멸치, 대멸치, 삶아서 말린것, 다시마, 말린것, 파, 대파, 생것, 간장, 개량, 양조, 마늘, 생것","메뉴명: 미니잔치국수
메뉴 대분류: 면 및 만두류
메뉴 소분류: 면류
식재료: 국수, 소면, 말린것, 김치, 배추 김치, 달걀, 삶은것, 호박, 애호박, 생것, 당근, 뿌리, 생것, 멸치, 대멸치, 삶아서 말린것, 다시마, 말린것, 파, 대파, 생것, 간장, 개량, 양조, 마늘, 생것"
D031110,미니홍합국수,면 및 만두류,면류,"국수, 소면, 말린것, 담치, 참담치(홍합), 생것, 양파, 생것, 다시마, 말린것, 멸치, 대멸치, 삶아서 말린것, 파, 대파, 생것, 간장, 개량, 양조, 고추, 청양고추, 생것, 고추, 빨간색, 생것, 마늘, 생것","메뉴명: 미니홍합국수
메뉴 대분류: 면 및 만두류
메뉴 소분류: 면류
식재료: 국수, 소면, 말린것, 담치, 참담치(홍합), 생것, 양파, 생것, 다시마, 말린것, 멸치, 대멸치, 삶아서 말린것, 파, 대파, 생것, 간장, 개량, 양조, 고추, 청양고추, 생것, 고추, 빨간색, 생것, 마늘, 생것"
D031111,미트볼스파게티,면 및 만두류,면류,"스파게티면, 말린것, 스파게티 소스, 토마토, 병조림, 미트볼, 냉동, 양송이버섯, 생것, 양파, 생것, 파프리카, 빨간색, 생것, 올리브유","메뉴명: 미트볼스파게티
메뉴 대분류: 면 및 만두류
메뉴 소분류: 면류
식재료: 스파게티면, 말린것, 스파게티 소스, 토마토, 병조림, 미트볼, 냉동, 양송이버섯, 생것, 양파, 생것, 파프리카, 빨간색, 생것, 올리브유"
D031112,미트스파게티,면 및 만두류,면류,"스파게티면, 말린것, 양파, 생것, 토마토, 통조림, 페이스트, 소고기, 한우(1++등급), 양지, 생것, 당근, 뿌리, 생것, 발효주, 과실주, 포도주, 적포도주, 알코올 13%, 토마토 소스, 셀러리, 생것, 양송이버섯, 생것, 마늘, 생것, 혼합식물성유, 소금, 천일염, 가는소금, 파슬리, 생것, 버터, 무가염, 후추, 검은색, 가루","메뉴명: 미트스파게티
메뉴 대분류: 면 및 만두류
메뉴 소분류: 면류
식재료: 스파게티면, 말린것, 양파, 생것, 토마토, 통조림, 페이스트, 소고기, 한우(1++등급), 양지, 생것, 당근, 뿌리, 생것, 발효주, 과실주, 포도주, 적포도주, 알코올 13%, 토마토 소스, 셀러리, 생것, 양송이버섯, 생것, 마늘, 생것, 혼합식물성유, 소금, 천일염, 가는소금, 파슬리, 생것, 버터, 무가염, 후추, 검은색, 가루"
D031113,바지락칼국수,면 및 만두류,면류,"칼국수면, 생것, 바지락, 생것, 호박, 애호박, 생것, 감자, 대지, 생것, 다시마, 말린것, 멸치, 대멸치, 삶아서 말린것, 간장, 개량, 양조, 파, 대파, 생것, 마늘, 생것","메뉴명: 바지락칼국수
메뉴 대분류: 면 및 만두류
메뉴 소분류: 면류
식재료: 칼국수면, 생것, 바지락, 생것, 호박, 애호박, 생것, 감자, 대지, 생것, 다시마, 말린것, 멸치, 대멸치, 삶아서 말린것, 간장, 개량, 양조, 파, 대파, 생것, 마늘, 생것"
D031114,버섯우동면굴소스볶음,면 및 만두류,면류,"우동면, 생것, 큰느타리버섯(새송이버섯), 생것, 양파, 생것, 파, 대파, 생것, 굴 소스, 간장, 개량, 양조, 올리브유, 마늘, 생것, 참깨, 흰색, 볶은것","메뉴명: 버섯우동면굴소스볶음
메뉴 대분류: 면 및 만두류
메뉴 소분류: 면류
식재료: 우동면, 생것, 큰느타리버섯(새송이버섯), 생것, 양파, 생것, 파, 대파, 생것, 굴 소스, 간장, 개량, 양조, 올리브유, 마늘, 생것, 참깨, 흰색, 볶은것"
D031115,버섯칼국수,면 및 만두류,면류,"칼국수면, 생것, 호박, 애호박, 생것, 감자, 대지, 생것, 소고기, 한우(1++등급), 양지, 생것, 양파, 생것, 달걀, 생것, 애느타리버섯, 생것, 마늘, 다진것, 멸치, 대멸치, 삶아서 말린것, 큰느타리버섯(새송이버섯), 생것, 당근, 뿌리, 생것, 파, 대파, 생것, 간장, 개량, 양조, 다시마, 말린것, 고추, 초록색, 녹광, 생것, 고추, 빨간색, 생것, 소금, 천일염, 소금꽃, 후추, 흰색, 가루","메뉴명: 버섯칼국수
메뉴 대분류: 면 및 만두류
메뉴 소분류: 면류
식재료: 칼국수면, 생것, 호박, 애호박, 생것, 감자, 대지, 생것, 소고기, 한우(1++등급), 양지, 생것, 양파, 생것, 달걀, 생것, 애느타리버섯, 생것, 마늘, 다진것, 멸치, 대멸치, 삶아서 말린것, 큰느타리버섯(새송이버섯), 생것, 당근, 뿌리, 생것, 파, 대파, 생것, 간장, 개량, 양조, 다시마, 말린것, 고추, 초록색, 녹광, 생것, 고추, 빨간색, 생것, 소금, 천일염, 소금꽃, 후추, 흰색, 가루"
D031116,베이컨로제파스타,면 및 만두류,면류,"스파게티면, 말린것, 스파게티 소스, 토마토, 병조림, 양파, 생것, 우유, 크림, 생크림, 양송이버섯, 생것, 베이컨, 올리브유, 소금, 천일염, 가는소금, 후추, 검은색, 가루","메뉴명: 베이컨로제파스타
메뉴 대분류: 면 및 만두류
메뉴 소분류: 면류
식재료: 스파게티면, 말린것, 스파게티 소스, 토마토, 병조림, 양파, 생것, 우유, 크림, 생크림, 양송이버섯, 생것, 베이컨, 올리브유, 소금, 천일염, 가는소금, 후추, 검은색, 가루"
D031117,베이컨크림스파게티,면 및 만두류,면류,"스파게티면, 말린것, 우유, 베이컨, 달걀, 생것, 브로콜리, 생것, 양파, 생것, 새우, 흰다리새우, 생것, 크림, 휘핑, 식물성, 크림, 생크림, 버터, 무가염, 전분, 감자, 가루, 소금, 천일염, 후추, 흰색, 가루","메뉴명: 베이컨크림스파게티
메뉴 대분류: 면 및 만두류
메뉴 소분류: 면류
식재료: 스파게티면, 말린것, 우유, 베이컨, 달걀, 생것, 브로콜리, 생것, 양파, 생것, 새우, 흰다리새우, 생것, 크림, 휘핑, 식물성, 크림, 생크림, 버터, 무가염, 전분, 감자, 가루, 소금, 천일염, 후추, 흰색, 가루"
D031118,베이컨크림파스타,면 및 만두류,면류,"스파게티 소스, 크림, 병조림, 스파게티면, 말린것, 마카로니, 말린것, 양파, 생것, 베이컨, 마늘, 생것, 올리브유, 소금, 천일염, 소금꽃, 후추, 흰색, 가루, 파슬리, 말린것","메뉴명: 베이컨크림파스타
메뉴 대분류: 면 및 만두류
메뉴 소분류: 면류
식재료: 스파게티 소스, 크림, 병조림, 스파게티면, 말린것, 마카로니, 말린것, 양파, 생것, 베이컨, 마늘, 생것, 올리브유, 소금, 천일염, 소금꽃, 후추, 흰색, 가루, 파슬리, 말린것"
D031119,볶음우동,면 및 만두류,면류,"우동면, 생것, 돼지고기, 삼겹살(삼겹살), 생것, 새우, 흰다리새우, 생것, 숙주나물, 생것, 청경채, 생것, 피망, 초록색, 생것, 양파, 생것, 굴 소스, 간장, 개량, 양조, 설탕, 백설탕, 당근, 뿌리, 생것, 맛술, 버터, 무가염, 콩기름, 물엿, 파, 대파, 생것, 생강, 뿌리줄기, 생것, 마늘, 생것, 후추, 검은색, 가루","메뉴명: 볶음우동
메뉴 대분류: 면 및 만두류
메뉴 소분류: 면류
식재료: 우동면, 생것, 돼지고기, 삼겹살(삼겹살), 생것, 새우, 흰다리새우, 생것, 숙주나물, 생것, 청경채, 생것, 피망, 초록색, 생것, 양파, 생것, 굴 소스, 간장, 개량, 양조, 설탕, 백설탕, 당근, 뿌리, 생것, 맛술, 버터, 무가염, 콩기름, 물엿, 파, 대파, 생것, 생강, 뿌리줄기, 생것, 마늘, 생것, 후추, 검은색, 가루"
D031120,블랙 크림파스타,면 및 만두류,면류,"스파게티 소스, 크림, 병조림, 스파게티면, 말린것, 양파, 생것, 베이컨, 피망, 초록색, 생것, 올리브유","메뉴명: 블랙 크림파스타
메뉴 대분류: 면 및 만두류
메뉴 소분류: 면류
식재료: 스파게티 소스, 크림, 병조림, 스파게티면, 말린것, 양파, 생것, 베이컨, 피망, 초록색, 생것, 올리브유"
D031121,삼색수제비,면 및 만두류,면류,"밀, 중력밀가루, 호박, 애호박, 생것, 감자, 대지, 생것, 양파, 생것, 무, 조선무, 생것, 참기름, 멸치, 대멸치, 삶아서 말린것, 당근, 뿌리, 생것, 파, 대파, 생것, 다시마, 말린것, 마늘, 생것","메뉴명: 삼색수제비
메뉴 대분류: 면 및 만두류
메뉴 소분류: 면류
식재료: 밀, 중력밀가루, 호박, 애호박, 생것, 감자, 대지, 생것, 양파, 생것, 무, 조선무, 생것, 참기름, 멸치, 대멸치, 삶아서 말린것, 당근, 뿌리, 생것, 파, 대파, 생것, 다시마, 말린것, 마늘, 생것"
D031122,삼선자장면,면 및 만두류,면류,"중식면, 생것, 짜장 소스, 춘장, 오징어, 생것, 호박, 쥬키니, 생것, 양배추, 생것, 감자, 대지, 생것, 양파, 생것, 돼지고기, 뒷다리, 생것, 새우, 흰다리새우, 생것, 완두, 통조림, 콩기름, 전분, 감자, 가루, 마늘, 다진것, 후추, 검은색, 가루","메뉴명: 삼선자장면
메뉴 대분류: 면 및 만두류
메뉴 소분류: 면류
식재료: 중식면, 생것, 짜장 소스, 춘장, 오징어, 생것, 호박, 쥬키니, 생것, 양배추, 생것, 감자, 대지, 생것, 양파, 생것, 돼지고기, 뒷다리, 생것, 새우, 흰다리새우, 생것, 완두, 통조림, 콩기름, 전분, 감자, 가루, 마늘, 다진것, 후추, 검은색, 가루"
D031123,새우볶음우동,면 및 만두류,면류,"우동면, 생것, 새우, 흰다리새우, 생것, 숙주나물, 생것, 피망, 초록색, 생것, 양파, 생것, 굴 소스, 간장, 개량, 양조, 당근, 뿌리, 생것, 콩기름, 물엿, 파, 대파, 생것, 마늘, 생것, 후추, 검은색, 가루","메뉴명: 새우볶음우동
메뉴 대분류: 면 및 만두류
메뉴 소분류: 면류
식재료: 우동면, 생것, 새우, 흰다리새우, 생것, 숙주나물, 생것, 피망, 초록색, 생것, 양파, 생것, 굴 소스, 간장, 개량, 양조, 당근, 뿌리, 생것, 콩기름, 물엿, 파, 대파, 생것, 마늘, 생것, 후추, 검은색, 가루"
D031124,새우크림스파게티,면 및 만두류,면류,"스파게티면, 말린것, 우유, 새우, 중하, 생것, 양파, 생것, 크림, 생크림, 피망, 초록색, 생것, 양송이버섯, 생것, 올리브유, 소금, 천일염, 가는소금, 후추, 검은색, 가루","메뉴명: 새우크림스파게티
메뉴 대분류: 면 및 만두류
메뉴 소분류: 면류
식재료: 스파게티면, 말린것, 우유, 새우, 중하, 생것, 양파, 생것, 크림, 생크림, 피망, 초록색, 생것, 양송이버섯, 생것, 올리브유, 소금, 천일염, 가는소금, 후추, 검은색, 가루"
D031125,새우크림파스타,면 및 만두류,면류,"스파게티면, 말린것, 새우, 중하, 생것, 우유, 양파, 생것, 양송이버섯, 생것, 크림, 생크림, 피망, 초록색, 생것, 소금, 천일염, 가는소금, 올리브유, 후추, 검은색, 가루","메뉴명: 새우크림파스타
메뉴 대분류: 면 및 만두류
메뉴 소분류: 면류
식재료: 스파게티면, 말린것, 새우, 중하, 생것, 우유, 양파, 생것, 양송이버섯, 생것, 크림, 생크림, 피망, 초록색, 생것, 소금, 천일염, 가는소금, 올리브유, 후추, 검은색, 가루"
D031126,새우튀김우동,면 및 만두류,면류,"우동면, 생것, 새우 튀김용, 튀긴것(빵가루), 다랑어, 가다랑어 육수, 어묵, 멸치, 대멸치, 삶아서 말린것, 혼합식물성유, 파, 대파, 생것, 다시마, 말린것, 김, 참김, 구운것","메뉴명: 새우튀김우동
메뉴 대분류: 면 및 만두류
메뉴 소분류: 면류
식재료: 우동면, 생것, 새우 튀김용, 튀긴것(빵가루), 다랑어, 가다랑어 육수, 어묵, 멸치, 대멸치, 삶아서 말린것, 혼합식물성유, 파, 대파, 생것, 다시마, 말린것, 김, 참김, 구운것"
D031127,소고기양지쌀국수,면 및 만두류,면류,"멥쌀 국수, 말린것, 숙주나물, 생것, 양지국물, 소고기, 한우(1++등급), 양지, 생것, 양파, 생것, 다시마, 말린것, 멸치, 대멸치, 삶아서 말린것, 고추, 빨간색, 생것, 파, 쪽파, 생것, 고추, 초록색, 녹광, 생것, 고추, 청양고추, 생것","메뉴명: 소고기양지쌀국수
메뉴 대분류: 면 및 만두류
메뉴 소분류: 면류
식재료: 멥쌀 국수, 말린것, 숙주나물, 생것, 양지국물, 소고기, 한우(1++등급), 양지, 생것, 양파, 생것, 다시마, 말린것, 멸치, 대멸치, 삶아서 말린것, 고추, 빨간색, 생것, 파, 쪽파, 생것, 고추, 초록색, 녹광, 생것, 고추, 청양고추, 생것"
D031128,쌀국수,면 및 만두류,면류,"양지국물, 멥쌀 국수, 말린것, 숙주나물, 생것, 양파, 생것, 소고기, 한우(1++등급), 양지, 생것, 파, 쪽파, 생것, 고추, 초록색, 녹광, 생것, 고추, 빨간색, 생것","메뉴명: 쌀국수
메뉴 대분류: 면 및 만두류
메뉴 소분류: 면류
식재료: 양지국물, 멥쌀 국수, 말린것, 숙주나물, 생것, 양파, 생것, 소고기, 한우(1++등급), 양지, 생것, 파, 쪽파, 생것, 고추, 초록색, 녹광, 생것, 고추, 빨간색, 생것"
D031129,애호박닭칼국수,면 및 만두류,면류,"닭고기, 성계, 생것, 칼국수면, 생것, 호박, 애호박, 생것, 양파, 생것, 당근, 뿌리, 생것, 부추, 두메부추, 생것, 다시마, 말린것, 멸치, 대멸치, 삶아서 말린것, 간장, 개량, 양조, 파, 대파, 생것, 식초, 사과식초, 설탕, 백설탕, 참깨, 흰색, 볶은것, 마늘, 생것, 참기름, 생강, 뿌리줄기, 생것, 후추, 검은색, 가루","메뉴명: 애호박닭칼국수
메뉴 대분류: 면 및 만두류
메뉴 소분류: 면류
식재료: 닭고기, 성계, 생것, 칼국수면, 생것, 호박, 애호박, 생것, 양파, 생것, 당근, 뿌리, 생것, 부추, 두메부추, 생것, 다시마, 말린것, 멸치, 대멸치, 삶아서 말린것, 간장, 개량, 양조, 파, 대파, 생것, 식초, 사과식초, 설탕, 백설탕, 참깨, 흰색, 볶은것, 마늘, 생것, 참기름, 생강, 뿌리줄기, 생것, 후추, 검은색, 가루"
D031130,어린이쌀국수,면 및 만두류,면류,"멥쌀 국수, 말린것, 소고기, 한우(1++등급), 양지, 생것, 숙주나물, 생것, 양파, 생것, 무, 조선무, 생것, 파, 대파, 생것, 마늘, 생것, 파, 쪽파, 생것, 간장, 개량, 양조, 다시마, 말린것, 멸치, 대멸치, 삶아서 말린것, 소금, 천일염, 가는소금","메뉴명: 어린이쌀국수
메뉴 대분류: 면 및 만두류
메뉴 소분류: 면류
식재료: 멥쌀 국수, 말린것, 소고기, 한우(1++등급), 양지, 생것, 숙주나물, 생것, 양파, 생것, 무, 조선무, 생것, 파, 대파, 생것, 마늘, 생것, 파, 쪽파, 생것, 간장, 개량, 양조, 다시마, 말린것, 멸치, 대멸치, 삶아서 말린것, 소금, 천일염, 가는소금"
D031131,어묵우동,면 및 만두류,면류,"우동면, 생것, 어묵, 두부, 유부, 멸치, 대멸치, 삶아서 말린것, 파, 대파, 생것, 쑥갓, 생것, 다시마, 말린것, 마늘, 생것, 간장, 개량, 양조","메뉴명: 어묵우동
메뉴 대분류: 면 및 만두류
메뉴 소분류: 면류
식재료: 우동면, 생것, 어묵, 두부, 유부, 멸치, 대멸치, 삶아서 말린것, 파, 대파, 생것, 쑥갓, 생것, 다시마, 말린것, 마늘, 생것, 간장, 개량, 양조"
D031132,열무물국수,면 및 만두류,면류,"김치, 열무 물김치, 국수, 소면, 말린것, 소고기, 한우(1++등급), 양지, 생것, 달걀, 부침(달걀프라이), 파, 대파, 생것, 간장, 개량, 양조, 고춧가루, 설탕, 백설탕, 마늘, 생것","메뉴명: 열무물국수
메뉴 대분류: 면 및 만두류
메뉴 소분류: 면류
식재료: 김치, 열무 물김치, 국수, 소면, 말린것, 소고기, 한우(1++등급), 양지, 생것, 달걀, 부침(달걀프라이), 파, 대파, 생것, 간장, 개량, 양조, 고춧가루, 설탕, 백설탕, 마늘, 생것"
D031133,온면&amp;양념장,면 및 만두류,면류,"국수, 소면, 말린것, 소고기, 한우(1++등급), 양지, 생것, 호박, 애호박, 생것, 무, 조선무, 생것, 당근, 뿌리, 생것, 달걀, 부침(달걀프라이), 표고버섯, 배지재배, 생것, 간장, 재래, 멸치, 대멸치, 삶아서 말린것, 고추, 빨간색, 생것, 다시마, 말린것, 참기름, 마늘, 생것, 발효주, 청주, 알코올 16%","메뉴명: 온면&amp;양념장
메뉴 대분류: 면 및 만두류
메뉴 소분류: 면류
식재료: 국수, 소면, 말린것, 소고기, 한우(1++등급), 양지, 생것, 호박, 애호박, 생것, 무, 조선무, 생것, 당근, 뿌리, 생것, 달걀, 부침(달걀프라이), 표고버섯, 배지재배, 생것, 간장, 재래, 멸치, 대멸치, 삶아서 말린것, 고추, 빨간색, 생것, 다시마, 말린것, 참기름, 마늘, 생것, 발효주, 청주, 알코올 16%"
D031134,우무묵콩국수,면 및 만두류,면류,"국수, 소면, 말린것, 대두, 노란색, 말린것, 달걀, 생것, 우뭇가사리묵(우무), 오이, 다다기, 생것, 토마토, 생것, 소금, 천일염, 가는소금, 땅콩, 볶은것, 잣, 볶은것, 참깨, 흰색, 볶은것","메뉴명: 우무묵콩국수
메뉴 대분류: 면 및 만두류
메뉴 소분류: 면류
식재료: 국수, 소면, 말린것, 대두, 노란색, 말린것, 달걀, 생것, 우뭇가사리묵(우무), 오이, 다다기, 생것, 토마토, 생것, 소금, 천일염, 가는소금, 땅콩, 볶은것, 잣, 볶은것, 참깨, 흰색, 볶은것"
D031135,유부우동,면 및 만두류,면류,"우동면, 생것, 파, 대파, 생것, 두부, 유부, 쑥갓, 생것, 간장, 재래, 멸치, 대멸치, 삶아서 말린것, 다시마, 말린것, 소금, 천일염, 가는소금, 김, 참김, 구운것, 마늘, 생것, 후추, 흰색, 가루","메뉴명: 유부우동
메뉴 대분류: 면 및 만두류
메뉴 소분류: 면류
식재료: 우동면, 생것, 파, 대파, 생것, 두부, 유부, 쑥갓, 생것, 간장, 재래, 멸치, 대멸치, 삶아서 말린것, 다시마, 말린것, 소금, 천일염, 가는소금, 김, 참김, 구운것, 마늘, 생것, 후추, 흰색, 가루"
D031136,장칼국수,면 및 만두류,면류,"칼국수면, 생것, 호박, 애호박, 생것, 감자, 대지, 생것, 양파, 생것, 고추장, 개량, 표고버섯, 배지재배, 생것, 멸치, 대멸치, 삶아서 말린것, 마늘, 다진것, 당근, 뿌리, 생것, 된장, 개량, 간장, 개량, 양조, 다시마, 말린것, 파, 대파, 생것, 고추, 청양고추, 생것, 고추, 빨간색, 생것, 후추, 흰색, 가루","메뉴명: 장칼국수
메뉴 대분류: 면 및 만두류
메뉴 소분류: 면류
식재료: 칼국수면, 생것, 호박, 애호박, 생것, 감자, 대지, 생것, 양파, 생것, 고추장, 개량, 표고버섯, 배지재배, 생것, 멸치, 대멸치, 삶아서 말린것, 마늘, 다진것, 당근, 뿌리, 생것, 된장, 개량, 간장, 개량, 양조, 다시마, 말린것, 파, 대파, 생것, 고추, 청양고추, 생것, 고추, 빨간색, 생것, 후추, 흰색, 가루"
D031137,쟁반짜장면,면 및 만두류,면류,"중식면, 생것, 양배추, 생것, 짜장 소스, 춘장, 돼지고기, 뒷다리, 생것, 호박, 쥬키니, 생것, 감자, 대지, 생것, 양파, 생것, 전분, 감자, 가루, 마늘, 다진것, 후추, 흰색, 가루, 소금, 천일염","메뉴명: 쟁반짜장면
메뉴 대분류: 면 및 만두류
메뉴 소분류: 면류
식재료: 중식면, 생것, 양배추, 생것, 짜장 소스, 춘장, 돼지고기, 뒷다리, 생것, 호박, 쥬키니, 생것, 감자, 대지, 생것, 양파, 생것, 전분, 감자, 가루, 마늘, 다진것, 후추, 흰색, 가루, 소금, 천일염"
D031138,채소짬뽕,면 및 만두류,면류,"우동면, 생것, 양배추, 생것, 양파, 생것, 호박, 쥬키니, 생것, 배추, 생것, 당근, 뿌리, 생것, 부추, 두메부추, 생것, 파, 대파, 생것, 고춧가루, 콩기름, 고추기름, 마늘, 다진것","메뉴명: 채소짬뽕
메뉴 대분류: 면 및 만두류
메뉴 소분류: 면류
식재료: 우동면, 생것, 양배추, 생것, 양파, 생것, 호박, 쥬키니, 생것, 배추, 생것, 당근, 뿌리, 생것, 부추, 두메부추, 생것, 파, 대파, 생것, 고춧가루, 콩기름, 고추기름, 마늘, 다진것"
D031139,채식토마토파스타,면 및 만두류,면류,"스파게티면, 말린것, 스파게티 소스, 토마토, 병조림, 토마토, 생것, 양파, 생것, 토마토, 통조림, 페이스트, 토마토, 통조림, 피망, 초록색, 생것, 표고버섯, 배지재배, 생것, 양송이버섯, 생것, 마늘, 생것, 파슬리, 말린것","메뉴명: 채식토마토파스타
메뉴 대분류: 면 및 만두류
메뉴 소분류: 면류
식재료: 스파게티면, 말린것, 스파게티 소스, 토마토, 병조림, 토마토, 생것, 양파, 생것, 토마토, 통조림, 페이스트, 토마토, 통조림, 피망, 초록색, 생것, 표고버섯, 배지재배, 생것, 양송이버섯, 생것, 마늘, 생것, 파슬리, 말린것"
D031140,초계냉국수,면 및 만두류,면류,"냉면 육수, 닭고기, 가슴, 생것, 국수, 소면, 말린것, 달걀, 부침(달걀프라이), 오이, 취청, 생것, 파프리카, 빨간색, 생것, 피망, 초록색, 생것, 파프리카, 노란색, 생것, 겨자 페이스트, 소금, 천일염, 소금꽃, 설탕, 백설탕","메뉴명: 초계냉국수
메뉴 대분류: 면 및 만두류
메뉴 소분류: 면류
식재료: 냉면 육수, 닭고기, 가슴, 생것, 국수, 소면, 말린것, 달걀, 부침(달걀프라이), 오이, 취청, 생것, 파프리카, 빨간색, 생것, 피망, 초록색, 생것, 파프리카, 노란색, 생것, 겨자 페이스트, 소금, 천일염, 소금꽃, 설탕, 백설탕"
D031141,콩나물 비빔면,면 및 만두류,면류,"우유, 닭고기, 가슴, 생것, 국수, 소면, 말린것, 오이, 다다기, 생것, 당근, 뿌리, 생것, 콩나물, 생것, 상추, 잎상추, 치마상추, 적색, 생것, 후추, 흰색, 가루","메뉴명: 콩나물 비빔면
메뉴 대분류: 면 및 만두류
메뉴 소분류: 면류
식재료: 우유, 닭고기, 가슴, 생것, 국수, 소면, 말린것, 오이, 다다기, 생것, 당근, 뿌리, 생것, 콩나물, 생것, 상추, 잎상추, 치마상추, 적색, 생것, 후추, 흰색, 가루"
D031142,크림파스타,면 및 만두류,면류,"스파게티 소스, 크림, 병조림, 스파게티면, 말린것, 마카로니, 말린것, 양파, 생것, 베이컨, 마늘, 생것, 올리브유, 소금, 천일염, 소금꽃, 후추, 흰색, 가루, 파슬리, 말린것","메뉴명: 크림파스타
메뉴 대분류: 면 및 만두류
메뉴 소분류: 면류
식재료: 스파게티 소스, 크림, 병조림, 스파게티면, 말린것, 마카로니, 말린것, 양파, 생것, 베이컨, 마늘, 생것, 올리브유, 소금, 천일염, 소금꽃, 후추, 흰색, 가루, 파슬리, 말린것"
D031143,토마토파스타,면 및 만두류,면류,"스파게티면, 말린것, 스파게티 소스, 토마토, 병조림, 토마토, 생것, 피망, 초록색, 생것, 양송이버섯, 생것, 양파, 생것, 콩기름, 마늘, 생것, 파슬리, 말린것","메뉴명: 토마토파스타
메뉴 대분류: 면 및 만두류
메뉴 소분류: 면류
식재료: 스파게티면, 말린것, 스파게티 소스, 토마토, 병조림, 토마토, 생것, 피망, 초록색, 생것, 양송이버섯, 생것, 양파, 생것, 콩기름, 마늘, 생것, 파슬리, 말린것"
D031144,토마토해물파스타,면 및 만두류,면류,"스파게티면, 말린것, 담치, 참담치(홍합), 생것, 스파게티 소스, 토마토, 병조림, 오징어, 생것, 새우, 흰다리새우, 생것, 토마토, 생것, 토마토, 통조림, 토마토, 통조림, 페이스트, 양송이버섯, 생것, 올리브유, 피망, 초록색, 생것, 양파, 생것, 마늘, 생것","메뉴명: 토마토해물파스타
메뉴 대분류: 면 및 만두류
메뉴 소분류: 면류
식재료: 스파게티면, 말린것, 담치, 참담치(홍합), 생것, 스파게티 소스, 토마토, 병조림, 오징어, 생것, 새우, 흰다리새우, 생것, 토마토, 생것, 토마토, 통조림, 토마토, 통조림, 페이스트, 양송이버섯, 생것, 올리브유, 피망, 초록색, 생것, 양파, 생것, 마늘, 생것"
D031145,팥칼국수,면 및 만두류,면류,"칼국수면, 생것, 팥, 앙금, 찹쌀, 백미, 가루, 소금, 천일염, 가는소금","메뉴명: 팥칼국수
메뉴 대분류: 면 및 만두류
메뉴 소분류: 면류
식재료: 칼국수면, 생것, 팥, 앙금, 찹쌀, 백미, 가루, 소금, 천일염, 가는소금"
D031146,해물칼국수,면 및 만두류,면류,"칼국수면, 생것, 오징어, 생것, 새우, 흰다리새우, 생것, 당근, 뿌리, 생것, 호박, 애호박, 생것, 새우, 보리새우, 생것, 파, 대파, 생것, 다시마, 말린것, 마늘, 생것, 간장, 개량, 양조","메뉴명: 해물칼국수
메뉴 대분류: 면 및 만두류
메뉴 소분류: 면류
식재료: 칼국수면, 생것, 오징어, 생것, 새우, 흰다리새우, 생것, 당근, 뿌리, 생것, 호박, 애호박, 생것, 새우, 보리새우, 생것, 파, 대파, 생것, 다시마, 말린것, 마늘, 생것, 간장, 개량, 양조"
D031147,호박칼국수,면 및 만두류,면류,"칼국수면, 생것, 호박, 애호박, 생것, 감자, 대지, 생것, 양파, 생것, 마늘, 다진것, 당근, 뿌리, 생것, 간장, 개량, 양조, 다시마, 말린것, 파, 대파, 생것, 고추, 청양고추, 생것, 고추, 빨간색, 생것, 소금, 천일염, 소금꽃, 후추, 흰색, 가루","메뉴명: 호박칼국수
메뉴 대분류: 면 및 만두류
메뉴 소분류: 면류
식재료: 칼국수면, 생것, 호박, 애호박, 생것, 감자, 대지, 생것, 양파, 생것, 마늘, 다진것, 당근, 뿌리, 생것, 간장, 개량, 양조, 다시마, 말린것, 파, 대파, 생것, 고추, 청양고추, 생것, 고추, 빨간색, 생것, 소금, 천일염, 소금꽃, 후추, 흰색, 가루"
D032001,군만두(초간장포함),면 및 만두류,만두류,"만두, 군만두, 식초, 양조, 콩기름, 간장, 재래, 고춧가루","메뉴명: 군만두(초간장포함)
메뉴 대분류: 면 및 만두류
메뉴 소분류: 만두류
식재료: 만두, 군만두, 식초, 양조, 콩기름, 간장, 재래, 고춧가루"
D032002,김치만두,면 및 만두류,만두류,"김치, 배추 김치, 돼지고기, 등심, 생것, 두부, 밀, 중력밀가루, 당면, 고구마, 삶은것, 파, 대파, 생것, 마늘, 생것, 소금, 천일염, 가는소금, 참기름, 후추, 검은색, 가루","메뉴명: 김치만두
메뉴 대분류: 면 및 만두류
메뉴 소분류: 만두류
식재료: 김치, 배추 김치, 돼지고기, 등심, 생것, 두부, 밀, 중력밀가루, 당면, 고구마, 삶은것, 파, 대파, 생것, 마늘, 생것, 소금, 천일염, 가는소금, 참기름, 후추, 검은색, 가루"
D032003,"떡만둣국(김치만두, 멸치)",면 및 만두류,만두류,"멥쌀떡, 가래떡, 만두, 김치 만두, 멸치 육수, 양파, 데친것, 파, 대파, 생것, 간장, 재래, 조미료, 쇠고기맛, 가루, 김, 참김, 구운것","메뉴명: 떡만둣국(김치만두, 멸치)
메뉴 대분류: 면 및 만두류
메뉴 소분류: 만두류
식재료: 멥쌀떡, 가래떡, 만두, 김치 만두, 멸치 육수, 양파, 데친것, 파, 대파, 생것, 간장, 재래, 조미료, 쇠고기맛, 가루, 김, 참김, 구운것"
D032004,"떡만둣국(김치만두, 소고기)",면 및 만두류,만두류,"멥쌀떡, 가래떡, 만두, 김치 만두, 소고기, 한우, 양지, 삶은것, 양파, 데친것, 파, 대파, 생것, 간장, 재래, 참기름, 소금, 천일염, 가는소금, 조미료, 쇠고기맛, 가루, 김, 참김, 구운것","메뉴명: 떡만둣국(김치만두, 소고기)
메뉴 대분류: 면 및 만두류
메뉴 소분류: 만두류
식재료: 멥쌀떡, 가래떡, 만두, 김치 만두, 소고기, 한우, 양지, 삶은것, 양파, 데친것, 파, 대파, 생것, 간장, 재래, 참기름, 소금, 천일염, 가는소금, 조미료, 쇠고기맛, 가루, 김, 참김, 구운것"
D032005,"떡만둣국(닭고기만두, 멸치)",면 및 만두류,만두류,"멥쌀떡, 가래떡, 밀, 중력밀가루, 닭고기, 살코기, 삶은것, 멸치 육수, 당면, 고구마, 삶은것, 두부, 숙주나물, 데친것, 달걀, 삶은것, 양파, 데친것, 마늘, 생것, 파, 대파, 생것, 간장, 재래, 후추, 검은색, 가루, 김, 참김, 구운것, 소금, 천일염, 가는소금, 조미료, 쇠고기맛, 가루, 참기름","메뉴명: 떡만둣국(닭고기만두, 멸치)
메뉴 대분류: 면 및 만두류
메뉴 소분류: 만두류
식재료: 멥쌀떡, 가래떡, 밀, 중력밀가루, 닭고기, 살코기, 삶은것, 멸치 육수, 당면, 고구마, 삶은것, 두부, 숙주나물, 데친것, 달걀, 삶은것, 양파, 데친것, 마늘, 생것, 파, 대파, 생것, 간장, 재래, 후추, 검은색, 가루, 김, 참김, 구운것, 소금, 천일염, 가는소금, 조미료, 쇠고기맛, 가루, 참기름"
D032006,"떡만둣국(돼지고기만두, 멸치)",면 및 만두류,만두류,"멥쌀떡, 가래떡, 밀, 중력밀가루, 돼지고기, 등심, 삶은것, 멸치 육수, 당면, 고구마, 삶은것, 두부, 숙주나물, 데친것, 달걀, 삶은것, 양파, 데친것, 마늘, 생것, 파, 대파, 생것, 간장, 재래, 후추, 검은색, 가루, 김, 참김, 구운것, 소금, 천일염, 가는소금, 조미료, 쇠고기맛, 가루, 참기름","메뉴명: 떡만둣국(돼지고기만두, 멸치)
메뉴 대분류: 면 및 만두류
메뉴 소분류: 만두류
식재료: 멥쌀떡, 가래떡, 밀, 중력밀가루, 돼지고기, 등심, 삶은것, 멸치 육수, 당면, 고구마, 삶은것, 두부, 숙주나물, 데친것, 달걀, 삶은것, 양파, 데친것, 마늘, 생것, 파, 대파, 생것, 간장, 재래, 후추, 검은색, 가루, 김, 참김, 구운것, 소금, 천일염, 가는소금, 조미료, 쇠고기맛, 가루, 참기름"
D032007,만둣국,면 및 만두류,만두류,"만두, 고기 만두, 소고기, 한우, 양지, 삶은것, 간장, 재래, 달걀, 삶은것, 참기름, 마늘, 생것, 파, 대파, 생것, 소금, 천일염, 가는소금","메뉴명: 만둣국
메뉴 대분류: 면 및 만두류
메뉴 소분류: 만두류
식재료: 만두, 고기 만두, 소고기, 한우, 양지, 삶은것, 간장, 재래, 달걀, 삶은것, 참기름, 마늘, 생것, 파, 대파, 생것, 소금, 천일염, 가는소금"
D032011,채만두,면 및 만두류,만두류,"메밀, 도정, 가루, 김치, 갓김치, 취나물, 참취, 삶아서 말린것, 데친것, 들기름, 파, 대파, 생것, 마늘, 생것, 소금, 천일염, 가는소금, 참기름, 후추, 검은색, 가루","메뉴명: 채만두
메뉴 대분류: 면 및 만두류
메뉴 소분류: 만두류
식재료: 메밀, 도정, 가루, 김치, 갓김치, 취나물, 참취, 삶아서 말린것, 데친것, 들기름, 파, 대파, 생것, 마늘, 생것, 소금, 천일염, 가는소금, 참기름, 후추, 검은색, 가루"
D032017,만두,면 및 만두류,만두류,"돼지고기, 등심, 생것, 두부, 당면, 고구마, 말린것, 김치, 배추 김치, 마늘, 생것, 파, 대파, 생것, 소금, 천일염, 가는소금, 참기름, 후추, 검은색, 가루, 밀, 중력밀가루","메뉴명: 만두
메뉴 대분류: 면 및 만두류
메뉴 소분류: 만두류
식재료: 돼지고기, 등심, 생것, 두부, 당면, 고구마, 말린것, 김치, 배추 김치, 마늘, 생것, 파, 대파, 생것, 소금, 천일염, 가는소금, 참기름, 후추, 검은색, 가루, 밀, 중력밀가루"
D032018,버섯만두,면 및 만두류,만두류,"표고버섯, 배지재배, 생것, 파, 쪽파, 생것, 돼지고기, 앞다리(앞다리살), 생것, 소금, 천일염, 가는소금, 발효주, 청주, 알코올 16%, 후추, 검은색, 가루, 밀, 중력밀가루, 간장, 개량, 양조, 식초, 감식초, 생수, 참깨, 흰색, 볶은것","메뉴명: 버섯만두
메뉴 대분류: 면 및 만두류
메뉴 소분류: 만두류
식재료: 표고버섯, 배지재배, 생것, 파, 쪽파, 생것, 돼지고기, 앞다리(앞다리살), 생것, 소금, 천일염, 가는소금, 발효주, 청주, 알코올 16%, 후추, 검은색, 가루, 밀, 중력밀가루, 간장, 개량, 양조, 식초, 감식초, 생수, 참깨, 흰색, 볶은것"
D040001,감자죽,죽류,죽류,"감자, 대지, 삶은것, 멥쌀, 백미, 밥, 당근, 뿌리, 데친것, 완두, 삶은것, 소금, 천일염, 가는소금","메뉴명: 감자죽
메뉴 대분류: 죽류
메뉴 소분류: 죽류
식재료: 감자, 대지, 삶은것, 멥쌀, 백미, 밥, 당근, 뿌리, 데친것, 완두, 삶은것, 소금, 천일염, 가는소금"
D040002,깨죽,죽류,죽류,"멥쌀, 백미, 밥, 들깨, 볶은것, 소금, 천일염, 가는소금","메뉴명: 깨죽
메뉴 대분류: 죽류
메뉴 소분류: 죽류
식재료: 멥쌀, 백미, 밥, 들깨, 볶은것, 소금, 천일염, 가는소금"
D040003,닭죽,죽류,죽류,"닭고기, 영계, 삶은것, 찹쌀, 백미, 생것, 마늘, 생것, 파, 대파, 생것, 대추, 말린것, 소금, 천일염, 가는소금, 후추, 검은색, 가루","메뉴명: 닭죽
메뉴 대분류: 죽류
메뉴 소분류: 죽류
식재료: 닭고기, 영계, 삶은것, 찹쌀, 백미, 생것, 마늘, 생것, 파, 대파, 생것, 대추, 말린것, 소금, 천일염, 가는소금, 후추, 검은색, 가루"
D040004,버섯죽,죽류,죽류,"멥쌀, 백미, 밥, 느타리버섯, 데친것, 양송이버섯, 데친것, 소고기, 한우, 양지, 삶은것, 참기름, 소금, 천일염, 가는소금","메뉴명: 버섯죽
메뉴 대분류: 죽류
메뉴 소분류: 죽류
식재료: 멥쌀, 백미, 밥, 느타리버섯, 데친것, 양송이버섯, 데친것, 소고기, 한우, 양지, 삶은것, 참기름, 소금, 천일염, 가는소금"
D040005,새우죽,죽류,죽류,"멥쌀, 백미, 밥, 새우, 중하, 생것, 소고기, 한우, 양지, 삶은것, 소금, 천일염, 가는소금","메뉴명: 새우죽
메뉴 대분류: 죽류
메뉴 소분류: 죽류
식재료: 멥쌀, 백미, 밥, 새우, 중하, 생것, 소고기, 한우, 양지, 삶은것, 소금, 천일염, 가는소금"
D040006,소고기죽,죽류,죽류,"멥쌀, 백미, 밥, 소고기, 한우, 양지, 삶은것, 소금, 천일염, 가는소금","메뉴명: 소고기죽
메뉴 대분류: 죽류
메뉴 소분류: 죽류
식재료: 멥쌀, 백미, 밥, 소고기, 한우, 양지, 삶은것, 소금, 천일염, 가는소금"
D040007,소라죽,죽류,죽류,"소라, 생것, 기장, 도정, 생것, 양파, 데친것, 당근, 뿌리, 데친것, 찹쌀, 백미, 생것, 호박, 애호박, 데친것, 소금, 천일염, 가는소금, 참깨, 흰색, 볶은것, 마늘, 생것, 참기름","메뉴명: 소라죽
메뉴 대분류: 죽류
메뉴 소분류: 죽류
식재료: 소라, 생것, 기장, 도정, 생것, 양파, 데친것, 당근, 뿌리, 데친것, 찹쌀, 백미, 생것, 호박, 애호박, 데친것, 소금, 천일염, 가는소금, 참깨, 흰색, 볶은것, 마늘, 생것, 참기름"
D040008,수수죽,죽류,죽류,"멥쌀, 백미, 밥, 수수, 찰수수, 도정, 생것, 소금, 천일염, 가는소금","메뉴명: 수수죽
메뉴 대분류: 죽류
메뉴 소분류: 죽류
식재료: 멥쌀, 백미, 밥, 수수, 찰수수, 도정, 생것, 소금, 천일염, 가는소금"
D040009,야채죽,죽류,죽류,"멥쌀, 백미, 밥, 감자, 대지, 삶은것, 옥수수, 통조림, 가당, 당근, 뿌리, 데친것, 소고기, 한우, 양지, 삶은것, 시금치, 데친것, 완두, 삶은것, 소금, 천일염, 가는소금","메뉴명: 야채죽
메뉴 대분류: 죽류
메뉴 소분류: 죽류
식재료: 멥쌀, 백미, 밥, 감자, 대지, 삶은것, 옥수수, 통조림, 가당, 당근, 뿌리, 데친것, 소고기, 한우, 양지, 삶은것, 시금치, 데친것, 완두, 삶은것, 소금, 천일염, 가는소금"
D040010,잣죽,죽류,죽류,"멥쌀, 백미, 밥, 잣, 볶은것, 소금, 천일염, 가는소금","메뉴명: 잣죽
메뉴 대분류: 죽류
메뉴 소분류: 죽류
식재료: 멥쌀, 백미, 밥, 잣, 볶은것, 소금, 천일염, 가는소금"
D040011,전복죽,죽류,죽류,"멥쌀, 백미, 밥, 전복, 둥근전복, 생것, 참기름, 참깨, 흰색, 볶은것, 소금, 천일염, 가는소금","메뉴명: 전복죽
메뉴 대분류: 죽류
메뉴 소분류: 죽류
식재료: 멥쌀, 백미, 밥, 전복, 둥근전복, 생것, 참기름, 참깨, 흰색, 볶은것, 소금, 천일염, 가는소금"
D040012,콩죽,죽류,죽류,"멥쌀, 백미, 밥, 대두, 노란색, 말린것, 설탕, 백설탕, 소금, 천일염, 가는소금","메뉴명: 콩죽
메뉴 대분류: 죽류
메뉴 소분류: 죽류
식재료: 멥쌀, 백미, 밥, 대두, 노란색, 말린것, 설탕, 백설탕, 소금, 천일염, 가는소금"
D040014,호박죽,죽류,죽류,"호박, 늙은호박, 삶은것, 찹쌀, 백미, 가루, 팥, 적색, 말린것, 설탕, 백설탕, 소금, 천일염, 가는소금","메뉴명: 호박죽
메뉴 대분류: 죽류
메뉴 소분류: 죽류
식재료: 호박, 늙은호박, 삶은것, 찹쌀, 백미, 가루, 팥, 적색, 말린것, 설탕, 백설탕, 소금, 천일염, 가는소금"
D040015,흰죽,죽류,죽류,"멥쌀, 백미, 죽","메뉴명: 흰죽
메뉴 대분류: 죽류
메뉴 소분류: 죽류
식재료: 멥쌀, 백미, 죽"
D040022,녹두죽,죽류,죽류,"녹두, 삶은것, 멥쌀, 백미, 죽, 소금, 천일염, 가는소금","메뉴명: 녹두죽
메뉴 대분류: 죽류
메뉴 소분류: 죽류
식재료: 녹두, 삶은것, 멥쌀, 백미, 죽, 소금, 천일염, 가는소금"
D040041,옥수수채소죽,죽류,죽류,"옥수수, 찰옥수수, 삶은것, 호박, 애호박, 데친것, 고추, 풋고추, 생것, 간장, 재래","메뉴명: 옥수수채소죽
메뉴 대분류: 죽류
메뉴 소분류: 죽류
식재료: 옥수수, 찰옥수수, 삶은것, 호박, 애호박, 데친것, 고추, 풋고추, 생것, 간장, 재래"
D040043,인삼어죽,죽류,죽류,"인삼, 수삼, 생것, 쏘가리, 생것, 멥쌀, 백미, 죽, 국수, 소면, 말린것, 삶은것, 쑥갓, 데친것, 소금, 천일염, 가는소금, 된장, 개량, 고추장, 개량, 고춧가루, 파, 대파, 생것, 마늘, 생것","메뉴명: 인삼어죽
메뉴 대분류: 죽류
메뉴 소분류: 죽류
식재료: 인삼, 수삼, 생것, 쏘가리, 생것, 멥쌀, 백미, 죽, 국수, 소면, 말린것, 삶은것, 쑥갓, 데친것, 소금, 천일염, 가는소금, 된장, 개량, 고추장, 개량, 고춧가루, 파, 대파, 생것, 마늘, 생것"
D040049,팥죽,죽류,죽류,"팥, 적색, 삶은것, 찹쌀, 백미, 가루, 소금, 천일염, 가는소금","메뉴명: 팥죽
메뉴 대분류: 죽류
메뉴 소분류: 죽류
식재료: 팥, 적색, 삶은것, 찹쌀, 백미, 가루, 소금, 천일염, 가는소금"
D040052,호두죽,죽류,죽류,"호두, 볶은것, 멥쌀, 백미, 밥, 소금, 천일염, 가는소금, 설탕, 백설탕","메뉴명: 호두죽
메뉴 대분류: 죽류
메뉴 소분류: 죽류
식재료: 호두, 볶은것, 멥쌀, 백미, 밥, 소금, 천일염, 가는소금, 설탕, 백설탕"
D040057,전복죽,죽류,죽류,"멥쌀, 백미, 밥, 전복, 둥근전복, 생것, 참기름, 참깨, 흰색, 볶은것, 소금, 천일염, 가는소금","메뉴명: 전복죽
메뉴 대분류: 죽류
메뉴 소분류: 죽류
식재료: 멥쌀, 백미, 밥, 전복, 둥근전복, 생것, 참기름, 참깨, 흰색, 볶은것, 소금, 천일염, 가는소금"
D040058,전복죽,죽류,죽류,"멥쌀, 백미, 밥, 전복, 둥근전복, 생것, 참기름, 참깨, 흰색, 볶은것, 소금, 천일염, 가는소금","메뉴명: 전복죽
메뉴 대분류: 죽류
메뉴 소분류: 죽류
식재료: 멥쌀, 백미, 밥, 전복, 둥근전복, 생것, 참기름, 참깨, 흰색, 볶은것, 소금, 천일염, 가는소금"
D040059,버섯죽,죽류,죽류,"멥쌀, 백미, 밥, 느타리버섯, 데친것, 양송이버섯, 데친것, 소고기, 한우, 양지, 삶은것, 참기름, 소금, 천일염, 가는소금","메뉴명: 버섯죽
메뉴 대분류: 죽류
메뉴 소분류: 죽류
식재료: 멥쌀, 백미, 밥, 느타리버섯, 데친것, 양송이버섯, 데친것, 소고기, 한우, 양지, 삶은것, 참기름, 소금, 천일염, 가는소금"
D040060,야채죽,죽류,죽류,"멥쌀, 백미, 밥, 감자, 대지, 삶은것, 옥수수, 통조림, 가당, 당근, 뿌리, 데친것, 소고기, 한우, 양지, 삶은것, 시금치, 데친것, 완두, 삶은것, 소금, 천일염, 가는소금, 참기름","메뉴명: 야채죽
메뉴 대분류: 죽류
메뉴 소분류: 죽류
식재료: 멥쌀, 백미, 밥, 감자, 대지, 삶은것, 옥수수, 통조림, 가당, 당근, 뿌리, 데친것, 소고기, 한우, 양지, 삶은것, 시금치, 데친것, 완두, 삶은것, 소금, 천일염, 가는소금, 참기름"
D040061,닭죽,죽류,죽류,"닭고기, 영계, 삶은것, 찹쌀, 백미, 생것, 마늘, 생것, 파, 대파, 생것, 대추, 말린것, 소금, 천일염, 가는소금, 후추, 검은색, 가루, 멥쌀, 백미, 밥","메뉴명: 닭죽
메뉴 대분류: 죽류
메뉴 소분류: 죽류
식재료: 닭고기, 영계, 삶은것, 찹쌀, 백미, 생것, 마늘, 생것, 파, 대파, 생것, 대추, 말린것, 소금, 천일염, 가는소금, 후추, 검은색, 가루, 멥쌀, 백미, 밥"
D040062,소고기죽,죽류,죽류,"멥쌀, 백미, 밥, 소고기, 한우, 양지, 삶은것, 소금, 천일염, 가는소금","메뉴명: 소고기죽
메뉴 대분류: 죽류
메뉴 소분류: 죽류
식재료: 멥쌀, 백미, 밥, 소고기, 한우, 양지, 삶은것, 소금, 천일염, 가는소금"
D040063,미음(백미),죽류,죽류,"멥쌀, 백미, 미음","메뉴명: 미음(백미)
메뉴 대분류: 죽류
메뉴 소분류: 죽류
식재료: 멥쌀, 백미, 미음"
D040064,미음(현미),죽류,죽류,"멥쌀, 현미, 미음","메뉴명: 미음(현미)
메뉴 대분류: 죽류
메뉴 소분류: 죽류
식재료: 멥쌀, 현미, 미음"
D040065,흰죽(현미),죽류,죽류,"멥쌀, 현미, 죽","메뉴명: 흰죽(현미)
메뉴 대분류: 죽류
메뉴 소분류: 죽류
식재료: 멥쌀, 현미, 죽"
D040066,율무죽,죽류,죽류,"율무, 죽","메뉴명: 율무죽
메뉴 대분류: 죽류
메뉴 소분류: 죽류
식재료: 율무, 죽"
D040067,참깨죽,죽류,죽류,참깨죽,"메뉴명: 참깨죽
메뉴 대분류: 죽류
메뉴 소분류: 죽류
식재료: 참깨죽"
D040068,단호박타락죽,죽류,죽류,"호박, 단호박, 생것, 찹쌀, 백미, 생것, 우유, 대추, 말린것, 소금, 천일염, 가는소금, 잣, 생것","메뉴명: 단호박타락죽
메뉴 대분류: 죽류
메뉴 소분류: 죽류
식재료: 호박, 단호박, 생것, 찹쌀, 백미, 생것, 우유, 대추, 말린것, 소금, 천일염, 가는소금, 잣, 생것"
D040069,대추죽,죽류,죽류,"멥쌀, 현미, 밥, 찹쌀, 백미, 생것, 멥쌀, 백미, 생것, 생수, 대추, 말린것, 잣, 생것, 소금, 천일염, 가는소금, 설탕, 백설탕","메뉴명: 대추죽
메뉴 대분류: 죽류
메뉴 소분류: 죽류
식재료: 멥쌀, 현미, 밥, 찹쌀, 백미, 생것, 멥쌀, 백미, 생것, 생수, 대추, 말린것, 잣, 생것, 소금, 천일염, 가는소금, 설탕, 백설탕"
D040070,브로콜리 타락죽,죽류,죽류,"소고기, 한우(1등급), 양지, 생것, 브로콜리, 생것, 당근, 뿌리, 생것, 멥쌀, 백미, 생것, 다시마 육수, 우유, 간장, 개량, 양조, 맛술, 참기름, 소금, 천일염, 가는소금","메뉴명: 브로콜리 타락죽
메뉴 대분류: 죽류
메뉴 소분류: 죽류
식재료: 소고기, 한우(1등급), 양지, 생것, 브로콜리, 생것, 당근, 뿌리, 생것, 멥쌀, 백미, 생것, 다시마 육수, 우유, 간장, 개량, 양조, 맛술, 참기름, 소금, 천일염, 가는소금"
D040071,세발나물기장죽,죽류,죽류,"기장, 도정, 생것, 멥쌀, 백미, 남찬, 생것, 생수, 갯나물, 세발나물, 생것, 소고기, 한우(1등급), 양지(양지머리), 생것, 콩기름, 간장, 개량, 양조, 설탕, 백설탕, 마늘, 생것, 참기름, 참깨, 흰색, 볶은것, 후추, 검은색, 가루","메뉴명: 세발나물기장죽
메뉴 대분류: 죽류
메뉴 소분류: 죽류
식재료: 기장, 도정, 생것, 멥쌀, 백미, 남찬, 생것, 생수, 갯나물, 세발나물, 생것, 소고기, 한우(1등급), 양지(양지머리), 생것, 콩기름, 간장, 개량, 양조, 설탕, 백설탕, 마늘, 생것, 참기름, 참깨, 흰색, 볶은것, 후추, 검은색, 가루"
D040072,전복보리죽,죽류,죽류,"보리, 쌀보리, 찰보리, 도정, 생것, 전복, 둥근전복, 생것, 파, 쪽파, 생것, 참기름, 생수, 소금, 천일염, 가는소금, 참깨, 흰색, 볶은것","메뉴명: 전복보리죽
메뉴 대분류: 죽류
메뉴 소분류: 죽류
식재료: 보리, 쌀보리, 찰보리, 도정, 생것, 전복, 둥근전복, 생것, 파, 쪽파, 생것, 참기름, 생수, 소금, 천일염, 가는소금, 참깨, 흰색, 볶은것"
D040073,팥스프,죽류,죽류,"팥, 적색, 말린것, 생수, 밤, 생것, 우유, 소금, 천일염, 가는소금, 설탕, 백설탕, 호박씨, 말린것","메뉴명: 팥스프
메뉴 대분류: 죽류
메뉴 소분류: 죽류
식재료: 팥, 적색, 말린것, 생수, 밤, 생것, 우유, 소금, 천일염, 가는소금, 설탕, 백설탕, 호박씨, 말린것"
D040074,황태 된장 누룽지 죽,죽류,죽류,"멥쌀, 백미, 밥, 다시마, 말린것, 명태, 황태, 포, 말린것, 파, 쪽파, 생것, 간장, 개량, 양조, 마늘, 생것, 참기름, 생수, 된장, 개량","메뉴명: 황태 된장 누룽지 죽
메뉴 대분류: 죽류
메뉴 소분류: 죽류
식재료: 멥쌀, 백미, 밥, 다시마, 말린것, 명태, 황태, 포, 말린것, 파, 쪽파, 생것, 간장, 개량, 양조, 마늘, 생것, 참기름, 생수, 된장, 개량"
D040075,호박죽,죽류,죽류,"호박, 단호박, 생것, 찹쌀, 백미, 가루, 브로콜리, 생것, 양파, 생것, 멥쌀, 현미, 생것, 소금, 천일염, 가는소금, 후추, 흰색, 가루, 치즈, 파르메산(파마산)","메뉴명: 호박죽
메뉴 대분류: 죽류
메뉴 소분류: 죽류
식재료: 호박, 단호박, 생것, 찹쌀, 백미, 가루, 브로콜리, 생것, 양파, 생것, 멥쌀, 현미, 생것, 소금, 천일염, 가는소금, 후추, 흰색, 가루, 치즈, 파르메산(파마산)"
D040076,미역전복죽,죽류,죽류,"전복, 북방전복, 생것, 찹쌀, 백미, 생것, 당근, 뿌리, 생것, 다시마, 말린것, 미역, 말린것, 참기름, 참깨, 검은색, 볶은것","메뉴명: 미역전복죽
메뉴 대분류: 죽류
메뉴 소분류: 죽류
식재료: 전복, 북방전복, 생것, 찹쌀, 백미, 생것, 당근, 뿌리, 생것, 다시마, 말린것, 미역, 말린것, 참기름, 참깨, 검은색, 볶은것"
D040077,새우아욱죽,죽류,죽류,"귀리, 쌀귀리, 도정, 밥, 아욱, 생것, 새우 볶음, 말린것, 볶은것, 새우, 중하, 생것, 된장, 개량","메뉴명: 새우아욱죽
메뉴 대분류: 죽류
메뉴 소분류: 죽류
식재료: 귀리, 쌀귀리, 도정, 밥, 아욱, 생것, 새우 볶음, 말린것, 볶은것, 새우, 중하, 생것, 된장, 개량"
D040078,웰빙카레죽,죽류,죽류,"카레 소스, 가루, 귀리, 쌀귀리, 도정, 밥, 닭고기, 가슴, 생것, 호박, 애호박, 생것, 감자, 대지, 생것, 양파, 생것, 토마토, 방울토마토, 생것, 마늘, 생것, 버터, 무가염, 새우, 중하, 생것","메뉴명: 웰빙카레죽
메뉴 대분류: 죽류
메뉴 소분류: 죽류
식재료: 카레 소스, 가루, 귀리, 쌀귀리, 도정, 밥, 닭고기, 가슴, 생것, 호박, 애호박, 생것, 감자, 대지, 생것, 양파, 생것, 토마토, 방울토마토, 생것, 마늘, 생것, 버터, 무가염, 새우, 중하, 생것"
D040079,함초타락죽,죽류,죽류,"찹쌀, 백미, 생것, 우유, 갯나물, 퉁퉁마디(함초), 하우스, 생것, 크랜베리, 말린것, 가당, 양파, 생것, 치즈, 파르메산(파마산)","메뉴명: 함초타락죽
메뉴 대분류: 죽류
메뉴 소분류: 죽류
식재료: 찹쌀, 백미, 생것, 우유, 갯나물, 퉁퉁마디(함초), 하우스, 생것, 크랜베리, 말린것, 가당, 양파, 생것, 치즈, 파르메산(파마산)"
D040080,닭가슴살스튜,죽류,죽류,"닭고기, 가슴, 생것, 당근, 뿌리, 생것, 양파, 생것, 브로콜리, 생것, 감자, 대지, 생것, 토마토, 방울토마토, 생것, 우유, 올리브유, 토마토, 통조림, 페이스트, 마늘, 다진것, 밀, 중력밀가루, 후추, 흰색, 가루","메뉴명: 닭가슴살스튜
메뉴 대분류: 죽류
메뉴 소분류: 죽류
식재료: 닭고기, 가슴, 생것, 당근, 뿌리, 생것, 양파, 생것, 브로콜리, 생것, 감자, 대지, 생것, 토마토, 방울토마토, 생것, 우유, 올리브유, 토마토, 통조림, 페이스트, 마늘, 다진것, 밀, 중력밀가루, 후추, 흰색, 가루"
D040081,두부청국장죽,죽류,죽류,"청국장, 가루, 두부, 멥쌀, 백미, 밥, 표고버섯, 배지재배, 생것, 당근, 뿌리, 생것, 호박, 애호박, 생것, 소고기, 한우(1++등급), 양지, 생것, 참기름, 간장, 개량, 양조, 소금, 천일염, 가는소금, 후추, 흰색, 가루, 마늘, 다진것, 파, 대파, 생것, 참깨, 검은색, 볶은것","메뉴명: 두부청국장죽
메뉴 대분류: 죽류
메뉴 소분류: 죽류
식재료: 청국장, 가루, 두부, 멥쌀, 백미, 밥, 표고버섯, 배지재배, 생것, 당근, 뿌리, 생것, 호박, 애호박, 생것, 소고기, 한우(1++등급), 양지, 생것, 참기름, 간장, 개량, 양조, 소금, 천일염, 가는소금, 후추, 흰색, 가루, 마늘, 다진것, 파, 대파, 생것, 참깨, 검은색, 볶은것"
D040082,브로콜리스프,죽류,죽류,"닭 육수, 양송이버섯, 생것, 브로콜리, 생것, 크림, 생크림, 소금, 가공염, 퉁퉁마디(함초), 빵, 바게트, 고추, 청양고추, 생것, 버터, 무가염, 토마토, 방울토마토, 생것, 설탕, 가루","메뉴명: 브로콜리스프
메뉴 대분류: 죽류
메뉴 소분류: 죽류
식재료: 닭 육수, 양송이버섯, 생것, 브로콜리, 생것, 크림, 생크림, 소금, 가공염, 퉁퉁마디(함초), 빵, 바게트, 고추, 청양고추, 생것, 버터, 무가염, 토마토, 방울토마토, 생것, 설탕, 가루"
D040083,비타민이유식,죽류,죽류,"멜론, 머스크, 생것, 브로콜리, 생것, 감자, 대지, 생것, 요구르트, 호상, 플레인, 설탕, 가루","메뉴명: 비타민이유식
메뉴 대분류: 죽류
메뉴 소분류: 죽류
식재료: 멜론, 머스크, 생것, 브로콜리, 생것, 감자, 대지, 생것, 요구르트, 호상, 플레인, 설탕, 가루"
D040084,퀴노아팥수프,죽류,죽류,"퀴노아, 쪄서 말린것, 팥, 적색, 말린것, 크림, 휘핑, 식물성, 버터, 무가염, 우유, 닭뼈 육수, 생수, 밀, 중력밀가루, 양파, 생것, 갯나물, 세발나물, 생것, 설탕, 가루","메뉴명: 퀴노아팥수프
메뉴 대분류: 죽류
메뉴 소분류: 죽류
식재료: 퀴노아, 쪄서 말린것, 팥, 적색, 말린것, 크림, 휘핑, 식물성, 버터, 무가염, 우유, 닭뼈 육수, 생수, 밀, 중력밀가루, 양파, 생것, 갯나물, 세발나물, 생것, 설탕, 가루"
D040085,관자브로콜리스프,죽류,죽류,"가리비, 관자, 생것, 양파, 생것, 브로콜리, 생것, 시금치, 생것, 크림, 생크림, 우유, 버터, 무가염, 치즈, 파르메산(파마산), 마늘, 다진것, 후추, 흰색, 가루, 마늘, 가루","메뉴명: 관자브로콜리스프
메뉴 대분류: 죽류
메뉴 소분류: 죽류
식재료: 가리비, 관자, 생것, 양파, 생것, 브로콜리, 생것, 시금치, 생것, 크림, 생크림, 우유, 버터, 무가염, 치즈, 파르메산(파마산), 마늘, 다진것, 후추, 흰색, 가루, 마늘, 가루"
D040086,바다향이 풍부한 전복죽,죽류,죽류,"전복, 북방전복, 생것, 당근, 뿌리, 생것, 미역, 말린것, 찹쌀, 백미, 생것, 참깨, 검은색, 볶은것, 참기름, 발효주, 청주, 알코올 16%, 후추, 흰색, 가루","메뉴명: 바다향이 풍부한 전복죽
메뉴 대분류: 죽류
메뉴 소분류: 죽류
식재료: 전복, 북방전복, 생것, 당근, 뿌리, 생것, 미역, 말린것, 찹쌀, 백미, 생것, 참깨, 검은색, 볶은것, 참기름, 발효주, 청주, 알코올 16%, 후추, 흰색, 가루"
D051001,감잣국,국(탕)류,맑은국류,"감자, 대지, 삶은것, 멸치 육수, 간장, 재래, 파, 대파, 생것, 마늘, 생것","메뉴명: 감잣국
메뉴 대분류: 국(탕)류
메뉴 소분류: 맑은국류
식재료: 감자, 대지, 삶은것, 멸치 육수, 간장, 재래, 파, 대파, 생것, 마늘, 생것"
D051002,감잣국(당면),국(탕)류,맑은국류,"감자, 대지, 삶은것, 당면, 고구마, 삶은것, 멸치 육수, 파, 쪽파, 생것, 마늘, 생것, 소금, 천일염, 가는소금","메뉴명: 감잣국(당면)
메뉴 대분류: 국(탕)류
메뉴 소분류: 맑은국류
식재료: 감자, 대지, 삶은것, 당면, 고구마, 삶은것, 멸치 육수, 파, 쪽파, 생것, 마늘, 생것, 소금, 천일염, 가는소금"
D051003,감잣국(양파),국(탕)류,맑은국류,"감자, 대지, 삶은것, 양파, 데친것, 멸치 육수, 간장, 재래, 파, 대파, 생것, 마늘, 생것","메뉴명: 감잣국(양파)
메뉴 대분류: 국(탕)류
메뉴 소분류: 맑은국류
식재료: 감자, 대지, 삶은것, 양파, 데친것, 멸치 육수, 간장, 재래, 파, 대파, 생것, 마늘, 생것"
D051004,감잣국(유부),국(탕)류,맑은국류,"감자, 대지, 삶은것, 두부, 유부, 멸치 육수, 간장, 재래, 파, 대파, 생것, 마늘, 생것","메뉴명: 감잣국(유부)
메뉴 대분류: 국(탕)류
메뉴 소분류: 맑은국류
식재료: 감자, 대지, 삶은것, 두부, 유부, 멸치 육수, 간장, 재래, 파, 대파, 생것, 마늘, 생것"
D051005,감잣국(호박),국(탕)류,맑은국류,"감자, 대지, 삶은것, 호박, 애호박, 데친것, 양파, 데친것, 멸치 육수, 파, 대파, 생것, 마늘, 생것, 소금, 천일염, 가는소금","메뉴명: 감잣국(호박)
메뉴 대분류: 국(탕)류
메뉴 소분류: 맑은국류
식재료: 감자, 대지, 삶은것, 호박, 애호박, 데친것, 양파, 데친것, 멸치 육수, 파, 대파, 생것, 마늘, 생것, 소금, 천일염, 가는소금"
D051006,게장국,국(탕)류,맑은국류,"게, 꽃게, 찐것, 무, 조선무, 생것, 호박, 애호박, 데친것, 간장, 재래, 고추, 풋고추, 생것, 소금, 천일염, 가는소금, 파, 대파, 생것, 마늘, 생것","메뉴명: 게장국
메뉴 대분류: 국(탕)류
메뉴 소분류: 맑은국류
식재료: 게, 꽃게, 찐것, 무, 조선무, 생것, 호박, 애호박, 데친것, 간장, 재래, 고추, 풋고추, 생것, 소금, 천일염, 가는소금, 파, 대파, 생것, 마늘, 생것"
D051007,계란국,국(탕)류,맑은국류,"달걀, 삶은것, 파, 대파, 생것, 마늘, 생것, 양파, 데친것, 참깨, 흰색, 볶은것, 소금, 천일염, 가는소금","메뉴명: 계란국
메뉴 대분류: 국(탕)류
메뉴 소분류: 맑은국류
식재료: 달걀, 삶은것, 파, 대파, 생것, 마늘, 생것, 양파, 데친것, 참깨, 흰색, 볶은것, 소금, 천일염, 가는소금"
D051008,계란국(표고버섯),국(탕)류,맑은국류,"표고버섯, 참나무재배, 말린것, 삶은것, 달걀, 삶은것, 부추, 재래종, 데친것, 파, 대파, 생것, 마늘, 생것, 양파, 데친것, 참깨, 흰색, 볶은것, 소금, 천일염, 가는소금","메뉴명: 계란국(표고버섯)
메뉴 대분류: 국(탕)류
메뉴 소분류: 맑은국류
식재료: 표고버섯, 참나무재배, 말린것, 삶은것, 달걀, 삶은것, 부추, 재래종, 데친것, 파, 대파, 생것, 마늘, 생것, 양파, 데친것, 참깨, 흰색, 볶은것, 소금, 천일염, 가는소금"
D051009,고등어국,국(탕)류,맑은국류,"고등어, 삶은것, 무, 조선무, 생것, 양파, 데친것, 쑥갓, 데친것, 고춧가루, 소금, 천일염, 가는소금, 파, 쪽파, 생것, 마늘, 생것","메뉴명: 고등어국
메뉴 대분류: 국(탕)류
메뉴 소분류: 맑은국류
식재료: 고등어, 삶은것, 무, 조선무, 생것, 양파, 데친것, 쑥갓, 데친것, 고춧가루, 소금, 천일염, 가는소금, 파, 쪽파, 생것, 마늘, 생것"
D051010,고사리국,국(탕)류,맑은국류,"고사리, 데친것, 소고기, 한우, 양지, 삶은것, 양파, 데친것, 파, 대파, 생것, 간장, 개량, 양조, 후추, 검은색, 가루, 마늘, 생것, 소금, 천일염, 가는소금","메뉴명: 고사리국
메뉴 대분류: 국(탕)류
메뉴 소분류: 맑은국류
식재료: 고사리, 데친것, 소고기, 한우, 양지, 삶은것, 양파, 데친것, 파, 대파, 생것, 간장, 개량, 양조, 후추, 검은색, 가루, 마늘, 생것, 소금, 천일염, 가는소금"
D051011,굴국,국(탕)류,맑은국류,"굴, 참굴, 양식, 생것, 무, 조선무, 생것, 양파, 데친것, 쑥갓, 데친것, 소금, 천일염, 가는소금, 파, 쪽파, 생것, 마늘, 생것","메뉴명: 굴국
메뉴 대분류: 국(탕)류
메뉴 소분류: 맑은국류
식재료: 굴, 참굴, 양식, 생것, 무, 조선무, 생것, 양파, 데친것, 쑥갓, 데친것, 소금, 천일염, 가는소금, 파, 쪽파, 생것, 마늘, 생것"
D051012,김국,국(탕)류,맑은국류,"김, 참김, 구운것, 양파, 데친것, 소금, 천일염, 가는소금, 파, 쪽파, 생것, 마늘, 생것","메뉴명: 김국
메뉴 대분류: 국(탕)류
메뉴 소분류: 맑은국류
식재료: 김, 참김, 구운것, 양파, 데친것, 소금, 천일염, 가는소금, 파, 쪽파, 생것, 마늘, 생것"
D051013,김칫국(돼지고기),국(탕)류,맑은국류,"김치, 배추 김치, 돼지고기, 사태, 삶은것, 두부, 콩나물, 삶은것, 멸치 육수, 파, 대파, 생것, 마늘, 생것, 고춧가루, 소금, 천일염, 가는소금, 참기름","메뉴명: 김칫국(돼지고기)
메뉴 대분류: 국(탕)류
메뉴 소분류: 맑은국류
식재료: 김치, 배추 김치, 돼지고기, 사태, 삶은것, 두부, 콩나물, 삶은것, 멸치 육수, 파, 대파, 생것, 마늘, 생것, 고춧가루, 소금, 천일염, 가는소금, 참기름"
D051014,김칫국(두부),국(탕)류,맑은국류,"김치, 배추 김치, 두부, 멸치 육수, 파, 대파, 생것, 마늘, 생것, 소금, 천일염, 가는소금","메뉴명: 김칫국(두부)
메뉴 대분류: 국(탕)류
메뉴 소분류: 맑은국류
식재료: 김치, 배추 김치, 두부, 멸치 육수, 파, 대파, 생것, 마늘, 생것, 소금, 천일염, 가는소금"
D051015,김칫국(무),국(탕)류,맑은국류,"김치, 배추 김치, 무, 조선무, 생것, 양파, 데친것, 파, 쪽파, 생것, 멸치 육수, 마늘, 생것, 소금, 천일염, 가는소금","메뉴명: 김칫국(무)
메뉴 대분류: 국(탕)류
메뉴 소분류: 맑은국류
식재료: 김치, 배추 김치, 무, 조선무, 생것, 양파, 데친것, 파, 쪽파, 생것, 멸치 육수, 마늘, 생것, 소금, 천일염, 가는소금"
D051016,김칫국(소시지),국(탕)류,맑은국류,"김치, 배추 김치, 소시지, 위너(비엔나)소시지, 콩나물, 삶은것, 멸치 육수, 소금, 천일염, 가는소금","메뉴명: 김칫국(소시지)
메뉴 대분류: 국(탕)류
메뉴 소분류: 맑은국류
식재료: 김치, 배추 김치, 소시지, 위너(비엔나)소시지, 콩나물, 삶은것, 멸치 육수, 소금, 천일염, 가는소금"
D051017,김칫국(수제비),국(탕)류,맑은국류,"김치, 배추 김치, 밀, 중력밀가루, 멸치 육수, 호박, 애호박, 데친것, 양파, 데친것, 파, 대파, 생것, 소금, 천일염, 가는소금","메뉴명: 김칫국(수제비)
메뉴 대분류: 국(탕)류
메뉴 소분류: 맑은국류
식재료: 김치, 배추 김치, 밀, 중력밀가루, 멸치 육수, 호박, 애호박, 데친것, 양파, 데친것, 파, 대파, 생것, 소금, 천일염, 가는소금"
D051018,김칫국(참치),국(탕)류,맑은국류,"김치, 배추 김치, 다랑어, 가다랑어, 통조림, 유지, 고춧가루, 마늘, 생것, 멸치 육수, 파, 대파, 생것, 소금, 천일염, 가는소금","메뉴명: 김칫국(참치)
메뉴 대분류: 국(탕)류
메뉴 소분류: 맑은국류
식재료: 김치, 배추 김치, 다랑어, 가다랑어, 통조림, 유지, 고춧가루, 마늘, 생것, 멸치 육수, 파, 대파, 생것, 소금, 천일염, 가는소금"
D051019,김칫국(콩나물),국(탕)류,맑은국류,"김치, 배추 김치, 콩나물, 삶은것, 두부, 멸치 육수, 파, 대파, 생것, 마늘, 생것, 고춧가루, 소금, 천일염, 가는소금, 참기름","메뉴명: 김칫국(콩나물)
메뉴 대분류: 국(탕)류
메뉴 소분류: 맑은국류
식재료: 김치, 배추 김치, 콩나물, 삶은것, 두부, 멸치 육수, 파, 대파, 생것, 마늘, 생것, 고춧가루, 소금, 천일염, 가는소금, 참기름"
D051020,꽁치국,국(탕)류,맑은국류,"꽁치, 구운것, 무, 조선무, 생것, 양파, 데친것, 쑥갓, 데친것, 고춧가루, 소금, 천일염, 가는소금, 파, 쪽파, 생것, 마늘, 생것","메뉴명: 꽁치국
메뉴 대분류: 국(탕)류
메뉴 소분류: 맑은국류
식재료: 꽁치, 구운것, 무, 조선무, 생것, 양파, 데친것, 쑥갓, 데친것, 고춧가루, 소금, 천일염, 가는소금, 파, 쪽파, 생것, 마늘, 생것"
D051021,다슬기국,국(탕)류,맑은국류,"다슬기, 생것, 파, 대파, 생것, 마늘, 생것, 소금, 천일염, 가는소금","메뉴명: 다슬기국
메뉴 대분류: 국(탕)류
메뉴 소분류: 맑은국류
식재료: 다슬기, 생것, 파, 대파, 생것, 마늘, 생것, 소금, 천일염, 가는소금"
D051022,대구국,국(탕)류,맑은국류,"대구, 구운것, 무, 조선무, 생것, 두부, 호박, 애호박, 데친것, 마늘, 생것, 간장, 재래, 파, 대파, 생것, 고춧가루, 소금, 천일염, 가는소금","메뉴명: 대구국
메뉴 대분류: 국(탕)류
메뉴 소분류: 맑은국류
식재료: 대구, 구운것, 무, 조선무, 생것, 두부, 호박, 애호박, 데친것, 마늘, 생것, 간장, 재래, 파, 대파, 생것, 고춧가루, 소금, 천일염, 가는소금"
D051023,대합국,국(탕)류,맑은국류,"대합, 북방대합, 생것, 무, 조선무, 생것, 파, 쪽파, 생것, 고추, 빨간색, 생것, 고추, 풋고추, 생것, 소금, 천일염, 가는소금, 간장, 재래, 마늘, 생것, 참기름","메뉴명: 대합국
메뉴 대분류: 국(탕)류
메뉴 소분류: 맑은국류
식재료: 대합, 북방대합, 생것, 무, 조선무, 생것, 파, 쪽파, 생것, 고추, 빨간색, 생것, 고추, 풋고추, 생것, 소금, 천일염, 가는소금, 간장, 재래, 마늘, 생것, 참기름"
D051024,대합국(근대),국(탕)류,맑은국류,"대합, 북방대합, 생것, 근대, 데친것, 무, 조선무, 생것, 파, 쪽파, 생것, 고추, 빨간색, 생것, 고추, 풋고추, 생것, 소금, 천일염, 가는소금, 간장, 재래, 마늘, 생것, 참기름","메뉴명: 대합국(근대)
메뉴 대분류: 국(탕)류
메뉴 소분류: 맑은국류
식재료: 대합, 북방대합, 생것, 근대, 데친것, 무, 조선무, 생것, 파, 쪽파, 생것, 고추, 빨간색, 생것, 고추, 풋고추, 생것, 소금, 천일염, 가는소금, 간장, 재래, 마늘, 생것, 참기름"
D051025,대합국(냉이),국(탕)류,맑은국류,"대합, 북방대합, 생것, 냉이, 데친것, 무, 조선무, 생것, 파, 쪽파, 생것, 고추, 빨간색, 생것, 고추, 풋고추, 생것, 소금, 천일염, 가는소금, 간장, 재래, 마늘, 생것, 참기름","메뉴명: 대합국(냉이)
메뉴 대분류: 국(탕)류
메뉴 소분류: 맑은국류
식재료: 대합, 북방대합, 생것, 냉이, 데친것, 무, 조선무, 생것, 파, 쪽파, 생것, 고추, 빨간색, 생것, 고추, 풋고추, 생것, 소금, 천일염, 가는소금, 간장, 재래, 마늘, 생것, 참기름"
D051026,대합국(부추),국(탕)류,맑은국류,"대합, 북방대합, 생것, 부추, 재래종, 데친것, 무, 조선무, 생것, 파, 쪽파, 생것, 고추, 빨간색, 생것, 고추, 풋고추, 생것, 소금, 천일염, 가는소금, 간장, 재래, 마늘, 생것, 참기름","메뉴명: 대합국(부추)
메뉴 대분류: 국(탕)류
메뉴 소분류: 맑은국류
식재료: 대합, 북방대합, 생것, 부추, 재래종, 데친것, 무, 조선무, 생것, 파, 쪽파, 생것, 고추, 빨간색, 생것, 고추, 풋고추, 생것, 소금, 천일염, 가는소금, 간장, 재래, 마늘, 생것, 참기름"
D051027,대합국(시금치),국(탕)류,맑은국류,"대합, 북방대합, 생것, 시금치, 데친것, 무, 조선무, 생것, 파, 쪽파, 생것, 고추, 빨간색, 생것, 고추, 풋고추, 생것, 소금, 천일염, 가는소금, 간장, 재래, 마늘, 생것, 참기름","메뉴명: 대합국(시금치)
메뉴 대분류: 국(탕)류
메뉴 소분류: 맑은국류
식재료: 대합, 북방대합, 생것, 시금치, 데친것, 무, 조선무, 생것, 파, 쪽파, 생것, 고추, 빨간색, 생것, 고추, 풋고추, 생것, 소금, 천일염, 가는소금, 간장, 재래, 마늘, 생것, 참기름"
D051028,대합국(쑥갓),국(탕)류,맑은국류,"대합, 북방대합, 생것, 쑥갓, 데친것, 무, 조선무, 생것, 파, 쪽파, 생것, 고추, 빨간색, 생것, 고추, 풋고추, 생것, 소금, 천일염, 가는소금, 간장, 재래, 마늘, 생것, 참기름","메뉴명: 대합국(쑥갓)
메뉴 대분류: 국(탕)류
메뉴 소분류: 맑은국류
식재료: 대합, 북방대합, 생것, 쑥갓, 데친것, 무, 조선무, 생것, 파, 쪽파, 생것, 고추, 빨간색, 생것, 고추, 풋고추, 생것, 소금, 천일염, 가는소금, 간장, 재래, 마늘, 생것, 참기름"
D051029,대합국(콩나물),국(탕)류,맑은국류,"대합, 북방대합, 생것, 콩나물, 삶은것, 무, 조선무, 생것, 파, 쪽파, 생것, 고추, 빨간색, 생것, 고추, 풋고추, 생것, 소금, 천일염, 가는소금, 간장, 재래, 마늘, 생것, 참기름","메뉴명: 대합국(콩나물)
메뉴 대분류: 국(탕)류
메뉴 소분류: 맑은국류
식재료: 대합, 북방대합, 생것, 콩나물, 삶은것, 무, 조선무, 생것, 파, 쪽파, 생것, 고추, 빨간색, 생것, 고추, 풋고추, 생것, 소금, 천일염, 가는소금, 간장, 재래, 마늘, 생것, 참기름"
D051030,동탯국(무),국(탕)류,맑은국류,"명태, 동태, 냉동, 무, 조선무, 생것, 쑥갓, 데친것, 고춧가루, 소금, 천일염, 가는소금, 파, 대파, 생것, 마늘, 생것","메뉴명: 동탯국(무)
메뉴 대분류: 국(탕)류
메뉴 소분류: 맑은국류
식재료: 명태, 동태, 냉동, 무, 조선무, 생것, 쑥갓, 데친것, 고춧가루, 소금, 천일염, 가는소금, 파, 대파, 생것, 마늘, 생것"
D051031,"동탯국(무, 양파)",국(탕)류,맑은국류,"명태, 동태, 냉동, 무, 조선무, 생것, 양파, 데친것, 파, 쪽파, 생것, 고춧가루, 소금, 천일염, 가는소금, 마늘, 생것, 후추, 검은색, 가루","메뉴명: 동탯국(무, 양파)
메뉴 대분류: 국(탕)류
메뉴 소분류: 맑은국류
식재료: 명태, 동태, 냉동, 무, 조선무, 생것, 양파, 데친것, 파, 쪽파, 생것, 고춧가루, 소금, 천일염, 가는소금, 마늘, 생것, 후추, 검은색, 가루"
D051032,돼지고기국(고추장),국(탕)류,맑은국류,"돼지고기, 사태, 삶은것, 고추장, 개량, 김치, 배추 김치, 간장, 재래, 마늘, 생것, 파, 대파, 생것, 후추, 검은색, 가루, 생강, 뿌리줄기, 생것","메뉴명: 돼지고기국(고추장)
메뉴 대분류: 국(탕)류
메뉴 소분류: 맑은국류
식재료: 돼지고기, 사태, 삶은것, 고추장, 개량, 김치, 배추 김치, 간장, 재래, 마늘, 생것, 파, 대파, 생것, 후추, 검은색, 가루, 생강, 뿌리줄기, 생것"
D051033,두부국(계란),국(탕)류,맑은국류,"두부, 달걀, 삶은것, 파, 대파, 생것, 다시마 육수, 마늘, 생것, 소금, 천일염, 가는소금","메뉴명: 두부국(계란)
메뉴 대분류: 국(탕)류
메뉴 소분류: 맑은국류
식재료: 두부, 달걀, 삶은것, 파, 대파, 생것, 다시마 육수, 마늘, 생것, 소금, 천일염, 가는소금"
D051034,두부국(조갯살),국(탕)류,맑은국류,"두부, 조개, 살조개, 생것, 무, 조선무, 생것, 간장, 재래, 파, 쪽파, 생것, 마늘, 생것, 소금, 천일염, 가는소금","메뉴명: 두부국(조갯살)
메뉴 대분류: 국(탕)류
메뉴 소분류: 맑은국류
식재료: 두부, 조개, 살조개, 생것, 무, 조선무, 생것, 간장, 재래, 파, 쪽파, 생것, 마늘, 생것, 소금, 천일염, 가는소금"
D051035,떡국,국(탕)류,맑은국류,"멥쌀떡, 가래떡, 달걀, 삶은것, 소고기, 한우, 양지, 삶은것, 간장, 재래, 파, 쪽파, 생것, 김, 참김, 구운것, 마늘, 생것, 소금, 천일염, 가는소금","메뉴명: 떡국
메뉴 대분류: 국(탕)류
메뉴 소분류: 맑은국류
식재료: 멥쌀떡, 가래떡, 달걀, 삶은것, 소고기, 한우, 양지, 삶은것, 간장, 재래, 파, 쪽파, 생것, 김, 참김, 구운것, 마늘, 생것, 소금, 천일염, 가는소금"
D051036,명탯국,국(탕)류,맑은국류,"명태, 생것, 무, 조선무, 생것, 양파, 데친것, 쑥갓, 데친것, 고춧가루, 소금, 천일염, 가는소금, 파, 쪽파, 생것, 마늘, 생것","메뉴명: 명탯국
메뉴 대분류: 국(탕)류
메뉴 소분류: 맑은국류
식재료: 명태, 생것, 무, 조선무, 생것, 양파, 데친것, 쑥갓, 데친것, 고춧가루, 소금, 천일염, 가는소금, 파, 쪽파, 생것, 마늘, 생것"
D051037,뭇국,국(탕)류,맑은국류,"무, 조선무, 생것, 파, 대파, 생것, 간장, 재래, 멸치 육수, 마늘, 생것, 생강, 뿌리줄기, 생것","메뉴명: 뭇국
메뉴 대분류: 국(탕)류
메뉴 소분류: 맑은국류
식재료: 무, 조선무, 생것, 파, 대파, 생것, 간장, 재래, 멸치 육수, 마늘, 생것, 생강, 뿌리줄기, 생것"
D051038,뭇국(김치),국(탕)류,맑은국류,"무, 조선무, 생것, 김치, 배추 김치, 파, 대파, 생것, 멸치 육수, 마늘, 생것, 간장, 재래, 생강, 뿌리줄기, 생것","메뉴명: 뭇국(김치)
메뉴 대분류: 국(탕)류
메뉴 소분류: 맑은국류
식재료: 무, 조선무, 생것, 김치, 배추 김치, 파, 대파, 생것, 멸치 육수, 마늘, 생것, 간장, 재래, 생강, 뿌리줄기, 생것"
D051039,뭇국(새우젓),국(탕)류,맑은국류,"무, 조선무, 생것, 새우, 젓새우, 생것, 두부, 간장, 재래, 멸치 육수, 고춧가루, 마늘, 생것","메뉴명: 뭇국(새우젓)
메뉴 대분류: 국(탕)류
메뉴 소분류: 맑은국류
식재료: 무, 조선무, 생것, 새우, 젓새우, 생것, 두부, 간장, 재래, 멸치 육수, 고춧가루, 마늘, 생것"
D051040,뭇국(소고기),국(탕)류,맑은국류,"무, 조선무, 생것, 소고기, 한우, 양지, 삶은것, 파, 대파, 생것, 간장, 재래, 멸치 육수, 마늘, 생것, 생강, 뿌리줄기, 생것","메뉴명: 뭇국(소고기)
메뉴 대분류: 국(탕)류
메뉴 소분류: 맑은국류
식재료: 무, 조선무, 생것, 소고기, 한우, 양지, 삶은것, 파, 대파, 생것, 간장, 재래, 멸치 육수, 마늘, 생것, 생강, 뿌리줄기, 생것"
D051041,"뭇국(소고기, 김치)",국(탕)류,맑은국류,"무, 조선무, 생것, 소고기, 한우, 양지, 삶은것, 김치, 배추 김치, 파, 대파, 생것, 멸치 육수, 마늘, 생것, 간장, 재래, 생강, 뿌리줄기, 생것","메뉴명: 뭇국(소고기, 김치)
메뉴 대분류: 국(탕)류
메뉴 소분류: 맑은국류
식재료: 무, 조선무, 생것, 소고기, 한우, 양지, 삶은것, 김치, 배추 김치, 파, 대파, 생것, 멸치 육수, 마늘, 생것, 간장, 재래, 생강, 뿌리줄기, 생것"
D051042,"뭇국(소고기, 유부)",국(탕)류,맑은국류,"무, 조선무, 생것, 소고기, 한우, 양지, 삶은것, 두부, 유부, 파, 대파, 생것, 다시마 육수, 간장, 재래, 마늘, 생것, 소금, 천일염, 가는소금","메뉴명: 뭇국(소고기, 유부)
메뉴 대분류: 국(탕)류
메뉴 소분류: 맑은국류
식재료: 무, 조선무, 생것, 소고기, 한우, 양지, 삶은것, 두부, 유부, 파, 대파, 생것, 다시마 육수, 간장, 재래, 마늘, 생것, 소금, 천일염, 가는소금"
D051043,미역국(감자),국(탕)류,맑은국류,"미역, 염장, 데친것, 감자, 대지, 삶은것, 참기름, 마늘, 생것, 소금, 천일염, 가는소금","메뉴명: 미역국(감자)
메뉴 대분류: 국(탕)류
메뉴 소분류: 맑은국류
식재료: 미역, 염장, 데친것, 감자, 대지, 삶은것, 참기름, 마늘, 생것, 소금, 천일염, 가는소금"
D051044,미역국(경단),국(탕)류,맑은국류,"미역, 염장, 데친것, 찹쌀, 백미, 가루, 간장, 재래, 마늘, 생것, 소금, 천일염, 가는소금, 참기름","메뉴명: 미역국(경단)
메뉴 대분류: 국(탕)류
메뉴 소분류: 맑은국류
식재료: 미역, 염장, 데친것, 찹쌀, 백미, 가루, 간장, 재래, 마늘, 생것, 소금, 천일염, 가는소금, 참기름"
D051045,미역국(닭고기),국(탕)류,맑은국류,"미역, 염장, 데친것, 닭고기, 가슴, 삶은것, 참기름, 소금, 천일염, 가는소금, 간장, 재래, 마늘, 생것, 파, 쪽파, 생것","메뉴명: 미역국(닭고기)
메뉴 대분류: 국(탕)류
메뉴 소분류: 맑은국류
식재료: 미역, 염장, 데친것, 닭고기, 가슴, 삶은것, 참기름, 소금, 천일염, 가는소금, 간장, 재래, 마늘, 생것, 파, 쪽파, 생것"
D051046,미역국(대합),국(탕)류,맑은국류,"미역, 염장, 데친것, 대합, 북방대합, 생것, 간장, 재래, 마늘, 생것, 참기름","메뉴명: 미역국(대합)
메뉴 대분류: 국(탕)류
메뉴 소분류: 맑은국류
식재료: 미역, 염장, 데친것, 대합, 북방대합, 생것, 간장, 재래, 마늘, 생것, 참기름"
D051047,미역국(멸치),국(탕)류,맑은국류,"미역, 염장, 데친것, 멸치 육수, 간장, 재래, 마늘, 생것, 파, 대파, 생것, 참기름","메뉴명: 미역국(멸치)
메뉴 대분류: 국(탕)류
메뉴 소분류: 맑은국류
식재료: 미역, 염장, 데친것, 멸치 육수, 간장, 재래, 마늘, 생것, 파, 대파, 생것, 참기름"
D051048,미역국(소고기),국(탕)류,맑은국류,"미역, 염장, 데친것, 소고기, 한우, 양지, 삶은것, 간장, 재래, 마늘, 생것, 파, 대파, 생것, 참기름","메뉴명: 미역국(소고기)
메뉴 대분류: 국(탕)류
메뉴 소분류: 맑은국류
식재료: 미역, 염장, 데친것, 소고기, 한우, 양지, 삶은것, 간장, 재래, 마늘, 생것, 파, 대파, 생것, 참기름"
D051049,"미역국(소고기, 바지락)",국(탕)류,맑은국류,"미역, 염장, 데친것, 소고기, 한우, 양지, 삶은것, 바지락, 생것, 참기름, 소금, 천일염, 가는소금, 간장, 재래, 마늘, 생것, 파, 쪽파, 생것","메뉴명: 미역국(소고기, 바지락)
메뉴 대분류: 국(탕)류
메뉴 소분류: 맑은국류
식재료: 미역, 염장, 데친것, 소고기, 한우, 양지, 삶은것, 바지락, 생것, 참기름, 소금, 천일염, 가는소금, 간장, 재래, 마늘, 생것, 파, 쪽파, 생것"
D051050,미역국(홍합),국(탕)류,맑은국류,"미역, 염장, 데친것, 담치, 참담치(홍합), 생것, 멸치 육수, 참기름, 마늘, 생것, 소금, 천일염, 가는소금","메뉴명: 미역국(홍합)
메뉴 대분류: 국(탕)류
메뉴 소분류: 맑은국류
식재료: 미역, 염장, 데친것, 담치, 참담치(홍합), 생것, 멸치 육수, 참기름, 마늘, 생것, 소금, 천일염, 가는소금"
D051051,바지락국,국(탕)류,맑은국류,"바지락, 생것, 다시마 육수, 멸치 육수, 파, 대파, 생것, 간장, 재래, 마늘, 생것, 소금, 천일염, 가는소금","메뉴명: 바지락국
메뉴 대분류: 국(탕)류
메뉴 소분류: 맑은국류
식재료: 바지락, 생것, 다시마 육수, 멸치 육수, 파, 대파, 생것, 간장, 재래, 마늘, 생것, 소금, 천일염, 가는소금"
D051052,복맑은탕(미나리),국(탕)류,맑은국류,"무, 조선무, 생것, 미나리, 물미나리, 데친것, 파, 대파, 생것, 다시마 육수, 간장, 재래, 다시마, 말린것, 마늘, 생것","메뉴명: 복맑은탕(미나리)
메뉴 대분류: 국(탕)류
메뉴 소분류: 맑은국류
식재료: 무, 조선무, 생것, 미나리, 물미나리, 데친것, 파, 대파, 생것, 다시마 육수, 간장, 재래, 다시마, 말린것, 마늘, 생것"
D051053,복맑은탕(쑥갓),국(탕)류,맑은국류,"복어, 검복, 생것, 쑥갓, 데친것, 무, 조선무, 생것, 다시마 육수, 간장, 재래, 파, 대파, 생것, 마늘, 생것","메뉴명: 복맑은탕(쑥갓)
메뉴 대분류: 국(탕)류
메뉴 소분류: 맑은국류
식재료: 복어, 검복, 생것, 쑥갓, 데친것, 무, 조선무, 생것, 다시마 육수, 간장, 재래, 파, 대파, 생것, 마늘, 생것"
D051054,북엇국(두부),국(탕)류,맑은국류,"명태, 북어, 말린것, 두부, 무, 조선무, 생것, 간장, 재래, 파, 대파, 생것, 참기름, 마늘, 생것, 소금, 천일염, 가는소금, 후추, 검은색, 가루","메뉴명: 북엇국(두부)
메뉴 대분류: 국(탕)류
메뉴 소분류: 맑은국류
식재료: 명태, 북어, 말린것, 두부, 무, 조선무, 생것, 간장, 재래, 파, 대파, 생것, 참기름, 마늘, 생것, 소금, 천일염, 가는소금, 후추, 검은색, 가루"
D051055,"북엇국(두부, 계란)",국(탕)류,맑은국류,"명태, 북어, 말린것, 두부, 달걀, 삶은것, 무, 조선무, 생것, 간장, 재래, 파, 대파, 생것, 참기름, 마늘, 생것, 소금, 천일염, 가는소금, 후추, 검은색, 가루","메뉴명: 북엇국(두부, 계란)
메뉴 대분류: 국(탕)류
메뉴 소분류: 맑은국류
식재료: 명태, 북어, 말린것, 두부, 달걀, 삶은것, 무, 조선무, 생것, 간장, 재래, 파, 대파, 생것, 참기름, 마늘, 생것, 소금, 천일염, 가는소금, 후추, 검은색, 가루"
D051056,북엇국(표고버섯),국(탕)류,맑은국류,"명태, 북어, 말린것, 표고버섯, 참나무재배, 말린것, 삶은것, 달걀, 삶은것, 고추, 풋고추, 생것, 파, 대파, 생것, 마늘, 생것, 소금, 천일염, 가는소금","메뉴명: 북엇국(표고버섯)
메뉴 대분류: 국(탕)류
메뉴 소분류: 맑은국류
식재료: 명태, 북어, 말린것, 표고버섯, 참나무재배, 말린것, 삶은것, 달걀, 삶은것, 고추, 풋고추, 생것, 파, 대파, 생것, 마늘, 생것, 소금, 천일염, 가는소금"
D051057,소고기국(감자),국(탕)류,맑은국류,"소고기, 한우, 양지, 삶은것, 감자, 대지, 삶은것, 간장, 재래, 마늘, 생것, 파, 대파, 생것, 고춧가루, 참기름","메뉴명: 소고기국(감자)
메뉴 대분류: 국(탕)류
메뉴 소분류: 맑은국류
식재료: 소고기, 한우, 양지, 삶은것, 감자, 대지, 삶은것, 간장, 재래, 마늘, 생것, 파, 대파, 생것, 고춧가루, 참기름"
D051058,소고기국(당면),국(탕)류,맑은국류,"소고기, 한우, 양지, 삶은것, 당면, 고구마, 삶은것, 감자, 대지, 삶은것, 양파, 데친것, 파, 대파, 생것, 간장, 재래, 당근, 뿌리, 데친것, 마늘, 생것, 참기름, 후추, 검은색, 가루","메뉴명: 소고기국(당면)
메뉴 대분류: 국(탕)류
메뉴 소분류: 맑은국류
식재료: 소고기, 한우, 양지, 삶은것, 당면, 고구마, 삶은것, 감자, 대지, 삶은것, 양파, 데친것, 파, 대파, 생것, 간장, 재래, 당근, 뿌리, 데친것, 마늘, 생것, 참기름, 후추, 검은색, 가루"
D051059,"소고기국(당면, 새우)",국(탕)류,맑은국류,"소고기, 한우, 양지, 삶은것, 당면, 고구마, 삶은것, 새우, 대하, 생것, 감자, 대지, 삶은것, 양파, 데친것, 파, 대파, 생것, 간장, 재래, 당근, 뿌리, 데친것, 마늘, 생것, 참기름, 후추, 검은색, 가루","메뉴명: 소고기국(당면, 새우)
메뉴 대분류: 국(탕)류
메뉴 소분류: 맑은국류
식재료: 소고기, 한우, 양지, 삶은것, 당면, 고구마, 삶은것, 새우, 대하, 생것, 감자, 대지, 삶은것, 양파, 데친것, 파, 대파, 생것, 간장, 재래, 당근, 뿌리, 데친것, 마늘, 생것, 참기름, 후추, 검은색, 가루"
D051060,"소고기국(당면, 양배추)",국(탕)류,맑은국류,"소고기, 한우, 양지, 삶은것, 당면, 고구마, 삶은것, 양배추, 데친것, 감자, 대지, 삶은것, 양파, 데친것, 파, 대파, 생것, 간장, 재래, 당근, 뿌리, 데친것, 마늘, 생것, 참기름, 후추, 검은색, 가루","메뉴명: 소고기국(당면, 양배추)
메뉴 대분류: 국(탕)류
메뉴 소분류: 맑은국류
식재료: 소고기, 한우, 양지, 삶은것, 당면, 고구마, 삶은것, 양배추, 데친것, 감자, 대지, 삶은것, 양파, 데친것, 파, 대파, 생것, 간장, 재래, 당근, 뿌리, 데친것, 마늘, 생것, 참기름, 후추, 검은색, 가루"
D051061,소고기국(두부),국(탕)류,맑은국류,"소고기, 한우, 양지, 삶은것, 두부, 무, 조선무, 생것, 간장, 재래, 마늘, 생것, 파, 대파, 생것, 고춧가루, 참기름","메뉴명: 소고기국(두부)
메뉴 대분류: 국(탕)류
메뉴 소분류: 맑은국류
식재료: 소고기, 한우, 양지, 삶은것, 두부, 무, 조선무, 생것, 간장, 재래, 마늘, 생것, 파, 대파, 생것, 고춧가루, 참기름"
D051062,"소고기국(두부, 양배추)",국(탕)류,맑은국류,"소고기, 한우, 양지, 삶은것, 두부, 양배추, 데친것, 무, 조선무, 생것, 간장, 재래, 마늘, 생것, 파, 대파, 생것, 고춧가루, 참기름","메뉴명: 소고기국(두부, 양배추)
메뉴 대분류: 국(탕)류
메뉴 소분류: 맑은국류
식재료: 소고기, 한우, 양지, 삶은것, 두부, 양배추, 데친것, 무, 조선무, 생것, 간장, 재래, 마늘, 생것, 파, 대파, 생것, 고춧가루, 참기름"
D051063,소고기국(무),국(탕)류,맑은국류,"소고기, 한우, 양지, 삶은것, 무, 조선무, 생것, 파, 쪽파, 생것, 간장, 재래, 마늘, 생것, 참기름, 고춧가루, 소금, 천일염, 가는소금, 후추, 검은색, 가루","메뉴명: 소고기국(무)
메뉴 대분류: 국(탕)류
메뉴 소분류: 맑은국류
식재료: 소고기, 한우, 양지, 삶은것, 무, 조선무, 생것, 파, 쪽파, 생것, 간장, 재래, 마늘, 생것, 참기름, 고춧가루, 소금, 천일염, 가는소금, 후추, 검은색, 가루"
D051064,어묵국,국(탕)류,맑은국류,"어묵, 양파, 데친것, 파, 대파, 생것, 간장, 재래, 마늘, 생것, 소금, 천일염, 가는소금, 참기름","메뉴명: 어묵국
메뉴 대분류: 국(탕)류
메뉴 소분류: 맑은국류
식재료: 어묵, 양파, 데친것, 파, 대파, 생것, 간장, 재래, 마늘, 생것, 소금, 천일염, 가는소금, 참기름"
D051065,어묵국(감자),국(탕)류,맑은국류,"어묵, 감자, 대지, 삶은것, 파, 대파, 생것, 멸치 육수, 간장, 재래, 다시마 육수, 마늘, 생것, 소금, 천일염, 가는소금","메뉴명: 어묵국(감자)
메뉴 대분류: 국(탕)류
메뉴 소분류: 맑은국류
식재료: 어묵, 감자, 대지, 삶은것, 파, 대파, 생것, 멸치 육수, 간장, 재래, 다시마 육수, 마늘, 생것, 소금, 천일염, 가는소금"
D051066,어묵국(멸치),국(탕)류,맑은국류,"어묵, 멸치 육수, 무, 조선무, 생것, 양파, 생것, 파, 쪽파, 생것, 간장, 재래, 마늘, 생것, 소금, 천일염, 가는소금","메뉴명: 어묵국(멸치)
메뉴 대분류: 국(탕)류
메뉴 소분류: 맑은국류
식재료: 어묵, 멸치 육수, 무, 조선무, 생것, 양파, 생것, 파, 쪽파, 생것, 간장, 재래, 마늘, 생것, 소금, 천일염, 가는소금"
D051067,어묵국(무),국(탕)류,맑은국류,"어묵, 무, 조선무, 생것, 양파, 데친것, 파, 대파, 생것, 간장, 재래, 마늘, 생것, 소금, 천일염, 가는소금, 참기름","메뉴명: 어묵국(무)
메뉴 대분류: 국(탕)류
메뉴 소분류: 맑은국류
식재료: 어묵, 무, 조선무, 생것, 양파, 데친것, 파, 대파, 생것, 간장, 재래, 마늘, 생것, 소금, 천일염, 가는소금, 참기름"
D051068,어묵국(쑥갓),국(탕)류,맑은국류,"어묵, 쑥갓, 데친것, 양파, 데친것, 파, 대파, 생것, 간장, 재래, 마늘, 생것, 소금, 천일염, 가는소금, 참기름","메뉴명: 어묵국(쑥갓)
메뉴 대분류: 국(탕)류
메뉴 소분류: 맑은국류
식재료: 어묵, 쑥갓, 데친것, 양파, 데친것, 파, 대파, 생것, 간장, 재래, 마늘, 생것, 소금, 천일염, 가는소금, 참기름"
D051069,오징엇국,국(탕)류,맑은국류,"오징어, 구운것, 무, 조선무, 생것, 파, 대파, 생것, 마늘, 생것, 소금, 천일염, 가는소금, 고춧가루, 조미료, 쇠고기맛, 가루","메뉴명: 오징엇국
메뉴 대분류: 국(탕)류
메뉴 소분류: 맑은국류
식재료: 오징어, 구운것, 무, 조선무, 생것, 파, 대파, 생것, 마늘, 생것, 소금, 천일염, 가는소금, 고춧가루, 조미료, 쇠고기맛, 가루"
D051070,유부국,국(탕)류,맑은국류,"두부, 유부, 무, 조선무, 생것, 소고기, 한우, 양지, 삶은것, 파, 쪽파, 생것, 간장, 재래, 마늘, 생것, 소금, 천일염, 가는소금, 콩기름","메뉴명: 유부국
메뉴 대분류: 국(탕)류
메뉴 소분류: 맑은국류
식재료: 두부, 유부, 무, 조선무, 생것, 소고기, 한우, 양지, 삶은것, 파, 쪽파, 생것, 간장, 재래, 마늘, 생것, 소금, 천일염, 가는소금, 콩기름"
D051071,재첩국,국(탕)류,맑은국류,"재첩, 생것, 두부, 쑥갓, 데친것, 마늘, 생것, 소금, 천일염, 가는소금, 발효주, 청주, 알코올 16%, 파, 쪽파, 생것","메뉴명: 재첩국
메뉴 대분류: 국(탕)류
메뉴 소분류: 맑은국류
식재료: 재첩, 생것, 두부, 쑥갓, 데친것, 마늘, 생것, 소금, 천일염, 가는소금, 발효주, 청주, 알코올 16%, 파, 쪽파, 생것"
D051072,콩나물국,국(탕)류,맑은국류,"콩나물, 삶은것, 무, 조선무, 생것, 멸치 육수, 파, 대파, 생것, 마늘, 생것, 소금, 천일염, 가는소금, 간장, 재래","메뉴명: 콩나물국
메뉴 대분류: 국(탕)류
메뉴 소분류: 맑은국류
식재료: 콩나물, 삶은것, 무, 조선무, 생것, 멸치 육수, 파, 대파, 생것, 마늘, 생것, 소금, 천일염, 가는소금, 간장, 재래"
D051073,콩나물국(고춧가루),국(탕)류,맑은국류,"콩나물, 삶은것, 고춧가루, 무, 조선무, 생것, 멸치 육수, 파, 대파, 생것, 간장, 재래, 마늘, 생것, 소금, 천일염, 가는소금","메뉴명: 콩나물국(고춧가루)
메뉴 대분류: 국(탕)류
메뉴 소분류: 맑은국류
식재료: 콩나물, 삶은것, 고춧가루, 무, 조선무, 생것, 멸치 육수, 파, 대파, 생것, 간장, 재래, 마늘, 생것, 소금, 천일염, 가는소금"
D051074,"콩나물국(고춧가루, 소고기)",국(탕)류,맑은국류,"콩나물, 삶은것, 고춧가루, 소고기, 한우, 양지, 삶은것, 무, 조선무, 생것, 간장, 재래, 파, 대파, 생것, 마늘, 생것, 소금, 천일염, 가는소금","메뉴명: 콩나물국(고춧가루, 소고기)
메뉴 대분류: 국(탕)류
메뉴 소분류: 맑은국류
식재료: 콩나물, 삶은것, 고춧가루, 소고기, 한우, 양지, 삶은것, 무, 조선무, 생것, 간장, 재래, 파, 대파, 생것, 마늘, 생것, 소금, 천일염, 가는소금"
D051075,콩나물국(김치),국(탕)류,맑은국류,"콩나물, 삶은것, 김치, 배추 김치, 파, 쪽파, 생것, 멸치 육수, 마늘, 생것, 소금, 천일염, 가는소금","메뉴명: 콩나물국(김치)
메뉴 대분류: 국(탕)류
메뉴 소분류: 맑은국류
식재료: 콩나물, 삶은것, 김치, 배추 김치, 파, 쪽파, 생것, 멸치 육수, 마늘, 생것, 소금, 천일염, 가는소금"
D051076,콩나물국(무),국(탕)류,맑은국류,"콩나물, 삶은것, 무, 조선무, 생것, 멸치 육수, 소금, 천일염, 가는소금, 파, 쪽파, 생것, 간장, 재래, 고추, 빨간색, 생것, 마늘, 생것","메뉴명: 콩나물국(무)
메뉴 대분류: 국(탕)류
메뉴 소분류: 맑은국류
식재료: 콩나물, 삶은것, 무, 조선무, 생것, 멸치 육수, 소금, 천일염, 가는소금, 파, 쪽파, 생것, 간장, 재래, 고추, 빨간색, 생것, 마늘, 생것"
D051077,콩나물국(북어),국(탕)류,맑은국류,"콩나물, 삶은것, 명태, 북어, 말린것, 마늘, 생것, 참기름, 파, 대파, 생것, 간장, 재래, 소금, 천일염, 가는소금","메뉴명: 콩나물국(북어)
메뉴 대분류: 국(탕)류
메뉴 소분류: 맑은국류
식재료: 콩나물, 삶은것, 명태, 북어, 말린것, 마늘, 생것, 참기름, 파, 대파, 생것, 간장, 재래, 소금, 천일염, 가는소금"
D051078,콩나물국(소고기),국(탕)류,맑은국류,"콩나물, 삶은것, 소고기, 한우, 양지, 삶은것, 무, 조선무, 생것, 파, 대파, 생것, 간장, 재래, 마늘, 생것, 소금, 천일염, 가는소금, 참기름","메뉴명: 콩나물국(소고기)
메뉴 대분류: 국(탕)류
메뉴 소분류: 맑은국류
식재료: 콩나물, 삶은것, 소고기, 한우, 양지, 삶은것, 무, 조선무, 생것, 파, 대파, 생것, 간장, 재래, 마늘, 생것, 소금, 천일염, 가는소금, 참기름"
D051079,콩나물국밥,국(탕)류,맑은국류,"콩나물, 삶은것, 멥쌀, 백미, 밥, 무, 조선무, 생것, 멸치 육수, 파, 대파, 생것, 마늘, 생것, 소금, 천일염, 가는소금, 간장, 재래","메뉴명: 콩나물국밥
메뉴 대분류: 국(탕)류
메뉴 소분류: 맑은국류
식재료: 콩나물, 삶은것, 멥쌀, 백미, 밥, 무, 조선무, 생것, 멸치 육수, 파, 대파, 생것, 마늘, 생것, 소금, 천일염, 가는소금, 간장, 재래"
D051080,토란국,국(탕)류,맑은국류,"토란, 생것, 무, 조선무, 생것, 소고기, 한우, 양지, 삶은것, 간장, 재래, 다시마 육수, 파, 쪽파, 생것, 마늘, 생것, 소금, 천일염, 가는소금, 후추, 검은색, 가루","메뉴명: 토란국
메뉴 대분류: 국(탕)류
메뉴 소분류: 맑은국류
식재료: 토란, 생것, 무, 조선무, 생것, 소고기, 한우, 양지, 삶은것, 간장, 재래, 다시마 육수, 파, 쪽파, 생것, 마늘, 생것, 소금, 천일염, 가는소금, 후추, 검은색, 가루"
D051081,팟국,국(탕)류,맑은국류,"파, 대파, 생것, 달걀, 삶은것, 양파, 데친것, 멸치 육수, 참기름, 마늘, 생것, 소금, 천일염, 가는소금","메뉴명: 팟국
메뉴 대분류: 국(탕)류
메뉴 소분류: 맑은국류
식재료: 파, 대파, 생것, 달걀, 삶은것, 양파, 데친것, 멸치 육수, 참기름, 마늘, 생것, 소금, 천일염, 가는소금"
D051082,팟국(고추장),국(탕)류,맑은국류,"파, 대파, 생것, 고추장, 개량, 콩나물, 삶은것, 달걀, 삶은것, 양파, 데친것, 마늘, 생것, 멸치 육수, 참기름, 소금, 천일염, 가는소금","메뉴명: 팟국(고추장)
메뉴 대분류: 국(탕)류
메뉴 소분류: 맑은국류
식재료: 파, 대파, 생것, 고추장, 개량, 콩나물, 삶은것, 달걀, 삶은것, 양파, 데친것, 마늘, 생것, 멸치 육수, 참기름, 소금, 천일염, 가는소금"
D051083,"호박국(새우젓, 육젓)",국(탕)류,맑은국류,"호박, 애호박, 데친것, 새우, 젓갈, 토굴육젓, 양파, 데친것, 파, 대파, 생것, 참기름, 마늘, 생것","메뉴명: 호박국(새우젓, 육젓)
메뉴 대분류: 국(탕)류
메뉴 소분류: 맑은국류
식재료: 호박, 애호박, 데친것, 새우, 젓갈, 토굴육젓, 양파, 데친것, 파, 대파, 생것, 참기름, 마늘, 생것"
D051084,"호박국(새우젓, 젓새우젓)",국(탕)류,맑은국류,"호박, 애호박, 데친것, 새우, 젓새우, 생것, 양파, 데친것, 마늘, 생것","메뉴명: 호박국(새우젓, 젓새우젓)
메뉴 대분류: 국(탕)류
메뉴 소분류: 맑은국류
식재료: 호박, 애호박, 데친것, 새우, 젓새우, 생것, 양파, 데친것, 마늘, 생것"
D051085,홍합국,국(탕)류,맑은국류,"담치, 참담치(홍합), 생것, 파, 대파, 생것, 멸치 육수, 간장, 재래, 참기름, 마늘, 생것, 소금, 천일염, 가는소금","메뉴명: 홍합국
메뉴 대분류: 국(탕)류
메뉴 소분류: 맑은국류
식재료: 담치, 참담치(홍합), 생것, 파, 대파, 생것, 멸치 육수, 간장, 재래, 참기름, 마늘, 생것, 소금, 천일염, 가는소금"
D051086,홍합국(무),국(탕)류,맑은국류,"담치, 참담치(홍합), 생것, 무, 조선무, 생것, 파, 대파, 생것, 멸치 육수, 간장, 재래, 참기름, 마늘, 생것, 소금, 천일염, 가는소금","메뉴명: 홍합국(무)
메뉴 대분류: 국(탕)류
메뉴 소분류: 맑은국류
식재료: 담치, 참담치(홍합), 생것, 무, 조선무, 생것, 파, 대파, 생것, 멸치 육수, 간장, 재래, 참기름, 마늘, 생것, 소금, 천일염, 가는소금"
D051096,매생이국,국(탕)류,맑은국류,"매생이, 생것, 굴, 참굴, 양식, 생것, 간장, 재래, 마늘, 생것, 참기름","메뉴명: 매생이국
메뉴 대분류: 국(탕)류
메뉴 소분류: 맑은국류
식재료: 매생이, 생것, 굴, 참굴, 양식, 생것, 간장, 재래, 마늘, 생것, 참기름"
D051114,장국국물(메밀콧등치기),국(탕)류,맑은국류,"무, 조선무, 생것, 다시마, 말린것, 멸치, 대멸치, 삶아서 말린것, 양파, 데친것, 고추, 청양고추, 생것, 파, 대파, 생것, 생강, 뿌리줄기, 생것","메뉴명: 장국국물(메밀콧등치기)
메뉴 대분류: 국(탕)류
메뉴 소분류: 맑은국류
식재료: 무, 조선무, 생것, 다시마, 말린것, 멸치, 대멸치, 삶아서 말린것, 양파, 데친것, 고추, 청양고추, 생것, 파, 대파, 생것, 생강, 뿌리줄기, 생것"
D051124,대구국,국(탕)류,맑은국류,"대구, 구운것, 무, 조선무, 생것, 호박, 애호박, 데친것, 마늘, 생것, 간장, 재래, 파, 대파, 생것, 고춧가루, 소금, 천일염, 가는소금","메뉴명: 대구국
메뉴 대분류: 국(탕)류
메뉴 소분류: 맑은국류
식재료: 대구, 구운것, 무, 조선무, 생것, 호박, 애호박, 데친것, 마늘, 생것, 간장, 재래, 파, 대파, 생것, 고춧가루, 소금, 천일염, 가는소금"
D051125,김칫국(무),국(탕)류,맑은국류,"김치, 배추 김치, 무, 조선무, 생것, 양파, 데친것, 파, 쪽파, 생것, 멸치 육수, 마늘, 생것, 소금, 천일염, 가는소금","메뉴명: 김칫국(무)
메뉴 대분류: 국(탕)류
메뉴 소분류: 맑은국류
식재료: 김치, 배추 김치, 무, 조선무, 생것, 양파, 데친것, 파, 쪽파, 생것, 멸치 육수, 마늘, 생것, 소금, 천일염, 가는소금"
D051126,계란국(표고버섯),국(탕)류,맑은국류,"표고버섯, 참나무재배, 말린것, 삶은것, 달걀, 삶은것, 부추, 재래종, 데친것, 파, 대파, 생것, 마늘, 생것, 양파, 데친것, 참깨, 흰색, 볶은것, 소금, 천일염, 가는소금","메뉴명: 계란국(표고버섯)
메뉴 대분류: 국(탕)류
메뉴 소분류: 맑은국류
식재료: 표고버섯, 참나무재배, 말린것, 삶은것, 달걀, 삶은것, 부추, 재래종, 데친것, 파, 대파, 생것, 마늘, 생것, 양파, 데친것, 참깨, 흰색, 볶은것, 소금, 천일염, 가는소금"
D051127,미역국(소고기),국(탕)류,맑은국류,"미역, 염장, 데친것, 소고기, 한우, 양지, 삶은것, 간장, 재래, 마늘, 생것, 파, 대파, 생것, 참기름","메뉴명: 미역국(소고기)
메뉴 대분류: 국(탕)류
메뉴 소분류: 맑은국류
식재료: 미역, 염장, 데친것, 소고기, 한우, 양지, 삶은것, 간장, 재래, 마늘, 생것, 파, 대파, 생것, 참기름"
D051128,대합국(근대),국(탕)류,맑은국류,"대합, 북방대합, 생것, 근대, 데친것, 무, 조선무, 생것, 파, 쪽파, 생것, 고추, 빨간색, 생것, 고추, 풋고추, 생것, 소금, 천일염, 가는소금, 간장, 재래, 마늘, 생것, 참기름","메뉴명: 대합국(근대)
메뉴 대분류: 국(탕)류
메뉴 소분류: 맑은국류
식재료: 대합, 북방대합, 생것, 근대, 데친것, 무, 조선무, 생것, 파, 쪽파, 생것, 고추, 빨간색, 생것, 고추, 풋고추, 생것, 소금, 천일염, 가는소금, 간장, 재래, 마늘, 생것, 참기름"
D051129,미역국(소고기),국(탕)류,맑은국류,"미역, 염장, 데친것, 소고기, 한우, 양지, 삶은것, 간장, 재래, 마늘, 생것, 파, 대파, 생것, 참기름","메뉴명: 미역국(소고기)
메뉴 대분류: 국(탕)류
메뉴 소분류: 맑은국류
식재료: 미역, 염장, 데친것, 소고기, 한우, 양지, 삶은것, 간장, 재래, 마늘, 생것, 파, 대파, 생것, 참기름"
D051130,동태국,국(탕)류,맑은국류,"명태, 동태, 냉동, 무, 조선무, 생것, 양파, 생것, 파, 대파, 생것, 마늘, 생것, 생강, 뿌리줄기, 생것, 고춧가루, 간장, 개량, 양조, 소금, 천일염, 가는소금, 후추, 검은색, 가루","메뉴명: 동태국
메뉴 대분류: 국(탕)류
메뉴 소분류: 맑은국류
식재료: 명태, 동태, 냉동, 무, 조선무, 생것, 양파, 생것, 파, 대파, 생것, 마늘, 생것, 생강, 뿌리줄기, 생것, 고춧가루, 간장, 개량, 양조, 소금, 천일염, 가는소금, 후추, 검은색, 가루"
D051131,오징어국,국(탕)류,맑은국류,"오징어, 생것, 무, 조선무, 생것, 파, 쪽파, 생것, 소금, 천일염, 가는소금, 고춧가루, 마늘, 생것","메뉴명: 오징어국
메뉴 대분류: 국(탕)류
메뉴 소분류: 맑은국류
식재료: 오징어, 생것, 무, 조선무, 생것, 파, 쪽파, 생것, 소금, 천일염, 가는소금, 고춧가루, 마늘, 생것"
D051132,동치미 들깨 무국,국(탕)류,맑은국류,"무 절임, 단무지, 파, 대파, 생것, 생수, 멸치, 대멸치, 삶아서 말린것, 다시마, 말린것, 소금, 천일염, 가는소금, 들깨, 볶은것","메뉴명: 동치미 들깨 무국
메뉴 대분류: 국(탕)류
메뉴 소분류: 맑은국류
식재료: 무 절임, 단무지, 파, 대파, 생것, 생수, 멸치, 대멸치, 삶아서 말린것, 다시마, 말린것, 소금, 천일염, 가는소금, 들깨, 볶은것"
D051133,무맑은탕,국(탕)류,맑은국류,"무, 조선무, 생것, 소고기, 한우(1등급), 양지, 생것, 생수, 파, 대파, 생것, 마늘, 생것, 다시마, 말린것, 소금, 천일염, 가는소금, 간장, 개량, 양조, 표고버섯, 참나무재배, 생것, 고추, 초록색, 녹광, 생것, 고추, 빨간색, 생것","메뉴명: 무맑은탕
메뉴 대분류: 국(탕)류
메뉴 소분류: 맑은국류
식재료: 무, 조선무, 생것, 소고기, 한우(1등급), 양지, 생것, 생수, 파, 대파, 생것, 마늘, 생것, 다시마, 말린것, 소금, 천일염, 가는소금, 간장, 개량, 양조, 표고버섯, 참나무재배, 생것, 고추, 초록색, 녹광, 생것, 고추, 빨간색, 생것"
D051134,옥수수 감자 옹심이,국(탕)류,맑은국류,"옥수수, 순, 생것, 감자, 대지, 생것, 고추, 초록색, 녹광, 생것, 고추, 빨간색, 생것, 멸치, 대멸치, 삶아서 말린것, 다시마, 말린것, 생수, 마늘, 생것, 파, 대파, 생것, 전분, 감자, 가루, 소금, 천일염, 가는소금","메뉴명: 옥수수 감자 옹심이
메뉴 대분류: 국(탕)류
메뉴 소분류: 맑은국류
식재료: 옥수수, 순, 생것, 감자, 대지, 생것, 고추, 초록색, 녹광, 생것, 고추, 빨간색, 생것, 멸치, 대멸치, 삶아서 말린것, 다시마, 말린것, 생수, 마늘, 생것, 파, 대파, 생것, 전분, 감자, 가루, 소금, 천일염, 가는소금"
D051135,해물 굴림 만둣국,국(탕)류,맑은국류,"두부, 새우, 중하, 생것, 오징어, 생것, 부추, 산부추, 생것, 파, 대파, 생것, 생강, 뿌리줄기, 생것, 달걀, 생것, 간장, 개량, 산분해, 소금, 천일염, 가는소금, 후추, 검은색, 가루, 전분, 감자, 가루, 마늘, 생것, 간장, 개량, 양조, 참깨, 흰색, 볶은것, 참기름, 생수","메뉴명: 해물 굴림 만둣국
메뉴 대분류: 국(탕)류
메뉴 소분류: 맑은국류
식재료: 두부, 새우, 중하, 생것, 오징어, 생것, 부추, 산부추, 생것, 파, 대파, 생것, 생강, 뿌리줄기, 생것, 달걀, 생것, 간장, 개량, 산분해, 소금, 천일염, 가는소금, 후추, 검은색, 가루, 전분, 감자, 가루, 마늘, 생것, 간장, 개량, 양조, 참깨, 흰색, 볶은것, 참기름, 생수"
D051136,효종갱,국(탕)류,맑은국류,"배추, 생것, 무, 조선무, 생것, 느타리버섯, 생것, 표고버섯, 배지재배, 생것, 전복, 북방전복, 생것, 소고기, 한우(1++등급), 양지, 생것, 소고기, 한우(1++등급), 갈비, 생것, 양파, 생것, 마늘, 생것, 간장, 개량, 양조, 생수","메뉴명: 효종갱
메뉴 대분류: 국(탕)류
메뉴 소분류: 맑은국류
식재료: 배추, 생것, 무, 조선무, 생것, 느타리버섯, 생것, 표고버섯, 배지재배, 생것, 전복, 북방전복, 생것, 소고기, 한우(1++등급), 양지, 생것, 소고기, 한우(1++등급), 갈비, 생것, 양파, 생것, 마늘, 생것, 간장, 개량, 양조, 생수"
D051137,대구지리탕,국(탕)류,맑은국류,"대구, 생것, 미나리, 물미나리, 생것, 고추, 청양고추, 생것, 고추, 빨간색, 생것, 콩나물, 생것, 쑥갓, 생것, 쑥, 말린것, 밀, 중력밀가루, 다시마, 말린것, 명태, 북어, 말린것, 무, 조선무, 생것, 마늘, 다진것, 생강, 뿌리줄기, 생것, 생수","메뉴명: 대구지리탕
메뉴 대분류: 국(탕)류
메뉴 소분류: 맑은국류
식재료: 대구, 생것, 미나리, 물미나리, 생것, 고추, 청양고추, 생것, 고추, 빨간색, 생것, 콩나물, 생것, 쑥갓, 생것, 쑥, 말린것, 밀, 중력밀가루, 다시마, 말린것, 명태, 북어, 말린것, 무, 조선무, 생것, 마늘, 다진것, 생강, 뿌리줄기, 생것, 생수"
D051138,양지해장국,국(탕)류,맑은국류,"소고기, 한우, 양지, 생것, 느타리버섯, 생것, 호박, 애호박, 생것, 고추, 청양고추, 생것, 파, 대파, 생것, 토마토, 방울토마토, 생것, 콩나물, 생것, 마늘, 다진것, 간장, 개량, 양조, 소금, 천일염, 가는소금","메뉴명: 양지해장국
메뉴 대분류: 국(탕)류
메뉴 소분류: 맑은국류
식재료: 소고기, 한우, 양지, 생것, 느타리버섯, 생것, 호박, 애호박, 생것, 고추, 청양고추, 생것, 파, 대파, 생것, 토마토, 방울토마토, 생것, 콩나물, 생것, 마늘, 다진것, 간장, 개량, 양조, 소금, 천일염, 가는소금"
D051139,황태두부무국,국(탕)류,맑은국류,"명태, 황태, 포, 말린것, 두부, 무, 조선무, 생것, 고추, 초록색, 녹광, 생것, 고추, 빨간색, 생것, 파, 쪽파, 생것, 후추, 흰색, 가루, 간장, 개량, 양조, 파, 대파, 생것","메뉴명: 황태두부무국
메뉴 대분류: 국(탕)류
메뉴 소분류: 맑은국류
식재료: 명태, 황태, 포, 말린것, 두부, 무, 조선무, 생것, 고추, 초록색, 녹광, 생것, 고추, 빨간색, 생것, 파, 쪽파, 생것, 후추, 흰색, 가루, 간장, 개량, 양조, 파, 대파, 생것"
D051140,토마토맑은장국,국(탕)류,맑은국류,"토마토, 방울토마토, 생것, 미소, 닭 육수, 시금치, 생것, 배추, 생것, 팽이버섯, 생것","메뉴명: 토마토맑은장국
메뉴 대분류: 국(탕)류
메뉴 소분류: 맑은국류
식재료: 토마토, 방울토마토, 생것, 미소, 닭 육수, 시금치, 생것, 배추, 생것, 팽이버섯, 생것"
D051141,토마토돼지고기해장국,국(탕)류,맑은국류,"양파, 생것, 고추, 청양고추, 생것, 토마토, 생것, 돼지고기, 사태, 생것, 토마토, 방울토마토, 생것, 무, 조선무, 생것, 다시마, 말린것, 파, 대파, 생것, 표고버섯, 배지재배, 생것, 마늘, 다진것, 바질, 잎, 생것, 설탕, 가루, 후추, 흰색, 가루","메뉴명: 토마토돼지고기해장국
메뉴 대분류: 국(탕)류
메뉴 소분류: 맑은국류
식재료: 양파, 생것, 고추, 청양고추, 생것, 토마토, 생것, 돼지고기, 사태, 생것, 토마토, 방울토마토, 생것, 무, 조선무, 생것, 다시마, 말린것, 파, 대파, 생것, 표고버섯, 배지재배, 생것, 마늘, 다진것, 바질, 잎, 생것, 설탕, 가루, 후추, 흰색, 가루"
D051142,쇠고기 무국,국(탕)류,맑은국류,"소고기, 한우, 양지, 생것, 무, 조선무, 생것, 파, 대파, 생것, 느타리버섯, 생것, 숙주나물, 생것, 간장, 개량, 양조, 고춧가루, 생수","메뉴명: 쇠고기 무국
메뉴 대분류: 국(탕)류
메뉴 소분류: 맑은국류
식재료: 소고기, 한우, 양지, 생것, 무, 조선무, 생것, 파, 대파, 생것, 느타리버섯, 생것, 숙주나물, 생것, 간장, 개량, 양조, 고춧가루, 생수"
D051143,바지락 맑은국,국(탕)류,맑은국류,"바지락, 생것, 팽이버섯, 생것, 고추, 빨간색, 생것, 쑥갓, 생것, 고추, 청양고추, 생것, 무, 조선무, 생것, 파, 대파, 생것, 다시마, 생것, 생수","메뉴명: 바지락 맑은국
메뉴 대분류: 국(탕)류
메뉴 소분류: 맑은국류
식재료: 바지락, 생것, 팽이버섯, 생것, 고추, 빨간색, 생것, 쑥갓, 생것, 고추, 청양고추, 생것, 무, 조선무, 생것, 파, 대파, 생것, 다시마, 생것, 생수"
D051144,바지락 미역국,국(탕)류,맑은국류,"바지락, 생것, 미역, 생것, 간장, 개량, 양조, 마늘, 생것, 참기름, 고추, 빨간색, 생것, 무, 조선무, 생것, 새우, 꽃새우, 삶아서 말린것, 파, 대파, 생것, 소금, 가공염, 퉁퉁마디(함초), 생수","메뉴명: 바지락 미역국
메뉴 대분류: 국(탕)류
메뉴 소분류: 맑은국류
식재료: 바지락, 생것, 미역, 생것, 간장, 개량, 양조, 마늘, 생것, 참기름, 고추, 빨간색, 생것, 무, 조선무, 생것, 새우, 꽃새우, 삶아서 말린것, 파, 대파, 생것, 소금, 가공염, 퉁퉁마디(함초), 생수"
D051145,북어 무국,국(탕)류,맑은국류,"명태, 북어, 말린것, 무, 조선무, 생것, 두부, 파, 대파, 생것, 고추, 빨간색, 생것, 마늘, 생것, 참기름, 소금, 천일염, 가는소금, 생수","메뉴명: 북어 무국
메뉴 대분류: 국(탕)류
메뉴 소분류: 맑은국류
식재료: 명태, 북어, 말린것, 무, 조선무, 생것, 두부, 파, 대파, 생것, 고추, 빨간색, 생것, 마늘, 생것, 참기름, 소금, 천일염, 가는소금, 생수"
D051146,홍합 배춧국,국(탕)류,맑은국류,"담치, 참담치(홍합), 생것, 배추, 생것, 무, 조선무, 생것, 마늘, 생것, 파, 대파, 생것, 고추, 빨간색, 생것, 소금, 천일염, 가는소금, 생수","메뉴명: 홍합 배춧국
메뉴 대분류: 국(탕)류
메뉴 소분류: 맑은국류
식재료: 담치, 참담치(홍합), 생것, 배추, 생것, 무, 조선무, 생것, 마늘, 생것, 파, 대파, 생것, 고추, 빨간색, 생것, 소금, 천일염, 가는소금, 생수"
D051147,만두국,국(탕)류,맑은국류,"만두, 고기 만두, 달걀, 생것, 무, 조선무, 생것, 간장, 개량, 양조, 김, 참김, 구운것, 표고버섯, 배지재배, 생것, 참기름, 다시마, 말린것, 명태, 북어, 말린것, 멸치, 대멸치, 삶아서 말린것, 새우, 꽃새우, 삶아서 말린것, 파, 대파, 생것, 양파, 생것, 마늘, 생것, 파, 쪽파, 생것, 후추, 검은색, 가루","메뉴명: 만두국
메뉴 대분류: 국(탕)류
메뉴 소분류: 맑은국류
식재료: 만두, 고기 만두, 달걀, 생것, 무, 조선무, 생것, 간장, 개량, 양조, 김, 참김, 구운것, 표고버섯, 배지재배, 생것, 참기름, 다시마, 말린것, 명태, 북어, 말린것, 멸치, 대멸치, 삶아서 말린것, 새우, 꽃새우, 삶아서 말린것, 파, 대파, 생것, 양파, 생것, 마늘, 생것, 파, 쪽파, 생것, 후추, 검은색, 가루"
D051148,북어국,국(탕)류,맑은국류,"무, 조선무, 생것, 양파, 생것, 명태, 북어, 말린것, 다시마, 말린것, 멸치, 대멸치, 삶아서 말린것, 마늘, 생것, 간장, 재래, 후추, 검은색, 가루","메뉴명: 북어국
메뉴 대분류: 국(탕)류
메뉴 소분류: 맑은국류
식재료: 무, 조선무, 생것, 양파, 생것, 명태, 북어, 말린것, 다시마, 말린것, 멸치, 대멸치, 삶아서 말린것, 마늘, 생것, 간장, 재래, 후추, 검은색, 가루"
D051149,산채국,국(탕)류,맑은국류,"닭고기, 가슴, 생것, 무, 조선무, 생것, 파, 대파, 생것, 배추, 얼갈이배추, 생것, 숙주나물, 생것, 고사리, 데친것, 양파, 생것, 토란, 삶은것, 표고버섯, 배지재배, 생것, 간장, 개량, 양조, 다시마, 말린것, 마늘, 생것, 후추, 흰색, 가루, 소금, 천일염, 가는소금, 고춧가루","메뉴명: 산채국
메뉴 대분류: 국(탕)류
메뉴 소분류: 맑은국류
식재료: 닭고기, 가슴, 생것, 무, 조선무, 생것, 파, 대파, 생것, 배추, 얼갈이배추, 생것, 숙주나물, 생것, 고사리, 데친것, 양파, 생것, 토란, 삶은것, 표고버섯, 배지재배, 생것, 간장, 개량, 양조, 다시마, 말린것, 마늘, 생것, 후추, 흰색, 가루, 소금, 천일염, 가는소금, 고춧가루"
D051150,토란국,국(탕)류,맑은국류,"두부, 토란, 생것, 무, 조선무, 생것, 소고기, 한우, 양지, 생것, 멸치, 대멸치, 삶아서 말린것, 다시마, 말린것, 참기름, 파, 대파, 생것, 간장, 재래, 마늘, 생것, 소금, 천일염, 소금꽃, 후추, 검은색, 가루","메뉴명: 토란국
메뉴 대분류: 국(탕)류
메뉴 소분류: 맑은국류
식재료: 두부, 토란, 생것, 무, 조선무, 생것, 소고기, 한우, 양지, 생것, 멸치, 대멸치, 삶아서 말린것, 다시마, 말린것, 참기름, 파, 대파, 생것, 간장, 재래, 마늘, 생것, 소금, 천일염, 소금꽃, 후추, 검은색, 가루"
D051151,달걀파국,국(탕)류,맑은국류,"달걀, 생것, 파, 쪽파, 생것, 다시마, 말린것, 멸치, 대멸치, 삶아서 말린것, 마늘, 생것, 소금, 천일염, 소금꽃, 후추, 검은색, 가루","메뉴명: 달걀파국
메뉴 대분류: 국(탕)류
메뉴 소분류: 맑은국류
식재료: 달걀, 생것, 파, 쪽파, 생것, 다시마, 말린것, 멸치, 대멸치, 삶아서 말린것, 마늘, 생것, 소금, 천일염, 소금꽃, 후추, 검은색, 가루"
D051152,두부젓국,국(탕)류,맑은국류,"두부, 무, 조선무, 생것, 양파, 생것, 새우, 젓갈, 토굴육젓, 멸치, 대멸치, 삶아서 말린것, 파, 대파, 생것, 다시마, 말린것, 마늘, 생것","메뉴명: 두부젓국
메뉴 대분류: 국(탕)류
메뉴 소분류: 맑은국류
식재료: 두부, 무, 조선무, 생것, 양파, 생것, 새우, 젓갈, 토굴육젓, 멸치, 대멸치, 삶아서 말린것, 파, 대파, 생것, 다시마, 말린것, 마늘, 생것"
D051153,떡만둣국,국(탕)류,맑은국류,"만두, 물만두, 멥쌀떡, 가래떡, 달걀, 생것, 멸치, 대멸치, 삶아서 말린것, 파, 대파, 생것, 다시마, 말린것, 김, 참김, 구운것, 마늘, 생것, 소금, 천일염, 가는소금","메뉴명: 떡만둣국
메뉴 대분류: 국(탕)류
메뉴 소분류: 맑은국류
식재료: 만두, 물만두, 멥쌀떡, 가래떡, 달걀, 생것, 멸치, 대멸치, 삶아서 말린것, 파, 대파, 생것, 다시마, 말린것, 김, 참김, 구운것, 마늘, 생것, 소금, 천일염, 가는소금"
D051154,무들깨국,국(탕)류,맑은국류,"무, 조선무, 생것, 들깨, 볶은것, 멸치, 대멸치, 삶아서 말린것, 파, 대파, 생것, 간장, 개량, 양조, 다시마, 말린것, 마늘, 생것","메뉴명: 무들깨국
메뉴 대분류: 국(탕)류
메뉴 소분류: 맑은국류
식재료: 무, 조선무, 생것, 들깨, 볶은것, 멸치, 대멸치, 삶아서 말린것, 파, 대파, 생것, 간장, 개량, 양조, 다시마, 말린것, 마늘, 생것"
D051155,물만두국,국(탕)류,맑은국류,"만두, 물만두, 멸치 육수, 양파, 생것, 파, 대파, 생것, 소금, 구운소금, 참기름, 마늘, 다진것","메뉴명: 물만두국
메뉴 대분류: 국(탕)류
메뉴 소분류: 맑은국류
식재료: 만두, 물만두, 멸치 육수, 양파, 생것, 파, 대파, 생것, 소금, 구운소금, 참기름, 마늘, 다진것"
D051156,북어무국,국(탕)류,맑은국류,"무, 조선무, 생것, 달걀, 생것, 명태, 북어, 말린것, 파, 대파, 생것, 새우, 젓갈, 간장, 개량, 양조, 다시마, 말린것, 멸치, 대멸치, 삶아서 말린것, 마늘, 다진것, 소금, 구운소금","메뉴명: 북어무국
메뉴 대분류: 국(탕)류
메뉴 소분류: 맑은국류
식재료: 무, 조선무, 생것, 달걀, 생것, 명태, 북어, 말린것, 파, 대파, 생것, 새우, 젓갈, 간장, 개량, 양조, 다시마, 말린것, 멸치, 대멸치, 삶아서 말린것, 마늘, 다진것, 소금, 구운소금"
D051157,손만두국,국(탕)류,맑은국류,"만두, 고기 만두, 달걀, 부침(달걀프라이), 김, 참김, 말린것, 간장, 재래, 멸치, 대멸치, 삶아서 말린것, 파, 대파, 생것, 마늘, 생것","메뉴명: 손만두국
메뉴 대분류: 국(탕)류
메뉴 소분류: 맑은국류
식재료: 만두, 고기 만두, 달걀, 부침(달걀프라이), 김, 참김, 말린것, 간장, 재래, 멸치, 대멸치, 삶아서 말린것, 파, 대파, 생것, 마늘, 생것"
D051158,순두부국,국(탕)류,맑은국류,"두부, 순두부, 달걀, 생것, 양파, 생것, 멸치, 대멸치, 삶아서 말린것, 파, 대파, 생것, 소금, 천일염, 가는소금, 간장, 개량, 양조, 다시마, 말린것, 마늘, 생것","메뉴명: 순두부국
메뉴 대분류: 국(탕)류
메뉴 소분류: 맑은국류
식재료: 두부, 순두부, 달걀, 생것, 양파, 생것, 멸치, 대멸치, 삶아서 말린것, 파, 대파, 생것, 소금, 천일염, 가는소금, 간장, 개량, 양조, 다시마, 말린것, 마늘, 생것"
D051159,시금치국,국(탕)류,맑은국류,"시금치, 생것, 소고기, 한우, 양지, 생것, 된장, 개량, 고추장, 개량, 고춧가루, 마늘, 생것, 파, 대파, 생것, 참기름, 후추, 검은색, 가루","메뉴명: 시금치국
메뉴 대분류: 국(탕)류
메뉴 소분류: 맑은국류
식재료: 시금치, 생것, 소고기, 한우, 양지, 생것, 된장, 개량, 고추장, 개량, 고춧가루, 마늘, 생것, 파, 대파, 생것, 참기름, 후추, 검은색, 가루"
D051160,양지무국,국(탕)류,맑은국류,"무, 조선무, 생것, 소고기, 한우, 양지, 생것, 간장, 개량, 양조, 파, 대파, 생것, 소금, 천일염, 마늘, 다진것, 참기름","메뉴명: 양지무국
메뉴 대분류: 국(탕)류
메뉴 소분류: 맑은국류
식재료: 무, 조선무, 생것, 소고기, 한우, 양지, 생것, 간장, 개량, 양조, 파, 대파, 생것, 소금, 천일염, 마늘, 다진것, 참기름"
D051161,얼큰무국,국(탕)류,맑은국류,"무, 조선무, 생것, 파, 대파, 생것, 다시마, 말린것, 고추, 청양고추, 생것, 마늘, 다진것, 간장, 개량, 양조, 멸치, 액젓, 고추, 빨간색, 생것","메뉴명: 얼큰무국
메뉴 대분류: 국(탕)류
메뉴 소분류: 맑은국류
식재료: 무, 조선무, 생것, 파, 대파, 생것, 다시마, 말린것, 고추, 청양고추, 생것, 마늘, 다진것, 간장, 개량, 양조, 멸치, 액젓, 고추, 빨간색, 생것"
D051162,연두부국,국(탕)류,맑은국류,"두부, 연두부, 간장, 개량, 양조, 멸치, 대멸치, 삶아서 말린것, 다시마, 말린것, 파, 대파, 생것, 마늘, 생것, 소금, 천일염, 가는소금","메뉴명: 연두부국
메뉴 대분류: 국(탕)류
메뉴 소분류: 맑은국류
식재료: 두부, 연두부, 간장, 개량, 양조, 멸치, 대멸치, 삶아서 말린것, 다시마, 말린것, 파, 대파, 생것, 마늘, 생것, 소금, 천일염, 가는소금"
D051163,왕만두국,국(탕)류,맑은국류,"만두, 고기 만두, 냉동, 멸치 육수, 양파, 생것, 파, 대파, 생것, 소금, 구운소금, 참기름, 마늘, 다진것","메뉴명: 왕만두국
메뉴 대분류: 국(탕)류
메뉴 소분류: 맑은국류
식재료: 만두, 고기 만두, 냉동, 멸치 육수, 양파, 생것, 파, 대파, 생것, 소금, 구운소금, 참기름, 마늘, 다진것"
D051164,유부파국,국(탕)류,맑은국류,"두부, 유부, 파, 쪽파, 생것, 다시마, 말린것, 소금, 천일염","메뉴명: 유부파국
메뉴 대분류: 국(탕)류
메뉴 소분류: 맑은국류
식재료: 두부, 유부, 파, 쪽파, 생것, 다시마, 말린것, 소금, 천일염"
D051165,황태뭇국,국(탕)류,맑은국류,"명태, 황태, 포, 말린것, 무, 조선무, 생것, 표고버섯, 배지재배, 생것, 파, 대파, 생것, 고춧가루, 참기름, 다시마, 말린것, 멸치, 대멸치, 삶아서 말린것, 새우, 꽃새우, 삶아서 말린것, 양파, 생것, 마늘, 생것, 소금, 천일염, 가는소금, 간장, 개량, 양조","메뉴명: 황태뭇국
메뉴 대분류: 국(탕)류
메뉴 소분류: 맑은국류
식재료: 명태, 황태, 포, 말린것, 무, 조선무, 생것, 표고버섯, 배지재배, 생것, 파, 대파, 생것, 고춧가루, 참기름, 다시마, 말린것, 멸치, 대멸치, 삶아서 말린것, 새우, 꽃새우, 삶아서 말린것, 양파, 생것, 마늘, 생것, 소금, 천일염, 가는소금, 간장, 개량, 양조"
D051166,황태채국,국(탕)류,맑은국류,"들기름, 파, 대파, 생것, 무, 조선무, 생것, 간장, 개량, 양조, 표고버섯, 배지재배, 생것, 소금, 천일염, 가는소금, 달걀, 생것, 마늘, 생것, 명태, 황태, 포, 말린것","메뉴명: 황태채국
메뉴 대분류: 국(탕)류
메뉴 소분류: 맑은국류
식재료: 들기름, 파, 대파, 생것, 무, 조선무, 생것, 간장, 개량, 양조, 표고버섯, 배지재배, 생것, 소금, 천일염, 가는소금, 달걀, 생것, 마늘, 생것, 명태, 황태, 포, 말린것"
D051167,가지양팟국,국(탕)류,맑은국류,"가지, 생것, 양파, 생것, 멸치, 대멸치, 삶아서 말린것, 다시마, 말린것, 간장, 개량, 양조, 마늘, 생것, 소금, 천일염, 가는소금","메뉴명: 가지양팟국
메뉴 대분류: 국(탕)류
메뉴 소분류: 맑은국류
식재료: 가지, 생것, 양파, 생것, 멸치, 대멸치, 삶아서 말린것, 다시마, 말린것, 간장, 개량, 양조, 마늘, 생것, 소금, 천일염, 가는소금"
D051168,감자맑은국,국(탕)류,맑은국류,"감자, 대지, 생것, 무, 조선무, 생것, 표고버섯, 배지재배, 말린것, 소금, 천일염, 굵은소금, 다시마, 말린것, 명태, 북어, 말린것, 멸치, 대멸치, 삶아서 말린것, 새우, 꽃새우, 삶아서 말린것, 고추, 청양고추, 생것, 양파, 생것, 마늘, 생것, 파, 대파, 생것","메뉴명: 감자맑은국
메뉴 대분류: 국(탕)류
메뉴 소분류: 맑은국류
식재료: 감자, 대지, 생것, 무, 조선무, 생것, 표고버섯, 배지재배, 말린것, 소금, 천일염, 굵은소금, 다시마, 말린것, 명태, 북어, 말린것, 멸치, 대멸치, 삶아서 말린것, 새우, 꽃새우, 삶아서 말린것, 고추, 청양고추, 생것, 양파, 생것, 마늘, 생것, 파, 대파, 생것"
D051169,감자무챗국,국(탕)류,맑은국류,"감자, 대지, 생것, 무, 조선무, 생것, 두부, 양파, 생것, 다시마, 말린것, 간장, 개량, 양조, 멸치, 대멸치, 삶아서 말린것, 파, 대파, 생것, 마늘, 생것","메뉴명: 감자무챗국
메뉴 대분류: 국(탕)류
메뉴 소분류: 맑은국류
식재료: 감자, 대지, 생것, 무, 조선무, 생것, 두부, 양파, 생것, 다시마, 말린것, 간장, 개량, 양조, 멸치, 대멸치, 삶아서 말린것, 파, 대파, 생것, 마늘, 생것"
D051170,감자양파국,국(탕)류,맑은국류,"감자, 대지, 생것, 양파, 생것, 다시마, 말린것, 멸치, 대멸치, 삶아서 말린것, 파, 대파, 생것, 소금, 천일염, 가는소금, 간장, 개량, 양조, 들기름, 마늘, 생것, 후추, 흰색, 가루","메뉴명: 감자양파국
메뉴 대분류: 국(탕)류
메뉴 소분류: 맑은국류
식재료: 감자, 대지, 생것, 양파, 생것, 다시마, 말린것, 멸치, 대멸치, 삶아서 말린것, 파, 대파, 생것, 소금, 천일염, 가는소금, 간장, 개량, 양조, 들기름, 마늘, 생것, 후추, 흰색, 가루"
D051171,건새우무국,국(탕)류,맑은국류,"무, 조선무, 생것, 양파, 생것, 다시마, 말린것, 멸치, 대멸치, 삶아서 말린것, 간장, 개량, 양조, 새우, 보리새우, 생것, 마늘, 다진것, 소금, 천일염","메뉴명: 건새우무국
메뉴 대분류: 국(탕)류
메뉴 소분류: 맑은국류
식재료: 무, 조선무, 생것, 양파, 생것, 다시마, 말린것, 멸치, 대멸치, 삶아서 말린것, 간장, 개량, 양조, 새우, 보리새우, 생것, 마늘, 다진것, 소금, 천일염"
D051172,게살달걀국,국(탕)류,맑은국류,"게, 붉은대게, 생것, 달걀, 생것, 파, 쪽파, 생것, 다시마, 말린것, 마늘, 다진것, 소금, 천일염","메뉴명: 게살달걀국
메뉴 대분류: 국(탕)류
메뉴 소분류: 맑은국류
식재료: 게, 붉은대게, 생것, 달걀, 생것, 파, 쪽파, 생것, 다시마, 말린것, 마늘, 다진것, 소금, 천일염"
D051173,꼬치어묵국,국(탕)류,맑은국류,"어묵, 멸치 육수, 다시마, 말린것, 파, 대파, 생것, 쑥갓, 생것, 소금, 구운소금, 마늘, 다진것, 간장, 재래","메뉴명: 꼬치어묵국
메뉴 대분류: 국(탕)류
메뉴 소분류: 맑은국류
식재료: 어묵, 멸치 육수, 다시마, 말린것, 파, 대파, 생것, 쑥갓, 생것, 소금, 구운소금, 마늘, 다진것, 간장, 재래"
D051174,꽃게어묵국,국(탕)류,맑은국류,"어묵, 게, 꽃게, 생것, 무, 조선무, 생것, 쑥갓, 생것, 다시마, 말린것, 파, 대파, 생것, 고춧가루, 고추, 청양고추, 생것, 소금, 천일염","메뉴명: 꽃게어묵국
메뉴 대분류: 국(탕)류
메뉴 소분류: 맑은국류
식재료: 어묵, 게, 꽃게, 생것, 무, 조선무, 생것, 쑥갓, 생것, 다시마, 말린것, 파, 대파, 생것, 고춧가루, 고추, 청양고추, 생것, 소금, 천일염"
D051175,다시마무국,국(탕)류,맑은국류,"무, 조선무, 생것, 파, 대파, 생것, 다시마, 말린것, 고추, 청양고추, 생것, 마늘, 다진것, 간장, 개량, 양조, 멸치, 액젓, 고추, 빨간색, 생것","메뉴명: 다시마무국
메뉴 대분류: 국(탕)류
메뉴 소분류: 맑은국류
식재료: 무, 조선무, 생것, 파, 대파, 생것, 다시마, 말린것, 고추, 청양고추, 생것, 마늘, 다진것, 간장, 개량, 양조, 멸치, 액젓, 고추, 빨간색, 생것"
D051176,달걀부추국,국(탕)류,맑은국류,"간장, 개량, 양조, 달걀, 생것, 달걀, 난백, 생것, 멸치, 대멸치, 삶아서 말린것, 부추, 솔부추, 생것, 양파, 생것, 당근, 뿌리, 생것, 소금, 천일염","메뉴명: 달걀부추국
메뉴 대분류: 국(탕)류
메뉴 소분류: 맑은국류
식재료: 간장, 개량, 양조, 달걀, 생것, 달걀, 난백, 생것, 멸치, 대멸치, 삶아서 말린것, 부추, 솔부추, 생것, 양파, 생것, 당근, 뿌리, 생것, 소금, 천일염"
D051177,달걀실파국,국(탕)류,맑은국류,"달걀, 생것, 멸치, 대멸치, 삶아서 말린것, 파, 쪽파, 생것, 다시마, 말린것, 마늘, 생것, 소금, 천일염, 소금꽃, 후추, 검은색, 가루","메뉴명: 달걀실파국
메뉴 대분류: 국(탕)류
메뉴 소분류: 맑은국류
식재료: 달걀, 생것, 멸치, 대멸치, 삶아서 말린것, 파, 쪽파, 생것, 다시마, 말린것, 마늘, 생것, 소금, 천일염, 소금꽃, 후추, 검은색, 가루"
D051178,대구살뭇국,국(탕)류,맑은국류,"대구, 생것, 두부, 무, 조선무, 생것, 파, 대파, 생것, 간장, 개량, 산분해, 멸치, 대멸치, 삶아서 말린것, 쑥갓, 생것, 마늘, 생것, 소금, 천일염, 가는소금, 다시마, 말린것","메뉴명: 대구살뭇국
메뉴 대분류: 국(탕)류
메뉴 소분류: 맑은국류
식재료: 대구, 생것, 두부, 무, 조선무, 생것, 파, 대파, 생것, 간장, 개량, 산분해, 멸치, 대멸치, 삶아서 말린것, 쑥갓, 생것, 마늘, 생것, 소금, 천일염, 가는소금, 다시마, 말린것"
D051179,동죽미역국,국(탕)류,맑은국류,"동죽, 생것, 미역, 말린것, 간장, 개량, 양조, 참기름, 다시마, 말린것, 마늘, 다진것, 소금, 천일염","메뉴명: 동죽미역국
메뉴 대분류: 국(탕)류
메뉴 소분류: 맑은국류
식재료: 동죽, 생것, 미역, 말린것, 간장, 개량, 양조, 참기름, 다시마, 말린것, 마늘, 다진것, 소금, 천일염"
D051180,두부들깨국,국(탕)류,맑은국류,"두부, 들깨, 볶은것, 다시마, 말린것, 멸치, 대멸치, 삶아서 말린것, 파, 대파, 생것, 소금, 천일염, 가는소금, 마늘, 생것","메뉴명: 두부들깨국
메뉴 대분류: 국(탕)류
메뉴 소분류: 맑은국류
식재료: 두부, 들깨, 볶은것, 다시마, 말린것, 멸치, 대멸치, 삶아서 말린것, 파, 대파, 생것, 소금, 천일염, 가는소금, 마늘, 생것"
D051181,두부맑은국,국(탕)류,맑은국류,"두부, 무, 조선무, 생것, 파, 대파, 생것, 멸치, 대멸치, 삶아서 말린것, 소금, 천일염, 가는소금, 마늘, 생것","메뉴명: 두부맑은국
메뉴 대분류: 국(탕)류
메뉴 소분류: 맑은국류
식재료: 두부, 무, 조선무, 생것, 파, 대파, 생것, 멸치, 대멸치, 삶아서 말린것, 소금, 천일염, 가는소금, 마늘, 생것"
D051182,두부미역국,국(탕)류,맑은국류,"두부, 미역, 생것, 멸치, 대멸치, 삶아서 말린것, 다시마, 말린것, 간장, 개량, 양조, 참기름, 마늘, 생것","메뉴명: 두부미역국
메뉴 대분류: 국(탕)류
메뉴 소분류: 맑은국류
식재료: 두부, 미역, 생것, 멸치, 대멸치, 삶아서 말린것, 다시마, 말린것, 간장, 개량, 양조, 참기름, 마늘, 생것"
D051183,들깨감자국,국(탕)류,맑은국류,"감자, 대지, 생것, 파, 대파, 생것, 멸치, 대멸치, 삶아서 말린것, 간장, 재래, 마늘, 생것, 소금, 천일염, 가는소금","메뉴명: 들깨감자국
메뉴 대분류: 국(탕)류
메뉴 소분류: 맑은국류
식재료: 감자, 대지, 생것, 파, 대파, 생것, 멸치, 대멸치, 삶아서 말린것, 간장, 재래, 마늘, 생것, 소금, 천일염, 가는소금"
D051184,들깨무채국,국(탕)류,맑은국류,"무, 조선무, 생것, 들깨, 볶은것, 멸치, 대멸치, 삶아서 말린것, 파, 대파, 생것, 간장, 개량, 양조, 다시마, 말린것, 마늘, 생것","메뉴명: 들깨무채국
메뉴 대분류: 국(탕)류
메뉴 소분류: 맑은국류
식재료: 무, 조선무, 생것, 들깨, 볶은것, 멸치, 대멸치, 삶아서 말린것, 파, 대파, 생것, 간장, 개량, 양조, 다시마, 말린것, 마늘, 생것"
D051185,들깨미역국,국(탕)류,맑은국류,"들깨, 볶은것, 미역, 생것, 멸치, 대멸치, 삶아서 말린것, 다시마, 말린것, 참기름, 간장, 재래, 마늘, 생것","메뉴명: 들깨미역국
메뉴 대분류: 국(탕)류
메뉴 소분류: 맑은국류
식재료: 들깨, 볶은것, 미역, 생것, 멸치, 대멸치, 삶아서 말린것, 다시마, 말린것, 참기름, 간장, 재래, 마늘, 생것"
D051186,들깨채소국,국(탕)류,맑은국류,"배추, 생것, 된장, 개량, 멸치, 대멸치, 삶아서 말린것, 양파, 생것, 들깨, 볶은것, 파, 대파, 생것, 다시마, 말린것, 마늘, 생것","메뉴명: 들깨채소국
메뉴 대분류: 국(탕)류
메뉴 소분류: 맑은국류
식재료: 배추, 생것, 된장, 개량, 멸치, 대멸치, 삶아서 말린것, 양파, 생것, 들깨, 볶은것, 파, 대파, 생것, 다시마, 말린것, 마늘, 생것"
D051187,만두달걀국,국(탕)류,맑은국류,"만두, 물만두, 달걀, 생것, 간장, 개량, 양조, 파, 대파, 생것, 마늘, 생것, 소금, 천일염, 가는소금, 다시마, 말린것, 멸치, 대멸치, 삶아서 말린것","메뉴명: 만두달걀국
메뉴 대분류: 국(탕)류
메뉴 소분류: 맑은국류
식재료: 만두, 물만두, 달걀, 생것, 간장, 개량, 양조, 파, 대파, 생것, 마늘, 생것, 소금, 천일염, 가는소금, 다시마, 말린것, 멸치, 대멸치, 삶아서 말린것"
D051188,매생이굴국,국(탕)류,맑은국류,"굴, 참굴, 생것, 무, 조선무, 생것, 매생이, 생것, 새우, 꽃새우, 삶아서 말린것, 멸치, 대멸치, 삶아서 말린것, 다시마, 말린것, 파, 대파, 생것, 마늘, 생것, 소금, 천일염, 소금꽃, 간장, 재래","메뉴명: 매생이굴국
메뉴 대분류: 국(탕)류
메뉴 소분류: 맑은국류
식재료: 굴, 참굴, 생것, 무, 조선무, 생것, 매생이, 생것, 새우, 꽃새우, 삶아서 말린것, 멸치, 대멸치, 삶아서 말린것, 다시마, 말린것, 파, 대파, 생것, 마늘, 생것, 소금, 천일염, 소금꽃, 간장, 재래"
D051189,매생이떡국,국(탕)류,맑은국류,"멥쌀떡, 가래떡, 매생이, 생것, 멸치 육수, 간장, 개량, 양조","메뉴명: 매생이떡국
메뉴 대분류: 국(탕)류
메뉴 소분류: 맑은국류
식재료: 멥쌀떡, 가래떡, 매생이, 생것, 멸치 육수, 간장, 개량, 양조"
D051190,모시조개탕,국(탕)류,맑은국류,"조개, 가무락조개, 생것, 다시마, 말린것, 소금, 천일염, 소금꽃, 고추, 청양고추, 생것, 고추, 빨간색, 생것, 마늘, 다진것, 후추, 흰색, 가루","메뉴명: 모시조개탕
메뉴 대분류: 국(탕)류
메뉴 소분류: 맑은국류
식재료: 조개, 가무락조개, 생것, 다시마, 말린것, 소금, 천일염, 소금꽃, 고추, 청양고추, 생것, 고추, 빨간색, 생것, 마늘, 다진것, 후추, 흰색, 가루"
D051191,무채양팟국,국(탕)류,맑은국류,"무, 조선무, 생것, 양파, 생것, 파, 대파, 생것, 참기름, 멸치, 대멸치, 삶아서 말린것, 마늘, 생것, 간장, 재래, 소금, 천일염, 가는소금","메뉴명: 무채양팟국
메뉴 대분류: 국(탕)류
메뉴 소분류: 맑은국류
식재료: 무, 조선무, 생것, 양파, 생것, 파, 대파, 생것, 참기름, 멸치, 대멸치, 삶아서 말린것, 마늘, 생것, 간장, 재래, 소금, 천일염, 가는소금"
D051192,바지락무국,국(탕)류,맑은국류,"바지락, 생것, 무, 조선무, 생것, 두부, 다시마, 말린것, 멸치, 대멸치, 삶아서 말린것, 파, 대파, 생것, 마늘, 생것, 소금, 천일염, 소금꽃, 간장, 재래","메뉴명: 바지락무국
메뉴 대분류: 국(탕)류
메뉴 소분류: 맑은국류
식재료: 바지락, 생것, 무, 조선무, 생것, 두부, 다시마, 말린것, 멸치, 대멸치, 삶아서 말린것, 파, 대파, 생것, 마늘, 생것, 소금, 천일염, 소금꽃, 간장, 재래"
D051193,배추당면국,국(탕)류,맑은국류,"배추, 생것, 파, 대파, 생것, 당면, 고구마, 말린것, 간장, 개량, 양조, 다시마, 말린것, 멸치, 대멸치, 삶아서 말린것, 마늘, 생것, 후추, 검은색, 가루","메뉴명: 배추당면국
메뉴 대분류: 국(탕)류
메뉴 소분류: 맑은국류
식재료: 배추, 생것, 파, 대파, 생것, 당면, 고구마, 말린것, 간장, 개량, 양조, 다시마, 말린것, 멸치, 대멸치, 삶아서 말린것, 마늘, 생것, 후추, 검은색, 가루"
D051194,배추들깨국,국(탕)류,맑은국류,"배추, 생것, 무, 조선무, 생것, 들깨, 볶은것, 멸치, 대멸치, 삶아서 말린것, 파, 대파, 생것, 간장, 개량, 양조, 다시마, 말린것, 마늘, 생것","메뉴명: 배추들깨국
메뉴 대분류: 국(탕)류
메뉴 소분류: 맑은국류
식재료: 배추, 생것, 무, 조선무, 생것, 들깨, 볶은것, 멸치, 대멸치, 삶아서 말린것, 파, 대파, 생것, 간장, 개량, 양조, 다시마, 말린것, 마늘, 생것"
D051195,배추맑은국,국(탕)류,맑은국류,"배추, 얼갈이배추, 생것, 간장, 개량, 양조, 멸치, 대멸치, 삶아서 말린것, 다시마, 말린것, 마늘, 생것","메뉴명: 배추맑은국
메뉴 대분류: 국(탕)류
메뉴 소분류: 맑은국류
식재료: 배추, 얼갈이배추, 생것, 간장, 개량, 양조, 멸치, 대멸치, 삶아서 말린것, 다시마, 말린것, 마늘, 생것"
D051196,버섯달걀국,국(탕)류,맑은국류,"달걀, 생것, 팽이버섯, 생것, 파, 대파, 생것, 소금, 천일염, 소금꽃, 마늘, 생것","메뉴명: 버섯달걀국
메뉴 대분류: 국(탕)류
메뉴 소분류: 맑은국류
식재료: 달걀, 생것, 팽이버섯, 생것, 파, 대파, 생것, 소금, 천일염, 소금꽃, 마늘, 생것"
D051197,부추달걀국,국(탕)류,맑은국류,"달걀, 생것, 간장, 개량, 양조, 멸치, 대멸치, 삶아서 말린것, 양파, 생것, 부추, 솔부추, 생것, 당근, 뿌리, 생것, 소금, 천일염","메뉴명: 부추달걀국
메뉴 대분류: 국(탕)류
메뉴 소분류: 맑은국류
식재료: 달걀, 생것, 간장, 개량, 양조, 멸치, 대멸치, 삶아서 말린것, 양파, 생것, 부추, 솔부추, 생것, 당근, 뿌리, 생것, 소금, 천일염"
D051198,부추맑은국,국(탕)류,맑은국류,"부추, 두메부추, 생것, 파, 대파, 생것, 다시마, 말린것, 멸치, 대멸치, 삶아서 말린것, 소금, 천일염, 가는소금, 마늘, 생것","메뉴명: 부추맑은국
메뉴 대분류: 국(탕)류
메뉴 소분류: 맑은국류
식재료: 부추, 두메부추, 생것, 파, 대파, 생것, 다시마, 말린것, 멸치, 대멸치, 삶아서 말린것, 소금, 천일염, 가는소금, 마늘, 생것"
D051199,부추제첩국,국(탕)류,맑은국류,"재첩, 생것, 무, 조선무, 생것, 부추, 솔부추, 생것, 소금, 천일염, 마늘, 다진것","메뉴명: 부추제첩국
메뉴 대분류: 국(탕)류
메뉴 소분류: 맑은국류
식재료: 재첩, 생것, 무, 조선무, 생것, 부추, 솔부추, 생것, 소금, 천일염, 마늘, 다진것"
D051200,북어달걀국,국(탕)류,맑은국류,"달걀, 생것, 명태, 북어, 말린것, 파, 대파, 생것, 소금, 천일염, 가는소금, 간장, 개량, 양조, 참기름, 마늘, 생것","메뉴명: 북어달걀국
메뉴 대분류: 국(탕)류
메뉴 소분류: 맑은국류
식재료: 달걀, 생것, 명태, 북어, 말린것, 파, 대파, 생것, 소금, 천일염, 가는소금, 간장, 개량, 양조, 참기름, 마늘, 생것"
D051201,북어두부국,국(탕)류,맑은국류,"두부, 무, 조선무, 생것, 달걀, 생것, 콩나물, 생것, 명태, 북어, 말린것, 간장, 개량, 양조, 파, 대파, 생것, 고추, 빨간색, 생것, 마늘, 생것, 참기름, 소금, 천일염, 가는소금","메뉴명: 북어두부국
메뉴 대분류: 국(탕)류
메뉴 소분류: 맑은국류
식재료: 두부, 무, 조선무, 생것, 달걀, 생것, 콩나물, 생것, 명태, 북어, 말린것, 간장, 개량, 양조, 파, 대파, 생것, 고추, 빨간색, 생것, 마늘, 생것, 참기름, 소금, 천일염, 가는소금"
D051202,북어미역국,국(탕)류,맑은국류,"명태, 북어, 말린것, 미역, 생것, 멸치, 대멸치, 삶아서 말린것, 다시마, 말린것, 참기름, 간장, 재래, 마늘, 생것","메뉴명: 북어미역국
메뉴 대분류: 국(탕)류
메뉴 소분류: 맑은국류
식재료: 명태, 북어, 말린것, 미역, 생것, 멸치, 대멸치, 삶아서 말린것, 다시마, 말린것, 참기름, 간장, 재래, 마늘, 생것"
D051203,북어해장국,국(탕)류,맑은국류,"두부, 달걀, 생것, 무, 조선무, 생것, 콩나물, 생것, 명태, 북어, 말린것, 파, 대파, 생것, 새우, 젓갈, 간장, 개량, 양조, 다시마, 말린것, 멸치, 대멸치, 삶아서 말린것, 마늘, 다진것, 소금, 구운소금","메뉴명: 북어해장국
메뉴 대분류: 국(탕)류
메뉴 소분류: 맑은국류
식재료: 두부, 달걀, 생것, 무, 조선무, 생것, 콩나물, 생것, 명태, 북어, 말린것, 파, 대파, 생것, 새우, 젓갈, 간장, 개량, 양조, 다시마, 말린것, 멸치, 대멸치, 삶아서 말린것, 마늘, 다진것, 소금, 구운소금"
D051204,사색어묵국,국(탕)류,맑은국류,"어묵 국물, 어묵, 무, 조선무, 생것, 쑥갓, 생것, 파, 대파, 생것, 소금, 천일염","메뉴명: 사색어묵국
메뉴 대분류: 국(탕)류
메뉴 소분류: 맑은국류
식재료: 어묵 국물, 어묵, 무, 조선무, 생것, 쑥갓, 생것, 파, 대파, 생것, 소금, 천일염"
D051205,산채해장국,국(탕)류,맑은국류,"무, 조선무, 생것, 배추, 얼갈이배추, 생것, 표고버섯, 배지재배, 생것, 숙주나물, 생것, 파, 대파, 생것, 토란, 삶은것, 고사리, 데친것, 양파, 생것, 간장, 개량, 양조, 다시마, 말린것, 고춧가루, 마늘, 생것, 후추, 흰색, 가루, 소금, 천일염, 가는소금","메뉴명: 산채해장국
메뉴 대분류: 국(탕)류
메뉴 소분류: 맑은국류
식재료: 무, 조선무, 생것, 배추, 얼갈이배추, 생것, 표고버섯, 배지재배, 생것, 숙주나물, 생것, 파, 대파, 생것, 토란, 삶은것, 고사리, 데친것, 양파, 생것, 간장, 개량, 양조, 다시마, 말린것, 고춧가루, 마늘, 생것, 후추, 흰색, 가루, 소금, 천일염, 가는소금"
D051206,새우달걀국,국(탕)류,맑은국류,"달걀, 생것, 새우, 꽃새우, 생것, 파, 대파, 생것, 다시마, 말린것, 소금, 천일염, 가는소금, 마늘, 다진것","메뉴명: 새우달걀국
메뉴 대분류: 국(탕)류
메뉴 소분류: 맑은국류
식재료: 달걀, 생것, 새우, 꽃새우, 생것, 파, 대파, 생것, 다시마, 말린것, 소금, 천일염, 가는소금, 마늘, 다진것"
D051207,새우살무국,국(탕)류,맑은국류,"무, 조선무, 생것, 새우, 꽃새우, 생것, 멸치, 대멸치, 삶아서 말린것, 새우, 꽃새우, 삶아서 말린것, 마늘, 다진것, 파, 대파, 생것","메뉴명: 새우살무국
메뉴 대분류: 국(탕)류
메뉴 소분류: 맑은국류
식재료: 무, 조선무, 생것, 새우, 꽃새우, 생것, 멸치, 대멸치, 삶아서 말린것, 새우, 꽃새우, 삶아서 말린것, 마늘, 다진것, 파, 대파, 생것"
D051208,소고기떡국,국(탕)류,맑은국류,"멥쌀떡, 가래떡, 소고기, 한우(1등급), 우둔, 생것, 달걀, 생것, 멸치, 대멸치, 삶아서 말린것, 파, 대파, 생것, 소금, 천일염, 가는소금, 다시마, 말린것, 김, 둥근돌김, 말린것","메뉴명: 소고기떡국
메뉴 대분류: 국(탕)류
메뉴 소분류: 맑은국류
식재료: 멥쌀떡, 가래떡, 소고기, 한우(1등급), 우둔, 생것, 달걀, 생것, 멸치, 대멸치, 삶아서 말린것, 파, 대파, 생것, 소금, 천일염, 가는소금, 다시마, 말린것, 김, 둥근돌김, 말린것"
D051209,숙주당면국,국(탕)류,맑은국류,"숙주나물, 생것, 당면, 고구마, 말린것, 파, 대파, 생것, 다시마, 말린것, 멸치, 대멸치, 삶아서 말린것, 간장, 개량, 양조, 마늘, 생것, 후추, 검은색, 가루","메뉴명: 숙주당면국
메뉴 대분류: 국(탕)류
메뉴 소분류: 맑은국류
식재료: 숙주나물, 생것, 당면, 고구마, 말린것, 파, 대파, 생것, 다시마, 말린것, 멸치, 대멸치, 삶아서 말린것, 간장, 개량, 양조, 마늘, 생것, 후추, 검은색, 가루"
D051210,실파달걀국,국(탕)류,맑은국류,"달걀, 생것, 파, 쪽파, 생것, 새우, 꽃새우, 삶아서 말린것, 간장, 개량, 양조, 다시마, 말린것, 발효주, 청주, 알코올 16%, 소금, 천일염, 소금꽃, 참기름, 마늘, 생것, 고추, 청양고추, 생것, 고추, 빨간색, 생것","메뉴명: 실파달걀국
메뉴 대분류: 국(탕)류
메뉴 소분류: 맑은국류
식재료: 달걀, 생것, 파, 쪽파, 생것, 새우, 꽃새우, 삶아서 말린것, 간장, 개량, 양조, 다시마, 말린것, 발효주, 청주, 알코올 16%, 소금, 천일염, 소금꽃, 참기름, 마늘, 생것, 고추, 청양고추, 생것, 고추, 빨간색, 생것"
D051211,쑥갓맑은국,국(탕)류,맑은국류,"쑥갓, 생것, 멸치, 대멸치, 삶아서 말린것, 파, 대파, 생것, 다시마, 말린것, 마늘, 생것, 소금, 천일염, 가는소금","메뉴명: 쑥갓맑은국
메뉴 대분류: 국(탕)류
메뉴 소분류: 맑은국류
식재료: 쑥갓, 생것, 멸치, 대멸치, 삶아서 말린것, 파, 대파, 생것, 다시마, 말린것, 마늘, 생것, 소금, 천일염, 가는소금"
D051212,애호박젓국,국(탕)류,맑은국류,"호박, 애호박, 생것, 양파, 생것, 파, 대파, 생것, 다시마, 말린것, 멸치, 대멸치, 삶아서 말린것, 마늘, 생것, 참기름","메뉴명: 애호박젓국
메뉴 대분류: 국(탕)류
메뉴 소분류: 맑은국류
식재료: 호박, 애호박, 생것, 양파, 생것, 파, 대파, 생것, 다시마, 말린것, 멸치, 대멸치, 삶아서 말린것, 마늘, 생것, 참기름"
D051213,온청포묵국,국(탕)류,맑은국류,"녹두묵, 김치, 배추 김치, 파, 대파, 생것, 멸치, 대멸치, 삶아서 말린것, 참기름, 간장, 재래, 김, 김밥용김, 말린것, 마늘, 생것","메뉴명: 온청포묵국
메뉴 대분류: 국(탕)류
메뉴 소분류: 맑은국류
식재료: 녹두묵, 김치, 배추 김치, 파, 대파, 생것, 멸치, 대멸치, 삶아서 말린것, 참기름, 간장, 재래, 김, 김밥용김, 말린것, 마늘, 생것"
D051214,유부당면국,국(탕)류,맑은국류,"두부, 유부, 당면, 고구마, 말린것, 멸치, 대멸치, 삶아서 말린것, 파, 대파, 생것, 간장, 개량, 양조, 다시마, 말린것, 마늘, 생것, 후추, 검은색, 가루","메뉴명: 유부당면국
메뉴 대분류: 국(탕)류
메뉴 소분류: 맑은국류
식재료: 두부, 유부, 당면, 고구마, 말린것, 멸치, 대멸치, 삶아서 말린것, 파, 대파, 생것, 간장, 개량, 양조, 다시마, 말린것, 마늘, 생것, 후추, 검은색, 가루"
D051215,유부맑은국,국(탕)류,맑은국류,"두부, 유부, 무, 조선무, 생것, 멸치, 대멸치, 삶아서 말린것, 파, 대파, 생것, 다시마, 말린것, 간장, 개량, 양조","메뉴명: 유부맑은국
메뉴 대분류: 국(탕)류
메뉴 소분류: 맑은국류
식재료: 두부, 유부, 무, 조선무, 생것, 멸치, 대멸치, 삶아서 말린것, 파, 대파, 생것, 다시마, 말린것, 간장, 개량, 양조"
D051216,유부어묵국,국(탕)류,맑은국류,"어묵 국물, 어묵, 무, 조선무, 생것, 두부, 유부, 파, 대파, 생것, 소금, 천일염","메뉴명: 유부어묵국
메뉴 대분류: 국(탕)류
메뉴 소분류: 맑은국류
식재료: 어묵 국물, 어묵, 무, 조선무, 생것, 두부, 유부, 파, 대파, 생것, 소금, 천일염"
D051217,재첩미역국,국(탕)류,맑은국류,"재첩, 생것, 미역, 말린것, 소금, 천일염, 소금꽃, 간장, 개량, 양조, 후추, 흰색, 가루, 들기름","메뉴명: 재첩미역국
메뉴 대분류: 국(탕)류
메뉴 소분류: 맑은국류
식재료: 재첩, 생것, 미역, 말린것, 소금, 천일염, 소금꽃, 간장, 개량, 양조, 후추, 흰색, 가루, 들기름"
D051218,전복미역국,국(탕)류,맑은국류,"전복, 둥근전복, 생것, 미역, 생것, 참기름, 소금, 천일염, 가는소금, 간장, 개량, 양조, 마늘, 생것","메뉴명: 전복미역국
메뉴 대분류: 국(탕)류
메뉴 소분류: 맑은국류
식재료: 전복, 둥근전복, 생것, 미역, 생것, 참기름, 소금, 천일염, 가는소금, 간장, 개량, 양조, 마늘, 생것"
D051219,조개맑은국,국(탕)류,맑은국류,"조개, 가무락조개, 생것, 다시마, 말린것, 마늘, 다진것, 소금, 천일염, 소금꽃, 고추, 청양고추, 생것, 고추, 빨간색, 생것, 후추, 흰색, 가루","메뉴명: 조개맑은국
메뉴 대분류: 국(탕)류
메뉴 소분류: 맑은국류
식재료: 조개, 가무락조개, 생것, 다시마, 말린것, 마늘, 다진것, 소금, 천일염, 소금꽃, 고추, 청양고추, 생것, 고추, 빨간색, 생것, 후추, 흰색, 가루"
D051220,참치미역국,국(탕)류,맑은국류,"다랑어, 가다랑어, 통조림, 유지, 간장, 개량, 양조, 미역, 생것, 참기름, 까나리, 액젓, 마늘, 생것, 소금, 천일염, 소금꽃","메뉴명: 참치미역국
메뉴 대분류: 국(탕)류
메뉴 소분류: 맑은국류
식재료: 다랑어, 가다랑어, 통조림, 유지, 간장, 개량, 양조, 미역, 생것, 참기름, 까나리, 액젓, 마늘, 생것, 소금, 천일염, 소금꽃"
D051221,팽이맑은국,국(탕)류,맑은국류,"무, 조선무, 생것, 팽이버섯, 생것, 양파, 생것, 멸치, 대멸치, 삶아서 말린것, 파, 대파, 생것, 다시마, 말린것, 소금, 천일염, 가는소금, 마늘, 생것","메뉴명: 팽이맑은국
메뉴 대분류: 국(탕)류
메뉴 소분류: 맑은국류
식재료: 무, 조선무, 생것, 팽이버섯, 생것, 양파, 생것, 멸치, 대멸치, 삶아서 말린것, 파, 대파, 생것, 다시마, 말린것, 소금, 천일염, 가는소금, 마늘, 생것"
D051222,호박양파국,국(탕)류,맑은국류,"호박, 애호박, 생것, 양파, 생것, 멸치, 대멸치, 삶아서 말린것, 파, 대파, 생것, 간장, 개량, 양조, 다시마, 말린것, 마늘, 생것","메뉴명: 호박양파국
메뉴 대분류: 국(탕)류
메뉴 소분류: 맑은국류
식재료: 호박, 애호박, 생것, 양파, 생것, 멸치, 대멸치, 삶아서 말린것, 파, 대파, 생것, 간장, 개량, 양조, 다시마, 말린것, 마늘, 생것"
D051223,홍게달걀국,국(탕)류,맑은국류,"게, 붉은대게, 생것, 두부, 순두부, 달걀, 생것, 양파, 생것, 파, 대파, 생것, 소금, 천일염, 가는소금, 다시마, 말린것, 멸치, 대멸치, 삶아서 말린것","메뉴명: 홍게달걀국
메뉴 대분류: 국(탕)류
메뉴 소분류: 맑은국류
식재료: 게, 붉은대게, 생것, 두부, 순두부, 달걀, 생것, 양파, 생것, 파, 대파, 생것, 소금, 천일염, 가는소금, 다시마, 말린것, 멸치, 대멸치, 삶아서 말린것"
D051224,홍합미역국,국(탕)류,맑은국류,"담치, 참담치(홍합), 생것, 미역, 말린것, 간장, 개량, 양조, 후추, 흰색, 가루, 소금, 천일염, 소금꽃, 까나리, 액젓","메뉴명: 홍합미역국
메뉴 대분류: 국(탕)류
메뉴 소분류: 맑은국류
식재료: 담치, 참담치(홍합), 생것, 미역, 말린것, 간장, 개량, 양조, 후추, 흰색, 가루, 소금, 천일염, 소금꽃, 까나리, 액젓"
D051225,홍합살무국,국(탕)류,맑은국류,"담치, 참담치(홍합), 생것, 무, 조선무, 생것, 마늘, 생것, 다시마, 말린것, 파, 대파, 생것, 소금, 천일염, 가는소금, 고추, 청양고추, 생것, 고추, 빨간색, 생것","메뉴명: 홍합살무국
메뉴 대분류: 국(탕)류
메뉴 소분류: 맑은국류
식재료: 담치, 참담치(홍합), 생것, 무, 조선무, 생것, 마늘, 생것, 다시마, 말린것, 파, 대파, 생것, 소금, 천일염, 가는소금, 고추, 청양고추, 생것, 고추, 빨간색, 생것"
D051226,황태달걀국,국(탕)류,맑은국류,"무, 조선무, 생것, 달걀, 생것, 명태, 황태, 포, 말린것, 간장, 개량, 양조, 파, 대파, 생것, 마늘, 다진것, 참기름, 다시마, 말린것, 소금, 천일염","메뉴명: 황태달걀국
메뉴 대분류: 국(탕)류
메뉴 소분류: 맑은국류
식재료: 무, 조선무, 생것, 달걀, 생것, 명태, 황태, 포, 말린것, 간장, 개량, 양조, 파, 대파, 생것, 마늘, 다진것, 참기름, 다시마, 말린것, 소금, 천일염"
D051227,황태미역국,국(탕)류,맑은국류,"명태, 황태, 포, 말린것, 미역, 말린것, 간장, 개량, 양조, 참기름, 다시마, 말린것, 마늘, 다진것, 소금, 천일염","메뉴명: 황태미역국
메뉴 대분류: 국(탕)류
메뉴 소분류: 맑은국류
식재료: 명태, 황태, 포, 말린것, 미역, 말린것, 간장, 개량, 양조, 참기름, 다시마, 말린것, 마늘, 다진것, 소금, 천일염"
D051228,황태해장국,국(탕)류,맑은국류,"무, 조선무, 생것, 달걀, 생것, 명태, 황태, 포, 말린것, 간장, 개량, 양조, 파, 대파, 생것, 마늘, 다진것, 참기름, 다시마, 말린것, 소금, 천일염","메뉴명: 황태해장국
메뉴 대분류: 국(탕)류
메뉴 소분류: 맑은국류
식재료: 무, 조선무, 생것, 달걀, 생것, 명태, 황태, 포, 말린것, 간장, 개량, 양조, 파, 대파, 생것, 마늘, 다진것, 참기름, 다시마, 말린것, 소금, 천일염"
D051229,가자미미역국,국(탕)류,맑은국류,"가자미, 참가자미, 생것, 간장, 개량, 양조, 미역, 생것, 참기름, 까나리, 액젓, 마늘, 생것, 소금, 천일염, 소금꽃","메뉴명: 가자미미역국
메뉴 대분류: 국(탕)류
메뉴 소분류: 맑은국류
식재료: 가자미, 참가자미, 생것, 간장, 개량, 양조, 미역, 생것, 참기름, 까나리, 액젓, 마늘, 생것, 소금, 천일염, 소금꽃"
D051230,감자애호박국,국(탕)류,맑은국류,"호박, 애호박, 생것, 감자, 대지, 생것, 파, 대파, 생것, 멸치, 대멸치, 삶아서 말린것, 소금, 천일염, 가는소금, 마늘, 생것, 다시마, 말린것, 후추, 흰색, 가루","메뉴명: 감자애호박국
메뉴 대분류: 국(탕)류
메뉴 소분류: 맑은국류
식재료: 호박, 애호박, 생것, 감자, 대지, 생것, 파, 대파, 생것, 멸치, 대멸치, 삶아서 말린것, 소금, 천일염, 가는소금, 마늘, 생것, 다시마, 말린것, 후추, 흰색, 가루"
D051231,감자풋고추국,국(탕)류,맑은국류,"감자, 대지, 생것, 소고기, 한우, 양지, 생것, 고추장, 개량, 혼합식물성유, 마늘, 생것, 파, 대파, 생것, 후추, 검은색, 가루, 참기름, 고추, 풋고추, 생것, 간장, 개량, 양조, 고추, 빨간색, 생것","메뉴명: 감자풋고추국
메뉴 대분류: 국(탕)류
메뉴 소분류: 맑은국류
식재료: 감자, 대지, 생것, 소고기, 한우, 양지, 생것, 고추장, 개량, 혼합식물성유, 마늘, 생것, 파, 대파, 생것, 후추, 검은색, 가루, 참기름, 고추, 풋고추, 생것, 간장, 개량, 양조, 고추, 빨간색, 생것"
D051232,건새우근대국,국(탕)류,맑은국류,"근대, 생것, 된장, 개량, 마늘, 다진것, 새우, 꽃새우, 삶아서 말린것, 파, 대파, 생것","메뉴명: 건새우근대국
메뉴 대분류: 국(탕)류
메뉴 소분류: 맑은국류
식재료: 근대, 생것, 된장, 개량, 마늘, 다진것, 새우, 꽃새우, 삶아서 말린것, 파, 대파, 생것"
D051233,건새우미역국,국(탕)류,맑은국류,"미역, 생것, 새우, 꽃새우, 삶아서 말린것, 간장, 개량, 양조, 참기름, 마늘, 생것","메뉴명: 건새우미역국
메뉴 대분류: 국(탕)류
메뉴 소분류: 맑은국류
식재료: 미역, 생것, 새우, 꽃새우, 삶아서 말린것, 간장, 개량, 양조, 참기름, 마늘, 생것"
D051234,고사리들깨국,국(탕)류,맑은국류,"고사리, 데친것, 무, 조선무, 생것, 들깨, 볶은것, 멸치, 대멸치, 삶아서 말린것, 파, 대파, 생것, 간장, 개량, 양조, 다시마, 말린것, 마늘, 생것","메뉴명: 고사리들깨국
메뉴 대분류: 국(탕)류
메뉴 소분류: 맑은국류
식재료: 고사리, 데친것, 무, 조선무, 생것, 들깨, 볶은것, 멸치, 대멸치, 삶아서 말린것, 파, 대파, 생것, 간장, 개량, 양조, 다시마, 말린것, 마늘, 생것"
D051235,고추장어묵국,국(탕)류,맑은국류,"어묵, 무, 조선무, 생것, 쑥갓, 생것, 고추장, 개량, 다시마, 말린것, 파, 대파, 생것, 고춧가루, 고추, 청양고추, 생것, 소금, 천일염","메뉴명: 고추장어묵국
메뉴 대분류: 국(탕)류
메뉴 소분류: 맑은국류
식재료: 어묵, 무, 조선무, 생것, 쑥갓, 생것, 고추장, 개량, 다시마, 말린것, 파, 대파, 생것, 고춧가루, 고추, 청양고추, 생것, 소금, 천일염"
D051236,근대콩나물국,국(탕)류,맑은국류,"근대, 생것, 콩나물, 생것, 된장, 개량, 양파, 생것, 멸치, 대멸치, 삶아서 말린것, 다시마, 말린것, 파, 대파, 생것, 마늘, 생것","메뉴명: 근대콩나물국
메뉴 대분류: 국(탕)류
메뉴 소분류: 맑은국류
식재료: 근대, 생것, 콩나물, 생것, 된장, 개량, 양파, 생것, 멸치, 대멸치, 삶아서 말린것, 다시마, 말린것, 파, 대파, 생것, 마늘, 생것"
D051237,단호박맑은국,국(탕)류,맑은국류,"호박, 단호박, 생것, 무, 조선무, 생것, 양파, 생것, 멸치, 대멸치, 삶아서 말린것, 파, 대파, 생것, 새우, 젓갈, 토굴육젓, 다시마, 말린것, 마늘, 생것","메뉴명: 단호박맑은국
메뉴 대분류: 국(탕)류
메뉴 소분류: 맑은국류
식재료: 호박, 단호박, 생것, 무, 조선무, 생것, 양파, 생것, 멸치, 대멸치, 삶아서 말린것, 파, 대파, 생것, 새우, 젓갈, 토굴육젓, 다시마, 말린것, 마늘, 생것"
D051238,닭장영양떡국,국(탕)류,맑은국류,"멥쌀떡, 가래떡, 닭고기, 다리(넓적다리), 생것, 달걀, 생것, 호박, 애호박, 생것, 간장, 개량, 양조, 느타리버섯, 생것, 양파, 생것, 당근, 뿌리, 생것, 파, 대파, 생것, 마늘, 생것, 소금, 천일염, 가는소금, 김, 참김, 구운것, 고추, 풋고추, 생것, 후추, 흰색, 가루","메뉴명: 닭장영양떡국
메뉴 대분류: 국(탕)류
메뉴 소분류: 맑은국류
식재료: 멥쌀떡, 가래떡, 닭고기, 다리(넓적다리), 생것, 달걀, 생것, 호박, 애호박, 생것, 간장, 개량, 양조, 느타리버섯, 생것, 양파, 생것, 당근, 뿌리, 생것, 파, 대파, 생것, 마늘, 생것, 소금, 천일염, 가는소금, 김, 참김, 구운것, 고추, 풋고추, 생것, 후추, 흰색, 가루"
D051239,동태살맑은국,국(탕)류,맑은국류,"명태, 동태, 냉동, 무, 조선무, 생것, 콩나물, 생것, 양파, 생것, 파, 대파, 생것, 소금, 천일염, 가는소금, 참기름, 마늘, 생것, 후추, 검은색, 가루","메뉴명: 동태살맑은국
메뉴 대분류: 국(탕)류
메뉴 소분류: 맑은국류
식재료: 명태, 동태, 냉동, 무, 조선무, 생것, 콩나물, 생것, 양파, 생것, 파, 대파, 생것, 소금, 천일염, 가는소금, 참기름, 마늘, 생것, 후추, 검은색, 가루"
D051240,두부바지락국,국(탕)류,맑은국류,"바지락, 생것, 무, 조선무, 생것, 두부, 다시마, 말린것, 멸치, 중멸치, 삶아서 말린것, 파, 대파, 생것, 마늘, 생것, 소금, 천일염, 소금꽃, 간장, 재래","메뉴명: 두부바지락국
메뉴 대분류: 국(탕)류
메뉴 소분류: 맑은국류
식재료: 바지락, 생것, 무, 조선무, 생것, 두부, 다시마, 말린것, 멸치, 중멸치, 삶아서 말린것, 파, 대파, 생것, 마늘, 생것, 소금, 천일염, 소금꽃, 간장, 재래"
D051241,두부새우젓국,국(탕)류,맑은국류,"곤약(구약나물), 판형, 생것, 무, 조선무, 생것, 양파, 생것, 멸치, 대멸치, 삶아서 말린것, 파, 대파, 생것, 새우, 젓갈, 토굴육젓, 다시마, 말린것, 마늘, 생것","메뉴명: 두부새우젓국
메뉴 대분류: 국(탕)류
메뉴 소분류: 맑은국류
식재료: 곤약(구약나물), 판형, 생것, 무, 조선무, 생것, 양파, 생것, 멸치, 대멸치, 삶아서 말린것, 파, 대파, 생것, 새우, 젓갈, 토굴육젓, 다시마, 말린것, 마늘, 생것"
D051242,들기름무채국,국(탕)류,맑은국류,"무, 조선무, 생것, 들기름, 다시마, 말린것, 파, 대파, 생것, 소금, 천일염, 소금꽃","메뉴명: 들기름무채국
메뉴 대분류: 국(탕)류
메뉴 소분류: 맑은국류
식재료: 무, 조선무, 생것, 들기름, 다시마, 말린것, 파, 대파, 생것, 소금, 천일염, 소금꽃"
D051243,들깨머위대국,국(탕)류,맑은국류,"머위, 생것, 표고버섯, 배지재배, 생것, 다시마, 말린것, 간장, 개량, 양조, 들깨, 볶은것, 고추, 빨간색, 생것, 들기름, 찹쌀, 백미, 가루","메뉴명: 들깨머위대국
메뉴 대분류: 국(탕)류
메뉴 소분류: 맑은국류
식재료: 머위, 생것, 표고버섯, 배지재배, 생것, 다시마, 말린것, 간장, 개량, 양조, 들깨, 볶은것, 고추, 빨간색, 생것, 들기름, 찹쌀, 백미, 가루"
D051244,맑은우동국물,국(탕)류,맑은국류,"두부, 유부, 쑥갓, 생것, 다랑어, 가다랑어 육수, 농축, 파, 대파, 생것, 다시마, 말린것, 간장, 재래, 마늘, 생것","메뉴명: 맑은우동국물
메뉴 대분류: 국(탕)류
메뉴 소분류: 맑은국류
식재료: 두부, 유부, 쑥갓, 생것, 다랑어, 가다랑어 육수, 농축, 파, 대파, 생것, 다시마, 말린것, 간장, 재래, 마늘, 생것"
D051245,매생이만두국,국(탕)류,맑은국류,"만두, 고기 만두, 매생이, 생것, 간장, 개량, 양조, 다시마, 말린것, 파, 대파, 생것, 마늘, 다진것, 소금, 구운소금, 참기름","메뉴명: 매생이만두국
메뉴 대분류: 국(탕)류
메뉴 소분류: 맑은국류
식재료: 만두, 고기 만두, 매생이, 생것, 간장, 개량, 양조, 다시마, 말린것, 파, 대파, 생것, 마늘, 다진것, 소금, 구운소금, 참기름"
D051246,매콤콩나물국,국(탕)류,맑은국류,"콩나물, 생것, 파, 대파, 생것, 고춧가루, 멸치, 대멸치, 삶아서 말린것, 마늘, 생것, 후추, 검은색, 가루, 소금, 천일염, 소금꽃, 간장, 재래, 고추, 청양고추, 생것, 다시마, 말린것","메뉴명: 매콤콩나물국
메뉴 대분류: 국(탕)류
메뉴 소분류: 맑은국류
식재료: 콩나물, 생것, 파, 대파, 생것, 고춧가루, 멸치, 대멸치, 삶아서 말린것, 마늘, 생것, 후추, 검은색, 가루, 소금, 천일염, 소금꽃, 간장, 재래, 고추, 청양고추, 생것, 다시마, 말린것"
D051247,무우새우젓국,국(탕)류,맑은국류,"무, 조선무, 생것, 파, 대파, 생것, 들기름, 다시마, 말린것, 멸치, 대멸치, 삶아서 말린것, 마늘, 생것, 새우, 젓갈, 추젓","메뉴명: 무우새우젓국
메뉴 대분류: 국(탕)류
메뉴 소분류: 맑은국류
식재료: 무, 조선무, 생것, 파, 대파, 생것, 들기름, 다시마, 말린것, 멸치, 대멸치, 삶아서 말린것, 마늘, 생것, 새우, 젓갈, 추젓"
D051248,무채콩나물국,국(탕)류,맑은국류,"무, 조선무, 생것, 콩나물, 생것, 양파, 생것, 멸치, 대멸치, 삶아서 말린것, 고추, 빨간색, 생것, 다시마, 말린것, 파, 대파, 생것, 간장, 개량, 양조, 마늘, 생것, 소금, 천일염, 가는소금","메뉴명: 무채콩나물국
메뉴 대분류: 국(탕)류
메뉴 소분류: 맑은국류
식재료: 무, 조선무, 생것, 콩나물, 생것, 양파, 생것, 멸치, 대멸치, 삶아서 말린것, 고추, 빨간색, 생것, 다시마, 말린것, 파, 대파, 생것, 간장, 개량, 양조, 마늘, 생것, 소금, 천일염, 가는소금"
D051249,물만두달걀국,국(탕)류,맑은국류,"만두, 물만두, 멸치 육수, 달걀, 생것, 양파, 생것, 파, 대파, 생것, 소금, 구운소금, 참기름, 마늘, 다진것","메뉴명: 물만두달걀국
메뉴 대분류: 국(탕)류
메뉴 소분류: 맑은국류
식재료: 만두, 물만두, 멸치 육수, 달걀, 생것, 양파, 생것, 파, 대파, 생것, 소금, 구운소금, 참기름, 마늘, 다진것"
D051250,미역북어채국,국(탕)류,맑은국류,"명태, 북어, 말린것, 미역, 말린것, 간장, 개량, 양조, 참기름, 다시마, 말린것, 마늘, 다진것, 소금, 천일염","메뉴명: 미역북어채국
메뉴 대분류: 국(탕)류
메뉴 소분류: 맑은국류
식재료: 명태, 북어, 말린것, 미역, 말린것, 간장, 개량, 양조, 참기름, 다시마, 말린것, 마늘, 다진것, 소금, 천일염"
D051251,바지락맑은국,국(탕)류,맑은국류,"바지락, 생것, 파, 대파, 생것, 소금, 천일염, 가는소금, 마늘, 생것","메뉴명: 바지락맑은국
메뉴 대분류: 국(탕)류
메뉴 소분류: 맑은국류
식재료: 바지락, 생것, 파, 대파, 생것, 소금, 천일염, 가는소금, 마늘, 생것"
D051252,바지락미역국,국(탕)류,맑은국류,"바지락, 생것, 미역, 생것, 간장, 재래, 소금, 천일염, 소금꽃, 마늘, 생것","메뉴명: 바지락미역국
메뉴 대분류: 국(탕)류
메뉴 소분류: 맑은국류
식재료: 바지락, 생것, 미역, 생것, 간장, 재래, 소금, 천일염, 소금꽃, 마늘, 생것"
D051253,백김치맑은국,국(탕)류,맑은국류,"김치, 백김치, 무, 조선무, 생것, 멸치, 대멸치, 삶아서 말린것, 파, 대파, 생것, 다시마, 말린것, 마늘, 생것","메뉴명: 백김치맑은국
메뉴 대분류: 국(탕)류
메뉴 소분류: 맑은국류
식재료: 김치, 백김치, 무, 조선무, 생것, 멸치, 대멸치, 삶아서 말린것, 파, 대파, 생것, 다시마, 말린것, 마늘, 생것"
D051254,보리새우무국,국(탕)류,맑은국류,"무, 조선무, 생것, 멸치, 대멸치, 삶아서 말린것, 양파, 생것, 다시마, 말린것, 새우, 보리새우, 생것, 마늘, 생것, 간장, 개량, 양조","메뉴명: 보리새우무국
메뉴 대분류: 국(탕)류
메뉴 소분류: 맑은국류
식재료: 무, 조선무, 생것, 멸치, 대멸치, 삶아서 말린것, 양파, 생것, 다시마, 말린것, 새우, 보리새우, 생것, 마늘, 생것, 간장, 개량, 양조"
D051255,북어채미역국,국(탕)류,맑은국류,"명태, 북어, 말린것, 미역, 생것, 참기름, 간장, 개량, 양조, 마늘, 생것","메뉴명: 북어채미역국
메뉴 대분류: 국(탕)류
메뉴 소분류: 맑은국류
식재료: 명태, 북어, 말린것, 미역, 생것, 참기름, 간장, 개량, 양조, 마늘, 생것"
D051256,새우살미역국,국(탕)류,맑은국류,"새우, 꽃새우, 생것, 미역, 생것, 간장, 개량, 양조, 마늘, 생것, 참기름","메뉴명: 새우살미역국
메뉴 대분류: 국(탕)류
메뉴 소분류: 맑은국류
식재료: 새우, 꽃새우, 생것, 미역, 생것, 간장, 개량, 양조, 마늘, 생것, 참기름"
D051257,소고기감자국,국(탕)류,맑은국류,"감자, 대지, 생것, 소고기, 한우, 양지, 생것, 간장, 개량, 양조, 참기름, 파, 대파, 생것, 소금, 천일염, 가는소금, 마늘, 생것","메뉴명: 소고기감자국
메뉴 대분류: 국(탕)류
메뉴 소분류: 맑은국류
식재료: 감자, 대지, 생것, 소고기, 한우, 양지, 생것, 간장, 개량, 양조, 참기름, 파, 대파, 생것, 소금, 천일염, 가는소금, 마늘, 생것"
D051258,소고기당면국,국(탕)류,맑은국류,"소고기, 한우, 양지, 생것, 당면, 고구마, 말린것, 무, 조선무, 생것, 참기름, 파, 대파, 생것, 소금, 천일염, 가는소금, 간장, 개량, 양조, 마늘, 생것","메뉴명: 소고기당면국
메뉴 대분류: 국(탕)류
메뉴 소분류: 맑은국류
식재료: 소고기, 한우, 양지, 생것, 당면, 고구마, 말린것, 무, 조선무, 생것, 참기름, 파, 대파, 생것, 소금, 천일염, 가는소금, 간장, 개량, 양조, 마늘, 생것"
D051259,소고기배추국,국(탕)류,맑은국류,"배추, 생것, 무, 조선무, 생것, 소고기, 한우(1등급), 목심, 생것, 된장, 재래, 파, 대파, 생것, 고춧가루, 간장, 개량, 양조, 마늘, 다진것, 다시마, 말린것, 멸치, 대멸치, 삶아서 말린것, 참기름, 소금, 천일염","메뉴명: 소고기배추국
메뉴 대분류: 국(탕)류
메뉴 소분류: 맑은국류
식재료: 배추, 생것, 무, 조선무, 생것, 소고기, 한우(1등급), 목심, 생것, 된장, 재래, 파, 대파, 생것, 고춧가루, 간장, 개량, 양조, 마늘, 다진것, 다시마, 말린것, 멸치, 대멸치, 삶아서 말린것, 참기름, 소금, 천일염"
D051260,소고기버섯국,국(탕)류,맑은국류,"소고기, 한우, 양지, 생것, 느타리버섯, 생것, 다시마, 말린것, 간장, 개량, 양조, 파, 대파, 생것, 발효주, 청주, 알코올 16%, 마늘, 생것, 소금, 천일염, 가는소금, 고추, 청양고추, 생것, 후추, 검은색, 가루, 참기름","메뉴명: 소고기버섯국
메뉴 대분류: 국(탕)류
메뉴 소분류: 맑은국류
식재료: 소고기, 한우, 양지, 생것, 느타리버섯, 생것, 다시마, 말린것, 간장, 개량, 양조, 파, 대파, 생것, 발효주, 청주, 알코올 16%, 마늘, 생것, 소금, 천일염, 가는소금, 고추, 청양고추, 생것, 후추, 검은색, 가루, 참기름"
D051261,소고기샤브국,국(탕)류,맑은국류,"배추, 생것, 느타리버섯, 생것, 소고기, 한우, 양지, 생것, 청경채, 생것, 표고버섯, 배지재배, 생것, 팽이버섯, 생것, 간장, 재래, 다시마, 말린것, 멸치, 대멸치, 삶아서 말린것, 파, 대파, 생것, 마늘, 생것","메뉴명: 소고기샤브국
메뉴 대분류: 국(탕)류
메뉴 소분류: 맑은국류
식재료: 배추, 생것, 느타리버섯, 생것, 소고기, 한우, 양지, 생것, 청경채, 생것, 표고버섯, 배지재배, 생것, 팽이버섯, 생것, 간장, 재래, 다시마, 말린것, 멸치, 대멸치, 삶아서 말린것, 파, 대파, 생것, 마늘, 생것"
D051262,소고기숙주국,국(탕)류,맑은국류,"숙주나물, 생것, 소고기, 한우, 양지, 생것, 양파, 생것, 멸치, 대멸치, 삶아서 말린것, 파, 대파, 생것, 소금, 천일염, 가는소금, 간장, 재래, 마늘, 생것","메뉴명: 소고기숙주국
메뉴 대분류: 국(탕)류
메뉴 소분류: 맑은국류
식재료: 숙주나물, 생것, 소고기, 한우, 양지, 생것, 양파, 생것, 멸치, 대멸치, 삶아서 말린것, 파, 대파, 생것, 소금, 천일염, 가는소금, 간장, 재래, 마늘, 생것"
D051263,속풀이해장국,국(탕)류,맑은국류,"콩나물, 생것, 소고기, 한우, 양지, 생것, 무, 조선무, 생것, 파, 대파, 생것, 고춧가루, 간장, 개량, 양조, 마늘, 생것","메뉴명: 속풀이해장국
메뉴 대분류: 국(탕)류
메뉴 소분류: 맑은국류
식재료: 콩나물, 생것, 소고기, 한우, 양지, 생것, 무, 조선무, 생것, 파, 대파, 생것, 고춧가루, 간장, 개량, 양조, 마늘, 생것"
D051264,순두부김칫국,국(탕)류,맑은국류,"두부, 순두부, 김치, 배추 김치, 당면, 고구마, 말린것, 콩기름, 새우, 젓갈, 다시마, 말린것, 멸치, 대멸치, 삶아서 말린것, 파, 대파, 생것, 마늘, 생것","메뉴명: 순두부김칫국
메뉴 대분류: 국(탕)류
메뉴 소분류: 맑은국류
식재료: 두부, 순두부, 김치, 배추 김치, 당면, 고구마, 말린것, 콩기름, 새우, 젓갈, 다시마, 말린것, 멸치, 대멸치, 삶아서 말린것, 파, 대파, 생것, 마늘, 생것"
D051265,순두부달걀국,국(탕)류,맑은국류,"두부, 순두부, 달걀, 생것, 다시마, 말린것, 멸치, 대멸치, 삶아서 말린것, 소금, 천일염, 가는소금, 파, 대파, 생것, 마늘, 생것, 간장, 개량, 양조, 후추, 흰색, 가루","메뉴명: 순두부달걀국
메뉴 대분류: 국(탕)류
메뉴 소분류: 맑은국류
식재료: 두부, 순두부, 달걀, 생것, 다시마, 말린것, 멸치, 대멸치, 삶아서 말린것, 소금, 천일염, 가는소금, 파, 대파, 생것, 마늘, 생것, 간장, 개량, 양조, 후추, 흰색, 가루"
D051266,순두부맑은국,국(탕)류,맑은국류,"두부, 순두부, 양파, 생것, 멸치, 대멸치, 삶아서 말린것, 파, 대파, 생것, 간장, 개량, 양조, 다시마, 말린것, 마늘, 생것","메뉴명: 순두부맑은국
메뉴 대분류: 국(탕)류
메뉴 소분류: 맑은국류
식재료: 두부, 순두부, 양파, 생것, 멸치, 대멸치, 삶아서 말린것, 파, 대파, 생것, 간장, 개량, 양조, 다시마, 말린것, 마늘, 생것"
D051267,시금치들깨국,국(탕)류,맑은국류,"시금치, 생것, 들깨, 볶은것, 된장, 개량, 멸치, 대멸치, 삶아서 말린것, 다시마, 말린것, 마늘, 생것","메뉴명: 시금치들깨국
메뉴 대분류: 국(탕)류
메뉴 소분류: 맑은국류
식재료: 시금치, 생것, 들깨, 볶은것, 된장, 개량, 멸치, 대멸치, 삶아서 말린것, 다시마, 말린것, 마늘, 생것"
D051268,애호박양파국,국(탕)류,맑은국류,"호박, 애호박, 생것, 무, 조선무, 생것, 양파, 생것, 멸치, 대멸치, 삶아서 말린것, 파, 대파, 생것, 다시마, 말린것, 소금, 천일염, 가는소금, 마늘, 생것","메뉴명: 애호박양파국
메뉴 대분류: 국(탕)류
메뉴 소분류: 맑은국류
식재료: 호박, 애호박, 생것, 무, 조선무, 생것, 양파, 생것, 멸치, 대멸치, 삶아서 말린것, 파, 대파, 생것, 다시마, 말린것, 소금, 천일염, 가는소금, 마늘, 생것"
D051269,어린이만둣국,국(탕)류,맑은국류,"만두, 고기 만두, 달걀, 생것, 멸치, 대멸치, 삶아서 말린것, 다시마, 말린것, 간장, 재래, 파, 대파, 생것, 마늘, 생것","메뉴명: 어린이만둣국
메뉴 대분류: 국(탕)류
메뉴 소분류: 맑은국류
식재료: 만두, 고기 만두, 달걀, 생것, 멸치, 대멸치, 삶아서 말린것, 다시마, 말린것, 간장, 재래, 파, 대파, 생것, 마늘, 생것"
D051270,어린이어묵국,국(탕)류,맑은국류,"어묵, 무, 조선무, 생것, 멸치, 대멸치, 삶아서 말린것, 다시마, 말린것, 파, 대파, 생것, 쑥갓, 생것, 마늘, 생것","메뉴명: 어린이어묵국
메뉴 대분류: 국(탕)류
메뉴 소분류: 맑은국류
식재료: 어묵, 무, 조선무, 생것, 멸치, 대멸치, 삶아서 말린것, 다시마, 말린것, 파, 대파, 생것, 쑥갓, 생것, 마늘, 생것"
D051271,연두부달걀국,국(탕)류,맑은국류,"두부, 순두부, 달걀, 생것, 무, 조선무, 생것, 소금, 천일염, 가는소금, 파, 쪽파, 생것, 다시마, 말린것, 멸치, 대멸치, 삶아서 말린것, 양파, 생것","메뉴명: 연두부달걀국
메뉴 대분류: 국(탕)류
메뉴 소분류: 맑은국류
식재료: 두부, 순두부, 달걀, 생것, 무, 조선무, 생것, 소금, 천일염, 가는소금, 파, 쪽파, 생것, 다시마, 말린것, 멸치, 대멸치, 삶아서 말린것, 양파, 생것"
D051272,전복살미역국,국(탕)류,맑은국류,"전복, 둥근전복, 생것, 미역, 말린것, 간장, 개량, 양조, 소금, 천일염, 참기름, 마늘, 생것","메뉴명: 전복살미역국
메뉴 대분류: 국(탕)류
메뉴 소분류: 맑은국류
식재료: 전복, 둥근전복, 생것, 미역, 말린것, 간장, 개량, 양조, 소금, 천일염, 참기름, 마늘, 생것"
D051273,조개살미역국,국(탕)류,맑은국류,"조개, 살조개, 생것, 미역, 생것, 간장, 개량, 양조, 소금, 천일염, 소금꽃","메뉴명: 조개살미역국
메뉴 대분류: 국(탕)류
메뉴 소분류: 맑은국류
식재료: 조개, 살조개, 생것, 미역, 생것, 간장, 개량, 양조, 소금, 천일염, 소금꽃"
D051274,채소닭고기국,국(탕)류,맑은국류,"닭고기, 살코기, 생것, 양배추, 생것, 무, 조선무, 생것, 당근, 뿌리, 생것, 파, 대파, 생것, 다시마, 말린것, 소금, 천일염, 가는소금, 간장, 개량, 양조, 참기름, 마늘, 생것","메뉴명: 채소닭고기국
메뉴 대분류: 국(탕)류
메뉴 소분류: 맑은국류
식재료: 닭고기, 살코기, 생것, 양배추, 생것, 무, 조선무, 생것, 당근, 뿌리, 생것, 파, 대파, 생것, 다시마, 말린것, 소금, 천일염, 가는소금, 간장, 개량, 양조, 참기름, 마늘, 생것"
D051275,청경채맑은국,국(탕)류,맑은국류,"청경채, 생것, 간장, 개량, 양조, 멸치, 대멸치, 삶아서 말린것, 다시마, 말린것, 파, 대파, 생것, 마늘, 생것","메뉴명: 청경채맑은국
메뉴 대분류: 국(탕)류
메뉴 소분류: 맑은국류
식재료: 청경채, 생것, 간장, 개량, 양조, 멸치, 대멸치, 삶아서 말린것, 다시마, 말린것, 파, 대파, 생것, 마늘, 생것"
D051276,호박새우젓국,국(탕)류,맑은국류,"호박, 애호박, 생것, 두부, 들기름, 새우, 꽃새우, 삶아서 말린것, 새우, 젓갈, 토굴육젓, 파, 대파, 생것, 마늘, 생것","메뉴명: 호박새우젓국
메뉴 대분류: 국(탕)류
메뉴 소분류: 맑은국류
식재료: 호박, 애호박, 생것, 두부, 들기름, 새우, 꽃새우, 삶아서 말린것, 새우, 젓갈, 토굴육젓, 파, 대파, 생것, 마늘, 생것"
D051277,감자들깨미역국,국(탕)류,맑은국류,"감자, 대지, 생것, 들깨, 볶은것, 미역, 생것, 참기름, 간장, 재래, 마늘, 생것, 소금, 천일염, 가는소금","메뉴명: 감자들깨미역국
메뉴 대분류: 국(탕)류
메뉴 소분류: 맑은국류
식재료: 감자, 대지, 생것, 들깨, 볶은것, 미역, 생것, 참기름, 간장, 재래, 마늘, 생것, 소금, 천일염, 가는소금"
D051278,건새우시금치국,국(탕)류,맑은국류,"시금치, 생것, 무, 조선무, 생것, 새우, 보리새우, 생것, 된장, 개량, 파, 대파, 생것, 다시마, 말린것, 마늘, 생것","메뉴명: 건새우시금치국
메뉴 대분류: 국(탕)류
메뉴 소분류: 맑은국류
식재료: 시금치, 생것, 무, 조선무, 생것, 새우, 보리새우, 생것, 된장, 개량, 파, 대파, 생것, 다시마, 말린것, 마늘, 생것"
D051279,건새우콩나물국,국(탕)류,맑은국류,"콩나물, 생것, 무, 조선무, 생것, 당근, 뿌리, 생것, 다시마, 말린것, 멸치, 대멸치, 삶아서 말린것, 새우, 꽃새우, 삶아서 말린것, 파, 대파, 생것, 고추, 청양고추, 생것, 양파, 생것, 마늘, 생것, 소금, 천일염, 가는소금","메뉴명: 건새우콩나물국
메뉴 대분류: 국(탕)류
메뉴 소분류: 맑은국류
식재료: 콩나물, 생것, 무, 조선무, 생것, 당근, 뿌리, 생것, 다시마, 말린것, 멸치, 대멸치, 삶아서 말린것, 새우, 꽃새우, 삶아서 말린것, 파, 대파, 생것, 고추, 청양고추, 생것, 양파, 생것, 마늘, 생것, 소금, 천일염, 가는소금"
D051280,게맛살연두부국,국(탕)류,맑은국류,"두부, 연두부, 게맛살, 어육함량이 낮은것, 팽이버섯, 생것, 새우, 대하, 말린것, 소금, 천일염, 소금꽃, 참기름, 전분, 감자, 가루","메뉴명: 게맛살연두부국
메뉴 대분류: 국(탕)류
메뉴 소분류: 맑은국류
식재료: 두부, 연두부, 게맛살, 어육함량이 낮은것, 팽이버섯, 생것, 새우, 대하, 말린것, 소금, 천일염, 소금꽃, 참기름, 전분, 감자, 가루"
D051281,달걀쪽파맑은국,국(탕)류,맑은국류,"달걀, 생것, 무, 조선무, 생것, 소금, 천일염, 가는소금, 파, 쪽파, 생것, 표고버섯, 배지재배, 말린것, 다시마, 말린것, 명태, 북어, 말린것, 멸치, 대멸치, 삶아서 말린것, 새우, 꽃새우, 삶아서 말린것, 양파, 생것, 마늘, 생것","메뉴명: 달걀쪽파맑은국
메뉴 대분류: 국(탕)류
메뉴 소분류: 맑은국류
식재료: 달걀, 생것, 무, 조선무, 생것, 소금, 천일염, 가는소금, 파, 쪽파, 생것, 표고버섯, 배지재배, 말린것, 다시마, 말린것, 명태, 북어, 말린것, 멸치, 대멸치, 삶아서 말린것, 새우, 꽃새우, 삶아서 말린것, 양파, 생것, 마늘, 생것"
D051282,닭가슴살미역국,국(탕)류,맑은국류,"닭고기, 가슴, 생것, 미역, 생것, 참기름, 간장, 개량, 양조, 마늘, 생것, 소금, 천일염, 가는소금","메뉴명: 닭가슴살미역국
메뉴 대분류: 국(탕)류
메뉴 소분류: 맑은국류
식재료: 닭고기, 가슴, 생것, 미역, 생것, 참기름, 간장, 개량, 양조, 마늘, 생것, 소금, 천일염, 가는소금"
D051283,들깨감자미역국,국(탕)류,맑은국류,"감자, 대지, 생것, 미역, 생것, 간장, 개량, 양조, 들깨, 볶은것, 들기름, 멸치, 액젓, 마늘, 다진것, 소금, 천일염, 소금꽃","메뉴명: 들깨감자미역국
메뉴 대분류: 국(탕)류
메뉴 소분류: 맑은국류
식재료: 감자, 대지, 생것, 미역, 생것, 간장, 개량, 양조, 들깨, 볶은것, 들기름, 멸치, 액젓, 마늘, 다진것, 소금, 천일염, 소금꽃"
D051284,맑은감자양파국,국(탕)류,맑은국류,"감자, 대지, 생것, 호박, 애호박, 생것, 양파, 생것, 당근, 뿌리, 생것, 파, 대파, 생것, 멸치, 대멸치, 삶아서 말린것, 고추, 청양고추, 생것, 까나리, 액젓, 다시마, 말린것, 간장, 재래, 후추, 흰색, 가루","메뉴명: 맑은감자양파국
메뉴 대분류: 국(탕)류
메뉴 소분류: 맑은국류
식재료: 감자, 대지, 생것, 호박, 애호박, 생것, 양파, 생것, 당근, 뿌리, 생것, 파, 대파, 생것, 멸치, 대멸치, 삶아서 말린것, 고추, 청양고추, 생것, 까나리, 액젓, 다시마, 말린것, 간장, 재래, 후추, 흰색, 가루"
D051285,매콤오징어무국,국(탕)류,맑은국류,"무, 조선무, 생것, 오징어, 생것, 고춧가루, 파, 대파, 생것, 고추, 풋고추, 생것, 고추, 빨간색, 생것, 쑥갓, 생것, 다시마, 말린것, 멸치, 대멸치, 삶아서 말린것, 마늘, 생것, 간장, 개량, 양조","메뉴명: 매콤오징어무국
메뉴 대분류: 국(탕)류
메뉴 소분류: 맑은국류
식재료: 무, 조선무, 생것, 오징어, 생것, 고춧가루, 파, 대파, 생것, 고추, 풋고추, 생것, 고추, 빨간색, 생것, 쑥갓, 생것, 다시마, 말린것, 멸치, 대멸치, 삶아서 말린것, 마늘, 생것, 간장, 개량, 양조"
D051286,모시조개맑은탕,국(탕)류,맑은국류,"조개, 가무락조개, 생것, 두부, 팽이버섯, 생것, 부추, 솔부추, 생것, 고추, 빨간색, 생것, 마늘, 생것, 다시마, 말린것","메뉴명: 모시조개맑은탕
메뉴 대분류: 국(탕)류
메뉴 소분류: 맑은국류
식재료: 조개, 가무락조개, 생것, 두부, 팽이버섯, 생것, 부추, 솔부추, 생것, 고추, 빨간색, 생것, 마늘, 생것, 다시마, 말린것"
D051287,모시조개미역국,국(탕)류,맑은국류,"조개, 가무락조개, 생것, 미역, 말린것, 간장, 개량, 양조, 후추, 흰색, 가루, 참기름, 소금, 천일염, 소금꽃","메뉴명: 모시조개미역국
메뉴 대분류: 국(탕)류
메뉴 소분류: 맑은국류
식재료: 조개, 가무락조개, 생것, 미역, 말린것, 간장, 개량, 양조, 후추, 흰색, 가루, 참기름, 소금, 천일염, 소금꽃"
D051288,바지락살미역국,국(탕)류,맑은국류,"바지락, 생것, 미역, 생것, 참기름, 다시마, 말린것, 멸치, 대멸치, 삶아서 말린것, 마늘, 생것, 간장, 재래","메뉴명: 바지락살미역국
메뉴 대분류: 국(탕)류
메뉴 소분류: 맑은국류
식재료: 바지락, 생것, 미역, 생것, 참기름, 다시마, 말린것, 멸치, 대멸치, 삶아서 말린것, 마늘, 생것, 간장, 재래"
D051289,바지락순두부국,국(탕)류,맑은국류,"두부, 바지락, 생것, 김치, 배추 김치, 고춧가루, 면실유, 새우, 젓갈, 추젓, 다시마, 말린것, 멸치, 대멸치, 삶아서 말린것, 파, 대파, 생것, 마늘, 생것","메뉴명: 바지락순두부국
메뉴 대분류: 국(탕)류
메뉴 소분류: 맑은국류
식재료: 두부, 바지락, 생것, 김치, 배추 김치, 고춧가루, 면실유, 새우, 젓갈, 추젓, 다시마, 말린것, 멸치, 대멸치, 삶아서 말린것, 파, 대파, 생것, 마늘, 생것"
D051290,바지락콩나물국,국(탕)류,맑은국류,"콩나물, 생것, 파, 대파, 생것, 바지락, 생것, 다시마, 말린것, 멸치, 대멸치, 삶아서 말린것, 마늘, 생것, 고춧가루, 소금, 천일염, 가는소금","메뉴명: 바지락콩나물국
메뉴 대분류: 국(탕)류
메뉴 소분류: 맑은국류
식재료: 콩나물, 생것, 파, 대파, 생것, 바지락, 생것, 다시마, 말린것, 멸치, 대멸치, 삶아서 말린것, 마늘, 생것, 고춧가루, 소금, 천일염, 가는소금"
D051291,부추새우맑은국,국(탕)류,맑은국류,"새우, 중하, 생것, 부추, 두메부추, 생것, 파, 대파, 생것, 소금, 천일염, 가는소금, 마늘, 생것, 후추, 흰색, 가루","메뉴명: 부추새우맑은국
메뉴 대분류: 국(탕)류
메뉴 소분류: 맑은국류
식재료: 새우, 중하, 생것, 부추, 두메부추, 생것, 파, 대파, 생것, 소금, 천일염, 가는소금, 마늘, 생것, 후추, 흰색, 가루"
D051292,북어두부해장국,국(탕)류,맑은국류,"두부, 달걀, 생것, 무, 조선무, 생것, 콩나물, 생것, 명태, 북어, 말린것, 파, 대파, 생것, 새우, 젓갈, 간장, 개량, 양조, 다시마, 말린것, 멸치, 대멸치, 삶아서 말린것, 마늘, 다진것, 소금, 구운소금","메뉴명: 북어두부해장국
메뉴 대분류: 국(탕)류
메뉴 소분류: 맑은국류
식재료: 두부, 달걀, 생것, 무, 조선무, 생것, 콩나물, 생것, 명태, 북어, 말린것, 파, 대파, 생것, 새우, 젓갈, 간장, 개량, 양조, 다시마, 말린것, 멸치, 대멸치, 삶아서 말린것, 마늘, 다진것, 소금, 구운소금"
D051293,삼색조랭이떡국,국(탕)류,맑은국류,"멥쌀떡, 가래떡, 양파, 생것, 간장, 개량, 양조, 멸치, 대멸치, 삶아서 말린것, 파, 대파, 생것, 다시마, 말린것, 마늘, 다진것, 소금, 천일염","메뉴명: 삼색조랭이떡국
메뉴 대분류: 국(탕)류
메뉴 소분류: 맑은국류
식재료: 멥쌀떡, 가래떡, 양파, 생것, 간장, 개량, 양조, 멸치, 대멸치, 삶아서 말린것, 파, 대파, 생것, 다시마, 말린것, 마늘, 다진것, 소금, 천일염"
D051294,새우젓콩나물국,국(탕)류,맑은국류,"콩나물, 생것, 무, 조선무, 생것, 다시마, 말린것, 멸치, 대멸치, 삶아서 말린것, 파, 대파, 생것, 고추, 청양고추, 생것, 양파, 생것, 마늘, 생것, 소금, 천일염, 가는소금, 새우, 젓갈, 토굴육젓","메뉴명: 새우젓콩나물국
메뉴 대분류: 국(탕)류
메뉴 소분류: 맑은국류
식재료: 콩나물, 생것, 무, 조선무, 생것, 다시마, 말린것, 멸치, 대멸치, 삶아서 말린것, 파, 대파, 생것, 고추, 청양고추, 생것, 양파, 생것, 마늘, 생것, 소금, 천일염, 가는소금, 새우, 젓갈, 토굴육젓"
D051295,소고기달걀떡국,국(탕)류,맑은국류,"멥쌀떡, 가래떡, 소고기, 한우, 양지, 생것, 달걀, 생것, 멸치, 대멸치, 삶아서 말린것, 파, 대파, 생것, 다시마, 말린것, 마늘, 다진것, 소금, 천일염, 김, 참김, 말린것","메뉴명: 소고기달걀떡국
메뉴 대분류: 국(탕)류
메뉴 소분류: 맑은국류
식재료: 멥쌀떡, 가래떡, 소고기, 한우, 양지, 생것, 달걀, 생것, 멸치, 대멸치, 삶아서 말린것, 파, 대파, 생것, 다시마, 말린것, 마늘, 다진것, 소금, 천일염, 김, 참김, 말린것"
D051296,소고기들깨뭇국,국(탕)류,맑은국류,"무, 조선무, 생것, 소고기, 한우, 등심, 생것, 들깨, 볶은것, 간장, 개량, 양조, 참기름, 마늘, 생것, 소금, 천일염, 가는소금, 후추, 흰색, 가루","메뉴명: 소고기들깨뭇국
메뉴 대분류: 국(탕)류
메뉴 소분류: 맑은국류
식재료: 무, 조선무, 생것, 소고기, 한우, 등심, 생것, 들깨, 볶은것, 간장, 개량, 양조, 참기름, 마늘, 생것, 소금, 천일염, 가는소금, 후추, 흰색, 가루"
D051297,송이버섯미역국,국(탕)류,맑은국류,"송이버섯, 생것, 미역, 생것, 멸치, 대멸치, 삶아서 말린것, 다시마, 말린것, 마늘, 생것, 참기름, 간장, 재래","메뉴명: 송이버섯미역국
메뉴 대분류: 국(탕)류
메뉴 소분류: 맑은국류
식재료: 송이버섯, 생것, 미역, 생것, 멸치, 대멸치, 삶아서 말린것, 다시마, 말린것, 마늘, 생것, 참기름, 간장, 재래"
D051298,시금치콩나물국,국(탕)류,맑은국류,"시금치, 생것, 콩나물, 생것, 고춧가루, 된장, 개량, 다시마, 말린것, 멸치, 대멸치, 삶아서 말린것, 파, 대파, 생것, 소금, 천일염, 가는소금, 마늘, 생것","메뉴명: 시금치콩나물국
메뉴 대분류: 국(탕)류
메뉴 소분류: 맑은국류
식재료: 시금치, 생것, 콩나물, 생것, 고춧가루, 된장, 개량, 다시마, 말린것, 멸치, 대멸치, 삶아서 말린것, 파, 대파, 생것, 소금, 천일염, 가는소금, 마늘, 생것"
D051299,애호박고추장국,국(탕)류,맑은국류,"호박, 애호박, 생것, 감자, 대지, 생것, 두부, 양파, 생것, 고추장, 개량, 된장, 개량, 당근, 뿌리, 생것, 다시마, 말린것, 멸치, 대멸치, 삶아서 말린것, 파, 대파, 생것, 마늘, 생것","메뉴명: 애호박고추장국
메뉴 대분류: 국(탕)류
메뉴 소분류: 맑은국류
식재료: 호박, 애호박, 생것, 감자, 대지, 생것, 두부, 양파, 생것, 고추장, 개량, 된장, 개량, 당근, 뿌리, 생것, 다시마, 말린것, 멸치, 대멸치, 삶아서 말린것, 파, 대파, 생것, 마늘, 생것"
D051300,애호박새우젓국,국(탕)류,맑은국류,"호박, 애호박, 생것, 두부, 들기름, 새우, 꽃새우, 삶아서 말린것, 새우, 젓갈, 토굴육젓, 파, 대파, 생것, 마늘, 생것","메뉴명: 애호박새우젓국
메뉴 대분류: 국(탕)류
메뉴 소분류: 맑은국류
식재료: 호박, 애호박, 생것, 두부, 들기름, 새우, 꽃새우, 삶아서 말린것, 새우, 젓갈, 토굴육젓, 파, 대파, 생것, 마늘, 생것"
D051301,어린이콩나물국,국(탕)류,맑은국류,"콩나물, 생것, 멸치, 대멸치, 삶아서 말린것, 소금, 천일염, 가는소금, 파, 대파, 생것, 마늘, 생것","메뉴명: 어린이콩나물국
메뉴 대분류: 국(탕)류
메뉴 소분류: 맑은국류
식재료: 콩나물, 생것, 멸치, 대멸치, 삶아서 말린것, 소금, 천일염, 가는소금, 파, 대파, 생것, 마늘, 생것"
D051302,오징어두부무국,국(탕)류,맑은국류,"오징어, 생것, 무, 조선무, 생것, 두부, 고추장, 개량, 고춧가루, 파, 대파, 생것, 고추, 풋고추, 생것, 고추, 빨간색, 생것, 쑥갓, 생것, 다시마, 말린것, 멸치, 대멸치, 삶아서 말린것, 마늘, 생것","메뉴명: 오징어두부무국
메뉴 대분류: 국(탕)류
메뉴 소분류: 맑은국류
식재료: 오징어, 생것, 무, 조선무, 생것, 두부, 고추장, 개량, 고춧가루, 파, 대파, 생것, 고추, 풋고추, 생것, 고추, 빨간색, 생것, 쑥갓, 생것, 다시마, 말린것, 멸치, 대멸치, 삶아서 말린것, 마늘, 생것"
D051303,오징어콩나물국,국(탕)류,맑은국류,"오징어, 생것, 콩나물, 생것, 파, 대파, 생것, 다시마, 말린것, 멸치, 대멸치, 삶아서 말린것, 마늘, 생것, 고춧가루, 소금, 천일염, 가는소금","메뉴명: 오징어콩나물국
메뉴 대분류: 국(탕)류
메뉴 소분류: 맑은국류
식재료: 오징어, 생것, 콩나물, 생것, 파, 대파, 생것, 다시마, 말린것, 멸치, 대멸치, 삶아서 말린것, 마늘, 생것, 고춧가루, 소금, 천일염, 가는소금"
D051304,제주도식해장국,국(탕)류,맑은국류,"콩나물, 생것, 배추, 얼갈이배추, 생것, 소고기, 한우, 양지, 생것, 소 부산물, 선지(피), 생것, 당면, 고구마, 말린것, 파, 대파, 생것, 고춧가루, 간장, 개량, 양조, 마늘, 생것, 소금, 천일염, 가는소금","메뉴명: 제주도식해장국
메뉴 대분류: 국(탕)류
메뉴 소분류: 맑은국류
식재료: 콩나물, 생것, 배추, 얼갈이배추, 생것, 소고기, 한우, 양지, 생것, 소 부산물, 선지(피), 생것, 당면, 고구마, 말린것, 파, 대파, 생것, 고춧가루, 간장, 개량, 양조, 마늘, 생것, 소금, 천일염, 가는소금"
D051305,청양건새우무국,국(탕)류,맑은국류,"무, 조선무, 생것, 양파, 생것, 다시마, 말린것, 멸치, 대멸치, 삶아서 말린것, 간장, 개량, 양조, 새우, 보리새우, 생것, 고추, 청양고추, 생것, 마늘, 다진것, 소금, 천일염","메뉴명: 청양건새우무국
메뉴 대분류: 국(탕)류
메뉴 소분류: 맑은국류
식재료: 무, 조선무, 생것, 양파, 생것, 다시마, 말린것, 멸치, 대멸치, 삶아서 말린것, 간장, 개량, 양조, 새우, 보리새우, 생것, 고추, 청양고추, 생것, 마늘, 다진것, 소금, 천일염"
D051306,팽이버섯달걀국,국(탕)류,맑은국류,"달걀, 생것, 팽이버섯, 생것, 양파, 생것, 파, 대파, 생것, 소금, 천일염, 소금꽃, 다시마, 말린것, 고추, 청양고추, 생것, 고추, 빨간색, 생것, 참기름, 후추, 검은색, 가루, 맛술","메뉴명: 팽이버섯달걀국
메뉴 대분류: 국(탕)류
메뉴 소분류: 맑은국류
식재료: 달걀, 생것, 팽이버섯, 생것, 양파, 생것, 파, 대파, 생것, 소금, 천일염, 소금꽃, 다시마, 말린것, 고추, 청양고추, 생것, 고추, 빨간색, 생것, 참기름, 후추, 검은색, 가루, 맛술"
D051307,팽이버섯유부국,국(탕)류,맑은국류,"두부, 유부, 무, 조선무, 생것, 팽이버섯, 생것, 파, 대파, 생것, 소금, 천일염","메뉴명: 팽이버섯유부국
메뉴 대분류: 국(탕)류
메뉴 소분류: 맑은국류
식재료: 두부, 유부, 무, 조선무, 생것, 팽이버섯, 생것, 파, 대파, 생것, 소금, 천일염"
D051308,냉이순두부맑은국,국(탕)류,맑은국류,"두부, 순두부, 냉이, 생것, 새우, 젓갈, 간장, 개량, 양조, 파, 대파, 생것, 고추, 풋고추, 생것, 고추, 빨간색, 생것, 마늘, 생것","메뉴명: 냉이순두부맑은국
메뉴 대분류: 국(탕)류
메뉴 소분류: 맑은국류
식재료: 두부, 순두부, 냉이, 생것, 새우, 젓갈, 간장, 개량, 양조, 파, 대파, 생것, 고추, 풋고추, 생것, 고추, 빨간색, 생것, 마늘, 생것"
D051309,모시조개콩나물국,국(탕)류,맑은국류,"콩나물, 생것, 멸치 육수, 조개, 가무락조개, 생것, 파, 대파, 생것, 마늘, 생것, 소금, 천일염, 가는소금","메뉴명: 모시조개콩나물국
메뉴 대분류: 국(탕)류
메뉴 소분류: 맑은국류
식재료: 콩나물, 생것, 멸치 육수, 조개, 가무락조개, 생것, 파, 대파, 생것, 마늘, 생것, 소금, 천일염, 가는소금"
D051310,미역오이양파냉국,국(탕)류,맑은국류,"오이, 취청, 생것, 미역, 생것, 양파, 생것, 고추, 빨간색, 생것, 식초, 양조, 소금, 천일염, 가는소금, 간장, 개량, 양조, 설탕, 백설탕, 참깨, 흰색, 볶은것","메뉴명: 미역오이양파냉국
메뉴 대분류: 국(탕)류
메뉴 소분류: 맑은국류
식재료: 오이, 취청, 생것, 미역, 생것, 양파, 생것, 고추, 빨간색, 생것, 식초, 양조, 소금, 천일염, 가는소금, 간장, 개량, 양조, 설탕, 백설탕, 참깨, 흰색, 볶은것"
D051311,바지락살콩나물국,국(탕)류,맑은국류,"콩나물, 생것, 바지락, 생것, 파, 대파, 생것, 다시마, 말린것, 멸치, 대멸치, 삶아서 말린것, 마늘, 생것, 고춧가루, 소금, 천일염, 가는소금","메뉴명: 바지락살콩나물국
메뉴 대분류: 국(탕)류
메뉴 소분류: 맑은국류
식재료: 콩나물, 생것, 바지락, 생것, 파, 대파, 생것, 다시마, 말린것, 멸치, 대멸치, 삶아서 말린것, 마늘, 생것, 고춧가루, 소금, 천일염, 가는소금"
D051312,북어채감자미역국,국(탕)류,맑은국류,"감자, 대지, 생것, 명태, 북어, 말린것, 미역, 말린것, 간장, 개량, 양조, 참기름, 다시마, 말린것, 마늘, 다진것, 소금, 천일염","메뉴명: 북어채감자미역국
메뉴 대분류: 국(탕)류
메뉴 소분류: 맑은국류
식재료: 감자, 대지, 생것, 명태, 북어, 말린것, 미역, 말린것, 간장, 개량, 양조, 참기름, 다시마, 말린것, 마늘, 다진것, 소금, 천일염"
D051313,북어콩나물해장국,국(탕)류,맑은국류,"달걀, 생것, 콩나물, 생것, 무, 조선무, 생것, 명태, 북어, 말린것, 파, 대파, 생것, 새우, 젓갈, 간장, 개량, 양조, 다시마, 말린것, 멸치, 대멸치, 삶아서 말린것, 마늘, 다진것, 소금, 구운소금","메뉴명: 북어콩나물해장국
메뉴 대분류: 국(탕)류
메뉴 소분류: 맑은국류
식재료: 달걀, 생것, 콩나물, 생것, 무, 조선무, 생것, 명태, 북어, 말린것, 파, 대파, 생것, 새우, 젓갈, 간장, 개량, 양조, 다시마, 말린것, 멸치, 대멸치, 삶아서 말린것, 마늘, 다진것, 소금, 구운소금"
D051314,새우연두부달걀국,국(탕)류,맑은국류,"두부, 순두부, 새우, 꽃새우, 생것, 달걀, 생것, 무, 조선무, 생것, 소금, 천일염, 가는소금, 파, 쪽파, 생것, 다시마, 말린것, 멸치, 대멸치, 삶아서 말린것, 양파, 생것","메뉴명: 새우연두부달걀국
메뉴 대분류: 국(탕)류
메뉴 소분류: 맑은국류
식재료: 두부, 순두부, 새우, 꽃새우, 생것, 달걀, 생것, 무, 조선무, 생것, 소금, 천일염, 가는소금, 파, 쪽파, 생것, 다시마, 말린것, 멸치, 대멸치, 삶아서 말린것, 양파, 생것"
D051315,소고기두부맑은국,국(탕)류,맑은국류,"소고기, 한우, 양지, 생것, 두부, 양파, 생것, 무, 조선무, 생것, 소금, 천일염, 가는소금, 파, 대파, 생것, 마늘, 생것, 고춧가루, 후추, 검은색, 가루, 간장, 개량, 양조","메뉴명: 소고기두부맑은국
메뉴 대분류: 국(탕)류
메뉴 소분류: 맑은국류
식재료: 소고기, 한우, 양지, 생것, 두부, 양파, 생것, 무, 조선무, 생것, 소금, 천일염, 가는소금, 파, 대파, 생것, 마늘, 생것, 고춧가루, 후추, 검은색, 가루, 간장, 개량, 양조"
D051316,얼큰김치콩나물국,국(탕)류,맑은국류,"김치, 배추 김치, 콩나물, 생것, 파, 대파, 생것, 고춧가루, 다시마, 말린것, 마늘, 다진것, 소금, 천일염, 소금꽃","메뉴명: 얼큰김치콩나물국
메뉴 대분류: 국(탕)류
메뉴 소분류: 맑은국류
식재료: 김치, 배추 김치, 콩나물, 생것, 파, 대파, 생것, 고춧가루, 다시마, 말린것, 마늘, 다진것, 소금, 천일염, 소금꽃"
D051317,얼큰청양콩나물국,국(탕)류,맑은국류,"콩나물, 생것, 파, 대파, 생것, 다시마, 말린것, 멸치, 대멸치, 삶아서 말린것, 고추, 청양고추, 생것, 마늘, 생것, 고춧가루, 소금, 천일염, 가는소금","메뉴명: 얼큰청양콩나물국
메뉴 대분류: 국(탕)류
메뉴 소분류: 맑은국류
식재료: 콩나물, 생것, 파, 대파, 생것, 다시마, 말린것, 멸치, 대멸치, 삶아서 말린것, 고추, 청양고추, 생것, 마늘, 생것, 고춧가루, 소금, 천일염, 가는소금"
D051318,잘게썬오징어뭇국,국(탕)류,맑은국류,"오징어, 생것, 무, 조선무, 생것, 파, 대파, 생것, 간장, 재래, 멸치, 대멸치, 삶아서 말린것, 다시마, 말린것, 마늘, 생것, 후추, 흰색, 가루","메뉴명: 잘게썬오징어뭇국
메뉴 대분류: 국(탕)류
메뉴 소분류: 맑은국류
식재료: 오징어, 생것, 무, 조선무, 생것, 파, 대파, 생것, 간장, 재래, 멸치, 대멸치, 삶아서 말린것, 다시마, 말린것, 마늘, 생것, 후추, 흰색, 가루"
D051319,조개순두부맑은국,국(탕)류,맑은국류,"두부, 순두부, 조개, 살조개, 생것, 새우, 젓갈, 간장, 개량, 양조, 파, 대파, 생것, 고추, 풋고추, 생것, 고추, 빨간색, 생것, 마늘, 생것","메뉴명: 조개순두부맑은국
메뉴 대분류: 국(탕)류
메뉴 소분류: 맑은국류
식재료: 두부, 순두부, 조개, 살조개, 생것, 새우, 젓갈, 간장, 개량, 양조, 파, 대파, 생것, 고추, 풋고추, 생것, 고추, 빨간색, 생것, 마늘, 생것"
D051320,황태채사골만두국,국(탕)류,맑은국류,"만두, 물만두, 달걀, 생것, 양지국물, 들기름, 명태, 황태, 포, 말린것, 파, 대파, 생것, 소금, 천일염, 가는소금, 간장, 개량, 양조, 김, 참김, 말린것, 마늘, 생것","메뉴명: 황태채사골만두국
메뉴 대분류: 국(탕)류
메뉴 소분류: 맑은국류
식재료: 만두, 물만두, 달걀, 생것, 양지국물, 들기름, 명태, 황태, 포, 말린것, 파, 대파, 생것, 소금, 천일염, 가는소금, 간장, 개량, 양조, 김, 참김, 말린것, 마늘, 생것"
D051321,황태콩나물해장국,국(탕)류,맑은국류,"무, 조선무, 생것, 콩나물, 생것, 달걀, 생것, 명태, 황태, 포, 말린것, 간장, 개량, 양조, 파, 대파, 생것, 마늘, 다진것, 참기름, 다시마, 말린것, 소금, 천일염","메뉴명: 황태콩나물해장국
메뉴 대분류: 국(탕)류
메뉴 소분류: 맑은국류
식재료: 무, 조선무, 생것, 콩나물, 생것, 달걀, 생것, 명태, 황태, 포, 말린것, 간장, 개량, 양조, 파, 대파, 생것, 마늘, 다진것, 참기름, 다시마, 말린것, 소금, 천일염"
D051322,날콩가루배추된장국,국(탕)류,맑은국류,"배추, 얼갈이배추, 생것, 무, 조선무, 생것, 대두, 콩가루, 된장, 개량, 다시마, 말린것, 멸치, 대멸치, 삶아서 말린것, 파, 대파, 생것, 마늘, 생것","메뉴명: 날콩가루배추된장국
메뉴 대분류: 국(탕)류
메뉴 소분류: 맑은국류
식재료: 배추, 얼갈이배추, 생것, 무, 조선무, 생것, 대두, 콩가루, 된장, 개량, 다시마, 말린것, 멸치, 대멸치, 삶아서 말린것, 파, 대파, 생것, 마늘, 생것"
D051323,닭가슴살배추들깨국,국(탕)류,맑은국류,"닭고기, 가슴, 생것, 배추, 생것, 무, 조선무, 생것, 들깨, 볶은것, 파, 대파, 생것, 마늘, 생것, 간장, 개량, 양조, 소금, 천일염, 가는소금, 다시마, 말린것","메뉴명: 닭가슴살배추들깨국
메뉴 대분류: 국(탕)류
메뉴 소분류: 맑은국류
식재료: 닭고기, 가슴, 생것, 배추, 생것, 무, 조선무, 생것, 들깨, 볶은것, 파, 대파, 생것, 마늘, 생것, 간장, 개량, 양조, 소금, 천일염, 가는소금, 다시마, 말린것"
D051324,바지락순두부김치국,국(탕)류,맑은국류,"두부, 순두부, 김치, 배추 김치, 바지락, 생것, 새우, 꽃새우, 생것, 양파, 생것, 파, 대파, 생것, 마늘, 생것, 다시마, 말린것, 소금, 천일염, 가는소금","메뉴명: 바지락순두부김치국
메뉴 대분류: 국(탕)류
메뉴 소분류: 맑은국류
식재료: 두부, 순두부, 김치, 배추 김치, 바지락, 생것, 새우, 꽃새우, 생것, 양파, 생것, 파, 대파, 생것, 마늘, 생것, 다시마, 말린것, 소금, 천일염, 가는소금"
D051325,소고기느타리버섯국,국(탕)류,맑은국류,"무, 조선무, 생것, 소고기, 한우, 양지, 생것, 배추, 얼갈이배추, 생것, 숙주나물, 생것, 달걀, 생것, 표고버섯, 배지재배, 생것, 팽이버섯, 생것, 느타리버섯, 생것, 고사리, 데친것, 양파, 생것, 파, 대파, 생것, 고추장, 개량, 마늘, 다진것, 고추기름, 고추, 청양고추, 생것","메뉴명: 소고기느타리버섯국
메뉴 대분류: 국(탕)류
메뉴 소분류: 맑은국류
식재료: 무, 조선무, 생것, 소고기, 한우, 양지, 생것, 배추, 얼갈이배추, 생것, 숙주나물, 생것, 달걀, 생것, 표고버섯, 배지재배, 생것, 팽이버섯, 생것, 느타리버섯, 생것, 고사리, 데친것, 양파, 생것, 파, 대파, 생것, 고추장, 개량, 마늘, 다진것, 고추기름, 고추, 청양고추, 생것"
D051326,순한들깨가루미역국,국(탕)류,맑은국류,"미역, 말린것, 들깨, 볶은것, 마늘, 다진것, 들기름, 간장, 개량, 양조, 소금, 천일염","메뉴명: 순한들깨가루미역국
메뉴 대분류: 국(탕)류
메뉴 소분류: 맑은국류
식재료: 미역, 말린것, 들깨, 볶은것, 마늘, 다진것, 들기름, 간장, 개량, 양조, 소금, 천일염"
D051327,어린이느타리버섯국,국(탕)류,맑은국류,"팽이버섯, 생것, 애느타리버섯, 생것, 양파, 생것, 파, 대파, 생것, 간장, 재래, 멸치, 대멸치, 삶아서 말린것, 다시마, 말린것, 마늘, 생것","메뉴명: 어린이느타리버섯국
메뉴 대분류: 국(탕)류
메뉴 소분류: 맑은국류
식재료: 팽이버섯, 생것, 애느타리버섯, 생것, 양파, 생것, 파, 대파, 생것, 간장, 재래, 멸치, 대멸치, 삶아서 말린것, 다시마, 말린것, 마늘, 생것"
D051328,어린이소고기미역국,국(탕)류,맑은국류,"소고기, 한우, 양지, 생것, 미역, 생것, 간장, 개량, 양조, 참기름, 마늘, 생것, 소금, 천일염, 가는소금","메뉴명: 어린이소고기미역국
메뉴 대분류: 국(탕)류
메뉴 소분류: 맑은국류
식재료: 소고기, 한우, 양지, 생것, 미역, 생것, 간장, 개량, 양조, 참기름, 마늘, 생것, 소금, 천일염, 가는소금"
D051329,어린이조갯살미역국,국(탕)류,맑은국류,"조개, 살조개, 생것, 미역, 생것, 참기름, 간장, 개량, 양조, 마늘, 생것, 소금, 천일염, 가는소금","메뉴명: 어린이조갯살미역국
메뉴 대분류: 국(탕)류
메뉴 소분류: 맑은국류
식재료: 조개, 살조개, 생것, 미역, 생것, 참기름, 간장, 개량, 양조, 마늘, 생것, 소금, 천일염, 가는소금"
D051330,괴산올갱이국(향토-충청도),국(탕)류,맑은국류,"아욱, 생것, 된장, 개량, 다슬기, 생것, 파, 대파, 생것, 소금, 구운소금, 간장, 개량, 양조, 마늘, 다진것","메뉴명: 괴산올갱이국(향토-충청도)
메뉴 대분류: 국(탕)류
메뉴 소분류: 맑은국류
식재료: 아욱, 생것, 된장, 개량, 다슬기, 생것, 파, 대파, 생것, 소금, 구운소금, 간장, 개량, 양조, 마늘, 다진것"
D051331,와각탕(모시조개탕),국(탕)류,맑은국류,"조개, 가무락조개, 생것, 파, 대파, 생것, 다시마, 말린것, 마늘, 다진것, 소금, 천일염, 소금꽃, 고추, 청양고추, 생것, 고추, 빨간색, 생것, 후추, 흰색, 가루","메뉴명: 와각탕(모시조개탕)
메뉴 대분류: 국(탕)류
메뉴 소분류: 맑은국류
식재료: 조개, 가무락조개, 생것, 파, 대파, 생것, 다시마, 말린것, 마늘, 다진것, 소금, 천일염, 소금꽃, 고추, 청양고추, 생것, 고추, 빨간색, 생것, 후추, 흰색, 가루"
D051332,편수(유두절),국(탕)류,맑은국류,"소고기, 한우, 등심, 생것, 호박, 애호박, 생것, 오이, 취청, 생것, 밀, 중력밀가루, 표고버섯, 배지재배, 생것, 달걀, 부침(달걀프라이), 마늘, 다진것, 간장, 개량, 양조, 다시마, 말린것, 잣, 생것, 설탕, 백설탕, 후추, 검은색, 가루","메뉴명: 편수(유두절)
메뉴 대분류: 국(탕)류
메뉴 소분류: 맑은국류
식재료: 소고기, 한우, 등심, 생것, 호박, 애호박, 생것, 오이, 취청, 생것, 밀, 중력밀가루, 표고버섯, 배지재배, 생것, 달걀, 부침(달걀프라이), 마늘, 다진것, 간장, 개량, 양조, 다시마, 말린것, 잣, 생것, 설탕, 백설탕, 후추, 검은색, 가루"
D052001,감자된장국,국(탕)류,된장국류,"감자, 대지, 삶은것, 된장, 개량, 두부, 양파, 데친것, 쑥갓, 데친것, 멸치 육수, 간장, 재래, 파, 쪽파, 생것, 마늘, 생것","메뉴명: 감자된장국
메뉴 대분류: 국(탕)류
메뉴 소분류: 된장국류
식재료: 감자, 대지, 삶은것, 된장, 개량, 두부, 양파, 데친것, 쑥갓, 데친것, 멸치 육수, 간장, 재래, 파, 쪽파, 생것, 마늘, 생것"
D052002,감자된장국(고비),국(탕)류,된장국류,"감자, 대지, 삶은것, 고비, 야생, 말린것, 삶은것, 두부, 된장, 개량, 바지락, 생것, 양파, 데친것, 파, 대파, 생것, 멸치 육수, 마늘, 생것","메뉴명: 감자된장국(고비)
메뉴 대분류: 국(탕)류
메뉴 소분류: 된장국류
식재료: 감자, 대지, 삶은것, 고비, 야생, 말린것, 삶은것, 두부, 된장, 개량, 바지락, 생것, 양파, 데친것, 파, 대파, 생것, 멸치 육수, 마늘, 생것"
D052003,"감자된장국(열무, 고추장)",국(탕)류,된장국류,"감자, 대지, 삶은것, 된장, 개량, 열무, 데친것, 고추장, 개량, 멸치 육수, 파, 쪽파, 생것, 마늘, 생것","메뉴명: 감자된장국(열무, 고추장)
메뉴 대분류: 국(탕)류
메뉴 소분류: 된장국류
식재료: 감자, 대지, 삶은것, 된장, 개량, 열무, 데친것, 고추장, 개량, 멸치 육수, 파, 쪽파, 생것, 마늘, 생것"
D052004,고비된장국,국(탕)류,된장국류,"고비, 야생, 말린것, 삶은것, 된장, 개량, 두부, 바지락, 생것, 양파, 데친것, 파, 대파, 생것, 멸치 육수, 마늘, 생것","메뉴명: 고비된장국
메뉴 대분류: 국(탕)류
메뉴 소분류: 된장국류
식재료: 고비, 야생, 말린것, 삶은것, 된장, 개량, 두부, 바지락, 생것, 양파, 데친것, 파, 대파, 생것, 멸치 육수, 마늘, 생것"
D052005,근대된장국,국(탕)류,된장국류,"근대, 데친것, 된장, 개량, 파, 쪽파, 생것, 멸치 육수, 마늘, 생것","메뉴명: 근대된장국
메뉴 대분류: 국(탕)류
메뉴 소분류: 된장국류
식재료: 근대, 데친것, 된장, 개량, 파, 쪽파, 생것, 멸치 육수, 마늘, 생것"
D052006,근대된장국(고추장),국(탕)류,된장국류,"근대, 데친것, 고추장, 개량, 된장, 개량, 파, 쪽파, 생것, 고춧가루, 마늘, 생것, 멸치 육수, 소금, 천일염, 가는소금","메뉴명: 근대된장국(고추장)
메뉴 대분류: 국(탕)류
메뉴 소분류: 된장국류
식재료: 근대, 데친것, 고추장, 개량, 된장, 개량, 파, 쪽파, 생것, 고춧가루, 마늘, 생것, 멸치 육수, 소금, 천일염, 가는소금"
D052007,꽃게된장국,국(탕)류,된장국류,"게, 꽃게, 찐것, 된장, 개량, 무, 조선무, 생것, 호박, 애호박, 데친것, 고추, 풋고추, 생것, 마늘, 생것","메뉴명: 꽃게된장국
메뉴 대분류: 국(탕)류
메뉴 소분류: 된장국류
식재료: 게, 꽃게, 찐것, 된장, 개량, 무, 조선무, 생것, 호박, 애호박, 데친것, 고추, 풋고추, 생것, 마늘, 생것"
D052008,냉이된장국,국(탕)류,된장국류,"냉이, 데친것, 된장, 개량, 두부, 멸치 육수, 파, 대파, 생것, 마늘, 생것","메뉴명: 냉이된장국
메뉴 대분류: 국(탕)류
메뉴 소분류: 된장국류
식재료: 냉이, 데친것, 된장, 개량, 두부, 멸치 육수, 파, 대파, 생것, 마늘, 생것"
D052009,냉이된장국(고추장),국(탕)류,된장국류,"냉이, 데친것, 된장, 개량, 고추장, 개량, 두부, 멸치 육수, 마늘, 생것","메뉴명: 냉이된장국(고추장)
메뉴 대분류: 국(탕)류
메뉴 소분류: 된장국류
식재료: 냉이, 데친것, 된장, 개량, 고추장, 개량, 두부, 멸치 육수, 마늘, 생것"
D052010,"냉이된장국(고추장, 바지락)",국(탕)류,된장국류,"냉이, 데친것, 된장, 개량, 바지락, 생것, 고추장, 개량, 두부, 멸치 육수, 마늘, 생것","메뉴명: 냉이된장국(고추장, 바지락)
메뉴 대분류: 국(탕)류
메뉴 소분류: 된장국류
식재료: 냉이, 데친것, 된장, 개량, 바지락, 생것, 고추장, 개량, 두부, 멸치 육수, 마늘, 생것"
D052011,"냉이된장국(고추장, 콩가루)",국(탕)류,된장국류,"냉이, 데친것, 된장, 개량, 대두, 콩가루, 고추장, 개량, 두부, 멸치 육수, 마늘, 생것","메뉴명: 냉이된장국(고추장, 콩가루)
메뉴 대분류: 국(탕)류
메뉴 소분류: 된장국류
식재료: 냉이, 데친것, 된장, 개량, 대두, 콩가루, 고추장, 개량, 두부, 멸치 육수, 마늘, 생것"
D052012,달래된장국,국(탕)류,된장국류,"달래, 생것, 된장, 개량, 두부, 고추, 풋고추, 생것, 고추, 빨간색, 생것, 고춧가루, 마늘, 생것","메뉴명: 달래된장국
메뉴 대분류: 국(탕)류
메뉴 소분류: 된장국류
식재료: 달래, 생것, 된장, 개량, 두부, 고추, 풋고추, 생것, 고추, 빨간색, 생것, 고춧가루, 마늘, 생것"
D052013,달래된장국(멸치),국(탕)류,된장국류,"달래, 생것, 된장, 개량, 멸치 육수, 두부, 고추, 풋고추, 생것, 고추, 빨간색, 생것, 고춧가루, 마늘, 생것","메뉴명: 달래된장국(멸치)
메뉴 대분류: 국(탕)류
메뉴 소분류: 된장국류
식재료: 달래, 생것, 된장, 개량, 멸치 육수, 두부, 고추, 풋고추, 생것, 고추, 빨간색, 생것, 고춧가루, 마늘, 생것"
D052014,두부된장국,국(탕)류,된장국류,"두부, 된장, 개량, 감자, 대지, 삶은것, 양파, 데친것, 쑥갓, 데친것, 파, 쪽파, 생것, 멸치 육수, 마늘, 생것","메뉴명: 두부된장국
메뉴 대분류: 국(탕)류
메뉴 소분류: 된장국류
식재료: 두부, 된장, 개량, 감자, 대지, 삶은것, 양파, 데친것, 쑥갓, 데친것, 파, 쪽파, 생것, 멸치 육수, 마늘, 생것"
D052015,두부된장국(고추장),국(탕)류,된장국류,"두부, 된장, 개량, 고추장, 재래, 감자, 대지, 삶은것, 양파, 데친것, 쑥갓, 데친것, 파, 쪽파, 생것, 멸치 육수, 마늘, 생것","메뉴명: 두부된장국(고추장)
메뉴 대분류: 국(탕)류
메뉴 소분류: 된장국류
식재료: 두부, 된장, 개량, 고추장, 재래, 감자, 대지, 삶은것, 양파, 데친것, 쑥갓, 데친것, 파, 쪽파, 생것, 멸치 육수, 마늘, 생것"
D052016,"두부된장국(고추장, 근대)",국(탕)류,된장국류,"두부, 된장, 개량, 근대, 데친것, 고추장, 개량, 감자, 대지, 삶은것, 양파, 데친것, 쑥갓, 데친것, 파, 쪽파, 생것, 멸치 육수, 마늘, 생것","메뉴명: 두부된장국(고추장, 근대)
메뉴 대분류: 국(탕)류
메뉴 소분류: 된장국류
식재료: 두부, 된장, 개량, 근대, 데친것, 고추장, 개량, 감자, 대지, 삶은것, 양파, 데친것, 쑥갓, 데친것, 파, 쪽파, 생것, 멸치 육수, 마늘, 생것"
D052017,"두부된장국(고추장, 무)",국(탕)류,된장국류,"두부, 무, 조선무, 생것, 된장, 개량, 고추장, 개량, 감자, 대지, 삶은것, 양파, 데친것, 쑥갓, 데친것, 파, 쪽파, 생것, 멸치 육수, 마늘, 생것","메뉴명: 두부된장국(고추장, 무)
메뉴 대분류: 국(탕)류
메뉴 소분류: 된장국류
식재료: 두부, 무, 조선무, 생것, 된장, 개량, 고추장, 개량, 감자, 대지, 삶은것, 양파, 데친것, 쑥갓, 데친것, 파, 쪽파, 생것, 멸치 육수, 마늘, 생것"
D052018,"두부된장국(고추장, 실파)",국(탕)류,된장국류,"두부, 된장, 개량, 파, 쪽파, 생것, 고추장, 개량, 감자, 대지, 삶은것, 양파, 데친것, 쑥갓, 데친것, 멸치 육수, 마늘, 생것","메뉴명: 두부된장국(고추장, 실파)
메뉴 대분류: 국(탕)류
메뉴 소분류: 된장국류
식재료: 두부, 된장, 개량, 파, 쪽파, 생것, 고추장, 개량, 감자, 대지, 삶은것, 양파, 데친것, 쑥갓, 데친것, 멸치 육수, 마늘, 생것"
D052019,미역된장국,국(탕)류,된장국류,"미역, 염장, 데친것, 된장, 개량, 감자, 대지, 삶은것, 호박, 애호박, 데친것, 멸치 육수, 간장, 재래, 파, 대파, 생것, 마늘, 생것","메뉴명: 미역된장국
메뉴 대분류: 국(탕)류
메뉴 소분류: 된장국류
식재료: 미역, 염장, 데친것, 된장, 개량, 감자, 대지, 삶은것, 호박, 애호박, 데친것, 멸치 육수, 간장, 재래, 파, 대파, 생것, 마늘, 생것"
D052020,배추된장국(고추장),국(탕)류,된장국류,"배추, 생것, 된장, 개량, 고추장, 개량, 파, 대파, 생것, 마늘, 생것, 조미료, 쇠고기맛, 가루","메뉴명: 배추된장국(고추장)
메뉴 대분류: 국(탕)류
메뉴 소분류: 된장국류
식재료: 배추, 생것, 된장, 개량, 고추장, 개량, 파, 대파, 생것, 마늘, 생것, 조미료, 쇠고기맛, 가루"
D052021,"배추된장국(고추장, 시금치)",국(탕)류,된장국류,"배추, 생것, 된장, 개량, 고추장, 개량, 시금치, 데친것, 파, 대파, 생것, 마늘, 생것, 조미료, 쇠고기맛, 가루","메뉴명: 배추된장국(고추장, 시금치)
메뉴 대분류: 국(탕)류
메뉴 소분류: 된장국류
식재료: 배추, 생것, 된장, 개량, 고추장, 개량, 시금치, 데친것, 파, 대파, 생것, 마늘, 생것, 조미료, 쇠고기맛, 가루"
D052022,"배추된장국(고추장, 콩가루)",국(탕)류,된장국류,"배추, 생것, 된장, 개량, 고추장, 개량, 대두, 콩가루, 파, 대파, 생것, 마늘, 생것, 조미료, 쇠고기맛, 가루","메뉴명: 배추된장국(고추장, 콩가루)
메뉴 대분류: 국(탕)류
메뉴 소분류: 된장국류
식재료: 배추, 생것, 된장, 개량, 고추장, 개량, 대두, 콩가루, 파, 대파, 생것, 마늘, 생것, 조미료, 쇠고기맛, 가루"
D052023,"배추된장국(고추장, 호박)",국(탕)류,된장국류,"배추, 생것, 된장, 개량, 고추장, 개량, 호박, 애호박, 데친것, 파, 대파, 생것, 마늘, 생것, 조미료, 쇠고기맛, 가루","메뉴명: 배추된장국(고추장, 호박)
메뉴 대분류: 국(탕)류
메뉴 소분류: 된장국류
식재료: 배추, 생것, 된장, 개량, 고추장, 개량, 호박, 애호박, 데친것, 파, 대파, 생것, 마늘, 생것, 조미료, 쇠고기맛, 가루"
D052024,배추된장국(들깨),국(탕)류,된장국류,"배추, 생것, 된장, 개량, 들깨, 볶은것, 파, 대파, 생것, 멸치 육수, 참기름, 마늘, 생것, 소금, 천일염, 가는소금","메뉴명: 배추된장국(들깨)
메뉴 대분류: 국(탕)류
메뉴 소분류: 된장국류
식재료: 배추, 생것, 된장, 개량, 들깨, 볶은것, 파, 대파, 생것, 멸치 육수, 참기름, 마늘, 생것, 소금, 천일염, 가는소금"
D052025,배추된장국(무),국(탕)류,된장국류,"배추, 생것, 된장, 개량, 무, 조선무, 생것, 두부, 파, 대파, 생것, 마늘, 생것","메뉴명: 배추된장국(무)
메뉴 대분류: 국(탕)류
메뉴 소분류: 된장국류
식재료: 배추, 생것, 된장, 개량, 무, 조선무, 생것, 두부, 파, 대파, 생것, 마늘, 생것"
D052026,배추된장국(소고기),국(탕)류,된장국류,"배추, 데친것, 된장, 개량, 소고기, 한우, 양지, 삶은것, 고추, 풋고추, 생것, 멸치 육수, 마늘, 생것, 파, 쪽파, 생것","메뉴명: 배추된장국(소고기)
메뉴 대분류: 국(탕)류
메뉴 소분류: 된장국류
식재료: 배추, 데친것, 된장, 개량, 소고기, 한우, 양지, 삶은것, 고추, 풋고추, 생것, 멸치 육수, 마늘, 생것, 파, 쪽파, 생것"
D052027,배추된장국(양배추),국(탕)류,된장국류,"배추, 생것, 된장, 개량, 양배추, 데친것, 두부, 무, 조선무, 생것, 파, 대파, 생것, 마늘, 생것","메뉴명: 배추된장국(양배추)
메뉴 대분류: 국(탕)류
메뉴 소분류: 된장국류
식재료: 배추, 생것, 된장, 개량, 양배추, 데친것, 두부, 무, 조선무, 생것, 파, 대파, 생것, 마늘, 생것"
D052028,배추된장국(조개살),국(탕)류,된장국류,"배추, 생것, 된장, 개량, 조개, 살조개, 생것, 당근, 뿌리, 데친것, 간장, 재래, 고추, 빨간색, 생것, 마늘, 생것","메뉴명: 배추된장국(조개살)
메뉴 대분류: 국(탕)류
메뉴 소분류: 된장국류
식재료: 배추, 생것, 된장, 개량, 조개, 살조개, 생것, 당근, 뿌리, 데친것, 간장, 재래, 고추, 빨간색, 생것, 마늘, 생것"
D052029,버섯된장국(양송이버섯),국(탕)류,된장국류,"양송이버섯, 데친것, 된장, 개량, 두부, 무, 조선무, 생것, 배추, 생것, 파, 대파, 생것, 마늘, 생것","메뉴명: 버섯된장국(양송이버섯)
메뉴 대분류: 국(탕)류
메뉴 소분류: 된장국류
식재료: 양송이버섯, 데친것, 된장, 개량, 두부, 무, 조선무, 생것, 배추, 생것, 파, 대파, 생것, 마늘, 생것"
D052030,버섯된장국(팽이버섯),국(탕)류,된장국류,"팽이버섯, 데친것, 된장, 개량, 두부, 무, 조선무, 생것, 배추, 생것, 파, 대파, 생것, 간장, 재래, 마늘, 생것, 멸치 육수","메뉴명: 버섯된장국(팽이버섯)
메뉴 대분류: 국(탕)류
메뉴 소분류: 된장국류
식재료: 팽이버섯, 데친것, 된장, 개량, 두부, 무, 조선무, 생것, 배추, 생것, 파, 대파, 생것, 간장, 재래, 마늘, 생것, 멸치 육수"
D052031,순두부된장국(고추장),국(탕)류,된장국류,"두부, 순두부, 된장, 개량, 고추장, 개량, 감자, 대지, 삶은것, 양파, 데친것, 쑥갓, 데친것, 파, 쪽파, 생것, 멸치 육수, 마늘, 생것","메뉴명: 순두부된장국(고추장)
메뉴 대분류: 국(탕)류
메뉴 소분류: 된장국류
식재료: 두부, 순두부, 된장, 개량, 고추장, 개량, 감자, 대지, 삶은것, 양파, 데친것, 쑥갓, 데친것, 파, 쪽파, 생것, 멸치 육수, 마늘, 생것"
D052032,시금치된장국,국(탕)류,된장국류,"시금치, 데친것, 두부, 된장, 개량, 마늘, 생것","메뉴명: 시금치된장국
메뉴 대분류: 국(탕)류
메뉴 소분류: 된장국류
식재료: 시금치, 데친것, 두부, 된장, 개량, 마늘, 생것"
D052033,시금치된장국(멸치),국(탕)류,된장국류,"시금치, 데친것, 된장, 개량, 멸치 육수, 파, 대파, 생것, 마늘, 생것","메뉴명: 시금치된장국(멸치)
메뉴 대분류: 국(탕)류
메뉴 소분류: 된장국류
식재료: 시금치, 데친것, 된장, 개량, 멸치 육수, 파, 대파, 생것, 마늘, 생것"
D052034,"시금치된장국(멸치, 풋고추)",국(탕)류,된장국류,"시금치, 데친것, 된장, 개량, 멸치 육수, 고추, 풋고추, 생것, 파, 대파, 생것, 마늘, 생것","메뉴명: 시금치된장국(멸치, 풋고추)
메뉴 대분류: 국(탕)류
메뉴 소분류: 된장국류
식재료: 시금치, 데친것, 된장, 개량, 멸치 육수, 고추, 풋고추, 생것, 파, 대파, 생것, 마늘, 생것"
D052035,시래기된장국(소고기),국(탕)류,된장국류,"무청, 시래기, 말린것, 삶은것, 된장, 개량, 소고기, 한우, 양지, 삶은것, 고추, 풋고추, 생것, 멸치 육수, 마늘, 생것, 파, 쪽파, 생것","메뉴명: 시래기된장국(소고기)
메뉴 대분류: 국(탕)류
메뉴 소분류: 된장국류
식재료: 무청, 시래기, 말린것, 삶은것, 된장, 개량, 소고기, 한우, 양지, 삶은것, 고추, 풋고추, 생것, 멸치 육수, 마늘, 생것, 파, 쪽파, 생것"
D052036,시래기된장국(소고기맛 조미료),국(탕)류,된장국류,"무청, 시래기, 말린것, 삶은것, 된장, 개량, 조미료, 쇠고기맛, 가루, 마늘, 생것, 파, 대파, 생것","메뉴명: 시래기된장국(소고기맛 조미료)
메뉴 대분류: 국(탕)류
메뉴 소분류: 된장국류
식재료: 무청, 시래기, 말린것, 삶은것, 된장, 개량, 조미료, 쇠고기맛, 가루, 마늘, 생것, 파, 대파, 생것"
D052037,쑥국,국(탕)류,된장국류,"쑥, 생것, 된장, 개량, 양배추, 데친것, 대두, 콩가루, 마늘, 생것","메뉴명: 쑥국
메뉴 대분류: 국(탕)류
메뉴 소분류: 된장국류
식재료: 쑥, 생것, 된장, 개량, 양배추, 데친것, 대두, 콩가루, 마늘, 생것"
D052038,"아욱된장국(고추장, 건새우)",국(탕)류,된장국류,"아욱, 생것, 된장, 개량, 고추장, 개량, 새우, 꽃새우, 삶아서 말린것, 파, 대파, 생것, 마늘, 생것, 소금, 천일염, 가는소금","메뉴명: 아욱된장국(고추장, 건새우)
메뉴 대분류: 국(탕)류
메뉴 소분류: 된장국류
식재료: 아욱, 생것, 된장, 개량, 고추장, 개량, 새우, 꽃새우, 삶아서 말린것, 파, 대파, 생것, 마늘, 생것, 소금, 천일염, 가는소금"
D052039,"아욱된장국(고추장, 멸치)",국(탕)류,된장국류,"아욱, 생것, 된장, 개량, 멸치 육수, 고추장, 개량, 파, 대파, 생것, 마늘, 생것","메뉴명: 아욱된장국(고추장, 멸치)
메뉴 대분류: 국(탕)류
메뉴 소분류: 된장국류
식재료: 아욱, 생것, 된장, 개량, 멸치 육수, 고추장, 개량, 파, 대파, 생것, 마늘, 생것"
D052040,아욱된장국(배추),국(탕)류,된장국류,"아욱, 생것, 된장, 개량, 배추, 생것, 두부, 무, 조선무, 생것, 파, 대파, 생것, 마늘, 생것","메뉴명: 아욱된장국(배추)
메뉴 대분류: 국(탕)류
메뉴 소분류: 된장국류
식재료: 아욱, 생것, 된장, 개량, 배추, 생것, 두부, 무, 조선무, 생것, 파, 대파, 생것, 마늘, 생것"
D052041,얼갈이된장국(멸치),국(탕)류,된장국류,"배추, 얼갈이배추, 생것, 된장, 재래, 파, 대파, 생것, 멸치 육수, 고춧가루, 마늘, 생것","메뉴명: 얼갈이된장국(멸치)
메뉴 대분류: 국(탕)류
메뉴 소분류: 된장국류
식재료: 배추, 얼갈이배추, 생것, 된장, 재래, 파, 대파, 생것, 멸치 육수, 고춧가루, 마늘, 생것"
D052042,얼갈이된장국(소고기),국(탕)류,된장국류,"배추, 얼갈이배추, 데친것, 된장, 개량, 소고기, 한우, 양지, 삶은것, 멸치 육수, 파, 쪽파, 생것, 마늘, 생것","메뉴명: 얼갈이된장국(소고기)
메뉴 대분류: 국(탕)류
메뉴 소분류: 된장국류
식재료: 배추, 얼갈이배추, 데친것, 된장, 개량, 소고기, 한우, 양지, 삶은것, 멸치 육수, 파, 쪽파, 생것, 마늘, 생것"
D052043,열무된장국,국(탕)류,된장국류,"열무, 데친것, 된장, 개량, 두부, 무, 조선무, 생것, 배추, 생것, 파, 대파, 생것, 마늘, 생것","메뉴명: 열무된장국
메뉴 대분류: 국(탕)류
메뉴 소분류: 된장국류
식재료: 열무, 데친것, 된장, 개량, 두부, 무, 조선무, 생것, 배추, 생것, 파, 대파, 생것, 마늘, 생것"
D052044,열무된장국(멸치),국(탕)류,된장국류,"열무, 데친것, 된장, 개량, 멸치 육수, 두부, 파, 대파, 생것, 고춧가루, 마늘, 생것","메뉴명: 열무된장국(멸치)
메뉴 대분류: 국(탕)류
메뉴 소분류: 된장국류
식재료: 열무, 데친것, 된장, 개량, 멸치 육수, 두부, 파, 대파, 생것, 고춧가루, 마늘, 생것"
D052045,우거지된장국(두부),국(탕)류,된장국류,"된장, 개량, 배추, 시래기, 말린것, 삶은것, 두부, 무, 조선무, 생것, 파, 대파, 생것, 마늘, 생것","메뉴명: 우거지된장국(두부)
메뉴 대분류: 국(탕)류
메뉴 소분류: 된장국류
식재료: 된장, 개량, 배추, 시래기, 말린것, 삶은것, 두부, 무, 조선무, 생것, 파, 대파, 생것, 마늘, 생것"
D052046,우거지된장국(소고기),국(탕)류,된장국류,"배추, 시래기, 말린것, 삶은것, 된장, 개량, 소고기, 한우, 양지, 삶은것, 마늘, 생것, 파, 쪽파, 생것","메뉴명: 우거지된장국(소고기)
메뉴 대분류: 국(탕)류
메뉴 소분류: 된장국류
식재료: 배추, 시래기, 말린것, 삶은것, 된장, 개량, 소고기, 한우, 양지, 삶은것, 마늘, 생것, 파, 쪽파, 생것"
D052047,"우거지된장국(소고기, 콩나물)",국(탕)류,된장국류,"배추, 시래기, 말린것, 삶은것, 된장, 개량, 소고기, 한우, 양지, 삶은것, 콩나물, 삶은것, 마늘, 생것, 파, 쪽파, 생것","메뉴명: 우거지된장국(소고기, 콩나물)
메뉴 대분류: 국(탕)류
메뉴 소분류: 된장국류
식재료: 배추, 시래기, 말린것, 삶은것, 된장, 개량, 소고기, 한우, 양지, 삶은것, 콩나물, 삶은것, 마늘, 생것, 파, 쪽파, 생것"
D052048,우거지된장국(홍합),국(탕)류,된장국류,"배추, 시래기, 말린것, 삶은것, 된장, 개량, 담치, 참담치(홍합), 생것, 파, 쪽파, 생것, 마늘, 생것","메뉴명: 우거지된장국(홍합)
메뉴 대분류: 국(탕)류
메뉴 소분류: 된장국류
식재료: 배추, 시래기, 말린것, 삶은것, 된장, 개량, 담치, 참담치(홍합), 생것, 파, 쪽파, 생것, 마늘, 생것"
D052049,콩나물된장국,국(탕)류,된장국류,"콩나물, 삶은것, 된장, 개량, 바지락, 생것, 멸치 육수, 파, 쪽파, 생것, 다시마 육수, 마늘, 생것","메뉴명: 콩나물된장국
메뉴 대분류: 국(탕)류
메뉴 소분류: 된장국류
식재료: 콩나물, 삶은것, 된장, 개량, 바지락, 생것, 멸치 육수, 파, 쪽파, 생것, 다시마 육수, 마늘, 생것"
D052050,해물된장국,국(탕)류,된장국류,"된장, 개량, 오징어, 구운것, 담치, 참담치(홍합), 생것, 게, 꽃게, 찐것, 바지락, 생것, 새우, 중하, 생것, 양파, 데친것, 쑥갓, 데친것, 고춧가루, 마늘, 생것","메뉴명: 해물된장국
메뉴 대분류: 국(탕)류
메뉴 소분류: 된장국류
식재료: 된장, 개량, 오징어, 구운것, 담치, 참담치(홍합), 생것, 게, 꽃게, 찐것, 바지락, 생것, 새우, 중하, 생것, 양파, 데친것, 쑥갓, 데친것, 고춧가루, 마늘, 생것"
D052051,호박된장국,국(탕)류,된장국류,"호박, 애호박, 데친것, 된장, 개량, 두부, 무, 조선무, 생것, 배추, 생것, 파, 대파, 생것, 마늘, 생것","메뉴명: 호박된장국
메뉴 대분류: 국(탕)류
메뉴 소분류: 된장국류
식재료: 호박, 애호박, 데친것, 된장, 개량, 두부, 무, 조선무, 생것, 배추, 생것, 파, 대파, 생것, 마늘, 생것"
D052052,호박된장국(멸치),국(탕)류,된장국류,"호박, 애호박, 데친것, 된장, 개량, 멸치 육수, 파, 대파, 생것, 간장, 재래, 표고버섯, 참나무재배, 말린것, 삶은것","메뉴명: 호박된장국(멸치)
메뉴 대분류: 국(탕)류
메뉴 소분류: 된장국류
식재료: 호박, 애호박, 데친것, 된장, 개량, 멸치 육수, 파, 대파, 생것, 간장, 재래, 표고버섯, 참나무재배, 말린것, 삶은것"
D052053,호박잎된장국(소고기),국(탕)류,된장국류,"호박, 잎, 데친것, 된장, 개량, 호박, 애호박, 데친것, 소고기, 한우, 양지, 삶은것, 파, 쪽파, 생것, 고춧가루, 마늘, 생것, 멸치 육수","메뉴명: 호박잎된장국(소고기)
메뉴 대분류: 국(탕)류
메뉴 소분류: 된장국류
식재료: 호박, 잎, 데친것, 된장, 개량, 호박, 애호박, 데친것, 소고기, 한우, 양지, 삶은것, 파, 쪽파, 생것, 고춧가루, 마늘, 생것, 멸치 육수"
D052059,들깨우거지국,국(탕)류,된장국류,"배추, 시래기, 말린것, 삶은것, 들깨, 볶은것, 파, 대파, 생것, 된장, 개량, 마늘, 생것, 간장, 재래","메뉴명: 들깨우거지국
메뉴 대분류: 국(탕)류
메뉴 소분류: 된장국류
식재료: 배추, 시래기, 말린것, 삶은것, 들깨, 볶은것, 파, 대파, 생것, 된장, 개량, 마늘, 생것, 간장, 재래"
D052064,들깨우거지국,국(탕)류,된장국류,"배추, 시래기, 말린것, 삶은것, 들깨, 볶은것, 파, 대파, 생것, 된장, 개량, 마늘, 생것, 간장, 재래","메뉴명: 들깨우거지국
메뉴 대분류: 국(탕)류
메뉴 소분류: 된장국류
식재료: 배추, 시래기, 말린것, 삶은것, 들깨, 볶은것, 파, 대파, 생것, 된장, 개량, 마늘, 생것, 간장, 재래"
D052065,들깨우거지국,국(탕)류,된장국류,"배추, 시래기, 말린것, 삶은것, 들깨, 볶은것, 파, 대파, 생것, 된장, 개량, 마늘, 생것, 간장, 재래","메뉴명: 들깨우거지국
메뉴 대분류: 국(탕)류
메뉴 소분류: 된장국류
식재료: 배추, 시래기, 말린것, 삶은것, 들깨, 볶은것, 파, 대파, 생것, 된장, 개량, 마늘, 생것, 간장, 재래"
D052066,미역들깨된장국,국(탕)류,된장국류,"미역, 염장, 데친것, 된장, 개량, 감자, 대지, 삶은것, 멸치 육수, 간장, 재래, 파, 대파, 생것, 마늘, 생것, 들깨, 볶은것","메뉴명: 미역들깨된장국
메뉴 대분류: 국(탕)류
메뉴 소분류: 된장국류
식재료: 미역, 염장, 데친것, 된장, 개량, 감자, 대지, 삶은것, 멸치 육수, 간장, 재래, 파, 대파, 생것, 마늘, 생것, 들깨, 볶은것"
D052069,시금치된장국,국(탕)류,된장국류,"된장, 개량, 시금치, 데친것, 마늘, 생것, 두부","메뉴명: 시금치된장국
메뉴 대분류: 국(탕)류
메뉴 소분류: 된장국류
식재료: 된장, 개량, 시금치, 데친것, 마늘, 생것, 두부"
D052070,들깨우거지국,국(탕)류,된장국류,"배추, 시래기, 말린것, 삶은것, 들깨, 볶은것, 파, 대파, 생것, 된장, 개량, 마늘, 생것, 간장, 재래","메뉴명: 들깨우거지국
메뉴 대분류: 국(탕)류
메뉴 소분류: 된장국류
식재료: 배추, 시래기, 말린것, 삶은것, 들깨, 볶은것, 파, 대파, 생것, 된장, 개량, 마늘, 생것, 간장, 재래"
D052071,무된장국,국(탕)류,된장국류,"무, 조선무, 생것, 배추, 생것, 두부, 된장, 개량, 멸치, 대멸치, 삶아서 말린것, 마늘, 생것, 파, 대파, 생것, 간장, 개량, 양조","메뉴명: 무된장국
메뉴 대분류: 국(탕)류
메뉴 소분류: 된장국류
식재료: 무, 조선무, 생것, 배추, 생것, 두부, 된장, 개량, 멸치, 대멸치, 삶아서 말린것, 마늘, 생것, 파, 대파, 생것, 간장, 개량, 양조"
D052072,애호박국,국(탕)류,된장국류,"호박, 애호박, 생것, 표고버섯, 배지재배, 말린것, 멸치, 대멸치, 삶아서 말린것, 된장, 개량, 파, 대파, 생것, 간장, 개량, 양조","메뉴명: 애호박국
메뉴 대분류: 국(탕)류
메뉴 소분류: 된장국류
식재료: 호박, 애호박, 생것, 표고버섯, 배지재배, 말린것, 멸치, 대멸치, 삶아서 말린것, 된장, 개량, 파, 대파, 생것, 간장, 개량, 양조"
D052073,냉이된장국,국(탕)류,된장국류,"냉이, 생것, 멸치 육수, 다시마, 생것, 소고기, 한우(1등급), 양지, 생것, 간장, 재래, 파, 대파, 생것, 마늘, 생것, 된장, 개량, 소금, 천일염, 가는소금, 후추, 검은색, 가루","메뉴명: 냉이된장국
메뉴 대분류: 국(탕)류
메뉴 소분류: 된장국류
식재료: 냉이, 생것, 멸치 육수, 다시마, 생것, 소고기, 한우(1등급), 양지, 생것, 간장, 재래, 파, 대파, 생것, 마늘, 생것, 된장, 개량, 소금, 천일염, 가는소금, 후추, 검은색, 가루"
D052074,쑥바지락국,국(탕)류,된장국류,"쑥, 생것, 파, 대파, 생것, 된장, 개량, 대두, 콩가루, 생수, 멸치, 대멸치, 삶아서 말린것, 다시마, 말린것, 바지락, 생것","메뉴명: 쑥바지락국
메뉴 대분류: 국(탕)류
메뉴 소분류: 된장국류
식재료: 쑥, 생것, 파, 대파, 생것, 된장, 개량, 대두, 콩가루, 생수, 멸치, 대멸치, 삶아서 말린것, 다시마, 말린것, 바지락, 생것"
D052075,죽순미나리된장국,국(탕)류,된장국류,"다시마, 말린것, 새우, 꽃새우, 삶아서 말린것, 생수, 대나무순(죽순), 생것, 미나리, 돌미나리, 생것, 두부, 파, 대파, 생것, 된장, 개량, 간장, 개량, 양조","메뉴명: 죽순미나리된장국
메뉴 대분류: 국(탕)류
메뉴 소분류: 된장국류
식재료: 다시마, 말린것, 새우, 꽃새우, 삶아서 말린것, 생수, 대나무순(죽순), 생것, 미나리, 돌미나리, 생것, 두부, 파, 대파, 생것, 된장, 개량, 간장, 개량, 양조"
D052076,콩가루 냉이 된장국,국(탕)류,된장국류,"냉이, 생것, 대두, 콩가루, 파, 대파, 생것, 생수, 멸치 육수, 다시마, 생것, 된장, 개량","메뉴명: 콩가루 냉이 된장국
메뉴 대분류: 국(탕)류
메뉴 소분류: 된장국류
식재료: 냉이, 생것, 대두, 콩가루, 파, 대파, 생것, 생수, 멸치 육수, 다시마, 생것, 된장, 개량"
D052077,된장냉국,국(탕)류,된장국류,"오이, 다다기, 생것, 들깻잎, 생것, 무, 조선무, 생것, 다시마, 말린것, 파, 대파, 생것, 생수, 대두, 콩가루, 설탕, 가루, 식초, 사과식초, 마늘, 다진것, 양파, 생것, 고추, 청양고추, 생것, 된장, 개량, 참기름","메뉴명: 된장냉국
메뉴 대분류: 국(탕)류
메뉴 소분류: 된장국류
식재료: 오이, 다다기, 생것, 들깻잎, 생것, 무, 조선무, 생것, 다시마, 말린것, 파, 대파, 생것, 생수, 대두, 콩가루, 설탕, 가루, 식초, 사과식초, 마늘, 다진것, 양파, 생것, 고추, 청양고추, 생것, 된장, 개량, 참기름"
D052078,샤브된장국,국(탕)류,된장국류,"소고기, 한우(1등급), 양지(업진살), 생것, 들깻잎, 생것, 느타리버섯, 생것, 팽이버섯, 생것, 파, 쪽파, 생것, 고추, 청양고추, 생것, 고추, 빨간색, 생것, 닭고기, 가슴, 생것, 파, 대파, 생것, 마늘, 생것, 된장, 개량, 마늘, 다진것","메뉴명: 샤브된장국
메뉴 대분류: 국(탕)류
메뉴 소분류: 된장국류
식재료: 소고기, 한우(1등급), 양지(업진살), 생것, 들깻잎, 생것, 느타리버섯, 생것, 팽이버섯, 생것, 파, 쪽파, 생것, 고추, 청양고추, 생것, 고추, 빨간색, 생것, 닭고기, 가슴, 생것, 파, 대파, 생것, 마늘, 생것, 된장, 개량, 마늘, 다진것"
D052079,완자된장국,국(탕)류,된장국류,"감자, 대지, 생것, 호박, 애호박, 생것, 파, 쪽파, 생것, 양파, 생것, 부추, 솔부추, 생것, 두부, 파, 대파, 생것, 고추, 초록색, 녹광, 생것, 표고버섯, 배지재배, 생것, 당면, 고구마, 말린것, 숙주나물, 생것, 브로콜리, 생것, 돼지고기, 살코기, 생것, 마늘, 다진것, 전분, 감자, 가루, 된장, 개량, 대두, 콩가루","메뉴명: 완자된장국
메뉴 대분류: 국(탕)류
메뉴 소분류: 된장국류
식재료: 감자, 대지, 생것, 호박, 애호박, 생것, 파, 쪽파, 생것, 양파, 생것, 부추, 솔부추, 생것, 두부, 파, 대파, 생것, 고추, 초록색, 녹광, 생것, 표고버섯, 배지재배, 생것, 당면, 고구마, 말린것, 숙주나물, 생것, 브로콜리, 생것, 돼지고기, 살코기, 생것, 마늘, 다진것, 전분, 감자, 가루, 된장, 개량, 대두, 콩가루"
D052080,굴림만두된장국,국(탕)류,된장국류,"고추, 풋고추, 생것, 고추, 빨간색, 생것, 호박, 애호박, 생것, 팽이버섯, 생것, 두부, 큰느타리버섯(새송이버섯), 생것, 닭고기, 가슴, 생것, 양파, 생것, 마늘, 생것, 부추, 솔부추, 생것, 간장, 개량, 양조, 전분, 감자, 가루, 밀, 중력밀가루, 돼지고기, 앞다리, 생것, 무, 조선무, 생것, 파, 대파, 생것, 된장, 개량, 생수","메뉴명: 굴림만두된장국
메뉴 대분류: 국(탕)류
메뉴 소분류: 된장국류
식재료: 고추, 풋고추, 생것, 고추, 빨간색, 생것, 호박, 애호박, 생것, 팽이버섯, 생것, 두부, 큰느타리버섯(새송이버섯), 생것, 닭고기, 가슴, 생것, 양파, 생것, 마늘, 생것, 부추, 솔부추, 생것, 간장, 개량, 양조, 전분, 감자, 가루, 밀, 중력밀가루, 돼지고기, 앞다리, 생것, 무, 조선무, 생것, 파, 대파, 생것, 된장, 개량, 생수"
D052081,단호박배추된장국,국(탕)류,된장국류,"호박, 단호박, 생것, 배추, 생것, 큰느타리버섯(새송이버섯), 생것, 고추, 빨간색, 생것, 된장, 개량, 파, 대파, 생것, 양파, 생것, 생수","메뉴명: 단호박배추된장국
메뉴 대분류: 국(탕)류
메뉴 소분류: 된장국류
식재료: 호박, 단호박, 생것, 배추, 생것, 큰느타리버섯(새송이버섯), 생것, 고추, 빨간색, 생것, 된장, 개량, 파, 대파, 생것, 양파, 생것, 생수"
D052082,된장시금치옹심이,국(탕)류,된장국류,"시금치, 생것, 감자, 대지, 생것, 호박, 애호박, 생것, 당근, 뿌리, 생것, 양파, 생것, 고추, 초록색, 녹광, 생것, 고추, 빨간색, 생것, 밀, 중력밀가루, 바지락, 생것, 된장, 개량, 소금, 구운소금","메뉴명: 된장시금치옹심이
메뉴 대분류: 국(탕)류
메뉴 소분류: 된장국류
식재료: 시금치, 생것, 감자, 대지, 생것, 호박, 애호박, 생것, 당근, 뿌리, 생것, 양파, 생것, 고추, 초록색, 녹광, 생것, 고추, 빨간색, 생것, 밀, 중력밀가루, 바지락, 생것, 된장, 개량, 소금, 구운소금"
D052083,새우단배추된장국,국(탕)류,된장국류,"마늘, 생것, 양파, 생것, 호박, 애호박, 생것, 배추, 생것, 파, 대파, 생것, 두부, 새우, 대하, 말린것, 무, 조선무, 생것, 멸치, 대멸치, 삶아서 말린것, 다시마, 말린것, 생수, 된장, 개량, 표고버섯, 가루, 대두, 콩가루","메뉴명: 새우단배추된장국
메뉴 대분류: 국(탕)류
메뉴 소분류: 된장국류
식재료: 마늘, 생것, 양파, 생것, 호박, 애호박, 생것, 배추, 생것, 파, 대파, 생것, 두부, 새우, 대하, 말린것, 무, 조선무, 생것, 멸치, 대멸치, 삶아서 말린것, 다시마, 말린것, 생수, 된장, 개량, 표고버섯, 가루, 대두, 콩가루"
D052084,토마토요구르트된장국,국(탕)류,된장국류,"표고버섯, 배지재배, 생것, 팽이버섯, 생것, 양송이버섯, 생것, 큰느타리버섯(새송이버섯), 생것, 양파, 생것, 파, 대파, 생것, 고추, 청양고추, 생것, 토마토, 생것, 대두, 콩가루, 요구르트, 호상, 플레인, 된장, 개량, 멸치, 대멸치, 삶아서 말린것, 다시마, 말린것, 생수, 마늘, 다진것, 고춧가루, 들깨, 볶은것","메뉴명: 토마토요구르트된장국
메뉴 대분류: 국(탕)류
메뉴 소분류: 된장국류
식재료: 표고버섯, 배지재배, 생것, 팽이버섯, 생것, 양송이버섯, 생것, 큰느타리버섯(새송이버섯), 생것, 양파, 생것, 파, 대파, 생것, 고추, 청양고추, 생것, 토마토, 생것, 대두, 콩가루, 요구르트, 호상, 플레인, 된장, 개량, 멸치, 대멸치, 삶아서 말린것, 다시마, 말린것, 생수, 마늘, 다진것, 고춧가루, 들깨, 볶은것"
D052085,아욱국,국(탕)류,된장국류,"아욱, 생것, 고추장, 개량, 된장, 개량, 다시마, 말린것, 멸치, 대멸치, 삶아서 말린것, 마늘, 생것, 파, 대파, 생것","메뉴명: 아욱국
메뉴 대분류: 국(탕)류
메뉴 소분류: 된장국류
식재료: 아욱, 생것, 고추장, 개량, 된장, 개량, 다시마, 말린것, 멸치, 대멸치, 삶아서 말린것, 마늘, 생것, 파, 대파, 생것"
D052086,두부장국,국(탕)류,된장국류,"두부, 파, 대파, 생것, 된장, 개량, 다시마, 말린것, 멸치, 대멸치, 삶아서 말린것, 마늘, 생것","메뉴명: 두부장국
메뉴 대분류: 국(탕)류
메뉴 소분류: 된장국류
식재료: 두부, 파, 대파, 생것, 된장, 개량, 다시마, 말린것, 멸치, 대멸치, 삶아서 말린것, 마늘, 생것"
D052087,미역장국,국(탕)류,된장국류,"된장, 개량, 미역, 생것, 멸치, 대멸치, 삶아서 말린것, 파, 대파, 생것, 다시마, 말린것, 마늘, 생것","메뉴명: 미역장국
메뉴 대분류: 국(탕)류
메뉴 소분류: 된장국류
식재료: 된장, 개량, 미역, 생것, 멸치, 대멸치, 삶아서 말린것, 파, 대파, 생것, 다시마, 말린것, 마늘, 생것"
D052088,버섯장국,국(탕)류,된장국류,"표고버섯, 배지재배, 생것, 느타리버섯, 생것, 무, 조선무, 생것, 된장, 개량, 멸치, 대멸치, 삶아서 말린것, 파, 대파, 생것, 다시마, 말린것, 마늘, 생것","메뉴명: 버섯장국
메뉴 대분류: 국(탕)류
메뉴 소분류: 된장국류
식재료: 표고버섯, 배지재배, 생것, 느타리버섯, 생것, 무, 조선무, 생것, 된장, 개량, 멸치, 대멸치, 삶아서 말린것, 파, 대파, 생것, 다시마, 말린것, 마늘, 생것"
D052089,시래기국,국(탕)류,된장국류,"무청, 시래기, 말린것, 삶은것, 들깨, 볶은것, 된장, 개량, 파, 대파, 생것, 다시마, 말린것, 마늘, 생것, 소금, 천일염, 가는소금, 멸치, 대멸치, 삶아서 말린것","메뉴명: 시래기국
메뉴 대분류: 국(탕)류
메뉴 소분류: 된장국류
식재료: 무청, 시래기, 말린것, 삶은것, 들깨, 볶은것, 된장, 개량, 파, 대파, 생것, 다시마, 말린것, 마늘, 생것, 소금, 천일염, 가는소금, 멸치, 대멸치, 삶아서 말린것"
D052090,실파장국,국(탕)류,된장국류,"팽이버섯, 생것, 된장, 개량, 멸치, 대멸치, 삶아서 말린것, 파, 쪽파, 생것, 다시마, 말린것, 마늘, 생것","메뉴명: 실파장국
메뉴 대분류: 국(탕)류
메뉴 소분류: 된장국류
식재료: 팽이버섯, 생것, 된장, 개량, 멸치, 대멸치, 삶아서 말린것, 파, 쪽파, 생것, 다시마, 말린것, 마늘, 생것"
D052091,유부장국,국(탕)류,된장국류,"무, 조선무, 생것, 된장, 개량, 두부, 유부, 멸치, 대멸치, 삶아서 말린것, 다시마, 말린것, 마늘, 생것, 파, 쪽파, 생것, 간장, 재래","메뉴명: 유부장국
메뉴 대분류: 국(탕)류
메뉴 소분류: 된장국류
식재료: 무, 조선무, 생것, 된장, 개량, 두부, 유부, 멸치, 대멸치, 삶아서 말린것, 다시마, 말린것, 마늘, 생것, 파, 쪽파, 생것, 간장, 재래"
D052092,유부채국,국(탕)류,된장국류,"두부, 무, 조선무, 생것, 된장, 개량, 두부, 유부, 표고버섯, 배지재배, 생것, 다시마, 말린것, 명태, 북어, 말린것, 멸치, 대멸치, 삶아서 말린것, 새우, 꽃새우, 삶아서 말린것, 양파, 생것, 마늘, 생것, 파, 대파, 생것","메뉴명: 유부채국
메뉴 대분류: 국(탕)류
메뉴 소분류: 된장국류
식재료: 두부, 무, 조선무, 생것, 된장, 개량, 두부, 유부, 표고버섯, 배지재배, 생것, 다시마, 말린것, 명태, 북어, 말린것, 멸치, 대멸치, 삶아서 말린것, 새우, 꽃새우, 삶아서 말린것, 양파, 생것, 마늘, 생것, 파, 대파, 생것"
D052093,팽이장국,국(탕)류,된장국류,"팽이버섯, 생것, 무, 조선무, 생것, 된장, 개량, 멸치, 대멸치, 삶아서 말린것, 파, 대파, 생것, 다시마, 말린것","메뉴명: 팽이장국
메뉴 대분류: 국(탕)류
메뉴 소분류: 된장국류
식재료: 팽이버섯, 생것, 무, 조선무, 생것, 된장, 개량, 멸치, 대멸치, 삶아서 말린것, 파, 대파, 생것, 다시마, 말린것"
D052094,근대토장국,국(탕)류,된장국류,"근대, 생것, 고추장, 개량, 된장, 개량, 양파, 생것, 무, 조선무, 생것, 멸치, 대멸치, 삶아서 말린것, 파, 대파, 생것, 마늘, 생것, 다시마, 말린것","메뉴명: 근대토장국
메뉴 대분류: 국(탕)류
메뉴 소분류: 된장국류
식재료: 근대, 생것, 고추장, 개량, 된장, 개량, 양파, 생것, 무, 조선무, 생것, 멸치, 대멸치, 삶아서 말린것, 파, 대파, 생것, 마늘, 생것, 다시마, 말린것"
D052095,냉이두부국,국(탕)류,된장국류,"두부, 냉이, 생것, 무, 조선무, 생것, 된장, 개량, 파, 대파, 생것, 표고버섯, 배지재배, 말린것, 조개, 가무락조개, 생것, 다시마, 말린것, 명태, 북어, 말린것, 멸치, 대멸치, 삶아서 말린것, 새우, 꽃새우, 삶아서 말린것, 고추, 청양고추, 생것, 양파, 생것, 마늘, 생것","메뉴명: 냉이두부국
메뉴 대분류: 국(탕)류
메뉴 소분류: 된장국류
식재료: 두부, 냉이, 생것, 무, 조선무, 생것, 된장, 개량, 파, 대파, 생것, 표고버섯, 배지재배, 말린것, 조개, 가무락조개, 생것, 다시마, 말린것, 명태, 북어, 말린것, 멸치, 대멸치, 삶아서 말린것, 새우, 꽃새우, 삶아서 말린것, 고추, 청양고추, 생것, 양파, 생것, 마늘, 생것"
D052096,무순된장국,국(탕)류,된장국류,"무순, 싹, 생것, 된장, 개량, 양파, 생것, 멸치, 대멸치, 삶아서 말린것, 다시마, 말린것, 파, 대파, 생것, 간장, 개량, 양조, 마늘, 생것, 소금, 천일염, 가는소금","메뉴명: 무순된장국
메뉴 대분류: 국(탕)류
메뉴 소분류: 된장국류
식재료: 무순, 싹, 생것, 된장, 개량, 양파, 생것, 멸치, 대멸치, 삶아서 말린것, 다시마, 말린것, 파, 대파, 생것, 간장, 개량, 양조, 마늘, 생것, 소금, 천일염, 가는소금"
D052097,바지락쑥국,국(탕)류,된장국류,"쑥, 생것, 달걀, 생것, 콩나물, 생것, 바지락, 생것, 양파, 생것, 된장, 개량, 고추장, 개량, 표고버섯, 배지재배, 말린것, 밀, 중력밀가루, 명태, 북어, 말린것, 멸치, 대멸치, 삶아서 말린것, 새우, 꽃새우, 삶아서 말린것, 파, 대파, 생것, 마늘, 생것","메뉴명: 바지락쑥국
메뉴 대분류: 국(탕)류
메뉴 소분류: 된장국류
식재료: 쑥, 생것, 달걀, 생것, 콩나물, 생것, 바지락, 생것, 양파, 생것, 된장, 개량, 고추장, 개량, 표고버섯, 배지재배, 말린것, 밀, 중력밀가루, 명태, 북어, 말린것, 멸치, 대멸치, 삶아서 말린것, 새우, 꽃새우, 삶아서 말린것, 파, 대파, 생것, 마늘, 생것"
D052098,봄동된장국,국(탕)류,된장국류,"배추, 봄동, 생것, 된장, 개량, 고춧가루, 멸치, 대멸치, 삶아서 말린것, 파, 대파, 생것, 마늘, 생것","메뉴명: 봄동된장국
메뉴 대분류: 국(탕)류
메뉴 소분류: 된장국류
식재료: 배추, 봄동, 생것, 된장, 개량, 고춧가루, 멸치, 대멸치, 삶아서 말린것, 파, 대파, 생것, 마늘, 생것"
D052099,부추된장국,국(탕)류,된장국류,"무, 조선무, 생것, 부추, 두메부추, 생것, 된장, 개량, 멸치, 대멸치, 삶아서 말린것, 파, 대파, 생것, 다시마, 말린것, 마늘, 생것","메뉴명: 부추된장국
메뉴 대분류: 국(탕)류
메뉴 소분류: 된장국류
식재료: 무, 조선무, 생것, 부추, 두메부추, 생것, 된장, 개량, 멸치, 대멸치, 삶아서 말린것, 파, 대파, 생것, 다시마, 말린것, 마늘, 생것"
D052100,쑥바지락국,국(탕)류,된장국류,"쑥, 생것, 바지락, 생것, 된장, 개량, 멸치, 대멸치, 삶아서 말린것, 파, 대파, 생것, 마늘, 생것","메뉴명: 쑥바지락국
메뉴 대분류: 국(탕)류
메뉴 소분류: 된장국류
식재료: 쑥, 생것, 바지락, 생것, 된장, 개량, 멸치, 대멸치, 삶아서 말린것, 파, 대파, 생것, 마늘, 생것"
D052101,양파된장국,국(탕)류,된장국류,"양파, 생것, 두부, 된장, 개량, 표고버섯, 배지재배, 생것, 다시마, 말린것, 멸치, 대멸치, 삶아서 말린것, 파, 대파, 생것, 소금, 천일염, 가는소금, 마늘, 생것","메뉴명: 양파된장국
메뉴 대분류: 국(탕)류
메뉴 소분류: 된장국류
식재료: 양파, 생것, 두부, 된장, 개량, 표고버섯, 배지재배, 생것, 다시마, 말린것, 멸치, 대멸치, 삶아서 말린것, 파, 대파, 생것, 소금, 천일염, 가는소금, 마늘, 생것"
D052102,열무감자국,국(탕)류,된장국류,"열무, 데친것, 감자, 대지, 생것, 된장, 재래, 파, 대파, 생것, 다시마, 말린것, 멸치, 대멸치, 삶아서 말린것, 마늘, 다진것","메뉴명: 열무감자국
메뉴 대분류: 국(탕)류
메뉴 소분류: 된장국류
식재료: 열무, 데친것, 감자, 대지, 생것, 된장, 재래, 파, 대파, 생것, 다시마, 말린것, 멸치, 대멸치, 삶아서 말린것, 마늘, 다진것"
D052103,유부된장국,국(탕)류,된장국류,"무, 조선무, 생것, 두부, 된장, 개량, 두부, 유부, 파, 대파, 생것, 멸치, 대멸치, 삶아서 말린것, 다시마, 말린것","메뉴명: 유부된장국
메뉴 대분류: 국(탕)류
메뉴 소분류: 된장국류
식재료: 무, 조선무, 생것, 두부, 된장, 개량, 두부, 유부, 파, 대파, 생것, 멸치, 대멸치, 삶아서 말린것, 다시마, 말린것"
D052104,유부두부국,국(탕)류,된장국류,"두부, 무, 조선무, 생것, 된장, 개량, 두부, 유부, 표고버섯, 배지재배, 생것, 파, 대파, 생것, 다시마, 말린것, 명태, 북어, 말린것, 멸치, 대멸치, 삶아서 말린것, 새우, 꽃새우, 삶아서 말린것, 양파, 생것, 마늘, 생것","메뉴명: 유부두부국
메뉴 대분류: 국(탕)류
메뉴 소분류: 된장국류
식재료: 두부, 무, 조선무, 생것, 된장, 개량, 두부, 유부, 표고버섯, 배지재배, 생것, 파, 대파, 생것, 다시마, 말린것, 명태, 북어, 말린것, 멸치, 대멸치, 삶아서 말린것, 새우, 꽃새우, 삶아서 말린것, 양파, 생것, 마늘, 생것"
D052105,유채된장국,국(탕)류,된장국류,"유채, 동채, 데친것, 된장, 개량, 파, 대파, 생것, 멸치, 대멸치, 삶아서 말린것, 마늘, 생것","메뉴명: 유채된장국
메뉴 대분류: 국(탕)류
메뉴 소분류: 된장국류
식재료: 유채, 동채, 데친것, 된장, 개량, 파, 대파, 생것, 멸치, 대멸치, 삶아서 말린것, 마늘, 생것"
D052106,콩가루쑥국,국(탕)류,된장국류,"무, 조선무, 생것, 된장, 개량, 콩나물, 생것, 쑥, 생것, 대두, 콩가루, 파, 대파, 생것, 멸치, 대멸치, 삶아서 말린것, 마늘, 다진것, 소금, 천일염, 소금꽃","메뉴명: 콩가루쑥국
메뉴 대분류: 국(탕)류
메뉴 소분류: 된장국류
식재료: 무, 조선무, 생것, 된장, 개량, 콩나물, 생것, 쑥, 생것, 대두, 콩가루, 파, 대파, 생것, 멸치, 대멸치, 삶아서 말린것, 마늘, 다진것, 소금, 천일염, 소금꽃"
D052107,파유부장국,국(탕)류,된장국류,"두부, 유부, 파, 쪽파, 생것, 된장, 개량, 다시마, 말린것, 멸치, 대멸치, 삶아서 말린것, 양파, 생것, 무, 조선무, 생것, 마늘, 생것","메뉴명: 파유부장국
메뉴 대분류: 국(탕)류
메뉴 소분류: 된장국류
식재료: 두부, 유부, 파, 쪽파, 생것, 된장, 개량, 다시마, 말린것, 멸치, 대멸치, 삶아서 말린것, 양파, 생것, 무, 조선무, 생것, 마늘, 생것"
D052108,팽이미역국,국(탕)류,된장국류,"팽이버섯, 생것, 된장, 개량, 미역, 생것, 다시마, 말린것, 멸치, 대멸치, 삶아서 말린것, 파, 대파, 생것","메뉴명: 팽이미역국
메뉴 대분류: 국(탕)류
메뉴 소분류: 된장국류
식재료: 팽이버섯, 생것, 된장, 개량, 미역, 생것, 다시마, 말린것, 멸치, 대멸치, 삶아서 말린것, 파, 대파, 생것"
D052109,호박된장국,국(탕)류,된장국류,"호박, 애호박, 생것, 감자, 대지, 생것, 양파, 생것, 된장, 개량, 멸치, 대멸치, 삶아서 말린것, 다시마, 말린것, 파, 대파, 생것, 마늘, 생것","메뉴명: 호박된장국
메뉴 대분류: 국(탕)류
메뉴 소분류: 된장국류
식재료: 호박, 애호박, 생것, 감자, 대지, 생것, 양파, 생것, 된장, 개량, 멸치, 대멸치, 삶아서 말린것, 다시마, 말린것, 파, 대파, 생것, 마늘, 생것"
D052110,미역팽이장국,국(탕)류,된장국류,"된장, 개량, 미역, 말린것, 멸치, 대멸치, 삶아서 말린것, 파, 대파, 생것, 팽이버섯, 생것, 다시마, 말린것, 마늘, 다진것","메뉴명: 미역팽이장국
메뉴 대분류: 국(탕)류
메뉴 소분류: 된장국류
식재료: 된장, 개량, 미역, 말린것, 멸치, 대멸치, 삶아서 말린것, 파, 대파, 생것, 팽이버섯, 생것, 다시마, 말린것, 마늘, 다진것"
D052111,보리순된장국,국(탕)류,된장국류,"보리, 쌀보리, 순, 생것, 된장, 개량, 표고버섯, 배지재배, 생것, 양파, 생것, 멸치, 대멸치, 삶아서 말린것, 다시마, 말린것, 파, 대파, 생것, 간장, 개량, 양조, 마늘, 생것, 소금, 천일염, 가는소금","메뉴명: 보리순된장국
메뉴 대분류: 국(탕)류
메뉴 소분류: 된장국류
식재료: 보리, 쌀보리, 순, 생것, 된장, 개량, 표고버섯, 배지재배, 생것, 양파, 생것, 멸치, 대멸치, 삶아서 말린것, 다시마, 말린것, 파, 대파, 생것, 간장, 개량, 양조, 마늘, 생것, 소금, 천일염, 가는소금"
D052112,애호박된장국,국(탕)류,된장국류,"호박, 애호박, 생것, 된장, 개량, 양파, 생것, 파, 대파, 생것, 다시마, 말린것, 멸치, 대멸치, 삶아서 말린것, 마늘, 생것","메뉴명: 애호박된장국
메뉴 대분류: 국(탕)류
메뉴 소분류: 된장국류
식재료: 호박, 애호박, 생것, 된장, 개량, 양파, 생것, 파, 대파, 생것, 다시마, 말린것, 멸치, 대멸치, 삶아서 말린것, 마늘, 생것"
D052113,양배추된장국,국(탕)류,된장국류,"양배추, 생것, 된장, 개량, 양파, 생것, 파, 대파, 생것, 멸치, 대멸치, 삶아서 말린것, 마늘, 생것","메뉴명: 양배추된장국
메뉴 대분류: 국(탕)류
메뉴 소분류: 된장국류
식재료: 양배추, 생것, 된장, 개량, 양파, 생것, 파, 대파, 생것, 멸치, 대멸치, 삶아서 말린것, 마늘, 생것"
D052114,양송이된장국,국(탕)류,된장국류,"양송이버섯, 생것, 된장, 개량, 파, 대파, 생것, 멸치, 대멸치, 삶아서 말린것, 마늘, 생것","메뉴명: 양송이된장국
메뉴 대분류: 국(탕)류
메뉴 소분류: 된장국류
식재료: 양송이버섯, 생것, 된장, 개량, 파, 대파, 생것, 멸치, 대멸치, 삶아서 말린것, 마늘, 생것"
D052115,어린이근대국,국(탕)류,된장국류,"근대, 생것, 두부, 양파, 생것, 된장, 개량, 멸치, 대멸치, 삶아서 말린것, 다시마, 말린것, 파, 대파, 생것, 마늘, 생것, 고춧가루","메뉴명: 어린이근대국
메뉴 대분류: 국(탕)류
메뉴 소분류: 된장국류
식재료: 근대, 생것, 두부, 양파, 생것, 된장, 개량, 멸치, 대멸치, 삶아서 말린것, 다시마, 말린것, 파, 대파, 생것, 마늘, 생것, 고춧가루"
D052116,얼갈이토장국,국(탕)류,된장국류,"감자, 대지, 생것, 배추, 얼갈이배추, 생것, 된장, 개량, 고춧가루, 멸치, 대멸치, 삶아서 말린것, 파, 대파, 생것, 다시마, 말린것, 마늘, 생것","메뉴명: 얼갈이토장국
메뉴 대분류: 국(탕)류
메뉴 소분류: 된장국류
식재료: 감자, 대지, 생것, 배추, 얼갈이배추, 생것, 된장, 개량, 고춧가루, 멸치, 대멸치, 삶아서 말린것, 파, 대파, 생것, 다시마, 말린것, 마늘, 생것"
D052117,유부팽이장국,국(탕)류,된장국류,"된장, 재래, 두부, 유부, 팽이버섯, 생것, 멸치, 대멸치, 삶아서 말린것, 다시마, 말린것, 마늘, 다진것, 소금, 천일염","메뉴명: 유부팽이장국
메뉴 대분류: 국(탕)류
메뉴 소분류: 된장국류
식재료: 된장, 재래, 두부, 유부, 팽이버섯, 생것, 멸치, 대멸치, 삶아서 말린것, 다시마, 말린것, 마늘, 다진것, 소금, 천일염"
D052118,일식팽이장국,국(탕)류,된장국류,"팽이버섯, 생것, 된장, 개량, 파, 쪽파, 생것, 마늘, 다진것, 소금, 천일염","메뉴명: 일식팽이장국
메뉴 대분류: 국(탕)류
메뉴 소분류: 된장국류
식재료: 팽이버섯, 생것, 된장, 개량, 파, 쪽파, 생것, 마늘, 다진것, 소금, 천일염"
D052119,조갯살근대국,국(탕)류,된장국류,"근대, 생것, 조개, 살조개, 생것, 된장, 개량, 마늘, 다진것, 파, 대파, 생것","메뉴명: 조갯살근대국
메뉴 대분류: 국(탕)류
메뉴 소분류: 된장국류
식재료: 근대, 생것, 조개, 살조개, 생것, 된장, 개량, 마늘, 다진것, 파, 대파, 생것"
D052120,콩가루배추국,국(탕)류,된장국류,"배추, 얼갈이배추, 생것, 무, 조선무, 생것, 대두, 콩가루, 된장, 개량, 다시마, 말린것, 파, 대파, 생것, 마늘, 생것","메뉴명: 콩가루배추국
메뉴 대분류: 국(탕)류
메뉴 소분류: 된장국류
식재료: 배추, 얼갈이배추, 생것, 무, 조선무, 생것, 대두, 콩가루, 된장, 개량, 다시마, 말린것, 파, 대파, 생것, 마늘, 생것"
D052121,호박잎된장국,국(탕)류,된장국류,"호박, 잎, 생것, 호박, 애호박, 생것, 감자, 대지, 생것, 무, 조선무, 생것, 된장, 개량, 표고버섯, 배지재배, 생것, 다시마, 말린것, 명태, 북어, 말린것, 멸치, 대멸치, 삶아서 말린것, 새우, 꽃새우, 삶아서 말린것, 고추, 청양고추, 생것, 양파, 생것, 마늘, 생것, 파, 대파, 생것","메뉴명: 호박잎된장국
메뉴 대분류: 국(탕)류
메뉴 소분류: 된장국류
식재료: 호박, 잎, 생것, 호박, 애호박, 생것, 감자, 대지, 생것, 무, 조선무, 생것, 된장, 개량, 표고버섯, 배지재배, 생것, 다시마, 말린것, 명태, 북어, 말린것, 멸치, 대멸치, 삶아서 말린것, 새우, 꽃새우, 삶아서 말린것, 고추, 청양고추, 생것, 양파, 생것, 마늘, 생것, 파, 대파, 생것"
D052122,달래두부된장국,국(탕)류,된장국류,"두부, 달래, 생것, 된장, 개량, 배추, 생것, 다시마, 말린것, 멸치, 대멸치, 삶아서 말린것, 간장, 개량, 양조","메뉴명: 달래두부된장국
메뉴 대분류: 국(탕)류
메뉴 소분류: 된장국류
식재료: 두부, 달래, 생것, 된장, 개량, 배추, 생것, 다시마, 말린것, 멸치, 대멸치, 삶아서 말린것, 간장, 개량, 양조"
D052123,두부양파된장국,국(탕)류,된장국류,"두부, 양파, 생것, 감자, 대지, 생것, 된장, 개량, 멸치, 대멸치, 삶아서 말린것, 파, 대파, 생것, 다시마, 말린것","메뉴명: 두부양파된장국
메뉴 대분류: 국(탕)류
메뉴 소분류: 된장국류
식재료: 두부, 양파, 생것, 감자, 대지, 생것, 된장, 개량, 멸치, 대멸치, 삶아서 말린것, 파, 대파, 생것, 다시마, 말린것"
D052124,마른새우아욱국,국(탕)류,된장국류,"아욱, 생것, 된장, 개량, 새우, 꽃새우, 삶아서 말린것, 파, 대파, 생것, 간장, 개량, 양조, 다시마, 말린것, 마늘, 다진것, 소금, 구운소금","메뉴명: 마른새우아욱국
메뉴 대분류: 국(탕)류
메뉴 소분류: 된장국류
식재료: 아욱, 생것, 된장, 개량, 새우, 꽃새우, 삶아서 말린것, 파, 대파, 생것, 간장, 개량, 양조, 다시마, 말린것, 마늘, 다진것, 소금, 구운소금"
D052125,바지락된장찌개,국(탕)류,된장국류,"두부, 호박, 애호박, 생것, 된장, 재래, 바지락, 생것, 감자, 대지, 생것, 당근, 뿌리, 생것, 멸치, 대멸치, 삶아서 말린것, 파, 대파, 생것, 간장, 개량, 양조, 고추, 풋고추, 생것, 고추, 빨간색, 생것, 소금, 천일염","메뉴명: 바지락된장찌개
메뉴 대분류: 국(탕)류
메뉴 소분류: 된장국류
식재료: 두부, 호박, 애호박, 생것, 된장, 재래, 바지락, 생것, 감자, 대지, 생것, 당근, 뿌리, 생것, 멸치, 대멸치, 삶아서 말린것, 파, 대파, 생것, 간장, 개량, 양조, 고추, 풋고추, 생것, 고추, 빨간색, 생것, 소금, 천일염"
D052126,바지락살냉이국,국(탕)류,된장국류,"콩나물, 생것, 된장, 개량, 냉이, 생것, 바지락, 생것, 파, 대파, 생것, 멸치, 대멸치, 삶아서 말린것, 다시마, 말린것, 마늘, 다진것","메뉴명: 바지락살냉이국
메뉴 대분류: 국(탕)류
메뉴 소분류: 된장국류
식재료: 콩나물, 생것, 된장, 개량, 냉이, 생것, 바지락, 생것, 파, 대파, 생것, 멸치, 대멸치, 삶아서 말린것, 다시마, 말린것, 마늘, 다진것"
D052127,소고기쑥된장국,국(탕)류,된장국류,"소고기, 한우, 양지, 생것, 쑥, 생것, 무, 조선무, 생것, 된장, 개량, 표고버섯, 배지재배, 생것, 다시마, 말린것, 명태, 북어, 말린것, 멸치, 대멸치, 삶아서 말린것, 새우, 꽃새우, 삶아서 말린것, 고추, 청양고추, 생것, 양파, 생것, 마늘, 생것, 파, 대파, 생것","메뉴명: 소고기쑥된장국
메뉴 대분류: 국(탕)류
메뉴 소분류: 된장국류
식재료: 소고기, 한우, 양지, 생것, 쑥, 생것, 무, 조선무, 생것, 된장, 개량, 표고버섯, 배지재배, 생것, 다시마, 말린것, 명태, 북어, 말린것, 멸치, 대멸치, 삶아서 말린것, 새우, 꽃새우, 삶아서 말린것, 고추, 청양고추, 생것, 양파, 생것, 마늘, 생것, 파, 대파, 생것"
D052128,시래기콩나물국,국(탕)류,된장국류,"무청, 시래기, 말린것, 삶은것, 콩나물, 생것, 된장, 개량, 양파, 생것, 멸치, 대멸치, 삶아서 말린것, 다시마, 말린것, 파, 대파, 생것, 마늘, 생것","메뉴명: 시래기콩나물국
메뉴 대분류: 국(탕)류
메뉴 소분류: 된장국류
식재료: 무청, 시래기, 말린것, 삶은것, 콩나물, 생것, 된장, 개량, 양파, 생것, 멸치, 대멸치, 삶아서 말린것, 다시마, 말린것, 파, 대파, 생것, 마늘, 생것"
D052129,아욱두부된장국,국(탕)류,된장국류,"아욱, 생것, 두부, 된장, 개량, 멸치, 대멸치, 삶아서 말린것, 다시마, 말린것, 마늘, 생것","메뉴명: 아욱두부된장국
메뉴 대분류: 국(탕)류
메뉴 소분류: 된장국류
식재료: 아욱, 생것, 두부, 된장, 개량, 멸치, 대멸치, 삶아서 말린것, 다시마, 말린것, 마늘, 생것"
D052130,아욱부추된장국,국(탕)류,된장국류,"아욱, 생것, 된장, 개량, 부추, 솔부추, 데친것, 파, 대파, 생것, 소금, 구운소금, 간장, 개량, 양조, 마늘, 다진것","메뉴명: 아욱부추된장국
메뉴 대분류: 국(탕)류
메뉴 소분류: 된장국류
식재료: 아욱, 생것, 된장, 개량, 부추, 솔부추, 데친것, 파, 대파, 생것, 소금, 구운소금, 간장, 개량, 양조, 마늘, 다진것"
D052131,아욱양파된장국,국(탕)류,된장국류,"아욱, 생것, 된장, 재래, 양파, 생것, 파, 대파, 생것, 다시마, 말린것, 멸치, 대멸치, 삶아서 말린것, 마늘, 다진것","메뉴명: 아욱양파된장국
메뉴 대분류: 국(탕)류
메뉴 소분류: 된장국류
식재료: 아욱, 생것, 된장, 재래, 양파, 생것, 파, 대파, 생것, 다시마, 말린것, 멸치, 대멸치, 삶아서 말린것, 마늘, 다진것"
D052132,얼큰감자된장국,국(탕)류,된장국류,"호박, 애호박, 생것, 두부, 감자, 대지, 생것, 양파, 생것, 당근, 뿌리, 생것, 다시마, 말린것, 멸치, 대멸치, 삶아서 말린것, 파, 대파, 생것, 고추, 풋고추, 생것, 고추, 청양고추, 생것, 고추, 빨간색, 생것, 마늘, 다진것","메뉴명: 얼큰감자된장국
메뉴 대분류: 국(탕)류
메뉴 소분류: 된장국류
식재료: 호박, 애호박, 생것, 두부, 감자, 대지, 생것, 양파, 생것, 당근, 뿌리, 생것, 다시마, 말린것, 멸치, 대멸치, 삶아서 말린것, 파, 대파, 생것, 고추, 풋고추, 생것, 고추, 청양고추, 생것, 고추, 빨간색, 생것, 마늘, 다진것"
D052133,채소미소된장국,국(탕)류,된장국류,"감자, 대지, 생것, 된장, 개량, 큰느타리버섯(새송이버섯), 생것, 당근, 뿌리, 생것, 파, 쪽파, 생것, 맛술, 다시마, 말린것, 마늘, 다진것","메뉴명: 채소미소된장국
메뉴 대분류: 국(탕)류
메뉴 소분류: 된장국류
식재료: 감자, 대지, 생것, 된장, 개량, 큰느타리버섯(새송이버섯), 생것, 당근, 뿌리, 생것, 파, 쪽파, 생것, 맛술, 다시마, 말린것, 마늘, 다진것"
D052134,팽이미소된장국,국(탕)류,된장국류,"두부, 된장, 개량, 팽이버섯, 생것, 파, 쪽파, 생것, 다시마, 말린것, 마늘, 다진것, 미역, 말린것","메뉴명: 팽이미소된장국
메뉴 대분류: 국(탕)류
메뉴 소분류: 된장국류
식재료: 두부, 된장, 개량, 팽이버섯, 생것, 파, 쪽파, 생것, 다시마, 말린것, 마늘, 다진것, 미역, 말린것"
D052135,두부시금치된장국,국(탕)류,된장국류,"시금치, 생것, 조개, 가무락조개, 생것, 두부, 무, 조선무, 생것, 된장, 개량, 표고버섯, 배지재배, 말린것, 파, 대파, 생것, 다시마, 말린것, 명태, 북어, 말린것, 멸치, 대멸치, 삶아서 말린것, 새우, 꽃새우, 삶아서 말린것, 고추, 청양고추, 생것, 양파, 생것, 마늘, 생것","메뉴명: 두부시금치된장국
메뉴 대분류: 국(탕)류
메뉴 소분류: 된장국류
식재료: 시금치, 생것, 조개, 가무락조개, 생것, 두부, 무, 조선무, 생것, 된장, 개량, 표고버섯, 배지재배, 말린것, 파, 대파, 생것, 다시마, 말린것, 명태, 북어, 말린것, 멸치, 대멸치, 삶아서 말린것, 새우, 꽃새우, 삶아서 말린것, 고추, 청양고추, 생것, 양파, 생것, 마늘, 생것"
D052136,들깨시래기된장국,국(탕)류,된장국류,"두부, 무청, 시래기, 말린것, 삶은것, 된장, 개량, 무, 조선무, 생것, 들깨, 볶은것, 표고버섯, 배지재배, 생것, 찹쌀, 백미, 가루, 마늘, 생것, 다시마, 말린것, 명태, 북어, 말린것, 멸치, 대멸치, 삶아서 말린것, 새우, 꽃새우, 삶아서 말린것, 파, 대파, 생것, 고추, 청양고추, 생것, 양파, 생것","메뉴명: 들깨시래기된장국
메뉴 대분류: 국(탕)류
메뉴 소분류: 된장국류
식재료: 두부, 무청, 시래기, 말린것, 삶은것, 된장, 개량, 무, 조선무, 생것, 들깨, 볶은것, 표고버섯, 배지재배, 생것, 찹쌀, 백미, 가루, 마늘, 생것, 다시마, 말린것, 명태, 북어, 말린것, 멸치, 대멸치, 삶아서 말린것, 새우, 꽃새우, 삶아서 말린것, 파, 대파, 생것, 고추, 청양고추, 생것, 양파, 생것"
D052137,배추콩나물된장국,국(탕)류,된장국류,"배추, 생것, 콩나물, 생것, 된장, 재래, 다시마, 말린것, 멸치, 대멸치, 삶아서 말린것, 파, 대파, 생것, 마늘, 다진것, 간장, 개량, 양조, 소금, 천일염, 고추장, 개량","메뉴명: 배추콩나물된장국
메뉴 대분류: 국(탕)류
메뉴 소분류: 된장국류
식재료: 배추, 생것, 콩나물, 생것, 된장, 재래, 다시마, 말린것, 멸치, 대멸치, 삶아서 말린것, 파, 대파, 생것, 마늘, 다진것, 간장, 개량, 양조, 소금, 천일염, 고추장, 개량"
D052138,소고기감자된장국,국(탕)류,된장국류,"감자, 대지, 생것, 된장, 개량, 소고기, 한우(1등급), 목심, 생것, 양파, 생것, 파, 대파, 생것, 마늘, 다진것, 소금, 구운소금, 참기름","메뉴명: 소고기감자된장국
메뉴 대분류: 국(탕)류
메뉴 소분류: 된장국류
식재료: 감자, 대지, 생것, 된장, 개량, 소고기, 한우(1등급), 목심, 생것, 양파, 생것, 파, 대파, 생것, 마늘, 다진것, 소금, 구운소금, 참기름"
D052139,소고기배추된장국,국(탕)류,된장국류,"배추, 생것, 된장, 재래, 소고기, 한우, 양지, 생것, 간장, 개량, 양조, 고춧가루, 다시마, 말린것, 멸치, 대멸치, 삶아서 말린것, 파, 대파, 생것, 마늘, 다진것, 참기름, 소금, 천일염, 생강, 뿌리줄기, 생것","메뉴명: 소고기배추된장국
메뉴 대분류: 국(탕)류
메뉴 소분류: 된장국류
식재료: 배추, 생것, 된장, 재래, 소고기, 한우, 양지, 생것, 간장, 개량, 양조, 고춧가루, 다시마, 말린것, 멸치, 대멸치, 삶아서 말린것, 파, 대파, 생것, 마늘, 다진것, 참기름, 소금, 천일염, 생강, 뿌리줄기, 생것"
D052140,소고기봄동된장국,국(탕)류,된장국류,"배추, 봄동, 생것, 소고기, 한우, 양지, 생것, 양파, 생것, 된장, 개량, 멸치, 대멸치, 삶아서 말린것, 파, 대파, 생것, 마늘, 생것, 다시마, 말린것","메뉴명: 소고기봄동된장국
메뉴 대분류: 국(탕)류
메뉴 소분류: 된장국류
식재료: 배추, 봄동, 생것, 소고기, 한우, 양지, 생것, 양파, 생것, 된장, 개량, 멸치, 대멸치, 삶아서 말린것, 파, 대파, 생것, 마늘, 생것, 다시마, 말린것"
D052141,소고기아욱된장국,국(탕)류,된장국류,"아욱, 생것, 소고기, 한우(1등급), 목심, 생것, 된장, 재래, 파, 대파, 생것, 마늘, 다진것, 소금, 천일염","메뉴명: 소고기아욱된장국
메뉴 대분류: 국(탕)류
메뉴 소분류: 된장국류
식재료: 아욱, 생것, 소고기, 한우(1등급), 목심, 생것, 된장, 재래, 파, 대파, 생것, 마늘, 다진것, 소금, 천일염"
D052142,시금치두부된장국,국(탕)류,된장국류,"시금치, 생것, 두부, 된장, 재래, 양파, 생것, 멸치, 대멸치, 삶아서 말린것, 파, 대파, 생것, 마늘, 다진것, 소금, 구운소금, 다시마, 말린것","메뉴명: 시금치두부된장국
메뉴 대분류: 국(탕)류
메뉴 소분류: 된장국류
식재료: 시금치, 생것, 두부, 된장, 재래, 양파, 생것, 멸치, 대멸치, 삶아서 말린것, 파, 대파, 생것, 마늘, 다진것, 소금, 구운소금, 다시마, 말린것"
D052143,시래기열무된장국,국(탕)류,된장국류,"무청, 시래기, 말린것, 삶은것, 된장, 재래, 간장, 개량, 양조, 다시마, 말린것, 멸치, 대멸치, 삶아서 말린것, 마늘, 다진것","메뉴명: 시래기열무된장국
메뉴 대분류: 국(탕)류
메뉴 소분류: 된장국류
식재료: 무청, 시래기, 말린것, 삶은것, 된장, 재래, 간장, 개량, 양조, 다시마, 말린것, 멸치, 대멸치, 삶아서 말린것, 마늘, 다진것"
D052144,어린이냉이된장국,국(탕)류,된장국류,"냉이, 생것, 된장, 개량, 파, 대파, 생것, 다시마, 말린것, 멸치, 대멸치, 삶아서 말린것, 마늘, 생것","메뉴명: 어린이냉이된장국
메뉴 대분류: 국(탕)류
메뉴 소분류: 된장국류
식재료: 냉이, 생것, 된장, 개량, 파, 대파, 생것, 다시마, 말린것, 멸치, 대멸치, 삶아서 말린것, 마늘, 생것"
D052145,어린이아욱된장국,국(탕)류,된장국류,"아욱, 생것, 된장, 개량, 파, 대파, 생것, 멸치, 대멸치, 삶아서 말린것, 다시마, 말린것, 소금, 천일염, 가는소금, 마늘, 생것","메뉴명: 어린이아욱된장국
메뉴 대분류: 국(탕)류
메뉴 소분류: 된장국류
식재료: 아욱, 생것, 된장, 개량, 파, 대파, 생것, 멸치, 대멸치, 삶아서 말린것, 다시마, 말린것, 소금, 천일염, 가는소금, 마늘, 생것"
D052146,어린이유부된장국,국(탕)류,된장국류,"두부, 두부, 유부, 된장, 개량, 파, 대파, 생것, 멸치, 대멸치, 삶아서 말린것, 다시마, 말린것, 마늘, 생것","메뉴명: 어린이유부된장국
메뉴 대분류: 국(탕)류
메뉴 소분류: 된장국류
식재료: 두부, 두부, 유부, 된장, 개량, 파, 대파, 생것, 멸치, 대멸치, 삶아서 말린것, 다시마, 말린것, 마늘, 생것"
D052147,열무바지락된장국,국(탕)류,된장국류,"열무, 데친것, 된장, 재래, 바지락, 생것, 양파, 생것, 다시마, 말린것, 파, 대파, 생것, 간장, 개량, 양조, 멸치, 액젓, 멸치, 대멸치, 삶아서 말린것, 마늘, 다진것, 소금, 구운소금","메뉴명: 열무바지락된장국
메뉴 대분류: 국(탕)류
메뉴 소분류: 된장국류
식재료: 열무, 데친것, 된장, 재래, 바지락, 생것, 양파, 생것, 다시마, 말린것, 파, 대파, 생것, 간장, 개량, 양조, 멸치, 액젓, 멸치, 대멸치, 삶아서 말린것, 마늘, 다진것, 소금, 구운소금"
D052148,우거지숙주토장국,국(탕)류,된장국류,"숙주나물, 생것, 배추, 시래기, 말린것, 삶은것, 김치, 배추 김치, 된장, 개량, 양파, 생것, 고추장, 개량","메뉴명: 우거지숙주토장국
메뉴 대분류: 국(탕)류
메뉴 소분류: 된장국류
식재료: 숙주나물, 생것, 배추, 시래기, 말린것, 삶은것, 김치, 배추 김치, 된장, 개량, 양파, 생것, 고추장, 개량"
D052149,조갯살냉이된장국,국(탕)류,된장국류,"멸치 육수, 냉이, 생것, 된장, 개량, 조개, 살조개, 생것, 마늘, 다진것, 파, 대파, 생것, 소금, 천일염","메뉴명: 조갯살냉이된장국
메뉴 대분류: 국(탕)류
메뉴 소분류: 된장국류
식재료: 멸치 육수, 냉이, 생것, 된장, 개량, 조개, 살조개, 생것, 마늘, 다진것, 파, 대파, 생것, 소금, 천일염"
D052150,차돌얼갈이된장국,국(탕)류,된장국류,"아욱, 생것, 소고기, 한우(1등급), 우둔, 생것, 된장, 재래, 파, 대파, 생것, 마늘, 다진것, 소금, 천일염","메뉴명: 차돌얼갈이된장국
메뉴 대분류: 국(탕)류
메뉴 소분류: 된장국류
식재료: 아욱, 생것, 소고기, 한우(1등급), 우둔, 생것, 된장, 재래, 파, 대파, 생것, 마늘, 다진것, 소금, 천일염"
D052151,근대바지락살된장국,국(탕)류,된장국류,"근대, 생것, 된장, 개량, 멸치, 대멸치, 삶아서 말린것, 양파, 생것, 바지락, 생것, 고추장, 개량, 파, 대파, 생것, 마늘, 다진것","메뉴명: 근대바지락살된장국
메뉴 대분류: 국(탕)류
메뉴 소분류: 된장국류
식재료: 근대, 생것, 된장, 개량, 멸치, 대멸치, 삶아서 말린것, 양파, 생것, 바지락, 생것, 고추장, 개량, 파, 대파, 생것, 마늘, 다진것"
D052152,바지락살달래된장국,국(탕)류,된장국류,"두부, 바지락, 생것, 달래, 생것, 양파, 생것, 된장, 개량, 고추장, 개량, 멸치, 대멸치, 삶아서 말린것, 파, 대파, 생것, 마늘, 생것, 다시마, 말린것","메뉴명: 바지락살달래된장국
메뉴 대분류: 국(탕)류
메뉴 소분류: 된장국류
식재료: 두부, 바지락, 생것, 달래, 생것, 양파, 생것, 된장, 개량, 고추장, 개량, 멸치, 대멸치, 삶아서 말린것, 파, 대파, 생것, 마늘, 생것, 다시마, 말린것"
D052153,바지락시금치된장국,국(탕)류,된장국류,"시금치, 생것, 된장, 재래, 바지락, 생것, 간장, 개량, 양조, 다시마, 말린것, 멸치, 대멸치, 삶아서 말린것, 파, 대파, 생것, 마늘, 다진것, 소금, 천일염","메뉴명: 바지락시금치된장국
메뉴 대분류: 국(탕)류
메뉴 소분류: 된장국류
식재료: 시금치, 생것, 된장, 재래, 바지락, 생것, 간장, 개량, 양조, 다시마, 말린것, 멸치, 대멸치, 삶아서 말린것, 파, 대파, 생것, 마늘, 다진것, 소금, 천일염"
D052154,시금치조갯살된장국,국(탕)류,된장국류,"시금치, 생것, 된장, 재래, 조개, 살조개, 생것, 양파, 생것, 멸치, 대멸치, 삶아서 말린것, 파, 대파, 생것, 마늘, 다진것, 소금, 구운소금, 다시마, 말린것","메뉴명: 시금치조갯살된장국
메뉴 대분류: 국(탕)류
메뉴 소분류: 된장국류
식재료: 시금치, 생것, 된장, 재래, 조개, 살조개, 생것, 양파, 생것, 멸치, 대멸치, 삶아서 말린것, 파, 대파, 생것, 마늘, 다진것, 소금, 구운소금, 다시마, 말린것"
D052155,시금치콩나물된장국,국(탕)류,된장국류,"시금치, 생것, 콩나물, 생것, 된장, 개량, 고춧가루, 다시마, 말린것, 멸치, 대멸치, 삶아서 말린것, 파, 대파, 생것, 소금, 천일염, 가는소금, 마늘, 생것","메뉴명: 시금치콩나물된장국
메뉴 대분류: 국(탕)류
메뉴 소분류: 된장국류
식재료: 시금치, 생것, 콩나물, 생것, 된장, 개량, 고춧가루, 다시마, 말린것, 멸치, 대멸치, 삶아서 말린것, 파, 대파, 생것, 소금, 천일염, 가는소금, 마늘, 생것"
D052156,어린이시금치된장국,국(탕)류,된장국류,"시금치, 생것, 된장, 개량, 멸치, 대멸치, 삶아서 말린것, 다시마, 말린것, 파, 대파, 생것, 마늘, 생것","메뉴명: 어린이시금치된장국
메뉴 대분류: 국(탕)류
메뉴 소분류: 된장국류
식재료: 시금치, 생것, 된장, 개량, 멸치, 대멸치, 삶아서 말린것, 다시마, 말린것, 파, 대파, 생것, 마늘, 생것"
D052157,얼갈이콩나물된장국,국(탕)류,된장국류,"배추, 얼갈이배추, 생것, 콩나물, 생것, 된장, 개량, 양파, 생것, 멸치, 대멸치, 삶아서 말린것, 다시마, 말린것, 고추, 청양고추, 생것, 파, 대파, 생것, 마늘, 생것","메뉴명: 얼갈이콩나물된장국
메뉴 대분류: 국(탕)류
메뉴 소분류: 된장국류
식재료: 배추, 얼갈이배추, 생것, 콩나물, 생것, 된장, 개량, 양파, 생것, 멸치, 대멸치, 삶아서 말린것, 다시마, 말린것, 고추, 청양고추, 생것, 파, 대파, 생것, 마늘, 생것"
D052158,모시조개시금치된장국,국(탕)류,된장국류,"시금치, 생것, 된장, 재래, 조개, 가무락조개, 생것, 다시마, 말린것, 멸치, 대멸치, 삶아서 말린것, 파, 대파, 생것, 마늘, 다진것, 소금, 천일염","메뉴명: 모시조개시금치된장국
메뉴 대분류: 국(탕)류
메뉴 소분류: 된장국류
식재료: 시금치, 생것, 된장, 재래, 조개, 가무락조개, 생것, 다시마, 말린것, 멸치, 대멸치, 삶아서 말린것, 파, 대파, 생것, 마늘, 다진것, 소금, 천일염"
D052159,팽이버섯시금치된장국,국(탕)류,된장국류,"시금치, 생것, 팽이버섯, 생것, 된장, 재래, 멸치, 대멸치, 삶아서 말린것, 파, 대파, 생것, 마늘, 다진것, 소금, 구운소금, 다시마, 말린것","메뉴명: 팽이버섯시금치된장국
메뉴 대분류: 국(탕)류
메뉴 소분류: 된장국류
식재료: 시금치, 생것, 팽이버섯, 생것, 된장, 재래, 멸치, 대멸치, 삶아서 말린것, 파, 대파, 생것, 마늘, 다진것, 소금, 구운소금, 다시마, 말린것"
D052160,바지락냉이된장국(대보름),국(탕)류,된장국류,"냉이, 생것, 된장, 재래, 바지락, 생것, 간장, 개량, 양조, 다시마, 말린것, 멸치, 대멸치, 삶아서 말린것, 파, 대파, 생것, 마늘, 다진것","메뉴명: 바지락냉이된장국(대보름)
메뉴 대분류: 국(탕)류
메뉴 소분류: 된장국류
식재료: 냉이, 생것, 된장, 재래, 바지락, 생것, 간장, 개량, 양조, 다시마, 말린것, 멸치, 대멸치, 삶아서 말린것, 파, 대파, 생것, 마늘, 다진것"
D052161,다슬기(올갱이)아욱된장국,국(탕)류,된장국류,"아욱, 생것, 된장, 개량, 다슬기, 생것, 파, 대파, 생것, 소금, 구운소금, 마늘, 다진것","메뉴명: 다슬기(올갱이)아욱된장국
메뉴 대분류: 국(탕)류
메뉴 소분류: 된장국류
식재료: 아욱, 생것, 된장, 개량, 다슬기, 생것, 파, 대파, 생것, 소금, 구운소금, 마늘, 다진것"
D053001,갈비탕,국(탕)류,곰국 및 탕류,"소고기, 한우, 갈비, 생것, 소고기, 한우, 양지, 삶은것, 무, 조선무, 생것, 달걀, 부침(달걀프라이), 간장, 재래, 당면, 고구마, 삶은것, 소금, 천일염, 가는소금, 마늘, 생것, 파, 쪽파, 생것","메뉴명: 갈비탕
메뉴 대분류: 국(탕)류
메뉴 소분류: 곰국 및 탕류
식재료: 소고기, 한우, 갈비, 생것, 소고기, 한우, 양지, 삶은것, 무, 조선무, 생것, 달걀, 부침(달걀프라이), 간장, 재래, 당면, 고구마, 삶은것, 소금, 천일염, 가는소금, 마늘, 생것, 파, 쪽파, 생것"
D053002,감자탕,국(탕)류,곰국 및 탕류,"돼지고기, 사태, 삶은것, 감자, 대지, 삶은것, 콩나물, 삶은것, 파, 대파, 생것, 양파, 데친것, 간장, 재래, 후추, 검은색, 가루, 고춧가루, 마늘, 생것, 참기름","메뉴명: 감자탕
메뉴 대분류: 국(탕)류
메뉴 소분류: 곰국 및 탕류
식재료: 돼지고기, 사태, 삶은것, 감자, 대지, 삶은것, 콩나물, 삶은것, 파, 대파, 생것, 양파, 데친것, 간장, 재래, 후추, 검은색, 가루, 고춧가루, 마늘, 생것, 참기름"
D053003,곰국,국(탕)류,곰국 및 탕류,"소고기, 한우, 양지, 삶은것, 마늘, 생것, 소금, 천일염, 가는소금","메뉴명: 곰국
메뉴 대분류: 국(탕)류
메뉴 소분류: 곰국 및 탕류
식재료: 소고기, 한우, 양지, 삶은것, 마늘, 생것, 소금, 천일염, 가는소금"
D053004,"곱창국(소고기, 고추장)",국(탕)류,곰국 및 탕류,"소 부산물, 소장(곱창), 생것, 무, 조선무, 생것, 무청, 시래기, 말린것, 삶은것, 콩나물, 삶은것, 된장, 개량, 고추, 풋고추, 생것, 고추장, 개량, 파, 쪽파, 생것, 소금, 천일염, 가는소금, 마늘, 생것, 후추, 검은색, 가루","메뉴명: 곱창국(소고기, 고추장)
메뉴 대분류: 국(탕)류
메뉴 소분류: 곰국 및 탕류
식재료: 소 부산물, 소장(곱창), 생것, 무, 조선무, 생것, 무청, 시래기, 말린것, 삶은것, 콩나물, 삶은것, 된장, 개량, 고추, 풋고추, 생것, 고추장, 개량, 파, 쪽파, 생것, 소금, 천일염, 가는소금, 마늘, 생것, 후추, 검은색, 가루"
D053005,꼬리곰탕,국(탕)류,곰국 및 탕류,"소고기, 한우, 양지, 삶은것, 소 부산물, 꼬리, 생것, 국수, 소면, 말린것, 삶은것, 양파, 데친것, 파, 대파, 생것, 소금, 천일염, 가는소금, 후추, 검은색, 가루, 마늘, 생것","메뉴명: 꼬리곰탕
메뉴 대분류: 국(탕)류
메뉴 소분류: 곰국 및 탕류
식재료: 소고기, 한우, 양지, 삶은것, 소 부산물, 꼬리, 생것, 국수, 소면, 말린것, 삶은것, 양파, 데친것, 파, 대파, 생것, 소금, 천일염, 가는소금, 후추, 검은색, 가루, 마늘, 생것"
D053006,꽃게탕,국(탕)류,곰국 및 탕류,"게, 꽃게, 찐것, 무, 조선무, 생것, 양파, 데친것, 파, 대파, 생것, 멸치 육수, 고춧가루, 마늘, 생것, 쑥갓, 데친것, 고추, 빨간색, 생것, 고추, 풋고추, 생것, 소금, 천일염, 가는소금","메뉴명: 꽃게탕
메뉴 대분류: 국(탕)류
메뉴 소분류: 곰국 및 탕류
식재료: 게, 꽃게, 찐것, 무, 조선무, 생것, 양파, 데친것, 파, 대파, 생것, 멸치 육수, 고춧가루, 마늘, 생것, 쑥갓, 데친것, 고추, 빨간색, 생것, 고추, 풋고추, 생것, 소금, 천일염, 가는소금"
D053007,닭개장,국(탕)류,곰국 및 탕류,"닭고기, 영계, 삶은것, 무, 조선무, 생것, 양파, 데친것, 파, 대파, 생것, 마늘, 생것, 고춧가루, 소금, 천일염, 가는소금","메뉴명: 닭개장
메뉴 대분류: 국(탕)류
메뉴 소분류: 곰국 및 탕류
식재료: 닭고기, 영계, 삶은것, 무, 조선무, 생것, 양파, 데친것, 파, 대파, 생것, 마늘, 생것, 고춧가루, 소금, 천일염, 가는소금"
D053008,닭고깃국,국(탕)류,곰국 및 탕류,"닭고기, 영계, 삶은것, 무, 조선무, 생것, 양파, 데친것, 파, 대파, 생것, 후추, 검은색, 가루, 소금, 천일염, 가는소금, 마늘, 생것","메뉴명: 닭고깃국
메뉴 대분류: 국(탕)류
메뉴 소분류: 곰국 및 탕류
식재료: 닭고기, 영계, 삶은것, 무, 조선무, 생것, 양파, 데친것, 파, 대파, 생것, 후추, 검은색, 가루, 소금, 천일염, 가는소금, 마늘, 생것"
D053009,닭곰탕(감자),국(탕)류,곰국 및 탕류,"닭고기, 영계, 삶은것, 감자, 대지, 삶은것, 당근, 뿌리, 데친것, 마늘, 생것, 양파, 데친것, 파, 대파, 생것, 소금, 천일염, 가는소금, 후추, 검은색, 가루","메뉴명: 닭곰탕(감자)
메뉴 대분류: 국(탕)류
메뉴 소분류: 곰국 및 탕류
식재료: 닭고기, 영계, 삶은것, 감자, 대지, 삶은것, 당근, 뿌리, 데친것, 마늘, 생것, 양파, 데친것, 파, 대파, 생것, 소금, 천일염, 가는소금, 후추, 검은색, 가루"
D053010,닭곰탕(무),국(탕)류,곰국 및 탕류,"닭고기, 영계, 삶은것, 무, 조선무, 생것, 양파, 데친것, 파, 대파, 생것, 소금, 천일염, 가는소금, 마늘, 생것, 후추, 검은색, 가루","메뉴명: 닭곰탕(무)
메뉴 대분류: 국(탕)류
메뉴 소분류: 곰국 및 탕류
식재료: 닭고기, 영계, 삶은것, 무, 조선무, 생것, 양파, 데친것, 파, 대파, 생것, 소금, 천일염, 가는소금, 마늘, 생것, 후추, 검은색, 가루"
D053011,닭백숙,국(탕)류,곰국 및 탕류,"닭고기, 영계, 삶은것, 찹쌀, 백미, 생것, 마늘, 생것, 양파, 데친것, 대추, 말린것, 파, 대파, 생것, 소금, 천일염, 가는소금, 후추, 검은색, 가루","메뉴명: 닭백숙
메뉴 대분류: 국(탕)류
메뉴 소분류: 곰국 및 탕류
식재료: 닭고기, 영계, 삶은것, 찹쌀, 백미, 생것, 마늘, 생것, 양파, 데친것, 대추, 말린것, 파, 대파, 생것, 소금, 천일염, 가는소금, 후추, 검은색, 가루"
D053012,도가니탕,국(탕)류,곰국 및 탕류,"소고기, 한우(1등급), 설도(도가니살), 생것, 소고기, 한우, 양지, 삶은것, 국수, 소면, 말린것, 삶은것, 양파, 데친것, 파, 대파, 생것, 소금, 천일염, 가는소금, 마늘, 생것, 후추, 검은색, 가루","메뉴명: 도가니탕
메뉴 대분류: 국(탕)류
메뉴 소분류: 곰국 및 탕류
식재료: 소고기, 한우(1등급), 설도(도가니살), 생것, 소고기, 한우, 양지, 삶은것, 국수, 소면, 말린것, 삶은것, 양파, 데친것, 파, 대파, 생것, 소금, 천일염, 가는소금, 마늘, 생것, 후추, 검은색, 가루"
D053013,버섯국(느타리버섯),국(탕)류,곰국 및 탕류,"느타리버섯, 데친것, 표고버섯, 참나무재배, 말린것, 삶은것, 양파, 데친것, 배추, 생것, 파, 대파, 생것, 간장, 재래, 고춧가루, 마늘, 생것, 소금, 천일염, 가는소금","메뉴명: 버섯국(느타리버섯)
메뉴 대분류: 국(탕)류
메뉴 소분류: 곰국 및 탕류
식재료: 느타리버섯, 데친것, 표고버섯, 참나무재배, 말린것, 삶은것, 양파, 데친것, 배추, 생것, 파, 대파, 생것, 간장, 재래, 고춧가루, 마늘, 생것, 소금, 천일염, 가는소금"
D053014,버섯국(모듬),국(탕)류,곰국 및 탕류,"느타리버섯, 데친것, 양송이버섯, 데친것, 표고버섯, 참나무재배, 말린것, 삶은것, 배추, 생것, 양파, 데친것, 파, 대파, 생것, 간장, 재래, 고춧가루, 마늘, 생것, 소금, 천일염, 가는소금","메뉴명: 버섯국(모듬)
메뉴 대분류: 국(탕)류
메뉴 소분류: 곰국 및 탕류
식재료: 느타리버섯, 데친것, 양송이버섯, 데친것, 표고버섯, 참나무재배, 말린것, 삶은것, 배추, 생것, 양파, 데친것, 파, 대파, 생것, 간장, 재래, 고춧가루, 마늘, 생것, 소금, 천일염, 가는소금"
D053015,버섯국(팽이버섯),국(탕)류,곰국 및 탕류,"팽이버섯, 데친것, 표고버섯, 참나무재배, 말린것, 삶은것, 배추, 생것, 양파, 데친것, 파, 대파, 생것, 간장, 재래, 고춧가루, 마늘, 생것","메뉴명: 버섯국(팽이버섯)
메뉴 대분류: 국(탕)류
메뉴 소분류: 곰국 및 탕류
식재료: 팽이버섯, 데친것, 표고버섯, 참나무재배, 말린것, 삶은것, 배추, 생것, 양파, 데친것, 파, 대파, 생것, 간장, 재래, 고춧가루, 마늘, 생것"
D053016,보신탕(소고기),국(탕)류,곰국 및 탕류,"소고기, 한우, 양지, 삶은것, 무, 조선무, 생것, 토란대, 줄기, 생것, 미나리, 물미나리, 데친것, 배추, 얼갈이배추, 생것, 파, 대파, 생것, 마늘, 생것, 소금, 천일염, 가는소금, 후추, 검은색, 가루","메뉴명: 보신탕(소고기)
메뉴 대분류: 국(탕)류
메뉴 소분류: 곰국 및 탕류
식재료: 소고기, 한우, 양지, 삶은것, 무, 조선무, 생것, 토란대, 줄기, 생것, 미나리, 물미나리, 데친것, 배추, 얼갈이배추, 생것, 파, 대파, 생것, 마늘, 생것, 소금, 천일염, 가는소금, 후추, 검은색, 가루"
D053017,사골탕,국(탕)류,곰국 및 탕류,"사골국, 인스턴트, 파, 대파, 생것, 소금, 천일염, 가는소금, 마늘, 생것, 후추, 검은색, 가루","메뉴명: 사골탕
메뉴 대분류: 국(탕)류
메뉴 소분류: 곰국 및 탕류
식재료: 사골국, 인스턴트, 파, 대파, 생것, 소금, 천일염, 가는소금, 마늘, 생것, 후추, 검은색, 가루"
D053018,삼계탕,국(탕)류,곰국 및 탕류,"닭고기, 영계, 삶은것, 찹쌀, 백미, 생것, 마늘, 생것, 인삼, 수삼, 생것, 대추, 말린것, 밤, 생것, 파, 대파, 생것, 소금, 천일염, 가는소금, 후추, 검은색, 가루","메뉴명: 삼계탕
메뉴 대분류: 국(탕)류
메뉴 소분류: 곰국 및 탕류
식재료: 닭고기, 영계, 삶은것, 찹쌀, 백미, 생것, 마늘, 생것, 인삼, 수삼, 생것, 대추, 말린것, 밤, 생것, 파, 대파, 생것, 소금, 천일염, 가는소금, 후추, 검은색, 가루"
D053019,선짓국(소고기),국(탕)류,곰국 및 탕류,"소 부산물, 선지(피), 생것, 소고기, 한우, 양지, 삶은것, 무, 조선무, 생것, 숙주나물, 데친것, 파, 대파, 생것, 고춧가루, 소금, 천일염, 가는소금, 마늘, 생것","메뉴명: 선짓국(소고기)
메뉴 대분류: 국(탕)류
메뉴 소분류: 곰국 및 탕류
식재료: 소 부산물, 선지(피), 생것, 소고기, 한우, 양지, 삶은것, 무, 조선무, 생것, 숙주나물, 데친것, 파, 대파, 생것, 고춧가루, 소금, 천일염, 가는소금, 마늘, 생것"
D053020,설렁탕,국(탕)류,곰국 및 탕류,"소고기, 한우, 양지, 삶은것, 무, 조선무, 생것, 국수, 소면, 말린것, 삶은것, 파, 대파, 생것, 마늘, 생것, 소금, 천일염, 가는소금, 후추, 검은색, 가루","메뉴명: 설렁탕
메뉴 대분류: 국(탕)류
메뉴 소분류: 곰국 및 탕류
식재료: 소고기, 한우, 양지, 삶은것, 무, 조선무, 생것, 국수, 소면, 말린것, 삶은것, 파, 대파, 생것, 마늘, 생것, 소금, 천일염, 가는소금, 후추, 검은색, 가루"
D053021,"순댓국(소고기, 고추장)",국(탕)류,곰국 및 탕류,"소 부산물, 선지(피), 생것, 소 부산물, 소장(곱창), 생것, 소고기, 한우, 양지, 삶은것, 무청, 시래기, 말린것, 삶은것, 콩나물, 삶은것, 된장, 개량, 고추, 풋고추, 생것, 고추장, 개량, 파, 쪽파, 생것, 마늘, 생것, 생강, 뿌리줄기, 생것, 후추, 검은색, 가루","메뉴명: 순댓국(소고기, 고추장)
메뉴 대분류: 국(탕)류
메뉴 소분류: 곰국 및 탕류
식재료: 소 부산물, 선지(피), 생것, 소 부산물, 소장(곱창), 생것, 소고기, 한우, 양지, 삶은것, 무청, 시래기, 말린것, 삶은것, 콩나물, 삶은것, 된장, 개량, 고추, 풋고추, 생것, 고추장, 개량, 파, 쪽파, 생것, 마늘, 생것, 생강, 뿌리줄기, 생것, 후추, 검은색, 가루"
D053022,오골계탕,국(탕)류,곰국 및 탕류,"닭고기, 오골계, 생것, 찹쌀, 백미, 생것, 구기자, 열매, 재래종, 생것, 음나무(엄나무), 잎, 데친것, 마늘, 생것, 대추, 말린것, 밤, 생것, 소금, 천일염, 가는소금, 후추, 검은색, 가루","메뉴명: 오골계탕
메뉴 대분류: 국(탕)류
메뉴 소분류: 곰국 및 탕류
식재료: 닭고기, 오골계, 생것, 찹쌀, 백미, 생것, 구기자, 열매, 재래종, 생것, 음나무(엄나무), 잎, 데친것, 마늘, 생것, 대추, 말린것, 밤, 생것, 소금, 천일염, 가는소금, 후추, 검은색, 가루"
D053023,오리백숙,국(탕)류,곰국 및 탕류,"오리고기, 살코기, 생것, 찹쌀, 백미, 생것, 마늘, 생것, 인삼, 수삼, 생것, 대추, 말린것, 밤, 생것, 소금, 천일염, 가는소금, 후추, 검은색, 가루","메뉴명: 오리백숙
메뉴 대분류: 국(탕)류
메뉴 소분류: 곰국 및 탕류
식재료: 오리고기, 살코기, 생것, 찹쌀, 백미, 생것, 마늘, 생것, 인삼, 수삼, 생것, 대추, 말린것, 밤, 생것, 소금, 천일염, 가는소금, 후추, 검은색, 가루"
D053024,완자탕(소고기),국(탕)류,곰국 및 탕류,"소고기, 한우, 양지, 삶은것, 달걀, 삶은것, 두부, 밀, 중력밀가루, 소금, 천일염, 가는소금, 파, 대파, 생것, 고추, 빨간색, 생것, 마늘, 생것, 참기름, 후추, 검은색, 가루","메뉴명: 완자탕(소고기)
메뉴 대분류: 국(탕)류
메뉴 소분류: 곰국 및 탕류
식재료: 소고기, 한우, 양지, 삶은것, 달걀, 삶은것, 두부, 밀, 중력밀가루, 소금, 천일염, 가는소금, 파, 대파, 생것, 고추, 빨간색, 생것, 마늘, 생것, 참기름, 후추, 검은색, 가루"
D053025,우거지해장국(소고기),국(탕)류,곰국 및 탕류,"배추, 시래기, 말린것, 삶은것, 소고기, 한우, 양지, 삶은것, 콩나물, 삶은것, 된장, 개량, 파, 대파, 생것, 고추, 빨간색, 생것, 고춧가루, 마늘, 생것","메뉴명: 우거지해장국(소고기)
메뉴 대분류: 국(탕)류
메뉴 소분류: 곰국 및 탕류
식재료: 배추, 시래기, 말린것, 삶은것, 소고기, 한우, 양지, 삶은것, 콩나물, 삶은것, 된장, 개량, 파, 대파, 생것, 고추, 빨간색, 생것, 고춧가루, 마늘, 생것"
D053026,우족탕,국(탕)류,곰국 및 탕류,"우족국물, 중량3배물, 마늘, 생것, 파, 쪽파, 생것, 생강, 뿌리줄기, 생것, 소금, 천일염, 가는소금, 후추, 검은색, 가루","메뉴명: 우족탕
메뉴 대분류: 국(탕)류
메뉴 소분류: 곰국 및 탕류
식재료: 우족국물, 중량3배물, 마늘, 생것, 파, 쪽파, 생것, 생강, 뿌리줄기, 생것, 소금, 천일염, 가는소금, 후추, 검은색, 가루"
D053027,육개장,국(탕)류,곰국 및 탕류,"소고기, 한우, 양지, 삶은것, 토란대, 줄기, 말린것, 데친것, 파, 대파, 생것, 고사리, 데친것, 무, 조선무, 생것, 숙주나물, 데친것, 간장, 재래, 마늘, 생것, 고춧가루, 후추, 검은색, 가루","메뉴명: 육개장
메뉴 대분류: 국(탕)류
메뉴 소분류: 곰국 및 탕류
식재료: 소고기, 한우, 양지, 삶은것, 토란대, 줄기, 말린것, 데친것, 파, 대파, 생것, 고사리, 데친것, 무, 조선무, 생것, 숙주나물, 데친것, 간장, 재래, 마늘, 생것, 고춧가루, 후추, 검은색, 가루"
D053029,짬뽕국,국(탕)류,곰국 및 탕류,"오징어, 구운것, 돼지고기, 등심, 구운것(팬), 조개, 살조개, 생것, 담치, 참담치(홍합), 생것, 콩기름, 무, 조선무, 생것, 호박, 애호박, 데친것, 당근, 뿌리, 데친것, 양배추, 데친것, 양파, 데친것, 고춧가루, 부추, 재래종, 데친것, 마늘, 생것, 소금, 천일염, 가는소금","메뉴명: 짬뽕국
메뉴 대분류: 국(탕)류
메뉴 소분류: 곰국 및 탕류
식재료: 오징어, 구운것, 돼지고기, 등심, 구운것(팬), 조개, 살조개, 생것, 담치, 참담치(홍합), 생것, 콩기름, 무, 조선무, 생것, 호박, 애호박, 데친것, 당근, 뿌리, 데친것, 양배추, 데친것, 양파, 데친것, 고춧가루, 부추, 재래종, 데친것, 마늘, 생것, 소금, 천일염, 가는소금"
D053030,추어탕(고추장),국(탕)류,곰국 및 탕류,"미꾸리, 생것, 무, 조선무, 생것, 고추장, 개량, 된장, 개량, 파, 대파, 생것, 마늘, 생것, 생강, 뿌리줄기, 생것, 들깨, 볶은것, 소금, 천일염, 가는소금, 고춧가루, 참기름","메뉴명: 추어탕(고추장)
메뉴 대분류: 국(탕)류
메뉴 소분류: 곰국 및 탕류
식재료: 미꾸리, 생것, 무, 조선무, 생것, 고추장, 개량, 된장, 개량, 파, 대파, 생것, 마늘, 생것, 생강, 뿌리줄기, 생것, 들깨, 볶은것, 소금, 천일염, 가는소금, 고춧가루, 참기름"
D053031,해물탕(고추장),국(탕)류,곰국 및 탕류,"오징어, 구운것, 조개, 살조개, 생것, 담치, 참담치(홍합), 생것, 무, 조선무, 생것, 미더덕, 생것, 콩나물, 삶은것, 고추장, 개량, 쑥갓, 데친것, 파, 대파, 생것, 소금, 천일염, 가는소금, 고춧가루, 마늘, 생것","메뉴명: 해물탕(고추장)
메뉴 대분류: 국(탕)류
메뉴 소분류: 곰국 및 탕류
식재료: 오징어, 구운것, 조개, 살조개, 생것, 담치, 참담치(홍합), 생것, 무, 조선무, 생것, 미더덕, 생것, 콩나물, 삶은것, 고추장, 개량, 쑥갓, 데친것, 파, 대파, 생것, 소금, 천일염, 가는소금, 고춧가루, 마늘, 생것"
D053036,나주곰탕,국(탕)류,곰국 및 탕류,"잡뼈국물, 소고기, 한우, 양지, 삶은것, 무, 조선무, 삶은것, 양파, 데친것, 파, 대파, 생것, 마늘, 생것, 달걀, 부침(달걀프라이), 참깨, 흰색, 볶은것, 고춧가루, 참기름, 소금, 천일염, 가는소금","메뉴명: 나주곰탕
메뉴 대분류: 국(탕)류
메뉴 소분류: 곰국 및 탕류
식재료: 잡뼈국물, 소고기, 한우, 양지, 삶은것, 무, 조선무, 삶은것, 양파, 데친것, 파, 대파, 생것, 마늘, 생것, 달걀, 부침(달걀프라이), 참깨, 흰색, 볶은것, 고춧가루, 참기름, 소금, 천일염, 가는소금"
D053038,낙지연포탕,국(탕)류,곰국 및 탕류,"낙지, 세발낙지, 생것, 파, 쪽파, 생것, 멸치 육수, 마늘, 생것, 소금, 천일염, 가는소금, 참기름, 참깨, 흰색, 볶은것","메뉴명: 낙지연포탕
메뉴 대분류: 국(탕)류
메뉴 소분류: 곰국 및 탕류
식재료: 낙지, 세발낙지, 생것, 파, 쪽파, 생것, 멸치 육수, 마늘, 생것, 소금, 천일염, 가는소금, 참기름, 참깨, 흰색, 볶은것"
D053042,밀국낙지탕,국(탕)류,곰국 및 탕류,"칼국수면, 생것, 삶은것, 무, 조선무, 생것, 고추, 풋고추, 생것, 고추, 빨간색, 생것, 파, 대파, 생것, 마늘, 생것, 소금, 천일염, 가는소금, 낙지, 세발낙지, 생것","메뉴명: 밀국낙지탕
메뉴 대분류: 국(탕)류
메뉴 소분류: 곰국 및 탕류
식재료: 칼국수면, 생것, 삶은것, 무, 조선무, 생것, 고추, 풋고추, 생것, 고추, 빨간색, 생것, 파, 대파, 생것, 마늘, 생것, 소금, 천일염, 가는소금, 낙지, 세발낙지, 생것"
D053045,박속낙지탕,국(탕)류,곰국 및 탕류,"낙지, 세발낙지, 생것, 박, 과육, 생것, 칼국수면, 생것, 삶은것, 바지락, 생것, 미나리, 물미나리, 데친것, 쑥갓, 데친것, 무, 조선무, 삶은것, 양파, 데친것, 파, 대파, 생것, 마늘, 생것, 소금, 천일염, 가는소금","메뉴명: 박속낙지탕
메뉴 대분류: 국(탕)류
메뉴 소분류: 곰국 및 탕류
식재료: 낙지, 세발낙지, 생것, 박, 과육, 생것, 칼국수면, 생것, 삶은것, 바지락, 생것, 미나리, 물미나리, 데친것, 쑥갓, 데친것, 무, 조선무, 삶은것, 양파, 데친것, 파, 대파, 생것, 마늘, 생것, 소금, 천일염, 가는소금"
D053055,초교탕,국(탕)류,곰국 및 탕류,"닭고기, 영계, 삶은것, 도라지, 뿌리, 생것, 미나리, 물미나리, 데친것, 대나무순(죽순), 삶은것, 밀, 중력밀가루, 달걀, 삶은것, 파, 쪽파, 생것, 고추, 빨간색, 생것, 소고기, 한우, 양지, 삶은것, 표고버섯, 참나무재배, 말린것, 삶은것, 닭 육수, 참기름, 간장, 재래, 멸치, 액젓, 소금, 천일염, 가는소금, 후추, 검은색, 가루, 생강, 뿌리줄기, 생것, 마늘, 생것, 양파, 데친것","메뉴명: 초교탕
메뉴 대분류: 국(탕)류
메뉴 소분류: 곰국 및 탕류
식재료: 닭고기, 영계, 삶은것, 도라지, 뿌리, 생것, 미나리, 물미나리, 데친것, 대나무순(죽순), 삶은것, 밀, 중력밀가루, 달걀, 삶은것, 파, 쪽파, 생것, 고추, 빨간색, 생것, 소고기, 한우, 양지, 삶은것, 표고버섯, 참나무재배, 말린것, 삶은것, 닭 육수, 참기름, 간장, 재래, 멸치, 액젓, 소금, 천일염, 가는소금, 후추, 검은색, 가루, 생강, 뿌리줄기, 생것, 마늘, 생것, 양파, 데친것"
D053057,추어탕,국(탕)류,곰국 및 탕류,"미꾸리, 생것, 무청, 조선무, 생것, 양파, 데친것, 생강, 뿌리줄기, 생것, 파, 대파, 생것, 들깨, 말린것, 마늘, 생것, 간장, 재래, 후추, 검은색, 가루, 산초, 가루, 소금, 천일염, 가는소금","메뉴명: 추어탕
메뉴 대분류: 국(탕)류
메뉴 소분류: 곰국 및 탕류
식재료: 미꾸리, 생것, 무청, 조선무, 생것, 양파, 데친것, 생강, 뿌리줄기, 생것, 파, 대파, 생것, 들깨, 말린것, 마늘, 생것, 간장, 재래, 후추, 검은색, 가루, 산초, 가루, 소금, 천일염, 가는소금"
D053059,콩비지탕,국(탕)류,곰국 및 탕류,"비지, 돼지고기, 목심, 구운것(팬), 김치, 배추 김치, 파, 대파, 생것, 마늘, 생것, 소금, 천일염, 가는소금, 콩기름","메뉴명: 콩비지탕
메뉴 대분류: 국(탕)류
메뉴 소분류: 곰국 및 탕류
식재료: 비지, 돼지고기, 목심, 구운것(팬), 김치, 배추 김치, 파, 대파, 생것, 마늘, 생것, 소금, 천일염, 가는소금, 콩기름"
D053062,토란탕,국(탕)류,곰국 및 탕류,"토란, 삶은것, 소고기, 한우, 양지, 삶은것, 들깨, 볶은것, 멥쌀, 백미, 밥, 소금, 천일염, 가는소금","메뉴명: 토란탕
메뉴 대분류: 국(탕)류
메뉴 소분류: 곰국 및 탕류
식재료: 토란, 삶은것, 소고기, 한우, 양지, 삶은것, 들깨, 볶은것, 멥쌀, 백미, 밥, 소금, 천일염, 가는소금"
D053068,꼬리곰탕,국(탕)류,곰국 및 탕류,"소고기, 한우, 양지, 삶은것, 소 부산물, 꼬리, 생것, 국수, 소면, 말린것, 삶은것, 양파, 데친것, 파, 대파, 생것, 소금, 천일염, 가는소금, 후추, 검은색, 가루, 마늘, 생것","메뉴명: 꼬리곰탕
메뉴 대분류: 국(탕)류
메뉴 소분류: 곰국 및 탕류
식재료: 소고기, 한우, 양지, 삶은것, 소 부산물, 꼬리, 생것, 국수, 소면, 말린것, 삶은것, 양파, 데친것, 파, 대파, 생것, 소금, 천일염, 가는소금, 후추, 검은색, 가루, 마늘, 생것"
D053069,사골우거지국,국(탕)류,곰국 및 탕류,"소고기, 한우(1등급), 양지(양지머리), 생것, 콩나물, 생것, 배추, 얼갈이배추, 생것, 파, 대파, 생것, 마늘, 생것, 고추장, 개량, 된장, 개량, 참기름, 고춧가루","메뉴명: 사골우거지국
메뉴 대분류: 국(탕)류
메뉴 소분류: 곰국 및 탕류
식재료: 소고기, 한우(1등급), 양지(양지머리), 생것, 콩나물, 생것, 배추, 얼갈이배추, 생것, 파, 대파, 생것, 마늘, 생것, 고추장, 개량, 된장, 개량, 참기름, 고춧가루"
D053070,두유버섯들깨탕,국(탕)류,곰국 및 탕류,"대두, 노란색, 삶은것, 생수, 두부, 두유, 대두, 들깨, 볶은것, 감자, 대지, 생것, 느타리버섯, 생것, 파, 쪽파, 생것, 소금, 천일염, 가는소금","메뉴명: 두유버섯들깨탕
메뉴 대분류: 국(탕)류
메뉴 소분류: 곰국 및 탕류
식재료: 대두, 노란색, 삶은것, 생수, 두부, 두유, 대두, 들깨, 볶은것, 감자, 대지, 생것, 느타리버섯, 생것, 파, 쪽파, 생것, 소금, 천일염, 가는소금"
D053071,무사골 곰탕,국(탕)류,곰국 및 탕류,"소고기, 한우(1등급), 양지(양지머리), 생것, 사골국, 인스턴트, 무, 조선무, 생것, 파, 대파, 생것, 마늘, 생것, 다시마, 말린것, 간장, 개량, 양조, 참기름, 후추, 검은색, 가루","메뉴명: 무사골 곰탕
메뉴 대분류: 국(탕)류
메뉴 소분류: 곰국 및 탕류
식재료: 소고기, 한우(1등급), 양지(양지머리), 생것, 사골국, 인스턴트, 무, 조선무, 생것, 파, 대파, 생것, 마늘, 생것, 다시마, 말린것, 간장, 개량, 양조, 참기름, 후추, 검은색, 가루"
D053072,배추백짬뽕탕,국(탕)류,곰국 및 탕류,"배추, 생것, 양파, 생것, 마늘, 생것, 파, 대파, 생것, 고추, 빨간색, 생것, 고추, 청양고추, 생것, 부추, 재래종, 생것, 돼지고기, 앞다리(앞다리살), 생것, 오징어, 생것, 새우, 중하, 생것, 바지락, 생것, 콩기름, 발효주, 청주, 알코올 16%, 간장, 개량, 양조, 굴 소스, 소금, 천일염, 가는소금, 생수, 후추, 검은색, 가루","메뉴명: 배추백짬뽕탕
메뉴 대분류: 국(탕)류
메뉴 소분류: 곰국 및 탕류
식재료: 배추, 생것, 양파, 생것, 마늘, 생것, 파, 대파, 생것, 고추, 빨간색, 생것, 고추, 청양고추, 생것, 부추, 재래종, 생것, 돼지고기, 앞다리(앞다리살), 생것, 오징어, 생것, 새우, 중하, 생것, 바지락, 생것, 콩기름, 발효주, 청주, 알코올 16%, 간장, 개량, 양조, 굴 소스, 소금, 천일염, 가는소금, 생수, 후추, 검은색, 가루"
D053073,새송이버섯들깨탕,국(탕)류,곰국 및 탕류,"큰느타리버섯(새송이버섯), 생것, 무, 조선무, 생것, 파, 쪽파, 생것, 고추, 청양고추, 생것, 고추, 빨간색, 생것, 소고기, 한우(1등급), 양지, 생것, 발효주, 청주, 알코올 16%, 간장, 개량, 양조, 마늘, 생것, 참기름, 다시마, 말린것, 소금, 천일염, 가는소금, 생수, 들깨, 볶은것","메뉴명: 새송이버섯들깨탕
메뉴 대분류: 국(탕)류
메뉴 소분류: 곰국 및 탕류
식재료: 큰느타리버섯(새송이버섯), 생것, 무, 조선무, 생것, 파, 쪽파, 생것, 고추, 청양고추, 생것, 고추, 빨간색, 생것, 소고기, 한우(1등급), 양지, 생것, 발효주, 청주, 알코올 16%, 간장, 개량, 양조, 마늘, 생것, 참기름, 다시마, 말린것, 소금, 천일염, 가는소금, 생수, 들깨, 볶은것"
D053074,쑥완자탕,국(탕)류,곰국 및 탕류,"쑥, 생것, 소고기, 한우(1등급), 우둔, 생것, 두부, 마늘, 생것, 파, 대파, 생것, 소금, 천일염, 가는소금, 참기름, 후추, 검은색, 가루, 전분, 감자, 가루, 달걀, 생것, 간장, 재래, 잣, 생것, 생수","메뉴명: 쑥완자탕
메뉴 대분류: 국(탕)류
메뉴 소분류: 곰국 및 탕류
식재료: 쑥, 생것, 소고기, 한우(1등급), 우둔, 생것, 두부, 마늘, 생것, 파, 대파, 생것, 소금, 천일염, 가는소금, 참기름, 후추, 검은색, 가루, 전분, 감자, 가루, 달걀, 생것, 간장, 재래, 잣, 생것, 생수"
D053075,오리고기묵은지탕,국(탕)류,곰국 및 탕류,"양파, 생것, 감자, 대지, 생것, 김치, 배추 김치, 오리고기, 생것, 껍질 포함, 들깨, 볶은것, 된장, 개량, 무, 조선무, 생것, 파, 대파, 생것, 마늘, 생것, 생강, 뿌리줄기, 생것, 후추, 검은색, 가루, 설탕, 백설탕, 고춧가루, 간장, 개량, 양조","메뉴명: 오리고기묵은지탕
메뉴 대분류: 국(탕)류
메뉴 소분류: 곰국 및 탕류
식재료: 양파, 생것, 감자, 대지, 생것, 김치, 배추 김치, 오리고기, 생것, 껍질 포함, 들깨, 볶은것, 된장, 개량, 무, 조선무, 생것, 파, 대파, 생것, 마늘, 생것, 생강, 뿌리줄기, 생것, 후추, 검은색, 가루, 설탕, 백설탕, 고춧가루, 간장, 개량, 양조"
D053076,오리육개장,국(탕)류,곰국 및 탕류,"오리고기, 살코기, 생것, 생수, 마늘, 생것, 파, 대파, 생것, 콩나물, 생것, 고사리, 데친것, 고춧가루, 간장, 개량, 양조, 발효주, 청주, 알코올 16%, 후추, 검은색, 가루, 소금, 천일염, 가는소금","메뉴명: 오리육개장
메뉴 대분류: 국(탕)류
메뉴 소분류: 곰국 및 탕류
식재료: 오리고기, 살코기, 생것, 생수, 마늘, 생것, 파, 대파, 생것, 콩나물, 생것, 고사리, 데친것, 고춧가루, 간장, 개량, 양조, 발효주, 청주, 알코올 16%, 후추, 검은색, 가루, 소금, 천일염, 가는소금"
D053077,토란 들깨탕,국(탕)류,곰국 및 탕류,"토란, 생것, 소고기, 한우(1등급), 양지, 생것, 파, 대파, 생것, 마늘, 생것, 들깨, 볶은것, 생수, 간장, 개량, 양조, 참기름, 후추, 검은색, 가루, 소금, 천일염, 가는소금, 파, 쪽파, 생것","메뉴명: 토란 들깨탕
메뉴 대분류: 국(탕)류
메뉴 소분류: 곰국 및 탕류
식재료: 토란, 생것, 소고기, 한우(1등급), 양지, 생것, 파, 대파, 생것, 마늘, 생것, 들깨, 볶은것, 생수, 간장, 개량, 양조, 참기름, 후추, 검은색, 가루, 소금, 천일염, 가는소금, 파, 쪽파, 생것"
D053078,하계백탕,국(탕)류,곰국 및 탕류,"닭고기, 성계, 생것, 참깨, 흰색, 볶은것, 파, 대파, 생것, 생수, 마늘, 생것, 생강, 뿌리줄기, 생것, 소금, 천일염, 가는소금, 후추, 검은색, 가루, 오이, 취청, 생것, 표고버섯, 참나무재배, 말린것, 파프리카, 빨간색, 생것, 파프리카, 노란색, 생것","메뉴명: 하계백탕
메뉴 대분류: 국(탕)류
메뉴 소분류: 곰국 및 탕류
식재료: 닭고기, 성계, 생것, 참깨, 흰색, 볶은것, 파, 대파, 생것, 생수, 마늘, 생것, 생강, 뿌리줄기, 생것, 소금, 천일염, 가는소금, 후추, 검은색, 가루, 오이, 취청, 생것, 표고버섯, 참나무재배, 말린것, 파프리카, 빨간색, 생것, 파프리카, 노란색, 생것"
D053079,흑미삼계탕,국(탕)류,곰국 및 탕류,"멥쌀, 현미, 흑진주벼, 생것, 닭고기, 영계, 삶은것, 인삼, 수삼, 생것, 대추, 말린것, 밤, 생것, 마늘, 생것, 생강, 뿌리줄기, 생것, 파, 대파, 생것, 발효주, 청주, 알코올 16%, 생수","메뉴명: 흑미삼계탕
메뉴 대분류: 국(탕)류
메뉴 소분류: 곰국 및 탕류
식재료: 멥쌀, 현미, 흑진주벼, 생것, 닭고기, 영계, 삶은것, 인삼, 수삼, 생것, 대추, 말린것, 밤, 생것, 마늘, 생것, 생강, 뿌리줄기, 생것, 파, 대파, 생것, 발효주, 청주, 알코올 16%, 생수"
D053080,관자해장국,국(탕)류,곰국 및 탕류,"고추, 풋고추, 생것, 고추, 빨간색, 생것, 무, 조선무, 생것, 당근, 뿌리, 생것, 양파, 생것, 파프리카, 노란색, 생것, 두부, 콩나물, 생것, 다시마, 생것, 가리비, 관자, 생것, 토마토, 생것, 파프리카, 주황색, 생것, 고춧가루, 발사믹 소스, 마늘, 다진것, 생수","메뉴명: 관자해장국
메뉴 대분류: 국(탕)류
메뉴 소분류: 곰국 및 탕류
식재료: 고추, 풋고추, 생것, 고추, 빨간색, 생것, 무, 조선무, 생것, 당근, 뿌리, 생것, 양파, 생것, 파프리카, 노란색, 생것, 두부, 콩나물, 생것, 다시마, 생것, 가리비, 관자, 생것, 토마토, 생것, 파프리카, 주황색, 생것, 고춧가루, 발사믹 소스, 마늘, 다진것, 생수"
D053081,맑은육개장,국(탕)류,곰국 및 탕류,"고사리, 생것, 무, 조선무, 생것, 파, 대파, 생것, 양파, 생것, 팽이버섯, 생것, 소금, 천일염, 가는소금, 마늘, 다진것, 소고기, 한우(1++등급), 양지, 생것, 생수, 마늘, 생것, 고추, 청양고추, 생것, 간장, 개량, 양조, 후추, 흰색, 가루","메뉴명: 맑은육개장
메뉴 대분류: 국(탕)류
메뉴 소분류: 곰국 및 탕류
식재료: 고사리, 생것, 무, 조선무, 생것, 파, 대파, 생것, 양파, 생것, 팽이버섯, 생것, 소금, 천일염, 가는소금, 마늘, 다진것, 소고기, 한우(1++등급), 양지, 생것, 생수, 마늘, 생것, 고추, 청양고추, 생것, 간장, 개량, 양조, 후추, 흰색, 가루"
D053082,해물들깨탕,국(탕)류,곰국 및 탕류,"주꾸미, 생것, 전복, 북방전복, 생것, 새우, 중하, 생것, 양파, 생것, 고추, 초록색, 녹광, 생것, 고추, 빨간색, 생것, 달걀, 생것, 발효주, 청주, 알코올 16%, 들깨, 볶은것, 간장, 개량, 양조, 마늘, 다진것, 파, 대파, 생것","메뉴명: 해물들깨탕
메뉴 대분류: 국(탕)류
메뉴 소분류: 곰국 및 탕류
식재료: 주꾸미, 생것, 전복, 북방전복, 생것, 새우, 중하, 생것, 양파, 생것, 고추, 초록색, 녹광, 생것, 고추, 빨간색, 생것, 달걀, 생것, 발효주, 청주, 알코올 16%, 들깨, 볶은것, 간장, 개량, 양조, 마늘, 다진것, 파, 대파, 생것"
D053083,주꾸미연포탕,국(탕)류,곰국 및 탕류,"주꾸미, 생것, 무, 조선무, 생것, 양파, 생것, 파, 대파, 생것, 미나리, 물미나리, 생것, 호박, 단호박, 생것, 고추, 초록색, 녹광, 생것, 다랑어, 가다랑어 육수, 고추, 청양고추, 생것, 마늘, 생것, 후추, 흰색, 가루","메뉴명: 주꾸미연포탕
메뉴 대분류: 국(탕)류
메뉴 소분류: 곰국 및 탕류
식재료: 주꾸미, 생것, 무, 조선무, 생것, 양파, 생것, 파, 대파, 생것, 미나리, 물미나리, 생것, 호박, 단호박, 생것, 고추, 초록색, 녹광, 생것, 다랑어, 가다랑어 육수, 고추, 청양고추, 생것, 마늘, 생것, 후추, 흰색, 가루"
D053084,들깨된장육개장,국(탕)류,곰국 및 탕류,"숙주나물, 생것, 느타리버섯, 생것, 양파, 생것, 파, 대파, 생것, 고추, 청양고추, 생것, 배추, 얼갈이배추, 생것, 무, 조선무, 생것, 돼지고기, 사태, 생것, 다시마, 말린것, 발효주, 청주, 알코올 16%, 새우, 보리새우, 생것, 생수, 고춧가루, 들깨, 볶은것, 마늘, 다진것, 된장, 개량","메뉴명: 들깨된장육개장
메뉴 대분류: 국(탕)류
메뉴 소분류: 곰국 및 탕류
식재료: 숙주나물, 생것, 느타리버섯, 생것, 양파, 생것, 파, 대파, 생것, 고추, 청양고추, 생것, 배추, 얼갈이배추, 생것, 무, 조선무, 생것, 돼지고기, 사태, 생것, 다시마, 말린것, 발효주, 청주, 알코올 16%, 새우, 보리새우, 생것, 생수, 고춧가루, 들깨, 볶은것, 마늘, 다진것, 된장, 개량"
D053085,견과류들깨해장탕,국(탕)류,곰국 및 탕류,"느타리버섯, 생것, 양송이버섯, 생것, 표고버섯, 배지재배, 생것, 두부, 호박, 애호박, 생것, 양파, 생것, 밤, 생것, 호두, 볶은것, 멸치 육수, 들기름, 들깨, 볶은것","메뉴명: 견과류들깨해장탕
메뉴 대분류: 국(탕)류
메뉴 소분류: 곰국 및 탕류
식재료: 느타리버섯, 생것, 양송이버섯, 생것, 표고버섯, 배지재배, 생것, 두부, 호박, 애호박, 생것, 양파, 생것, 밤, 생것, 호두, 볶은것, 멸치 육수, 들기름, 들깨, 볶은것"
D053086,코다리 뿌리채소 들깨탕,국(탕)류,곰국 및 탕류,"명태, 코다리, 반건조, 무, 조선무, 생것, 연근, 생것, 호박, 애호박, 생것, 우엉, 생것, 느타리버섯, 생것, 표고버섯, 배지재배, 생것, 파, 대파, 생것, 양파, 생것, 고추, 청양고추, 생것, 쑥갓, 생것, 고추, 빨간색, 생것, 멸치, 생것, 다시마, 말린것, 들깨, 볶은것, 마늘, 생것, 생강, 뿌리줄기, 생것, 후추, 검은색, 가루, 소금, 천일염, 가는소금, 생수","메뉴명: 코다리 뿌리채소 들깨탕
메뉴 대분류: 국(탕)류
메뉴 소분류: 곰국 및 탕류
식재료: 명태, 코다리, 반건조, 무, 조선무, 생것, 연근, 생것, 호박, 애호박, 생것, 우엉, 생것, 느타리버섯, 생것, 표고버섯, 배지재배, 생것, 파, 대파, 생것, 양파, 생것, 고추, 청양고추, 생것, 쑥갓, 생것, 고추, 빨간색, 생것, 멸치, 생것, 다시마, 말린것, 들깨, 볶은것, 마늘, 생것, 생강, 뿌리줄기, 생것, 후추, 검은색, 가루, 소금, 천일염, 가는소금, 생수"
D053087,대구탕,국(탕)류,곰국 및 탕류,"대구, 생것, 무, 조선무, 생것, 콩나물, 생것, 미나리, 물미나리, 생것, 파, 대파, 생것, 소금, 천일염, 가는소금, 고춧가루, 마늘, 생것, 간장, 개량, 양조, 고추, 청양고추, 생것","메뉴명: 대구탕
메뉴 대분류: 국(탕)류
메뉴 소분류: 곰국 및 탕류
식재료: 대구, 생것, 무, 조선무, 생것, 콩나물, 생것, 미나리, 물미나리, 생것, 파, 대파, 생것, 소금, 천일염, 가는소금, 고춧가루, 마늘, 생것, 간장, 개량, 양조, 고추, 청양고추, 생것"
D053088,양지탕,국(탕)류,곰국 및 탕류,"소고기, 한우, 양지, 생것, 양지국물, 무, 조선무, 생것, 애느타리버섯, 생것, 달걀, 부침(달걀프라이), 당면, 고구마, 말린것, 파, 대파, 생것, 소금, 천일염, 소금꽃","메뉴명: 양지탕
메뉴 대분류: 국(탕)류
메뉴 소분류: 곰국 및 탕류
식재료: 소고기, 한우, 양지, 생것, 양지국물, 무, 조선무, 생것, 애느타리버섯, 생것, 달걀, 부침(달걀프라이), 당면, 고구마, 말린것, 파, 대파, 생것, 소금, 천일염, 소금꽃"
D053089,어묵탕,국(탕)류,곰국 및 탕류,"어묵, 명태, 북어, 말린것, 무, 조선무, 생것, 고추, 청양고추, 생것, 간장, 개량, 양조, 표고버섯, 배지재배, 생것, 다랑어, 가다랑어 육수, 농축, 다시마, 말린것, 멸치, 대멸치, 삶아서 말린것, 새우, 꽃새우, 삶아서 말린것, 파, 대파, 생것, 양파, 생것","메뉴명: 어묵탕
메뉴 대분류: 국(탕)류
메뉴 소분류: 곰국 및 탕류
식재료: 어묵, 명태, 북어, 말린것, 무, 조선무, 생것, 고추, 청양고추, 생것, 간장, 개량, 양조, 표고버섯, 배지재배, 생것, 다랑어, 가다랑어 육수, 농축, 다시마, 말린것, 멸치, 대멸치, 삶아서 말린것, 새우, 꽃새우, 삶아서 말린것, 파, 대파, 생것, 양파, 생것"
D053090,오리탕,국(탕)류,곰국 및 탕류,"오리고기, 생것, 껍질 포함, 토란, 삶은것, 파, 대파, 생것, 부추, 두메부추, 생것, 간장, 개량, 양조, 마늘, 생것, 된장, 개량, 고춧가루, 들깨, 볶은것, 들깻잎, 생것, 인삼, 수삼, 생것, 월계수, 잎, 말린것, 대추, 말린것, 생강, 뿌리줄기, 생것, 후추, 흰색, 가루","메뉴명: 오리탕
메뉴 대분류: 국(탕)류
메뉴 소분류: 곰국 및 탕류
식재료: 오리고기, 생것, 껍질 포함, 토란, 삶은것, 파, 대파, 생것, 부추, 두메부추, 생것, 간장, 개량, 양조, 마늘, 생것, 된장, 개량, 고춧가루, 들깨, 볶은것, 들깻잎, 생것, 인삼, 수삼, 생것, 월계수, 잎, 말린것, 대추, 말린것, 생강, 뿌리줄기, 생것, 후추, 흰색, 가루"
D053091,조개탕,국(탕)류,곰국 및 탕류,"조개, 가무락조개, 생것, 마늘, 생것, 다시마, 말린것, 파, 대파, 생것, 미나리, 물미나리, 생것, 소금, 천일염, 가는소금","메뉴명: 조개탕
메뉴 대분류: 국(탕)류
메뉴 소분류: 곰국 및 탕류
식재료: 조개, 가무락조개, 생것, 마늘, 생것, 다시마, 말린것, 파, 대파, 생것, 미나리, 물미나리, 생것, 소금, 천일염, 가는소금"
D053092,홍합탕,국(탕)류,곰국 및 탕류,"담치, 참담치(홍합), 생것, 무, 조선무, 생것, 다시마, 말린것, 파, 쪽파, 생것, 고추, 빨간색, 생것, 마늘, 다진것, 소금, 천일염, 가는소금, 후추, 검은색, 가루","메뉴명: 홍합탕
메뉴 대분류: 국(탕)류
메뉴 소분류: 곰국 및 탕류
식재료: 담치, 참담치(홍합), 생것, 무, 조선무, 생것, 다시마, 말린것, 파, 쪽파, 생것, 고추, 빨간색, 생것, 마늘, 다진것, 소금, 천일염, 가는소금, 후추, 검은색, 가루"
D053093,영계백숙,국(탕)류,곰국 및 탕류,"닭고기, 영계, 삶은것, 찹쌀, 현미, 생것, 마늘, 생것, 대추, 말린것, 밤, 생것, 파, 대파, 생것, 인삼, 수삼, 생것, 생강, 뿌리줄기, 생것, 소금, 천일염, 가는소금","메뉴명: 영계백숙
메뉴 대분류: 국(탕)류
메뉴 소분류: 곰국 및 탕류
식재료: 닭고기, 영계, 삶은것, 찹쌀, 현미, 생것, 마늘, 생것, 대추, 말린것, 밤, 생것, 파, 대파, 생것, 인삼, 수삼, 생것, 생강, 뿌리줄기, 생것, 소금, 천일염, 가는소금"
D053094,곤약어묵탕,국(탕)류,곰국 및 탕류,"어묵 국물, 어묵, 무, 조선무, 생것, 곤약(구약나물), 판형, 생것, 쑥갓, 생것, 파, 대파, 생것, 소금, 천일염","메뉴명: 곤약어묵탕
메뉴 대분류: 국(탕)류
메뉴 소분류: 곰국 및 탕류
식재료: 어묵 국물, 어묵, 무, 조선무, 생것, 곤약(구약나물), 판형, 생것, 쑥갓, 생것, 파, 대파, 생것, 소금, 천일염"
D053095,꽃게지리탕,국(탕)류,곰국 및 탕류,"게, 꽃게, 생것, 콩나물, 생것, 호박, 단호박, 생것, 무, 조선무, 생것, 미나리, 물미나리, 생것, 쑥갓, 생것, 파, 대파, 생것, 고추, 풋고추, 생것, 고추, 빨간색, 생것, 마늘, 생것, 된장, 개량, 고춧가루, 멸치, 대멸치, 삶아서 말린것","메뉴명: 꽃게지리탕
메뉴 대분류: 국(탕)류
메뉴 소분류: 곰국 및 탕류
식재료: 게, 꽃게, 생것, 콩나물, 생것, 호박, 단호박, 생것, 무, 조선무, 생것, 미나리, 물미나리, 생것, 쑥갓, 생것, 파, 대파, 생것, 고추, 풋고추, 생것, 고추, 빨간색, 생것, 마늘, 생것, 된장, 개량, 고춧가루, 멸치, 대멸치, 삶아서 말린것"
D053096,닭다리백숙,국(탕)류,곰국 및 탕류,"닭고기, 다리(넓적다리), 생것, 마늘, 생것, 대추, 말린것, 밤, 생것, 파, 대파, 생것, 인삼, 수삼, 생것, 생강, 뿌리줄기, 생것, 소금, 천일염, 가는소금","메뉴명: 닭다리백숙
메뉴 대분류: 국(탕)류
메뉴 소분류: 곰국 및 탕류
식재료: 닭고기, 다리(넓적다리), 생것, 마늘, 생것, 대추, 말린것, 밤, 생것, 파, 대파, 생것, 인삼, 수삼, 생것, 생강, 뿌리줄기, 생것, 소금, 천일염, 가는소금"
D053097,대파육개장,국(탕)류,곰국 및 탕류,"소고기, 한우(1등급), 사태, 생것, 파, 대파, 생것, 무, 조선무, 생것, 달걀, 생것, 배추, 얼갈이배추, 생것, 숙주나물, 생것, 표고버섯, 배지재배, 생것, 느타리버섯, 생것, 고사리, 데친것, 양파, 생것, 고추기름, 마늘, 다진것, 고추, 청양고추, 생것","메뉴명: 대파육개장
메뉴 대분류: 국(탕)류
메뉴 소분류: 곰국 및 탕류
식재료: 소고기, 한우(1등급), 사태, 생것, 파, 대파, 생것, 무, 조선무, 생것, 달걀, 생것, 배추, 얼갈이배추, 생것, 숙주나물, 생것, 표고버섯, 배지재배, 생것, 느타리버섯, 생것, 고사리, 데친것, 양파, 생것, 고추기름, 마늘, 다진것, 고추, 청양고추, 생것"
D053098,들깨닭곰탕,국(탕)류,곰국 및 탕류,"닭고기, 성계, 생것, 무, 조선무, 생것, 파, 대파, 생것, 들깨, 볶은것, 부추, 솔부추, 생것, 마늘, 생것, 소금, 천일염","메뉴명: 들깨닭곰탕
메뉴 대분류: 국(탕)류
메뉴 소분류: 곰국 및 탕류
식재료: 닭고기, 성계, 생것, 무, 조선무, 생것, 파, 대파, 생것, 들깨, 볶은것, 부추, 솔부추, 생것, 마늘, 생것, 소금, 천일염"
D053099,들깨버섯탕,국(탕)류,곰국 및 탕류,"감자, 대지, 생것, 만가닥버섯, 생것, 표고버섯, 배지재배, 생것, 송이버섯, 생것, 들깨, 볶은것, 들기름, 멸치, 대멸치, 삶아서 말린것, 간장, 개량, 양조, 다시마, 말린것, 파, 대파, 생것","메뉴명: 들깨버섯탕
메뉴 대분류: 국(탕)류
메뉴 소분류: 곰국 및 탕류
식재료: 감자, 대지, 생것, 만가닥버섯, 생것, 표고버섯, 배지재배, 생것, 송이버섯, 생것, 들깨, 볶은것, 들기름, 멸치, 대멸치, 삶아서 말린것, 간장, 개량, 양조, 다시마, 말린것, 파, 대파, 생것"
D053100,맑은어묵탕,국(탕)류,곰국 및 탕류,"어묵 국물, 어묵, 무, 조선무, 생것, 쑥갓, 생것, 파, 대파, 생것, 소금, 천일염","메뉴명: 맑은어묵탕
메뉴 대분류: 국(탕)류
메뉴 소분류: 곰국 및 탕류
식재료: 어묵 국물, 어묵, 무, 조선무, 생것, 쑥갓, 생것, 파, 대파, 생것, 소금, 천일염"
D053101,버섯들깨탕,국(탕)류,곰국 및 탕류,"들깨, 볶은것, 애느타리버섯, 생것, 양파, 생것, 큰느타리버섯(새송이버섯), 생것, 팽이버섯, 생것, 무, 조선무, 생것, 표고버섯, 배지재배, 생것, 파, 대파, 생것, 간장, 개량, 양조, 소금, 천일염, 소금꽃, 다시마, 말린것, 후추, 검은색, 가루","메뉴명: 버섯들깨탕
메뉴 대분류: 국(탕)류
메뉴 소분류: 곰국 및 탕류
식재료: 들깨, 볶은것, 애느타리버섯, 생것, 양파, 생것, 큰느타리버섯(새송이버섯), 생것, 팽이버섯, 생것, 무, 조선무, 생것, 표고버섯, 배지재배, 생것, 파, 대파, 생것, 간장, 개량, 양조, 소금, 천일염, 소금꽃, 다시마, 말린것, 후추, 검은색, 가루"
D053102,버섯매운탕,국(탕)류,곰국 및 탕류,"감자, 대지, 생것, 두부, 느타리버섯, 생것, 호박, 애호박, 생것, 표고버섯, 배지재배, 생것, 팽이버섯, 생것, 큰느타리버섯(새송이버섯), 생것, 양파, 생것, 된장, 개량, 고추장, 개량, 다시마, 말린것, 고춧가루, 멸치, 대멸치, 삶아서 말린것, 파, 대파, 생것, 고추, 청양고추, 생것, 마늘, 생것","메뉴명: 버섯매운탕
메뉴 대분류: 국(탕)류
메뉴 소분류: 곰국 및 탕류
식재료: 감자, 대지, 생것, 두부, 느타리버섯, 생것, 호박, 애호박, 생것, 표고버섯, 배지재배, 생것, 팽이버섯, 생것, 큰느타리버섯(새송이버섯), 생것, 양파, 생것, 된장, 개량, 고추장, 개량, 다시마, 말린것, 고춧가루, 멸치, 대멸치, 삶아서 말린것, 파, 대파, 생것, 고추, 청양고추, 생것, 마늘, 생것"
D053103,버섯육개장,국(탕)류,곰국 및 탕류,"소고기, 한우, 양지, 생것, 달걀, 생것, 배추, 얼갈이배추, 생것, 숙주나물, 생것, 양파, 생것, 무, 조선무, 생것, 느타리버섯, 생것, 고사리, 데친것, 표고버섯, 배지재배, 생것, 고추기름, 파, 대파, 생것, 마늘, 생것, 고추, 청양고추, 생것","메뉴명: 버섯육개장
메뉴 대분류: 국(탕)류
메뉴 소분류: 곰국 및 탕류
식재료: 소고기, 한우, 양지, 생것, 달걀, 생것, 배추, 얼갈이배추, 생것, 숙주나물, 생것, 양파, 생것, 무, 조선무, 생것, 느타리버섯, 생것, 고사리, 데친것, 표고버섯, 배지재배, 생것, 고추기름, 파, 대파, 생것, 마늘, 생것, 고추, 청양고추, 생것"
D053104,북어들깨탕,국(탕)류,곰국 및 탕류,"간장, 개량, 양조, 양파, 생것, 명태, 북어, 말린것, 파, 대파, 생것, 다시마, 말린것, 발효주, 청주, 알코올 16%, 소금, 천일염, 소금꽃, 들기름, 찹쌀, 백미, 가루, 들깨, 말린것, 고추, 빨간색, 생것, 마늘, 다진것, 후추, 검은색, 가루","메뉴명: 북어들깨탕
메뉴 대분류: 국(탕)류
메뉴 소분류: 곰국 및 탕류
식재료: 간장, 개량, 양조, 양파, 생것, 명태, 북어, 말린것, 파, 대파, 생것, 다시마, 말린것, 발효주, 청주, 알코올 16%, 소금, 천일염, 소금꽃, 들기름, 찹쌀, 백미, 가루, 들깨, 말린것, 고추, 빨간색, 생것, 마늘, 다진것, 후추, 검은색, 가루"
D053105,수삼닭백숙,국(탕)류,곰국 및 탕류,"닭고기, 토종, 생것, 찹쌀, 백미, 생것, 마늘, 생것, 소금, 천일염, 가는소금, 파, 대파, 생것, 인삼, 수삼, 생것","메뉴명: 수삼닭백숙
메뉴 대분류: 국(탕)류
메뉴 소분류: 곰국 및 탕류
식재료: 닭고기, 토종, 생것, 찹쌀, 백미, 생것, 마늘, 생것, 소금, 천일염, 가는소금, 파, 대파, 생것, 인삼, 수삼, 생것"
D053106,순두부백탕,국(탕)류,곰국 및 탕류,"두부, 순두부, 바지락, 생것, 양파, 생것, 무, 조선무, 생것, 멸치, 대멸치, 삶아서 말린것, 다시마, 말린것, 파, 대파, 생것, 마늘, 생것, 고추, 빨간색, 생것, 발효주, 청주, 알코올 16%, 소금, 천일염, 소금꽃","메뉴명: 순두부백탕
메뉴 대분류: 국(탕)류
메뉴 소분류: 곰국 및 탕류
식재료: 두부, 순두부, 바지락, 생것, 양파, 생것, 무, 조선무, 생것, 멸치, 대멸치, 삶아서 말린것, 다시마, 말린것, 파, 대파, 생것, 마늘, 생것, 고추, 빨간색, 생것, 발효주, 청주, 알코올 16%, 소금, 천일염, 소금꽃"
D053107,어묵매운탕,국(탕)류,곰국 및 탕류,"어묵 국물, 어묵, 무, 조선무, 생것, 쑥갓, 생것, 파, 대파, 생것, 고춧가루, 후추, 흰색, 가루, 소금, 천일염","메뉴명: 어묵매운탕
메뉴 대분류: 국(탕)류
메뉴 소분류: 곰국 및 탕류
식재료: 어묵 국물, 어묵, 무, 조선무, 생것, 쑥갓, 생것, 파, 대파, 생것, 고춧가루, 후추, 흰색, 가루, 소금, 천일염"
D053108,얼큰닭개장,국(탕)류,곰국 및 탕류,"닭고기, 성계, 생것, 숙주나물, 생것, 고사리, 데친것, 당면, 고구마, 말린것, 파, 대파, 생것, 간장, 재래, 고춧가루, 마늘, 생것","메뉴명: 얼큰닭개장
메뉴 대분류: 국(탕)류
메뉴 소분류: 곰국 및 탕류
식재료: 닭고기, 성계, 생것, 숙주나물, 생것, 고사리, 데친것, 당면, 고구마, 말린것, 파, 대파, 생것, 간장, 재래, 고춧가루, 마늘, 생것"
D053109,얼큰동태탕,국(탕)류,곰국 및 탕류,"명태, 동태, 냉동, 무, 조선무, 생것, 두부, 콩나물, 생것, 미더덕, 주름미더덕, 생것, 미나리, 물미나리, 생것, 양파, 생것, 파, 대파, 생것, 쑥갓, 생것, 고추장, 개량, 된장, 개량, 고추, 풋고추, 생것, 고추, 빨간색, 생것, 소금, 천일염, 소금꽃, 고춧가루, 마늘, 생것","메뉴명: 얼큰동태탕
메뉴 대분류: 국(탕)류
메뉴 소분류: 곰국 및 탕류
식재료: 명태, 동태, 냉동, 무, 조선무, 생것, 두부, 콩나물, 생것, 미더덕, 주름미더덕, 생것, 미나리, 물미나리, 생것, 양파, 생것, 파, 대파, 생것, 쑥갓, 생것, 고추장, 개량, 된장, 개량, 고추, 풋고추, 생것, 고추, 빨간색, 생것, 소금, 천일염, 소금꽃, 고춧가루, 마늘, 생것"
D053110,영양닭곰탕,국(탕)류,곰국 및 탕류,"닭고기, 다리(넓적다리), 생것, 무, 조선무, 생것, 파, 대파, 생것, 부추, 솔부추, 생것, 양파, 생것, 마늘, 생것, 인삼, 수삼, 생것, 대추, 말린것, 당면, 고구마, 말린것, 닭 부산물, 닭발, 생것, 생강, 뿌리줄기, 생것, 발효주, 청주, 알코올 16%, 간장, 재래, 다시마, 말린것, 소금, 천일염, 소금꽃, 후추, 검은색, 가루","메뉴명: 영양닭곰탕
메뉴 대분류: 국(탕)류
메뉴 소분류: 곰국 및 탕류
식재료: 닭고기, 다리(넓적다리), 생것, 무, 조선무, 생것, 파, 대파, 생것, 부추, 솔부추, 생것, 양파, 생것, 마늘, 생것, 인삼, 수삼, 생것, 대추, 말린것, 당면, 고구마, 말린것, 닭 부산물, 닭발, 생것, 생강, 뿌리줄기, 생것, 발효주, 청주, 알코올 16%, 간장, 재래, 다시마, 말린것, 소금, 천일염, 소금꽃, 후추, 검은색, 가루"
D053111,채소게살탕,국(탕)류,곰국 및 탕류,"게맛살, 어육함량이 높은것, 파, 대파, 생것, 팽이버섯, 생것, 양파, 생것, 당근, 뿌리, 생것, 새우, 젓갈, 토굴육젓, 마늘, 생것, 소금, 천일염, 가는소금","메뉴명: 채소게살탕
메뉴 대분류: 국(탕)류
메뉴 소분류: 곰국 및 탕류
식재료: 게맛살, 어육함량이 높은것, 파, 대파, 생것, 팽이버섯, 생것, 양파, 생것, 당근, 뿌리, 생것, 새우, 젓갈, 토굴육젓, 마늘, 생것, 소금, 천일염, 가는소금"
D053112,콩비지백탕,국(탕)류,곰국 및 탕류,"비지, 배추, 데친것, 무, 조선무, 생것, 멸치, 대멸치, 삶아서 말린것, 파, 대파, 생것, 다시마, 말린것, 마늘, 생것, 소금, 천일염, 가는소금","메뉴명: 콩비지백탕
메뉴 대분류: 국(탕)류
메뉴 소분류: 곰국 및 탕류
식재료: 비지, 배추, 데친것, 무, 조선무, 생것, 멸치, 대멸치, 삶아서 말린것, 파, 대파, 생것, 다시마, 말린것, 마늘, 생것, 소금, 천일염, 가는소금"
D053113,황태설렁탕,국(탕)류,곰국 및 탕류,"콩나물, 생것, 두부, 달걀, 생것, 파, 대파, 생것, 양지국물, 명태, 황태, 포, 말린것, 새우, 젓갈, 부추, 솔부추, 생것, 마늘, 다진것, 소금, 천일염, 소금꽃, 생강, 뿌리줄기, 생것, 후추, 검은색, 가루, 월계수, 잎, 말린것","메뉴명: 황태설렁탕
메뉴 대분류: 국(탕)류
메뉴 소분류: 곰국 및 탕류
식재료: 콩나물, 생것, 두부, 달걀, 생것, 파, 대파, 생것, 양지국물, 명태, 황태, 포, 말린것, 새우, 젓갈, 부추, 솔부추, 생것, 마늘, 다진것, 소금, 천일염, 소금꽃, 생강, 뿌리줄기, 생것, 후추, 검은색, 가루, 월계수, 잎, 말린것"
D053114,게살연두부탕,국(탕)류,곰국 및 탕류,"두부, 연두부, 게맛살, 어육함량이 낮은것, 게, 대게, 생것, 양파, 생것, 전분, 감자, 가루, 팽이버섯, 생것, 멸치, 대멸치, 삶아서 말린것, 다시마, 말린것, 파, 대파, 생것, 마늘, 생것, 소금, 천일염, 소금꽃, 후추, 검은색, 가루","메뉴명: 게살연두부탕
메뉴 대분류: 국(탕)류
메뉴 소분류: 곰국 및 탕류
식재료: 두부, 연두부, 게맛살, 어육함량이 낮은것, 게, 대게, 생것, 양파, 생것, 전분, 감자, 가루, 팽이버섯, 생것, 멸치, 대멸치, 삶아서 말린것, 다시마, 말린것, 파, 대파, 생것, 마늘, 생것, 소금, 천일염, 소금꽃, 후추, 검은색, 가루"
D053115,단호박꽃게탕,국(탕)류,곰국 및 탕류,"게, 꽃게, 생것, 콩나물, 생것, 호박, 단호박, 생것, 무, 조선무, 생것, 미나리, 물미나리, 생것, 쑥갓, 생것, 파, 대파, 생것, 고추, 풋고추, 생것, 고추, 빨간색, 생것, 마늘, 생것, 된장, 개량, 고춧가루, 멸치, 대멸치, 삶아서 말린것","메뉴명: 단호박꽃게탕
메뉴 대분류: 국(탕)류
메뉴 소분류: 곰국 및 탕류
식재료: 게, 꽃게, 생것, 콩나물, 생것, 호박, 단호박, 생것, 무, 조선무, 생것, 미나리, 물미나리, 생것, 쑥갓, 생것, 파, 대파, 생것, 고추, 풋고추, 생것, 고추, 빨간색, 생것, 마늘, 생것, 된장, 개량, 고춧가루, 멸치, 대멸치, 삶아서 말린것"
D053116,맑은순두부탕,국(탕)류,곰국 및 탕류,"두부, 순두부, 달걀, 생것, 양파, 생것, 참기름, 간장, 개량, 양조, 파, 대파, 생것, 마늘, 생것, 소금, 천일염, 가는소금, 고춧가루, 다시마, 말린것, 멸치, 대멸치, 삶아서 말린것","메뉴명: 맑은순두부탕
메뉴 대분류: 국(탕)류
메뉴 소분류: 곰국 및 탕류
식재료: 두부, 순두부, 달걀, 생것, 양파, 생것, 참기름, 간장, 개량, 양조, 파, 대파, 생것, 마늘, 생것, 소금, 천일염, 가는소금, 고춧가루, 다시마, 말린것, 멸치, 대멸치, 삶아서 말린것"
D053117,바지락조개탕,국(탕)류,곰국 및 탕류,"바지락, 생것, 무, 조선무, 생것, 두부, 다시마, 말린것, 멸치, 대멸치, 삶아서 말린것, 파, 대파, 생것, 마늘, 생것, 소금, 천일염, 소금꽃, 간장, 재래","메뉴명: 바지락조개탕
메뉴 대분류: 국(탕)류
메뉴 소분류: 곰국 및 탕류
식재료: 바지락, 생것, 무, 조선무, 생것, 두부, 다시마, 말린것, 멸치, 대멸치, 삶아서 말린것, 파, 대파, 생것, 마늘, 생것, 소금, 천일염, 소금꽃, 간장, 재래"
D053118,소고기토란탕,국(탕)류,곰국 및 탕류,"무, 조선무, 생것, 토란, 생것, 들깨, 볶은것, 소고기, 한우, 양지, 생것, 파, 대파, 생것, 간장, 개량, 양조, 마늘, 생것","메뉴명: 소고기토란탕
메뉴 대분류: 국(탕)류
메뉴 소분류: 곰국 및 탕류
식재료: 무, 조선무, 생것, 토란, 생것, 들깨, 볶은것, 소고기, 한우, 양지, 생것, 파, 대파, 생것, 간장, 개량, 양조, 마늘, 생것"
D053119,순두부달걀탕,국(탕)류,곰국 및 탕류,"두부, 순두부, 달걀, 삶은것, 다시마, 말린것, 멸치, 대멸치, 삶아서 말린것, 파, 대파, 생것, 마늘, 생것, 새우, 젓갈, 토굴육젓","메뉴명: 순두부달걀탕
메뉴 대분류: 국(탕)류
메뉴 소분류: 곰국 및 탕류
식재료: 두부, 순두부, 달걀, 삶은것, 다시마, 말린것, 멸치, 대멸치, 삶아서 말린것, 파, 대파, 생것, 마늘, 생것, 새우, 젓갈, 토굴육젓"
D053120,어린이육개장,국(탕)류,곰국 및 탕류,"소고기, 한우, 등심, 생것, 숙주나물, 생것, 무, 조선무, 생것, 고사리, 데친것, 파, 대파, 생것, 간장, 개량, 양조, 멸치, 대멸치, 삶아서 말린것, 다시마, 말린것, 마늘, 생것, 고춧가루","메뉴명: 어린이육개장
메뉴 대분류: 국(탕)류
메뉴 소분류: 곰국 및 탕류
식재료: 소고기, 한우, 등심, 생것, 숙주나물, 생것, 무, 조선무, 생것, 고사리, 데친것, 파, 대파, 생것, 간장, 개량, 양조, 멸치, 대멸치, 삶아서 말린것, 다시마, 말린것, 마늘, 생것, 고춧가루"
D053121,참치우거지탕,국(탕)류,곰국 및 탕류,"배추, 시래기, 말린것, 삶은것, 다랑어, 가다랑어, 통조림, 유지, 부추, 솔부추, 생것, 들깨, 볶은것, 고춧가루, 된장, 개량, 파, 대파, 생것, 고추장, 개량, 고추, 청양고추, 생것, 마늘, 다진것","메뉴명: 참치우거지탕
메뉴 대분류: 국(탕)류
메뉴 소분류: 곰국 및 탕류
식재료: 배추, 시래기, 말린것, 삶은것, 다랑어, 가다랑어, 통조림, 유지, 부추, 솔부추, 생것, 들깨, 볶은것, 고춧가루, 된장, 개량, 파, 대파, 생것, 고추장, 개량, 고추, 청양고추, 생것, 마늘, 다진것"
D053122,콩비지들깨탕,국(탕)류,곰국 및 탕류,"비지, 표고버섯, 배지재배, 생것, 들깨, 볶은것, 새우, 젓갈, 파, 대파, 생것, 마늘, 생것","메뉴명: 콩비지들깨탕
메뉴 대분류: 국(탕)류
메뉴 소분류: 곰국 및 탕류
식재료: 비지, 표고버섯, 배지재배, 생것, 들깨, 볶은것, 새우, 젓갈, 파, 대파, 생것, 마늘, 생것"
D053123,한우알토란탕,국(탕)류,곰국 및 탕류,"소고기, 한우, 양지, 생것, 무, 조선무, 생것, 토란, 생것, 두부, 양파, 생것, 파, 대파, 생것, 간장, 재래, 다시마, 말린것, 멸치, 대멸치, 삶아서 말린것, 마늘, 다진것, 소금, 천일염, 소금꽃","메뉴명: 한우알토란탕
메뉴 대분류: 국(탕)류
메뉴 소분류: 곰국 및 탕류
식재료: 소고기, 한우, 양지, 생것, 무, 조선무, 생것, 토란, 생것, 두부, 양파, 생것, 파, 대파, 생것, 간장, 재래, 다시마, 말린것, 멸치, 대멸치, 삶아서 말린것, 마늘, 다진것, 소금, 천일염, 소금꽃"
D053124,낙지전복삼계탕,국(탕)류,곰국 및 탕류,"닭고기, 영계, 삶은것, 전복, 둥근전복, 생것, 낙지, 세발낙지, 생것, 파, 대파, 생것, 마늘, 생것, 인삼, 수삼, 생것, 대추, 말린것, 소금, 천일염, 가는소금","메뉴명: 낙지전복삼계탕
메뉴 대분류: 국(탕)류
메뉴 소분류: 곰국 및 탕류
식재료: 닭고기, 영계, 삶은것, 전복, 둥근전복, 생것, 낙지, 세발낙지, 생것, 파, 대파, 생것, 마늘, 생것, 인삼, 수삼, 생것, 대추, 말린것, 소금, 천일염, 가는소금"
D053125,느타리버섯개장,국(탕)류,곰국 및 탕류,"소고기, 한우, 양지, 생것, 무, 조선무, 생것, 달걀, 생것, 배추, 얼갈이배추, 생것, 숙주나물, 생것, 표고버섯, 배지재배, 생것, 팽이버섯, 생것, 느타리버섯, 생것, 고사리, 데친것, 양파, 생것, 파, 대파, 생것, 고추장, 개량, 마늘, 다진것, 고추기름, 고추, 청양고추, 생것","메뉴명: 느타리버섯개장
메뉴 대분류: 국(탕)류
메뉴 소분류: 곰국 및 탕류
식재료: 소고기, 한우, 양지, 생것, 무, 조선무, 생것, 달걀, 생것, 배추, 얼갈이배추, 생것, 숙주나물, 생것, 표고버섯, 배지재배, 생것, 팽이버섯, 생것, 느타리버섯, 생것, 고사리, 데친것, 양파, 생것, 파, 대파, 생것, 고추장, 개량, 마늘, 다진것, 고추기름, 고추, 청양고추, 생것"
D053126,돼지갈비감자탕,국(탕)류,곰국 및 탕류,"사과 주스, 돼지고기, 갈비, 생것, 감자, 대지, 생것, 들깻잎, 생것, 양파, 생것, 증류주, 소주, 희석식, 알코올 25%, 후추, 검은색, 가루, 들깨, 볶은것, 파, 대파, 생것, 배추, 얼갈이배추, 생것, 대두, 콩가루, 간장, 개량, 양조, 까나리, 액젓, 맛술, 마늘, 생것, 된장, 개량, 고추장, 개량, 고춧가루, 매실청, 생강, 뿌리줄기, 생것, 후추, 흰색, 가루, 소금, 천일염, 가는소금","메뉴명: 돼지갈비감자탕
메뉴 대분류: 국(탕)류
메뉴 소분류: 곰국 및 탕류
식재료: 사과 주스, 돼지고기, 갈비, 생것, 감자, 대지, 생것, 들깻잎, 생것, 양파, 생것, 증류주, 소주, 희석식, 알코올 25%, 후추, 검은색, 가루, 들깨, 볶은것, 파, 대파, 생것, 배추, 얼갈이배추, 생것, 대두, 콩가루, 간장, 개량, 양조, 까나리, 액젓, 맛술, 마늘, 생것, 된장, 개량, 고추장, 개량, 고춧가루, 매실청, 생강, 뿌리줄기, 생것, 후추, 흰색, 가루, 소금, 천일염, 가는소금"
D053127,바지락두부탕국,국(탕)류,곰국 및 탕류,"두부, 바지락, 생것, 새우, 꽃새우, 생것, 다시마, 말린것, 간장, 개량, 양조, 소금, 천일염, 굵은소금","메뉴명: 바지락두부탕국
메뉴 대분류: 국(탕)류
메뉴 소분류: 곰국 및 탕류
식재료: 두부, 바지락, 생것, 새우, 꽃새우, 생것, 다시마, 말린것, 간장, 개량, 양조, 소금, 천일염, 굵은소금"
D053128,버섯들깨매운탕,국(탕)류,곰국 및 탕류,"소고기, 한우, 양지, 생것, 애느타리버섯, 생것, 양파, 생것, 큰느타리버섯(새송이버섯), 생것, 팽이버섯, 생것, 무, 조선무, 생것, 들깨, 볶은것, 표고버섯, 배지재배, 생것, 파, 대파, 생것, 간장, 개량, 양조, 소금, 천일염, 소금꽃, 후추, 검은색, 가루","메뉴명: 버섯들깨매운탕
메뉴 대분류: 국(탕)류
메뉴 소분류: 곰국 및 탕류
식재료: 소고기, 한우, 양지, 생것, 애느타리버섯, 생것, 양파, 생것, 큰느타리버섯(새송이버섯), 생것, 팽이버섯, 생것, 무, 조선무, 생것, 들깨, 볶은것, 표고버섯, 배지재배, 생것, 파, 대파, 생것, 간장, 개량, 양조, 소금, 천일염, 소금꽃, 후추, 검은색, 가루"
D053129,얼큰버섯매운탕,국(탕)류,곰국 및 탕류,"느타리버섯, 생것, 호박, 애호박, 생것, 감자, 대지, 생것, 두부, 팽이버섯, 생것, 큰느타리버섯(새송이버섯), 생것, 양파, 생것, 된장, 개량, 표고버섯, 배지재배, 생것, 고추장, 개량, 다시마, 말린것, 고춧가루, 멸치, 대멸치, 삶아서 말린것, 파, 대파, 생것, 고추, 청양고추, 생것, 마늘, 생것","메뉴명: 얼큰버섯매운탕
메뉴 대분류: 국(탕)류
메뉴 소분류: 곰국 및 탕류
식재료: 느타리버섯, 생것, 호박, 애호박, 생것, 감자, 대지, 생것, 두부, 팽이버섯, 생것, 큰느타리버섯(새송이버섯), 생것, 양파, 생것, 된장, 개량, 표고버섯, 배지재배, 생것, 고추장, 개량, 다시마, 말린것, 고춧가루, 멸치, 대멸치, 삶아서 말린것, 파, 대파, 생것, 고추, 청양고추, 생것, 마늘, 생것"
D053130,얼큰새우매운탕,국(탕)류,곰국 및 탕류,"새우, 꽃새우, 생것, 콩나물, 생것, 양파, 생것, 무, 조선무, 생것, 표고버섯, 배지재배, 생것, 고추장, 개량, 다시마, 말린것, 고춧가루, 멸치, 대멸치, 삶아서 말린것, 파, 대파, 생것, 고추, 청양고추, 생것, 마늘, 생것","메뉴명: 얼큰새우매운탕
메뉴 대분류: 국(탕)류
메뉴 소분류: 곰국 및 탕류
식재료: 새우, 꽃새우, 생것, 콩나물, 생것, 양파, 생것, 무, 조선무, 생것, 표고버섯, 배지재배, 생것, 고추장, 개량, 다시마, 말린것, 고춧가루, 멸치, 대멸치, 삶아서 말린것, 파, 대파, 생것, 고추, 청양고추, 생것, 마늘, 생것"
D053131,차돌박이육개장,국(탕)류,곰국 및 탕류,"소고기, 한우, 양지, 생것, 숙주나물, 생것, 토란, 삶은것, 배추, 얼갈이배추, 생것, 표고버섯, 배지재배, 생것, 고사리, 데친것, 양파, 생것, 파, 대파, 생것, 간장, 개량, 양조, 마늘, 생것, 후추, 흰색, 가루, 소금, 천일염, 가는소금, 고춧가루, 혼합식물성유","메뉴명: 차돌박이육개장
메뉴 대분류: 국(탕)류
메뉴 소분류: 곰국 및 탕류
식재료: 소고기, 한우, 양지, 생것, 숙주나물, 생것, 토란, 삶은것, 배추, 얼갈이배추, 생것, 표고버섯, 배지재배, 생것, 고사리, 데친것, 양파, 생것, 파, 대파, 생것, 간장, 개량, 양조, 마늘, 생것, 후추, 흰색, 가루, 소금, 천일염, 가는소금, 고춧가루, 혼합식물성유"
D053132,표고버섯들깨탕,국(탕)류,곰국 및 탕류,"두부, 표고버섯, 배지재배, 생것, 들깨, 볶은것, 양파, 생것, 간장, 개량, 양조, 파, 쪽파, 생것, 다시마, 말린것, 마늘, 다진것","메뉴명: 표고버섯들깨탕
메뉴 대분류: 국(탕)류
메뉴 소분류: 곰국 및 탕류
식재료: 두부, 표고버섯, 배지재배, 생것, 들깨, 볶은것, 양파, 생것, 간장, 개량, 양조, 파, 쪽파, 생것, 다시마, 말린것, 마늘, 다진것"
D053133,미나리낙지연포탕,국(탕)류,곰국 및 탕류,"낙지, 생것, 미나리, 물미나리, 생것, 무, 조선무, 생것, 양파, 생것, 팽이버섯, 생것, 배추, 생것, 쑥갓, 생것, 고추, 빨간색, 생것, 소금, 천일염, 소금꽃, 멸치, 대멸치, 삶아서 말린것, 파, 대파, 생것, 마늘, 생것, 다시마, 말린것","메뉴명: 미나리낙지연포탕
메뉴 대분류: 국(탕)류
메뉴 소분류: 곰국 및 탕류
식재료: 낙지, 생것, 미나리, 물미나리, 생것, 무, 조선무, 생것, 양파, 생것, 팽이버섯, 생것, 배추, 생것, 쑥갓, 생것, 고추, 빨간색, 생것, 소금, 천일염, 소금꽃, 멸치, 대멸치, 삶아서 말린것, 파, 대파, 생것, 마늘, 생것, 다시마, 말린것"
D053134,바지락순두부백탕,국(탕)류,곰국 및 탕류,"두부, 순두부, 바지락, 생것, 호박, 애호박, 생것, 양파, 생것, 간장, 재래, 파, 대파, 생것, 다시마, 말린것, 마늘, 다진것, 고추, 청양고추, 생것","메뉴명: 바지락순두부백탕
메뉴 대분류: 국(탕)류
메뉴 소분류: 곰국 및 탕류
식재료: 두부, 순두부, 바지락, 생것, 호박, 애호박, 생것, 양파, 생것, 간장, 재래, 파, 대파, 생것, 다시마, 말린것, 마늘, 다진것, 고추, 청양고추, 생것"
D053135,소고기배추샤브탕,국(탕)류,곰국 및 탕류,"소고기, 한우(1등급), 목심, 생것, 배추, 생것, 미나리, 돌미나리, 생것, 팽이버섯, 생것, 느타리버섯, 생것, 양파, 생것, 쑥갓, 생것, 당근, 뿌리, 생것, 파, 대파, 생것, 간장, 개량, 양조, 다시마, 말린것, 소금, 천일염","메뉴명: 소고기배추샤브탕
메뉴 대분류: 국(탕)류
메뉴 소분류: 곰국 및 탕류
식재료: 소고기, 한우(1등급), 목심, 생것, 배추, 생것, 미나리, 돌미나리, 생것, 팽이버섯, 생것, 느타리버섯, 생것, 양파, 생것, 쑥갓, 생것, 당근, 뿌리, 생것, 파, 대파, 생것, 간장, 개량, 양조, 다시마, 말린것, 소금, 천일염"
D053136,순살돼지고기감자탕,국(탕)류,곰국 및 탕류,"돼지고기, 등심, 생것, 감자, 대지, 생것, 배추, 삶은것, 들깨, 볶은것, 들깻잎, 생것, 간장, 개량, 양조, 파, 대파, 생것, 생강, 뿌리줄기, 생것, 마늘, 생것","메뉴명: 순살돼지고기감자탕
메뉴 대분류: 국(탕)류
메뉴 소분류: 곰국 및 탕류
식재료: 돼지고기, 등심, 생것, 감자, 대지, 생것, 배추, 삶은것, 들깨, 볶은것, 들깻잎, 생것, 간장, 개량, 양조, 파, 대파, 생것, 생강, 뿌리줄기, 생것, 마늘, 생것"
D053137,어린이안매운육개장,국(탕)류,곰국 및 탕류,"소고기, 한우, 등심, 생것, 숙주나물, 생것, 무, 조선무, 생것, 고사리, 데친것, 파, 대파, 생것, 간장, 개량, 양조, 멸치, 대멸치, 삶아서 말린것, 다시마, 말린것, 마늘, 생것","메뉴명: 어린이안매운육개장
메뉴 대분류: 국(탕)류
메뉴 소분류: 곰국 및 탕류
식재료: 소고기, 한우, 등심, 생것, 숙주나물, 생것, 무, 조선무, 생것, 고사리, 데친것, 파, 대파, 생것, 간장, 개량, 양조, 멸치, 대멸치, 삶아서 말린것, 다시마, 말린것, 마늘, 생것"
D053138,쑥애탕국(단오),국(탕)류,곰국 및 탕류,"달걀, 생것, 쑥, 생것, 소고기, 한우, 등심, 생것, 밀, 중력밀가루, 다시마, 말린것, 파, 대파, 생것, 마늘, 다진것, 소금, 천일염, 참기름, 참깨, 흰색, 볶은것, 후추, 검은색, 가루","메뉴명: 쑥애탕국(단오)
메뉴 대분류: 국(탕)류
메뉴 소분류: 곰국 및 탕류
식재료: 달걀, 생것, 쑥, 생것, 소고기, 한우, 등심, 생것, 밀, 중력밀가루, 다시마, 말린것, 파, 대파, 생것, 마늘, 다진것, 소금, 천일염, 참기름, 참깨, 흰색, 볶은것, 후추, 검은색, 가루"
D054001,가지냉국(고춧가루),국(탕)류,냉국류,"가지, 데친것, 고춧가루, 파, 쪽파, 생것, 마늘, 생것, 소금, 천일염, 가는소금, 식초, 감식초, 참기름, 참깨, 흰색, 볶은것","메뉴명: 가지냉국(고춧가루)
메뉴 대분류: 국(탕)류
메뉴 소분류: 냉국류
식재료: 가지, 데친것, 고춧가루, 파, 쪽파, 생것, 마늘, 생것, 소금, 천일염, 가는소금, 식초, 감식초, 참기름, 참깨, 흰색, 볶은것"
D054002,미역냉국(고춧가루),국(탕)류,냉국류,"미역, 염장, 데친것, 고춧가루, 양파, 생것, 식초, 감식초, 고추, 풋고추, 생것, 파, 쪽파, 생것, 마늘, 생것, 소금, 천일염, 가는소금, 참기름, 설탕, 백설탕, 참깨, 흰색, 볶은것","메뉴명: 미역냉국(고춧가루)
메뉴 대분류: 국(탕)류
메뉴 소분류: 냉국류
식재료: 미역, 염장, 데친것, 고춧가루, 양파, 생것, 식초, 감식초, 고추, 풋고추, 생것, 파, 쪽파, 생것, 마늘, 생것, 소금, 천일염, 가는소금, 참기름, 설탕, 백설탕, 참깨, 흰색, 볶은것"
D054003,오이냉국,국(탕)류,냉국류,"오이, 다다기, 생것, 양파, 생것, 고추, 풋고추, 생것, 식초, 감식초, 소금, 천일염, 가는소금, 마늘, 생것, 참깨, 흰색, 볶은것","메뉴명: 오이냉국
메뉴 대분류: 국(탕)류
메뉴 소분류: 냉국류
식재료: 오이, 다다기, 생것, 양파, 생것, 고추, 풋고추, 생것, 식초, 감식초, 소금, 천일염, 가는소금, 마늘, 생것, 참깨, 흰색, 볶은것"
D054004,오이냉국(미역),국(탕)류,냉국류,"오이, 다다기, 생것, 미역, 염장, 데친것, 양파, 생것, 고추, 빨간색, 생것, 식초, 감식초, 소금, 천일염, 가는소금, 마늘, 생것","메뉴명: 오이냉국(미역)
메뉴 대분류: 국(탕)류
메뉴 소분류: 냉국류
식재료: 오이, 다다기, 생것, 미역, 염장, 데친것, 양파, 생것, 고추, 빨간색, 생것, 식초, 감식초, 소금, 천일염, 가는소금, 마늘, 생것"
D054005,오이냉국(콩나물),국(탕)류,냉국류,"오이, 다다기, 생것, 콩나물, 삶은것, 양파, 생것, 고추, 풋고추, 생것, 식초, 감식초, 소금, 천일염, 가는소금, 마늘, 생것, 참깨, 흰색, 볶은것","메뉴명: 오이냉국(콩나물)
메뉴 대분류: 국(탕)류
메뉴 소분류: 냉국류
식재료: 오이, 다다기, 생것, 콩나물, 삶은것, 양파, 생것, 고추, 풋고추, 생것, 식초, 감식초, 소금, 천일염, 가는소금, 마늘, 생것, 참깨, 흰색, 볶은것"
D054006,초계탕,국(탕)류,냉국류,"닭고기, 영계, 삶은것, 달걀, 부침(달걀프라이), 호박, 애호박, 데친것, 표고버섯, 참나무재배, 말린것, 삶은것, 간장, 재래, 당근, 뿌리, 데친것, 식초, 양조, 생강, 뿌리줄기, 생것, 소금, 천일염, 가는소금, 겨자 페이스트, 밀, 중력밀가루, 마늘, 생것, 파, 대파, 생것, 후추, 검은색, 가루","메뉴명: 초계탕
메뉴 대분류: 국(탕)류
메뉴 소분류: 냉국류
식재료: 닭고기, 영계, 삶은것, 달걀, 부침(달걀프라이), 호박, 애호박, 데친것, 표고버섯, 참나무재배, 말린것, 삶은것, 간장, 재래, 당근, 뿌리, 데친것, 식초, 양조, 생강, 뿌리줄기, 생것, 소금, 천일염, 가는소금, 겨자 페이스트, 밀, 중력밀가루, 마늘, 생것, 파, 대파, 생것, 후추, 검은색, 가루"
D054011,닭가슴살냉국,국(탕)류,냉국류,"다시마, 말린것, 닭고기, 가슴, 생것, 오이, 취청, 생것, 소금, 천일염, 가는소금, 후추, 검은색, 가루, 마늘, 생것, 간장, 개량, 양조, 생수","메뉴명: 닭가슴살냉국
메뉴 대분류: 국(탕)류
메뉴 소분류: 냉국류
식재료: 다시마, 말린것, 닭고기, 가슴, 생것, 오이, 취청, 생것, 소금, 천일염, 가는소금, 후추, 검은색, 가루, 마늘, 생것, 간장, 개량, 양조, 생수"
D054012,들깨냉채,국(탕)류,냉국류,"오이, 취청, 생것, 토마토, 생것, 비타민채(다채), 어린잎, 생것, 고추, 빨간색, 생것, 간장, 개량, 양조, 생수, 식초, 감식초, 물엿, 들깨, 볶은것","메뉴명: 들깨냉채
메뉴 대분류: 국(탕)류
메뉴 소분류: 냉국류
식재료: 오이, 취청, 생것, 토마토, 생것, 비타민채(다채), 어린잎, 생것, 고추, 빨간색, 생것, 간장, 개량, 양조, 생수, 식초, 감식초, 물엿, 들깨, 볶은것"
D054013,삼색묵냉국,국(탕)류,냉국류,"도토리묵, 메밀묵, 녹두묵, 방울다다기양배추, 생것, 양파, 적색, 생것, 양파, 생것, 오이, 다다기, 생것, 당근, 뿌리, 생것, 아스파라거스, 생것, 파프리카, 노란색, 생것, 고추, 빨간색, 생것, 고추, 풋고추, 생것, 달걀, 생것, 목이버섯, 생것, 쑥갓, 생것, 무, 조선무, 생것, 다시마, 말린것, 멸치, 대멸치, 삶아서 말린것, 파, 대파, 생것, 마늘, 생것, 생강, 뿌리줄기, 생것, 소고기, 한우(1++등급), 양지, 생것, 생수, 미소, 들깨, 볶은것, 참깨, 흰색, 볶은것, 참깨, 검은색, 볶은것","메뉴명: 삼색묵냉국
메뉴 대분류: 국(탕)류
메뉴 소분류: 냉국류
식재료: 도토리묵, 메밀묵, 녹두묵, 방울다다기양배추, 생것, 양파, 적색, 생것, 양파, 생것, 오이, 다다기, 생것, 당근, 뿌리, 생것, 아스파라거스, 생것, 파프리카, 노란색, 생것, 고추, 빨간색, 생것, 고추, 풋고추, 생것, 달걀, 생것, 목이버섯, 생것, 쑥갓, 생것, 무, 조선무, 생것, 다시마, 말린것, 멸치, 대멸치, 삶아서 말린것, 파, 대파, 생것, 마늘, 생것, 생강, 뿌리줄기, 생것, 소고기, 한우(1++등급), 양지, 생것, 생수, 미소, 들깨, 볶은것, 참깨, 흰색, 볶은것, 참깨, 검은색, 볶은것"
D054014,코다리맑은탕,국(탕)류,냉국류,"명태, 코다리, 반건조, 무, 조선무, 생것, 감자, 대지, 생것, 양파, 생것, 고추, 청양고추, 생것, 미나리, 물미나리, 생것, 송이버섯, 생것, 참기름, 마늘, 다진것, 간장, 개량, 양조, 후추, 흰색, 가루","메뉴명: 코다리맑은탕
메뉴 대분류: 국(탕)류
메뉴 소분류: 냉국류
식재료: 명태, 코다리, 반건조, 무, 조선무, 생것, 감자, 대지, 생것, 양파, 생것, 고추, 청양고추, 생것, 미나리, 물미나리, 생것, 송이버섯, 생것, 참기름, 마늘, 다진것, 간장, 개량, 양조, 후추, 흰색, 가루"
D054015,콩나물냉국,국(탕)류,냉국류,"콩나물, 생것, 멸치 육수, 파, 대파, 생것, 마늘, 생것, 소금, 천일염, 가는소금","메뉴명: 콩나물냉국
메뉴 대분류: 국(탕)류
메뉴 소분류: 냉국류
식재료: 콩나물, 생것, 멸치 육수, 파, 대파, 생것, 마늘, 생것, 소금, 천일염, 가는소금"
D054016,냉도토리묵국,국(탕)류,냉국류,"도토리묵, 김치, 배추 김치, 멸치, 대멸치, 삶아서 말린것, 파, 쪽파, 생것, 간장, 개량, 양조, 참기름, 참깨, 흰색, 볶은것, 김, 참김, 말린것, 마늘, 다진것, 소금, 구운소금","메뉴명: 냉도토리묵국
메뉴 대분류: 국(탕)류
메뉴 소분류: 냉국류
식재료: 도토리묵, 김치, 배추 김치, 멸치, 대멸치, 삶아서 말린것, 파, 쪽파, 생것, 간장, 개량, 양조, 참기름, 참깨, 흰색, 볶은것, 김, 참김, 말린것, 마늘, 다진것, 소금, 구운소금"
D054017,도토리묵냉국,국(탕)류,냉국류,"도토리묵, 김치, 배추 김치, 오이, 취청, 생것, 양배추, 생것, 김, 참김, 구운것, 식초, 양조, 소금, 천일염, 가는소금, 매실청, 간장, 개량, 양조, 참기름, 다시마, 말린것, 멸치, 대멸치, 삶아서 말린것, 설탕, 백설탕","메뉴명: 도토리묵냉국
메뉴 대분류: 국(탕)류
메뉴 소분류: 냉국류
식재료: 도토리묵, 김치, 배추 김치, 오이, 취청, 생것, 양배추, 생것, 김, 참김, 구운것, 식초, 양조, 소금, 천일염, 가는소금, 매실청, 간장, 개량, 양조, 참기름, 다시마, 말린것, 멸치, 대멸치, 삶아서 말린것, 설탕, 백설탕"
D054018,도토리묵채국,국(탕)류,냉국류,"도토리묵, 김치, 배추 김치, 멸치, 대멸치, 삶아서 말린것, 파, 쪽파, 생것, 간장, 개량, 양조, 참기름, 참깨, 흰색, 볶은것, 김, 참김, 말린것, 마늘, 다진것, 소금, 구운소금","메뉴명: 도토리묵채국
메뉴 대분류: 국(탕)류
메뉴 소분류: 냉국류
식재료: 도토리묵, 김치, 배추 김치, 멸치, 대멸치, 삶아서 말린것, 파, 쪽파, 생것, 간장, 개량, 양조, 참기름, 참깨, 흰색, 볶은것, 김, 참김, 말린것, 마늘, 다진것, 소금, 구운소금"
D054019,상추오이냉국,국(탕)류,냉국류,"오이, 취청, 생것, 상추, 잎상추, 치마상추, 녹색, 생것, 식초, 사과식초, 설탕, 백설탕, 고춧가루, 간장, 개량, 양조, 다시마, 말린것, 멸치, 대멸치, 삶아서 말린것, 마늘, 생것, 소금, 천일염, 가는소금","메뉴명: 상추오이냉국
메뉴 대분류: 국(탕)류
메뉴 소분류: 냉국류
식재료: 오이, 취청, 생것, 상추, 잎상추, 치마상추, 녹색, 생것, 식초, 사과식초, 설탕, 백설탕, 고춧가루, 간장, 개량, 양조, 다시마, 말린것, 멸치, 대멸치, 삶아서 말린것, 마늘, 생것, 소금, 천일염, 가는소금"
D054020,수박미역냉국,국(탕)류,냉국류,"수박, 적육질, 생것, 오이, 취청, 생것, 식초, 사과식초, 미역, 말린것, 설탕, 백설탕, 간장, 개량, 양조, 다시마, 말린것, 멸치, 대멸치, 삶아서 말린것, 마늘, 생것, 소금, 천일염, 가는소금, 고춧가루","메뉴명: 수박미역냉국
메뉴 대분류: 국(탕)류
메뉴 소분류: 냉국류
식재료: 수박, 적육질, 생것, 오이, 취청, 생것, 식초, 사과식초, 미역, 말린것, 설탕, 백설탕, 간장, 개량, 양조, 다시마, 말린것, 멸치, 대멸치, 삶아서 말린것, 마늘, 생것, 소금, 천일염, 가는소금, 고춧가루"
D054021,참외오이냉국,국(탕)류,냉국류,"참외, 생것, 씨 제거, 오이, 취청, 생것, 식초, 사과식초, 설탕, 백설탕, 간장, 개량, 양조, 다시마, 말린것, 멸치, 대멸치, 삶아서 말린것, 마늘, 생것, 소금, 천일염, 가는소금, 고춧가루","메뉴명: 참외오이냉국
메뉴 대분류: 국(탕)류
메뉴 소분류: 냉국류
식재료: 참외, 생것, 씨 제거, 오이, 취청, 생것, 식초, 사과식초, 설탕, 백설탕, 간장, 개량, 양조, 다시마, 말린것, 멸치, 대멸치, 삶아서 말린것, 마늘, 생것, 소금, 천일염, 가는소금, 고춧가루"
D055001,감자스프,국(탕)류,기타,"스프, 크림 스프, 가루, 우유, 크림, 휘핑, 식물성, 버터, 무가염, 감자, 대지, 생것, 양파, 생것, 마늘, 생것, 후추, 흰색, 가루, 파슬리, 말린것","메뉴명: 감자스프
메뉴 대분류: 국(탕)류
메뉴 소분류: 기타
식재료: 스프, 크림 스프, 가루, 우유, 크림, 휘핑, 식물성, 버터, 무가염, 감자, 대지, 생것, 양파, 생것, 마늘, 생것, 후추, 흰색, 가루, 파슬리, 말린것"
D055002,당근스프,국(탕)류,기타,"스프, 크림 스프, 가루, 크림, 휘핑, 식물성, 우유, 버터, 무가염, 양파, 생것, 당근, 뿌리, 생것, 마늘, 생것, 후추, 흰색, 가루, 파슬리, 말린것","메뉴명: 당근스프
메뉴 대분류: 국(탕)류
메뉴 소분류: 기타
식재료: 스프, 크림 스프, 가루, 크림, 휘핑, 식물성, 우유, 버터, 무가염, 양파, 생것, 당근, 뿌리, 생것, 마늘, 생것, 후추, 흰색, 가루, 파슬리, 말린것"
D055003,백짬뽕국,국(탕)류,기타,"배추, 생것, 담치, 참담치(홍합), 생것, 양파, 생것, 오징어, 생것, 대나무순(죽순), 생것, 호박, 애호박, 생것, 간장, 개량, 양조, 새우, 꽃새우, 생것, 청경채, 생것, 부추, 솔부추, 생것, 당근, 뿌리, 생것, 파, 대파, 생것, 표고버섯, 배지재배, 생것, 마늘, 생것, 목이버섯, 말린것, 생강, 뿌리줄기, 생것, 소금, 천일염, 소금꽃, 후추, 검은색, 가루","메뉴명: 백짬뽕국
메뉴 대분류: 국(탕)류
메뉴 소분류: 기타
식재료: 배추, 생것, 담치, 참담치(홍합), 생것, 양파, 생것, 오징어, 생것, 대나무순(죽순), 생것, 호박, 애호박, 생것, 간장, 개량, 양조, 새우, 꽃새우, 생것, 청경채, 생것, 부추, 솔부추, 생것, 당근, 뿌리, 생것, 파, 대파, 생것, 표고버섯, 배지재배, 생것, 마늘, 생것, 목이버섯, 말린것, 생강, 뿌리줄기, 생것, 소금, 천일염, 소금꽃, 후추, 검은색, 가루"
D055004,양파스프,국(탕)류,기타,"양파, 생것, 스프, 크림 스프, 가루, 크림, 휘핑, 식물성, 우유, 버터, 무가염, 마늘, 생것, 후추, 흰색, 가루, 파슬리, 말린것","메뉴명: 양파스프
메뉴 대분류: 국(탕)류
메뉴 소분류: 기타
식재료: 양파, 생것, 스프, 크림 스프, 가루, 크림, 휘핑, 식물성, 우유, 버터, 무가염, 마늘, 생것, 후추, 흰색, 가루, 파슬리, 말린것"
D055005,장터국밥,국(탕)류,기타,"무청, 시래기, 말린것, 삶은것, 양지국물, 콩나물, 생것, 고춧가루, 된장, 개량, 소고기, 한우, 양지, 생것, 무, 조선무, 생것, 파, 대파, 생것, 참기름, 마늘, 생것","메뉴명: 장터국밥
메뉴 대분류: 국(탕)류
메뉴 소분류: 기타
식재료: 무청, 시래기, 말린것, 삶은것, 양지국물, 콩나물, 생것, 고춧가루, 된장, 개량, 소고기, 한우, 양지, 생것, 무, 조선무, 생것, 파, 대파, 생것, 참기름, 마늘, 생것"
D055006,해물짬뽕,국(탕)류,기타,"배추, 생것, 담치, 참담치(홍합), 생것, 양파, 생것, 오징어, 생것, 돼지고기, 앞다리(앞다리살), 생것, 대나무순(죽순), 생것, 호박, 애호박, 생것, 간장, 개량, 양조, 새우, 꽃새우, 생것, 청경채, 생것, 부추, 솔부추, 생것, 당근, 뿌리, 생것, 파, 대파, 생것, 표고버섯, 배지재배, 생것, 마늘, 생것, 목이버섯, 데친것, 생강, 뿌리줄기, 생것, 소금, 천일염, 소금꽃, 후추, 검은색, 가루","메뉴명: 해물짬뽕
메뉴 대분류: 국(탕)류
메뉴 소분류: 기타
식재료: 배추, 생것, 담치, 참담치(홍합), 생것, 양파, 생것, 오징어, 생것, 돼지고기, 앞다리(앞다리살), 생것, 대나무순(죽순), 생것, 호박, 애호박, 생것, 간장, 개량, 양조, 새우, 꽃새우, 생것, 청경채, 생것, 부추, 솔부추, 생것, 당근, 뿌리, 생것, 파, 대파, 생것, 표고버섯, 배지재배, 생것, 마늘, 생것, 목이버섯, 데친것, 생강, 뿌리줄기, 생것, 소금, 천일염, 소금꽃, 후추, 검은색, 가루"
D055007,고구마수프,국(탕)류,기타,"우유, 고구마, 점질(호박) 고구마, 생것, 양파, 생것, 밀, 중력밀가루, 버터, 무가염","메뉴명: 고구마수프
메뉴 대분류: 국(탕)류
메뉴 소분류: 기타
식재료: 우유, 고구마, 점질(호박) 고구마, 생것, 양파, 생것, 밀, 중력밀가루, 버터, 무가염"
D055008,마크림스프,국(탕)류,기타,"마, 단마, 생것, 우유, 스프, 크림 스프, 가루, 크림, 휘핑, 식물성, 양파, 생것, 버터, 무가염, 마늘, 생것, 후추, 흰색, 가루, 파슬리, 말린것","메뉴명: 마크림스프
메뉴 대분류: 국(탕)류
메뉴 소분류: 기타
식재료: 마, 단마, 생것, 우유, 스프, 크림 스프, 가루, 크림, 휘핑, 식물성, 양파, 생것, 버터, 무가염, 마늘, 생것, 후추, 흰색, 가루, 파슬리, 말린것"
D055009,버섯매운국,국(탕)류,기타,"두부, 배추, 생것, 느타리버섯, 생것, 양파, 생것, 팽이버섯, 생것, 무, 조선무, 생것, 호박, 애호박, 생것, 표고버섯, 배지재배, 생것, 고춧가루, 고추, 청양고추, 생것, 고추장, 개량, 간장, 개량, 양조, 쑥갓, 생것, 파, 대파, 생것, 다시마, 말린것, 명태, 북어, 말린것, 멸치, 대멸치, 삶아서 말린것, 새우, 꽃새우, 삶아서 말린것, 마늘, 생것, 소금, 천일염, 가는소금","메뉴명: 버섯매운국
메뉴 대분류: 국(탕)류
메뉴 소분류: 기타
식재료: 두부, 배추, 생것, 느타리버섯, 생것, 양파, 생것, 팽이버섯, 생것, 무, 조선무, 생것, 호박, 애호박, 생것, 표고버섯, 배지재배, 생것, 고춧가루, 고추, 청양고추, 생것, 고추장, 개량, 간장, 개량, 양조, 쑥갓, 생것, 파, 대파, 생것, 다시마, 말린것, 명태, 북어, 말린것, 멸치, 대멸치, 삶아서 말린것, 새우, 꽃새우, 삶아서 말린것, 마늘, 생것, 소금, 천일염, 가는소금"
D055010,소고기스프,국(탕)류,기타,"스프, 크림 스프, 가루, 크림, 휘핑, 식물성, 우유, 버터, 무가염, 소고기, 한우, 등심, 생것, 양파, 생것, 양배추, 생것, 셀러리, 생것, 당근, 뿌리, 생것, 마늘, 생것, 후추, 흰색, 가루, 파슬리, 말린것","메뉴명: 소고기스프
메뉴 대분류: 국(탕)류
메뉴 소분류: 기타
식재료: 스프, 크림 스프, 가루, 크림, 휘핑, 식물성, 우유, 버터, 무가염, 소고기, 한우, 등심, 생것, 양파, 생것, 양배추, 생것, 셀러리, 생것, 당근, 뿌리, 생것, 마늘, 생것, 후추, 흰색, 가루, 파슬리, 말린것"
D055011,양송이스프,국(탕)류,기타,"스프, 양송이 스프, 가루, 크림, 휘핑, 식물성, 우유, 버터, 무가염, 양송이버섯, 생것, 양파, 생것, 마늘, 생것, 후추, 흰색, 가루, 파슬리, 말린것","메뉴명: 양송이스프
메뉴 대분류: 국(탕)류
메뉴 소분류: 기타
식재료: 스프, 양송이 스프, 가루, 크림, 휘핑, 식물성, 우유, 버터, 무가염, 양송이버섯, 생것, 양파, 생것, 마늘, 생것, 후추, 흰색, 가루, 파슬리, 말린것"
D055012,옥수수스프,국(탕)류,기타,"옥수수, 단옥수수, 삶은것, 양파, 생것, 옥수수, 통조림, 가당, 스프, 크림 스프, 가루, 우유, 후추, 흰색, 가루, 파슬리, 말린것","메뉴명: 옥수수스프
메뉴 대분류: 국(탕)류
메뉴 소분류: 기타
식재료: 옥수수, 단옥수수, 삶은것, 양파, 생것, 옥수수, 통조림, 가당, 스프, 크림 스프, 가루, 우유, 후추, 흰색, 가루, 파슬리, 말린것"
D055013,짬뽕순두부,국(탕)류,기타,"두부, 순두부, 오징어, 생것, 양파, 생것, 굴 소스, 호박, 애호박, 생것, 양배추, 생것, 당근, 뿌리, 생것, 담치, 참담치(홍합), 생것, 부추, 솔부추, 생것, 간장, 개량, 양조, 파, 대파, 생것, 마늘, 생것, 목이버섯, 데친것, 참기름","메뉴명: 짬뽕순두부
메뉴 대분류: 국(탕)류
메뉴 소분류: 기타
식재료: 두부, 순두부, 오징어, 생것, 양파, 생것, 굴 소스, 호박, 애호박, 생것, 양배추, 생것, 당근, 뿌리, 생것, 담치, 참담치(홍합), 생것, 부추, 솔부추, 생것, 간장, 개량, 양조, 파, 대파, 생것, 마늘, 생것, 목이버섯, 데친것, 참기름"
D055014,홍합해장국,국(탕)류,기타,"담치, 참담치(홍합), 생것, 달걀, 생것, 부추, 솔부추, 생것, 고추장, 개량, 큰느타리버섯(새송이버섯), 생것, 밀, 중력밀가루, 고춧가루, 마늘, 다진것, 소금, 천일염, 소금꽃","메뉴명: 홍합해장국
메뉴 대분류: 국(탕)류
메뉴 소분류: 기타
식재료: 담치, 참담치(홍합), 생것, 달걀, 생것, 부추, 솔부추, 생것, 고추장, 개량, 큰느타리버섯(새송이버섯), 생것, 밀, 중력밀가루, 고춧가루, 마늘, 다진것, 소금, 천일염, 소금꽃"
D055015,감자양파스프,국(탕)류,기타,"사과 주스, 우유, 감자, 대지, 생것, 양파, 생것, 버터, 무가염, 소금, 천일염, 가는소금, 파슬리, 말린것, 후추, 흰색, 가루","메뉴명: 감자양파스프
메뉴 대분류: 국(탕)류
메뉴 소분류: 기타
식재료: 사과 주스, 우유, 감자, 대지, 생것, 양파, 생것, 버터, 무가염, 소금, 천일염, 가는소금, 파슬리, 말린것, 후추, 흰색, 가루"
D055016,감자크림스프,국(탕)류,기타,"스프, 크림 스프, 가루, 감자, 대지, 생것, 크림, 휘핑, 식물성, 우유, 버터, 무가염, 양파, 생것, 마늘, 생것, 후추, 흰색, 가루, 파슬리, 말린것","메뉴명: 감자크림스프
메뉴 대분류: 국(탕)류
메뉴 소분류: 기타
식재료: 스프, 크림 스프, 가루, 감자, 대지, 생것, 크림, 휘핑, 식물성, 우유, 버터, 무가염, 양파, 생것, 마늘, 생것, 후추, 흰색, 가루, 파슬리, 말린것"
D055017,당근크림스프,국(탕)류,기타,"스프, 크림 스프, 가루, 양파, 생것, 버터, 무가염, 마늘, 생것, 당근, 뿌리, 생것, 후추, 흰색, 가루, 파슬리, 말린것","메뉴명: 당근크림스프
메뉴 대분류: 국(탕)류
메뉴 소분류: 기타
식재료: 스프, 크림 스프, 가루, 양파, 생것, 버터, 무가염, 마늘, 생것, 당근, 뿌리, 생것, 후추, 흰색, 가루, 파슬리, 말린것"
D055018,브로콜리스프,국(탕)류,기타,"스프, 크림 스프, 가루, 크림, 휘핑, 식물성, 우유, 브로콜리, 생것, 버터, 무가염, 양파, 생것, 마늘, 생것, 후추, 흰색, 가루, 파슬리, 말린것","메뉴명: 브로콜리스프
메뉴 대분류: 국(탕)류
메뉴 소분류: 기타
식재료: 스프, 크림 스프, 가루, 크림, 휘핑, 식물성, 우유, 브로콜리, 생것, 버터, 무가염, 양파, 생것, 마늘, 생것, 후추, 흰색, 가루, 파슬리, 말린것"
D055019,아브고레모노,국(탕)류,기타,"달걀, 생것, 닭고기, 다리(넓적다리), 삶은것, 닭 육수, 레몬, 생것, 소금, 구운소금, 파슬리, 말린것, 후추, 흰색, 가루","메뉴명: 아브고레모노
메뉴 대분류: 국(탕)류
메뉴 소분류: 기타
식재료: 달걀, 생것, 닭고기, 다리(넓적다리), 삶은것, 닭 육수, 레몬, 생것, 소금, 구운소금, 파슬리, 말린것, 후추, 흰색, 가루"
D055020,우유감자스프,국(탕)류,기타,"스프, 크림 스프, 가루, 우유, 크림, 휘핑, 식물성, 버터, 무가염, 감자, 대지, 생것, 양파, 생것, 마늘, 생것, 후추, 흰색, 가루, 파슬리, 말린것","메뉴명: 우유감자스프
메뉴 대분류: 국(탕)류
메뉴 소분류: 기타
식재료: 스프, 크림 스프, 가루, 우유, 크림, 휘핑, 식물성, 버터, 무가염, 감자, 대지, 생것, 양파, 생것, 마늘, 생것, 후추, 흰색, 가루, 파슬리, 말린것"
D055021,흑미크림수프,국(탕)류,기타,"우유, 찹쌀, 현미, 흑미, 생것, 크림, 생크림, 양파, 생것, 베이컨, 치즈, 파르메산(파마산), 버터, 무가염, 소금, 천일염, 가는소금, 후추, 흰색, 가루","메뉴명: 흑미크림수프
메뉴 대분류: 국(탕)류
메뉴 소분류: 기타
식재료: 우유, 찹쌀, 현미, 흑미, 생것, 크림, 생크림, 양파, 생것, 베이컨, 치즈, 파르메산(파마산), 버터, 무가염, 소금, 천일염, 가는소금, 후추, 흰색, 가루"
D055022,시금치감자수프,국(탕)류,기타,"시금치, 생것, 감자, 대지, 생것, 우유, 멥쌀, 백미, 밥, 크림, 생크림, 양파, 생것, 잣, 볶은것, 소금, 천일염, 가는소금, 버터, 무가염","메뉴명: 시금치감자수프
메뉴 대분류: 국(탕)류
메뉴 소분류: 기타
식재료: 시금치, 생것, 감자, 대지, 생것, 우유, 멥쌀, 백미, 밥, 크림, 생크림, 양파, 생것, 잣, 볶은것, 소금, 천일염, 가는소금, 버터, 무가염"
D055023,옥수수크림스프,국(탕)류,기타,"스프, 크림 스프, 가루, 크림, 휘핑, 식물성, 우유, 양파, 생것, 옥수수, 통조림, 가당, 버터, 무가염, 마늘, 생것, 후추, 흰색, 가루, 파슬리, 말린것","메뉴명: 옥수수크림스프
메뉴 대분류: 국(탕)류
메뉴 소분류: 기타
식재료: 스프, 크림 스프, 가루, 크림, 휘핑, 식물성, 우유, 양파, 생것, 옥수수, 통조림, 가당, 버터, 무가염, 마늘, 생것, 후추, 흰색, 가루, 파슬리, 말린것"
D055024,차돌박이짬뽕국,국(탕)류,기타,"소고기, 한우, 양지, 생것, 배추, 생것, 담치, 참담치(홍합), 생것, 양파, 생것, 오징어, 생것, 대나무순(죽순), 생것, 호박, 애호박, 생것, 간장, 개량, 양조, 새우, 꽃새우, 생것, 청경채, 생것, 부추, 솔부추, 생것, 당근, 뿌리, 생것, 파, 대파, 생것, 표고버섯, 배지재배, 생것, 마늘, 생것, 목이버섯, 데친것, 생강, 뿌리줄기, 생것, 소금, 천일염, 소금꽃, 후추, 검은색, 가루","메뉴명: 차돌박이짬뽕국
메뉴 대분류: 국(탕)류
메뉴 소분류: 기타
식재료: 소고기, 한우, 양지, 생것, 배추, 생것, 담치, 참담치(홍합), 생것, 양파, 생것, 오징어, 생것, 대나무순(죽순), 생것, 호박, 애호박, 생것, 간장, 개량, 양조, 새우, 꽃새우, 생것, 청경채, 생것, 부추, 솔부추, 생것, 당근, 뿌리, 생것, 파, 대파, 생것, 표고버섯, 배지재배, 생것, 마늘, 생것, 목이버섯, 데친것, 생강, 뿌리줄기, 생것, 소금, 천일염, 소금꽃, 후추, 검은색, 가루"
D055025,크루통감자수프,국(탕)류,기타,"우유, 감자, 대지, 생것, 빵, 식빵, 우유, 양파, 생것, 소금, 천일염, 가는소금, 버터, 무가염","메뉴명: 크루통감자수프
메뉴 대분류: 국(탕)류
메뉴 소분류: 기타
식재료: 우유, 감자, 대지, 생것, 빵, 식빵, 우유, 양파, 생것, 소금, 천일염, 가는소금, 버터, 무가염"
D055026,토마토채소수프,국(탕)류,기타,"양배추, 생것, 토마토, 생것, 토마토, 통조림, 페이스트, 셀러리, 생것, 양파, 생것, 당근, 뿌리, 생것, 파, 대파, 생것, 양송이버섯, 생것, 마늘, 다진것, 올리브유, 소금, 구운소금, 파슬리, 말린것, 월계수, 잎, 말린것, 후추, 검은색, 가루, 오레가노, 말린것","메뉴명: 토마토채소수프
메뉴 대분류: 국(탕)류
메뉴 소분류: 기타
식재료: 양배추, 생것, 토마토, 생것, 토마토, 통조림, 페이스트, 셀러리, 생것, 양파, 생것, 당근, 뿌리, 생것, 파, 대파, 생것, 양송이버섯, 생것, 마늘, 다진것, 올리브유, 소금, 구운소금, 파슬리, 말린것, 월계수, 잎, 말린것, 후추, 검은색, 가루, 오레가노, 말린것"
D055027,해물토마토스튜,국(탕)류,기타,"생수, 사과, 생것, 토마토, 통조림, 퓌레, 토마토, 통조림, 페이스트, 우스터 소스, 담치, 참담치(홍합), 생것, 양파, 생것, 오징어, 생것, 당근, 뿌리, 생것, 새우, 꽃새우, 생것, 마늘, 생것, 밀, 중력밀가루, 버터, 무가염, 후추, 흰색, 가루, 소금, 천일염, 가는소금, 정향, 가루, 월계수, 잎, 말린것","메뉴명: 해물토마토스튜
메뉴 대분류: 국(탕)류
메뉴 소분류: 기타
식재료: 생수, 사과, 생것, 토마토, 통조림, 퓌레, 토마토, 통조림, 페이스트, 우스터 소스, 담치, 참담치(홍합), 생것, 양파, 생것, 오징어, 생것, 당근, 뿌리, 생것, 새우, 꽃새우, 생것, 마늘, 생것, 밀, 중력밀가루, 버터, 무가염, 후추, 흰색, 가루, 소금, 천일염, 가는소금, 정향, 가루, 월계수, 잎, 말린것"
D055028,브로콜리감자스프,국(탕)류,기타,"스프, 크림 스프, 가루, 우유, 브로콜리, 생것, 크림, 휘핑, 식물성, 버터, 무가염, 감자, 대지, 생것, 양파, 생것, 마늘, 생것, 후추, 흰색, 가루, 파슬리, 말린것","메뉴명: 브로콜리감자스프
메뉴 대분류: 국(탕)류
메뉴 소분류: 기타
식재료: 스프, 크림 스프, 가루, 우유, 브로콜리, 생것, 크림, 휘핑, 식물성, 버터, 무가염, 감자, 대지, 생것, 양파, 생것, 마늘, 생것, 후추, 흰색, 가루, 파슬리, 말린것"
D055029,브로콜리크림스프,국(탕)류,기타,"스프, 크림 스프, 가루, 크림, 휘핑, 식물성, 우유, 브로콜리, 생것, 버터, 무가염, 양파, 생것, 소금, 천일염, 소금꽃, 후추, 흰색, 가루, 파슬리, 말린것","메뉴명: 브로콜리크림스프
메뉴 대분류: 국(탕)류
메뉴 소분류: 기타
식재료: 스프, 크림 스프, 가루, 크림, 휘핑, 식물성, 우유, 브로콜리, 생것, 버터, 무가염, 양파, 생것, 소금, 천일염, 소금꽃, 후추, 흰색, 가루, 파슬리, 말린것"
D055030,스위트콘크림스프,국(탕)류,기타,"스프, 크림 스프, 가루, 양파, 생것, 옥수수, 통조림, 가당, 크림, 휘핑, 식물성, 우유, 버터, 무가염, 마늘, 생것, 후추, 흰색, 가루, 파슬리, 말린것","메뉴명: 스위트콘크림스프
메뉴 대분류: 국(탕)류
메뉴 소분류: 기타
식재료: 스프, 크림 스프, 가루, 양파, 생것, 옥수수, 통조림, 가당, 크림, 휘핑, 식물성, 우유, 버터, 무가염, 마늘, 생것, 후추, 흰색, 가루, 파슬리, 말린것"
D055031,토마소소고기스튜,국(탕)류,기타,"생수, 소고기, 한우, 등심, 생것, 사과, 생것, 토마토, 통조림, 토마토, 통조림, 페이스트, 우스터 소스, 양파, 생것, 당근, 뿌리, 생것, 밀, 중력밀가루, 셀러리, 생것, 버터, 무가염, 마늘, 생것, 후추, 흰색, 가루, 소금, 천일염, 가는소금, 정향, 가루, 월계수, 잎, 말린것","메뉴명: 토마소소고기스튜
메뉴 대분류: 국(탕)류
메뉴 소분류: 기타
식재료: 생수, 소고기, 한우, 등심, 생것, 사과, 생것, 토마토, 통조림, 토마토, 통조림, 페이스트, 우스터 소스, 양파, 생것, 당근, 뿌리, 생것, 밀, 중력밀가루, 셀러리, 생것, 버터, 무가염, 마늘, 생것, 후추, 흰색, 가루, 소금, 천일염, 가는소금, 정향, 가루, 월계수, 잎, 말린것"
D061001,가자미매운탕(고추장),찌개류,어패류찌개,"가자미, 생것, 무, 조선무, 생것, 콩나물, 삶은것, 간장, 재래, 고추, 풋고추, 생것, 쑥갓, 데친것, 고추장, 개량, 마늘, 생것, 파, 대파, 생것, 고춧가루","메뉴명: 가자미매운탕(고추장)
메뉴 대분류: 찌개류
메뉴 소분류: 어패류찌개
식재료: 가자미, 생것, 무, 조선무, 생것, 콩나물, 삶은것, 간장, 재래, 고추, 풋고추, 생것, 쑥갓, 데친것, 고추장, 개량, 마늘, 생것, 파, 대파, 생것, 고춧가루"
D061002,갈치찌개(고추장),찌개류,어패류찌개,"갈치, 생것, 무, 조선무, 생것, 두부, 고추장, 개량, 간장, 재래, 쑥갓, 데친것, 파, 대파, 생것, 고춧가루, 마늘, 생것, 소금, 천일염, 가는소금","메뉴명: 갈치찌개(고추장)
메뉴 대분류: 찌개류
메뉴 소분류: 어패류찌개
식재료: 갈치, 생것, 무, 조선무, 생것, 두부, 고추장, 개량, 간장, 재래, 쑥갓, 데친것, 파, 대파, 생것, 고춧가루, 마늘, 생것, 소금, 천일염, 가는소금"
D061003,게맛살찌개(고추장),찌개류,어패류찌개,"게맛살, 어육함량이 낮은것, 무, 조선무, 생것, 두부, 고추장, 개량, 간장, 재래, 쑥갓, 데친것, 파, 대파, 생것, 고춧가루, 마늘, 생것, 소금, 천일염, 가는소금","메뉴명: 게맛살찌개(고추장)
메뉴 대분류: 찌개류
메뉴 소분류: 어패류찌개
식재료: 게맛살, 어육함량이 낮은것, 무, 조선무, 생것, 두부, 고추장, 개량, 간장, 재래, 쑥갓, 데친것, 파, 대파, 생것, 고춧가루, 마늘, 생것, 소금, 천일염, 가는소금"
D061004,"고등어찌개(고추장, 된장)",찌개류,어패류찌개,"고등어, 삶은것, 무, 조선무, 생것, 고추장, 개량, 된장, 개량, 마늘, 생것, 파, 대파, 생것, 고춧가루, 생강, 뿌리줄기, 생것, 소금, 천일염, 가는소금","메뉴명: 고등어찌개(고추장, 된장)
메뉴 대분류: 찌개류
메뉴 소분류: 어패류찌개
식재료: 고등어, 삶은것, 무, 조선무, 생것, 고추장, 개량, 된장, 개량, 마늘, 생것, 파, 대파, 생것, 고춧가루, 생강, 뿌리줄기, 생것, 소금, 천일염, 가는소금"
D061005,광어찌개(고추장),찌개류,어패류찌개,"넙치(광어), 생것, 쑥갓, 데친것, 무, 조선무, 생것, 두부, 고추장, 개량, 간장, 재래, 파, 대파, 생것, 고춧가루, 마늘, 생것, 소금, 천일염, 가는소금","메뉴명: 광어찌개(고추장)
메뉴 대분류: 찌개류
메뉴 소분류: 어패류찌개
식재료: 넙치(광어), 생것, 쑥갓, 데친것, 무, 조선무, 생것, 두부, 고추장, 개량, 간장, 재래, 파, 대파, 생것, 고춧가루, 마늘, 생것, 소금, 천일염, 가는소금"
D061006,꽁치찌개(고추장),찌개류,어패류찌개,"꽁치, 구운것, 두부, 무, 조선무, 생것, 고추장, 개량, 쑥갓, 데친것, 파, 대파, 생것, 간장, 재래, 고춧가루, 마늘, 생것, 소금, 천일염, 가는소금","메뉴명: 꽁치찌개(고추장)
메뉴 대분류: 찌개류
메뉴 소분류: 어패류찌개
식재료: 꽁치, 구운것, 두부, 무, 조선무, 생것, 고추장, 개량, 쑥갓, 데친것, 파, 대파, 생것, 간장, 재래, 고춧가루, 마늘, 생것, 소금, 천일염, 가는소금"
D061007,꽃게찌개(고추장),찌개류,어패류찌개,"게, 꽃게, 찐것, 무, 조선무, 생것, 두부, 고추장, 개량, 간장, 재래, 쑥갓, 데친것, 파, 대파, 생것, 고춧가루, 마늘, 생것, 소금, 천일염, 가는소금","메뉴명: 꽃게찌개(고추장)
메뉴 대분류: 찌개류
메뉴 소분류: 어패류찌개
식재료: 게, 꽃게, 찐것, 무, 조선무, 생것, 두부, 고추장, 개량, 간장, 재래, 쑥갓, 데친것, 파, 대파, 생것, 고춧가루, 마늘, 생것, 소금, 천일염, 가는소금"
D061008,낙지찌개(고추장),찌개류,어패류찌개,"낙지, 세발낙지, 생것, 두부, 무, 조선무, 생것, 미더덕, 생것, 당근, 뿌리, 데친것, 소고기, 한우, 양지, 삶은것, 쑥갓, 데친것, 고추장, 개량, 파, 쪽파, 생것, 고춧가루, 마늘, 생것, 소금, 천일염, 가는소금","메뉴명: 낙지찌개(고추장)
메뉴 대분류: 찌개류
메뉴 소분류: 어패류찌개
식재료: 낙지, 세발낙지, 생것, 두부, 무, 조선무, 생것, 미더덕, 생것, 당근, 뿌리, 데친것, 소고기, 한우, 양지, 삶은것, 쑥갓, 데친것, 고추장, 개량, 파, 쪽파, 생것, 고춧가루, 마늘, 생것, 소금, 천일염, 가는소금"
D061009,넙치찌개(고추장),찌개류,어패류찌개,"넙치(광어), 생것, 무, 조선무, 생것, 두부, 고추장, 개량, 간장, 재래, 쑥갓, 데친것, 파, 대파, 생것, 고춧가루, 마늘, 생것, 소금, 천일염, 가는소금","메뉴명: 넙치찌개(고추장)
메뉴 대분류: 찌개류
메뉴 소분류: 어패류찌개
식재료: 넙치(광어), 생것, 무, 조선무, 생것, 두부, 고추장, 개량, 간장, 재래, 쑥갓, 데친것, 파, 대파, 생것, 고춧가루, 마늘, 생것, 소금, 천일염, 가는소금"
D061010,"대구매운탕(고추장, 된장)",찌개류,어패류찌개,"대구, 구운것, 무, 조선무, 생것, 두부, 고추장, 개량, 된장, 개량, 마늘, 생것, 파, 대파, 생것, 고춧가루, 소금, 천일염, 가는소금","메뉴명: 대구매운탕(고추장, 된장)
메뉴 대분류: 찌개류
메뉴 소분류: 어패류찌개
식재료: 대구, 구운것, 무, 조선무, 생것, 두부, 고추장, 개량, 된장, 개량, 마늘, 생것, 파, 대파, 생것, 고춧가루, 소금, 천일염, 가는소금"
D061011,대구찌개(고추장),찌개류,어패류찌개,"대구, 구운것, 무, 조선무, 생것, 두부, 고추장, 개량, 간장, 재래, 쑥갓, 데친것, 파, 대파, 생것, 고춧가루, 마늘, 생것, 소금, 천일염, 가는소금","메뉴명: 대구찌개(고추장)
메뉴 대분류: 찌개류
메뉴 소분류: 어패류찌개
식재료: 대구, 구운것, 무, 조선무, 생것, 두부, 고추장, 개량, 간장, 재래, 쑥갓, 데친것, 파, 대파, 생것, 고춧가루, 마늘, 생것, 소금, 천일염, 가는소금"
D061012,대합찌개(고추장),찌개류,어패류찌개,"대합, 북방대합, 생것, 무, 조선무, 생것, 두부, 고추장, 개량, 간장, 재래, 쑥갓, 데친것, 파, 대파, 생것, 고춧가루, 마늘, 생것, 소금, 천일염, 가는소금","메뉴명: 대합찌개(고추장)
메뉴 대분류: 찌개류
메뉴 소분류: 어패류찌개
식재료: 대합, 북방대합, 생것, 무, 조선무, 생것, 두부, 고추장, 개량, 간장, 재래, 쑥갓, 데친것, 파, 대파, 생것, 고춧가루, 마늘, 생것, 소금, 천일염, 가는소금"
D061013,도루묵찌개(고추장),찌개류,어패류찌개,"도루묵, 생것, 무, 조선무, 생것, 두부, 고추장, 개량, 간장, 재래, 쑥갓, 데친것, 파, 대파, 생것, 고춧가루, 마늘, 생것, 소금, 천일염, 가는소금","메뉴명: 도루묵찌개(고추장)
메뉴 대분류: 찌개류
메뉴 소분류: 어패류찌개
식재료: 도루묵, 생것, 무, 조선무, 생것, 두부, 고추장, 개량, 간장, 재래, 쑥갓, 데친것, 파, 대파, 생것, 고춧가루, 마늘, 생것, 소금, 천일염, 가는소금"
D061014,도미찌개(고추장),찌개류,어패류찌개,"돔, 참돔, 삶은것, 두부, 무, 조선무, 생것, 고추장, 개량, 쑥갓, 데친것, 간장, 재래, 파, 대파, 생것, 고춧가루, 마늘, 생것, 소금, 천일염, 가는소금","메뉴명: 도미찌개(고추장)
메뉴 대분류: 찌개류
메뉴 소분류: 어패류찌개
식재료: 돔, 참돔, 삶은것, 두부, 무, 조선무, 생것, 고추장, 개량, 쑥갓, 데친것, 간장, 재래, 파, 대파, 생것, 고춧가루, 마늘, 생것, 소금, 천일염, 가는소금"
D061015,동태매운탕(고추장),찌개류,어패류찌개,"명태, 동태, 냉동, 무, 조선무, 생것, 양파, 데친것, 콩나물, 삶은것, 고추장, 개량, 쑥갓, 데친것, 미나리, 물미나리, 데친것, 고춧가루, 소금, 천일염, 가는소금, 마늘, 생것","메뉴명: 동태매운탕(고추장)
메뉴 대분류: 찌개류
메뉴 소분류: 어패류찌개
식재료: 명태, 동태, 냉동, 무, 조선무, 생것, 양파, 데친것, 콩나물, 삶은것, 고추장, 개량, 쑥갓, 데친것, 미나리, 물미나리, 데친것, 고춧가루, 소금, 천일염, 가는소금, 마늘, 생것"
D061016,동태찌개(고추장),찌개류,어패류찌개,"명태, 동태, 냉동, 두부, 무, 조선무, 생것, 고추장, 개량, 양파, 데친것, 파, 대파, 생것, 마늘, 생것, 고춧가루, 생강, 뿌리줄기, 생것, 소금, 천일염, 가는소금","메뉴명: 동태찌개(고추장)
메뉴 대분류: 찌개류
메뉴 소분류: 어패류찌개
식재료: 명태, 동태, 냉동, 두부, 무, 조선무, 생것, 고추장, 개량, 양파, 데친것, 파, 대파, 생것, 마늘, 생것, 고춧가루, 생강, 뿌리줄기, 생것, 소금, 천일염, 가는소금"
D061017,"동태찌개(고추장, 간장)",찌개류,어패류찌개,"명태, 구운것, 두부, 무, 조선무, 생것, 고추장, 개량, 마늘, 생것, 쑥갓, 데친것, 간장, 재래, 파, 대파, 생것, 고춧가루, 소금, 천일염, 가는소금","메뉴명: 동태찌개(고추장, 간장)
메뉴 대분류: 찌개류
메뉴 소분류: 어패류찌개
식재료: 명태, 구운것, 두부, 무, 조선무, 생것, 고추장, 개량, 마늘, 생것, 쑥갓, 데친것, 간장, 재래, 파, 대파, 생것, 고춧가루, 소금, 천일염, 가는소금"
D061018,"동태찌개(고추장, 된장)",찌개류,어패류찌개,"명태, 동태, 냉동, 두부, 무, 조선무, 생것, 양파, 데친것, 고추장, 개량, 된장, 개량, 파, 대파, 생것, 마늘, 생것, 고춧가루, 생강, 뿌리줄기, 생것, 소금, 천일염, 가는소금","메뉴명: 동태찌개(고추장, 된장)
메뉴 대분류: 찌개류
메뉴 소분류: 어패류찌개
식재료: 명태, 동태, 냉동, 두부, 무, 조선무, 생것, 양파, 데친것, 고추장, 개량, 된장, 개량, 파, 대파, 생것, 마늘, 생것, 고춧가루, 생강, 뿌리줄기, 생것, 소금, 천일염, 가는소금"
D061019,망둑어찌개(고추장),찌개류,어패류찌개,"문절망둑, 생것, 두부, 무, 조선무, 생것, 고추장, 개량, 쑥갓, 데친것, 간장, 재래, 파, 대파, 생것, 고춧가루, 마늘, 생것, 소금, 천일염, 가는소금","메뉴명: 망둑어찌개(고추장)
메뉴 대분류: 찌개류
메뉴 소분류: 어패류찌개
식재료: 문절망둑, 생것, 두부, 무, 조선무, 생것, 고추장, 개량, 쑥갓, 데친것, 간장, 재래, 파, 대파, 생것, 고춧가루, 마늘, 생것, 소금, 천일염, 가는소금"
D061020,"메기매운탕(고추장, 된장)",찌개류,어패류찌개,"메기, 생것, 무, 조선무, 생것, 쑥갓, 데친것, 미나리, 물미나리, 데친것, 파, 대파, 생것, 된장, 개량, 고추장, 개량, 고춧가루, 마늘, 생것, 소금, 천일염, 가는소금, 후추, 검은색, 가루","메뉴명: 메기매운탕(고추장, 된장)
메뉴 대분류: 찌개류
메뉴 소분류: 어패류찌개
식재료: 메기, 생것, 무, 조선무, 생것, 쑥갓, 데친것, 미나리, 물미나리, 데친것, 파, 대파, 생것, 된장, 개량, 고추장, 개량, 고춧가루, 마늘, 생것, 소금, 천일염, 가는소금, 후추, 검은색, 가루"
D061021,"명태찌개(고추장, 된장)",찌개류,어패류찌개,"콩나물, 삶은것, 명태, 생것, 대합, 북방대합, 생것, 무, 조선무, 생것, 고추장, 개량, 된장, 개량, 양파, 데친것, 파, 대파, 생것, 소금, 천일염, 가는소금, 고춧가루, 마늘, 생것","메뉴명: 명태찌개(고추장, 된장)
메뉴 대분류: 찌개류
메뉴 소분류: 어패류찌개
식재료: 콩나물, 삶은것, 명태, 생것, 대합, 북방대합, 생것, 무, 조선무, 생것, 고추장, 개량, 된장, 개량, 양파, 데친것, 파, 대파, 생것, 소금, 천일염, 가는소금, 고춧가루, 마늘, 생것"
D061022,미꾸라지매운탕,찌개류,어패류찌개,"미꾸리, 생것, 두부, 토란대, 줄기, 생것, 콩나물, 삶은것, 양파, 데친것, 미나리, 물미나리, 데친것, 쑥갓, 데친것, 간장, 재래, 고춧가루, 소금, 천일염, 가는소금, 마늘, 생것, 참기름","메뉴명: 미꾸라지매운탕
메뉴 대분류: 찌개류
메뉴 소분류: 어패류찌개
식재료: 미꾸리, 생것, 두부, 토란대, 줄기, 생것, 콩나물, 삶은것, 양파, 데친것, 미나리, 물미나리, 데친것, 쑥갓, 데친것, 간장, 재래, 고춧가루, 소금, 천일염, 가는소금, 마늘, 생것, 참기름"
D061023,민어찌개(고추장),찌개류,어패류찌개,"민어, 생것, 무, 조선무, 생것, 두부, 고추장, 개량, 간장, 재래, 쑥갓, 데친것, 파, 대파, 생것, 고춧가루, 마늘, 생것, 소금, 천일염, 가는소금","메뉴명: 민어찌개(고추장)
메뉴 대분류: 찌개류
메뉴 소분류: 어패류찌개
식재료: 민어, 생것, 무, 조선무, 생것, 두부, 고추장, 개량, 간장, 재래, 쑥갓, 데친것, 파, 대파, 생것, 고춧가루, 마늘, 생것, 소금, 천일염, 가는소금"
D061024,바지락찌개(고추장),찌개류,어패류찌개,"바지락, 생것, 무, 조선무, 생것, 두부, 고추장, 개량, 간장, 재래, 쑥갓, 데친것, 파, 대파, 생것, 고춧가루, 마늘, 생것, 소금, 천일염, 가는소금","메뉴명: 바지락찌개(고추장)
메뉴 대분류: 찌개류
메뉴 소분류: 어패류찌개
식재료: 바지락, 생것, 무, 조선무, 생것, 두부, 고추장, 개량, 간장, 재래, 쑥갓, 데친것, 파, 대파, 생것, 고춧가루, 마늘, 생것, 소금, 천일염, 가는소금"
D061025,방어찌개(고추장),찌개류,어패류찌개,"방어, 생것, 무, 조선무, 생것, 두부, 고추장, 개량, 간장, 재래, 쑥갓, 데친것, 파, 대파, 생것, 고춧가루, 마늘, 생것, 소금, 천일염, 가는소금","메뉴명: 방어찌개(고추장)
메뉴 대분류: 찌개류
메뉴 소분류: 어패류찌개
식재료: 방어, 생것, 무, 조선무, 생것, 두부, 고추장, 개량, 간장, 재래, 쑥갓, 데친것, 파, 대파, 생것, 고춧가루, 마늘, 생것, 소금, 천일염, 가는소금"
D061026,뱅어찌개(고추장),찌개류,어패류찌개,"뱅어, 생것, 무, 조선무, 생것, 두부, 고추장, 개량, 간장, 재래, 쑥갓, 데친것, 파, 대파, 생것, 고춧가루, 마늘, 생것, 소금, 천일염, 가는소금","메뉴명: 뱅어찌개(고추장)
메뉴 대분류: 찌개류
메뉴 소분류: 어패류찌개
식재료: 뱅어, 생것, 무, 조선무, 생것, 두부, 고추장, 개량, 간장, 재래, 쑥갓, 데친것, 파, 대파, 생것, 고춧가루, 마늘, 생것, 소금, 천일염, 가는소금"
D061027,병어찌개(고추장),찌개류,어패류찌개,"병어, 생것, 두부, 무, 조선무, 생것, 고추장, 개량, 쑥갓, 데친것, 간장, 재래, 파, 대파, 생것, 고춧가루, 마늘, 생것, 소금, 천일염, 가는소금","메뉴명: 병어찌개(고추장)
메뉴 대분류: 찌개류
메뉴 소분류: 어패류찌개
식재료: 병어, 생것, 두부, 무, 조선무, 생것, 고추장, 개량, 쑥갓, 데친것, 간장, 재래, 파, 대파, 생것, 고춧가루, 마늘, 생것, 소금, 천일염, 가는소금"
D061028,복매운탕(고추장),찌개류,어패류찌개,"복어, 검복, 생것, 두부, 무, 조선무, 생것, 콩나물, 삶은것, 고추장, 개량, 미나리, 물미나리, 데친것, 쑥갓, 데친것, 파, 쪽파, 생것, 고춧가루, 마늘, 생것, 소금, 천일염, 가는소금","메뉴명: 복매운탕(고추장)
메뉴 대분류: 찌개류
메뉴 소분류: 어패류찌개
식재료: 복어, 검복, 생것, 두부, 무, 조선무, 생것, 콩나물, 삶은것, 고추장, 개량, 미나리, 물미나리, 데친것, 쑥갓, 데친것, 파, 쪽파, 생것, 고춧가루, 마늘, 생것, 소금, 천일염, 가는소금"
D061029,볼락찌개(고추장),찌개류,어패류찌개,"볼락, 생것, 무, 조선무, 생것, 두부, 고추장, 개량, 간장, 재래, 쑥갓, 데친것, 파, 대파, 생것, 고춧가루, 마늘, 생것, 소금, 천일염, 가는소금","메뉴명: 볼락찌개(고추장)
메뉴 대분류: 찌개류
메뉴 소분류: 어패류찌개
식재료: 볼락, 생것, 무, 조선무, 생것, 두부, 고추장, 개량, 간장, 재래, 쑥갓, 데친것, 파, 대파, 생것, 고춧가루, 마늘, 생것, 소금, 천일염, 가는소금"
D061030,북어찌개(고추장),찌개류,어패류찌개,"무, 조선무, 생것, 두부, 명태, 북어, 말린것, 고추장, 개량, 마늘, 생것, 파, 대파, 생것, 고춧가루, 소금, 천일염, 가는소금","메뉴명: 북어찌개(고추장)
메뉴 대분류: 찌개류
메뉴 소분류: 어패류찌개
식재료: 무, 조선무, 생것, 두부, 명태, 북어, 말린것, 고추장, 개량, 마늘, 생것, 파, 대파, 생것, 고춧가루, 소금, 천일염, 가는소금"
D061031,붕어매운탕,찌개류,어패류찌개,"붕어, 생것, 두부, 콩나물, 삶은것, 양파, 데친것, 간장, 재래, 미나리, 물미나리, 데친것, 쑥갓, 데친것, 고춧가루, 마늘, 생것, 소금, 천일염, 가는소금, 참기름","메뉴명: 붕어매운탕
메뉴 대분류: 찌개류
메뉴 소분류: 어패류찌개
식재료: 붕어, 생것, 두부, 콩나물, 삶은것, 양파, 데친것, 간장, 재래, 미나리, 물미나리, 데친것, 쑥갓, 데친것, 고춧가루, 마늘, 생것, 소금, 천일염, 가는소금, 참기름"
D061032,삼치찌개(고추장),찌개류,어패류찌개,"삼치, 생것, 두부, 무, 조선무, 생것, 고추장, 개량, 쑥갓, 데친것, 간장, 재래, 파, 대파, 생것, 고춧가루, 마늘, 생것, 소금, 천일염, 가는소금","메뉴명: 삼치찌개(고추장)
메뉴 대분류: 찌개류
메뉴 소분류: 어패류찌개
식재료: 삼치, 생것, 두부, 무, 조선무, 생것, 고추장, 개량, 쑥갓, 데친것, 간장, 재래, 파, 대파, 생것, 고춧가루, 마늘, 생것, 소금, 천일염, 가는소금"
D061033,새우젓찌개(호박),찌개류,어패류찌개,"호박, 애호박, 데친것, 두부, 새우, 젓갈, 토굴육젓, 양파, 데친것, 파, 대파, 생것, 고춧가루, 마늘, 생것, 소금, 천일염, 가는소금","메뉴명: 새우젓찌개(호박)
메뉴 대분류: 찌개류
메뉴 소분류: 어패류찌개
식재료: 호박, 애호박, 데친것, 두부, 새우, 젓갈, 토굴육젓, 양파, 데친것, 파, 대파, 생것, 고춧가루, 마늘, 생것, 소금, 천일염, 가는소금"
D061034,새우찌개(고추장),찌개류,어패류찌개,"새우, 대하, 생것, 무, 조선무, 생것, 두부, 고추장, 개량, 간장, 재래, 쑥갓, 데친것, 파, 대파, 생것, 고춧가루, 마늘, 생것, 소금, 천일염, 가는소금","메뉴명: 새우찌개(고추장)
메뉴 대분류: 찌개류
메뉴 소분류: 어패류찌개
식재료: 새우, 대하, 생것, 무, 조선무, 생것, 두부, 고추장, 개량, 간장, 재래, 쑥갓, 데친것, 파, 대파, 생것, 고춧가루, 마늘, 생것, 소금, 천일염, 가는소금"
D061035,"생선내장탕(대구, 고추장)",찌개류,어패류찌개,"대구, 내장, 생것, 무, 조선무, 생것, 두부, 고추장, 개량, 간장, 재래, 쑥갓, 데친것, 파, 대파, 생것, 고춧가루, 마늘, 생것, 소금, 천일염, 가는소금","메뉴명: 생선내장탕(대구, 고추장)
메뉴 대분류: 찌개류
메뉴 소분류: 어패류찌개
식재료: 대구, 내장, 생것, 무, 조선무, 생것, 두부, 고추장, 개량, 간장, 재래, 쑥갓, 데친것, 파, 대파, 생것, 고춧가루, 마늘, 생것, 소금, 천일염, 가는소금"
D061036,"생태찌개(고추장, 된장)",찌개류,어패류찌개,"명태, 생것, 두부, 무, 조선무, 생것, 된장, 개량, 고추장, 개량, 파, 대파, 생것, 마늘, 생것, 고춧가루, 소금, 천일염, 가는소금","메뉴명: 생태찌개(고추장, 된장)
메뉴 대분류: 찌개류
메뉴 소분류: 어패류찌개
식재료: 명태, 생것, 두부, 무, 조선무, 생것, 된장, 개량, 고추장, 개량, 파, 대파, 생것, 마늘, 생것, 고춧가루, 소금, 천일염, 가는소금"
D061037,숭어찌개(고추장),찌개류,어패류찌개,"숭어, 생것, 무, 조선무, 생것, 두부, 고추장, 개량, 간장, 재래, 쑥갓, 데친것, 파, 대파, 생것, 고춧가루, 마늘, 생것, 소금, 천일염, 가는소금","메뉴명: 숭어찌개(고추장)
메뉴 대분류: 찌개류
메뉴 소분류: 어패류찌개
식재료: 숭어, 생것, 무, 조선무, 생것, 두부, 고추장, 개량, 간장, 재래, 쑥갓, 데친것, 파, 대파, 생것, 고춧가루, 마늘, 생것, 소금, 천일염, 가는소금"
D061038,쏘가리매운탕(고추장),찌개류,어패류찌개,"쏘가리, 생것, 두부, 무, 조선무, 생것, 양파, 데친것, 콩나물, 삶은것, 고추장, 개량, 미나리, 물미나리, 데친것, 쑥갓, 데친것, 고춧가루, 마늘, 생것, 소금, 천일염, 가는소금","메뉴명: 쏘가리매운탕(고추장)
메뉴 대분류: 찌개류
메뉴 소분류: 어패류찌개
식재료: 쏘가리, 생것, 두부, 무, 조선무, 생것, 양파, 데친것, 콩나물, 삶은것, 고추장, 개량, 미나리, 물미나리, 데친것, 쑥갓, 데친것, 고춧가루, 마늘, 생것, 소금, 천일염, 가는소금"
D061039,쏨뱅이찌개(고추장),찌개류,어패류찌개,"쏨뱅이, 생것, 무, 조선무, 생것, 두부, 고추장, 개량, 간장, 재래, 쑥갓, 데친것, 파, 대파, 생것, 고춧가루, 마늘, 생것, 소금, 천일염, 가는소금","메뉴명: 쏨뱅이찌개(고추장)
메뉴 대분류: 찌개류
메뉴 소분류: 어패류찌개
식재료: 쏨뱅이, 생것, 무, 조선무, 생것, 두부, 고추장, 개량, 간장, 재래, 쑥갓, 데친것, 파, 대파, 생것, 고춧가루, 마늘, 생것, 소금, 천일염, 가는소금"
D061040,아구매운탕(고추장),찌개류,어패류찌개,"아귀, 생것, 두부, 무, 조선무, 생것, 콩나물, 삶은것, 고추장, 개량, 쑥갓, 데친것, 고추, 풋고추, 생것, 파, 대파, 생것, 고춧가루, 마늘, 생것, 소금, 천일염, 가는소금","메뉴명: 아구매운탕(고추장)
메뉴 대분류: 찌개류
메뉴 소분류: 어패류찌개
식재료: 아귀, 생것, 두부, 무, 조선무, 생것, 콩나물, 삶은것, 고추장, 개량, 쑥갓, 데친것, 고추, 풋고추, 생것, 파, 대파, 생것, 고춧가루, 마늘, 생것, 소금, 천일염, 가는소금"
D061041,알탕(대구),찌개류,어패류찌개,"무, 조선무, 생것, 두부, 달걀, 삶은것, 대구, 알, 생것, 간장, 재래, 고추, 풋고추, 생것, 파, 대파, 생것, 멸치 육수, 고춧가루, 마늘, 생것, 쑥갓, 데친것, 고추, 빨간색, 생것, 소금, 천일염, 가는소금","메뉴명: 알탕(대구)
메뉴 대분류: 찌개류
메뉴 소분류: 어패류찌개
식재료: 무, 조선무, 생것, 두부, 달걀, 삶은것, 대구, 알, 생것, 간장, 재래, 고추, 풋고추, 생것, 파, 대파, 생것, 멸치 육수, 고춧가루, 마늘, 생것, 쑥갓, 데친것, 고추, 빨간색, 생것, 소금, 천일염, 가는소금"
D061042,양미리찌개(고추장),찌개류,어패류찌개,"양미리, 생것, 무, 조선무, 생것, 두부, 고추장, 개량, 간장, 재래, 쑥갓, 데친것, 파, 대파, 생것, 고춧가루, 마늘, 생것, 소금, 천일염, 가는소금","메뉴명: 양미리찌개(고추장)
메뉴 대분류: 찌개류
메뉴 소분류: 어패류찌개
식재료: 양미리, 생것, 무, 조선무, 생것, 두부, 고추장, 개량, 간장, 재래, 쑥갓, 데친것, 파, 대파, 생것, 고춧가루, 마늘, 생것, 소금, 천일염, 가는소금"
D061043,오징어찌개(고추장),찌개류,어패류찌개,"오징어, 구운것, 두부, 무, 조선무, 생것, 양배추, 데친것, 당근, 뿌리, 데친것, 고추장, 개량, 파, 쪽파, 생것, 고춧가루, 마늘, 생것, 소금, 천일염, 가는소금","메뉴명: 오징어찌개(고추장)
메뉴 대분류: 찌개류
메뉴 소분류: 어패류찌개
식재료: 오징어, 구운것, 두부, 무, 조선무, 생것, 양배추, 데친것, 당근, 뿌리, 데친것, 고추장, 개량, 파, 쪽파, 생것, 고춧가루, 마늘, 생것, 소금, 천일염, 가는소금"
D061044,"우럭매운탕(고추장, 된장)",찌개류,어패류찌개,"볼락, 조피볼락(우럭), 생것, 두부, 무, 조선무, 생것, 미나리, 물미나리, 데친것, 고추장, 개량, 된장, 개량, 파, 대파, 생것, 간장, 재래, 고춧가루, 마늘, 생것, 소금, 천일염, 가는소금, 후추, 검은색, 가루","메뉴명: 우럭매운탕(고추장, 된장)
메뉴 대분류: 찌개류
메뉴 소분류: 어패류찌개
식재료: 볼락, 조피볼락(우럭), 생것, 두부, 무, 조선무, 생것, 미나리, 물미나리, 데친것, 고추장, 개량, 된장, 개량, 파, 대파, 생것, 간장, 재래, 고춧가루, 마늘, 생것, 소금, 천일염, 가는소금, 후추, 검은색, 가루"
D061045,임연수어찌개(고추장),찌개류,어패류찌개,"임연수어, 생것, 무, 조선무, 생것, 두부, 고추장, 개량, 간장, 재래, 쑥갓, 데친것, 파, 대파, 생것, 고춧가루, 마늘, 생것, 소금, 천일염, 가는소금","메뉴명: 임연수어찌개(고추장)
메뉴 대분류: 찌개류
메뉴 소분류: 어패류찌개
식재료: 임연수어, 생것, 무, 조선무, 생것, 두부, 고추장, 개량, 간장, 재래, 쑥갓, 데친것, 파, 대파, 생것, 고춧가루, 마늘, 생것, 소금, 천일염, 가는소금"
D061046,잉어찌개(고추장),찌개류,어패류찌개,"잉어, 생것, 무, 조선무, 생것, 두부, 고추장, 개량, 간장, 재래, 쑥갓, 데친것, 파, 대파, 생것, 고춧가루, 마늘, 생것, 소금, 천일염, 가는소금","메뉴명: 잉어찌개(고추장)
메뉴 대분류: 찌개류
메뉴 소분류: 어패류찌개
식재료: 잉어, 생것, 무, 조선무, 생것, 두부, 고추장, 개량, 간장, 재래, 쑥갓, 데친것, 파, 대파, 생것, 고춧가루, 마늘, 생것, 소금, 천일염, 가는소금"
D061047,장어찌개(고추장),찌개류,어패류찌개,"장어, 뱀장어, 생것, 무, 조선무, 생것, 두부, 고추장, 개량, 간장, 재래, 쑥갓, 데친것, 파, 대파, 생것, 고춧가루, 마늘, 생것, 소금, 천일염, 가는소금","메뉴명: 장어찌개(고추장)
메뉴 대분류: 찌개류
메뉴 소분류: 어패류찌개
식재료: 장어, 뱀장어, 생것, 무, 조선무, 생것, 두부, 고추장, 개량, 간장, 재래, 쑥갓, 데친것, 파, 대파, 생것, 고춧가루, 마늘, 생것, 소금, 천일염, 가는소금"
D061048,적어찌개(고추장),찌개류,어패류찌개,"장문볼락, 생것, 무, 조선무, 생것, 두부, 고추장, 개량, 간장, 재래, 쑥갓, 데친것, 파, 대파, 생것, 고춧가루, 마늘, 생것, 소금, 천일염, 가는소금","메뉴명: 적어찌개(고추장)
메뉴 대분류: 찌개류
메뉴 소분류: 어패류찌개
식재료: 장문볼락, 생것, 무, 조선무, 생것, 두부, 고추장, 개량, 간장, 재래, 쑥갓, 데친것, 파, 대파, 생것, 고춧가루, 마늘, 생것, 소금, 천일염, 가는소금"
D061049,전갱이찌개(고추장),찌개류,어패류찌개,"전갱이, 생것, 무, 조선무, 생것, 두부, 고추장, 개량, 간장, 재래, 쑥갓, 데친것, 파, 대파, 생것, 고춧가루, 마늘, 생것, 소금, 천일염, 가는소금","메뉴명: 전갱이찌개(고추장)
메뉴 대분류: 찌개류
메뉴 소분류: 어패류찌개
식재료: 전갱이, 생것, 무, 조선무, 생것, 두부, 고추장, 개량, 간장, 재래, 쑥갓, 데친것, 파, 대파, 생것, 고춧가루, 마늘, 생것, 소금, 천일염, 가는소금"
D061050,전어찌개(고추장),찌개류,어패류찌개,"전어, 생것, 무, 조선무, 생것, 두부, 고추장, 개량, 간장, 재래, 쑥갓, 데친것, 파, 대파, 생것, 고춧가루, 마늘, 생것, 소금, 천일염, 가는소금","메뉴명: 전어찌개(고추장)
메뉴 대분류: 찌개류
메뉴 소분류: 어패류찌개
식재료: 전어, 생것, 무, 조선무, 생것, 두부, 고추장, 개량, 간장, 재래, 쑥갓, 데친것, 파, 대파, 생것, 고춧가루, 마늘, 생것, 소금, 천일염, 가는소금"
D061051,정어리찌개(고추장),찌개류,어패류찌개,"정어리, 생것, 무, 조선무, 생것, 두부, 고추장, 개량, 간장, 재래, 쑥갓, 데친것, 파, 대파, 생것, 고춧가루, 마늘, 생것, 소금, 천일염, 가는소금","메뉴명: 정어리찌개(고추장)
메뉴 대분류: 찌개류
메뉴 소분류: 어패류찌개
식재료: 정어리, 생것, 무, 조선무, 생것, 두부, 고추장, 개량, 간장, 재래, 쑥갓, 데친것, 파, 대파, 생것, 고춧가루, 마늘, 생것, 소금, 천일염, 가는소금"
D061052,조기매운탕(고추장),찌개류,어패류찌개,"조기(참조기), 생것, 두부, 무, 조선무, 생것, 고추장, 개량, 고추, 빨간색, 생것, 고추, 풋고추, 생것, 쑥갓, 데친것, 파, 대파, 생것, 고춧가루, 소금, 천일염, 가는소금, 마늘, 생것","메뉴명: 조기매운탕(고추장)
메뉴 대분류: 찌개류
메뉴 소분류: 어패류찌개
식재료: 조기(참조기), 생것, 두부, 무, 조선무, 생것, 고추장, 개량, 고추, 빨간색, 생것, 고추, 풋고추, 생것, 쑥갓, 데친것, 파, 대파, 생것, 고춧가루, 소금, 천일염, 가는소금, 마늘, 생것"
D061053,조기찌개(고추장),찌개류,어패류찌개,"조기(참조기), 생것, 두부, 무, 조선무, 생것, 고추장, 개량, 쑥갓, 데친것, 고추, 풋고추, 생것, 파, 대파, 생것, 고춧가루, 마늘, 생것, 소금, 천일염, 가는소금","메뉴명: 조기찌개(고추장)
메뉴 대분류: 찌개류
메뉴 소분류: 어패류찌개
식재료: 조기(참조기), 생것, 두부, 무, 조선무, 생것, 고추장, 개량, 쑥갓, 데친것, 고추, 풋고추, 생것, 파, 대파, 생것, 고춧가루, 마늘, 생것, 소금, 천일염, 가는소금"
D061054,쥐치찌개(고추장),찌개류,어패류찌개,"쥐치, 생것, 무, 조선무, 생것, 두부, 고추장, 개량, 간장, 재래, 쑥갓, 데친것, 파, 대파, 생것, 고춧가루, 마늘, 생것, 소금, 천일염, 가는소금","메뉴명: 쥐치찌개(고추장)
메뉴 대분류: 찌개류
메뉴 소분류: 어패류찌개
식재료: 쥐치, 생것, 무, 조선무, 생것, 두부, 고추장, 개량, 간장, 재래, 쑥갓, 데친것, 파, 대파, 생것, 고춧가루, 마늘, 생것, 소금, 천일염, 가는소금"
D061055,참치찌개,찌개류,어패류찌개,"다랑어, 가다랑어, 통조림, 유지, 양파, 데친것, 파, 쪽파, 생것, 고춧가루, 마늘, 생것, 소금, 천일염, 가는소금, 후추, 검은색, 가루","메뉴명: 참치찌개
메뉴 대분류: 찌개류
메뉴 소분류: 어패류찌개
식재료: 다랑어, 가다랑어, 통조림, 유지, 양파, 데친것, 파, 쪽파, 생것, 고춧가루, 마늘, 생것, 소금, 천일염, 가는소금, 후추, 검은색, 가루"
D061056,청어찌개(고추장),찌개류,어패류찌개,"청어, 생것, 두부, 무, 조선무, 생것, 고추장, 개량, 쑥갓, 데친것, 간장, 재래, 파, 쪽파, 생것, 고춧가루, 마늘, 생것, 소금, 천일염, 가는소금","메뉴명: 청어찌개(고추장)
메뉴 대분류: 찌개류
메뉴 소분류: 어패류찌개
식재료: 청어, 생것, 두부, 무, 조선무, 생것, 고추장, 개량, 쑥갓, 데친것, 간장, 재래, 파, 쪽파, 생것, 고춧가루, 마늘, 생것, 소금, 천일염, 가는소금"
D061057,코다리찌개(고추장),찌개류,어패류찌개,"명태, 코다리, 반건조, 구운것, 무, 조선무, 생것, 두부, 고추장, 개량, 간장, 재래, 쑥갓, 데친것, 파, 대파, 생것, 고춧가루, 마늘, 생것, 소금, 천일염, 가는소금","메뉴명: 코다리찌개(고추장)
메뉴 대분류: 찌개류
메뉴 소분류: 어패류찌개
식재료: 명태, 코다리, 반건조, 구운것, 무, 조선무, 생것, 두부, 고추장, 개량, 간장, 재래, 쑥갓, 데친것, 파, 대파, 생것, 고춧가루, 마늘, 생것, 소금, 천일염, 가는소금"
D061058,해물잡탕(소고기),찌개류,어패류찌개,"무, 조선무, 생것, 오징어, 구운것, 담치, 참담치(홍합), 생것, 느타리버섯, 데친것, 바지락, 생것, 새우, 중하, 생것, 소고기, 한우, 양지, 삶은것, 파, 대파, 생것, 고춧가루, 당면, 고구마, 삶은것, 소금, 천일염, 가는소금, 마늘, 생것","메뉴명: 해물잡탕(소고기)
메뉴 대분류: 찌개류
메뉴 소분류: 어패류찌개
식재료: 무, 조선무, 생것, 오징어, 구운것, 담치, 참담치(홍합), 생것, 느타리버섯, 데친것, 바지락, 생것, 새우, 중하, 생것, 소고기, 한우, 양지, 삶은것, 파, 대파, 생것, 고춧가루, 당면, 고구마, 삶은것, 소금, 천일염, 가는소금, 마늘, 생것"
D061059,해물찌개(된장),찌개류,어패류찌개,"넙치(광어), 생것, 장어, 뱀장어, 생것, 무, 조선무, 생것, 느타리버섯, 데친것, 미나리, 물미나리, 데친것, 된장, 개량, 양파, 데친것, 고춧가루, 파, 대파, 생것, 마늘, 생것, 소금, 천일염, 가는소금, 후추, 검은색, 가루","메뉴명: 해물찌개(된장)
메뉴 대분류: 찌개류
메뉴 소분류: 어패류찌개
식재료: 넙치(광어), 생것, 장어, 뱀장어, 생것, 무, 조선무, 생것, 느타리버섯, 데친것, 미나리, 물미나리, 데친것, 된장, 개량, 양파, 데친것, 고춧가루, 파, 대파, 생것, 마늘, 생것, 소금, 천일염, 가는소금, 후추, 검은색, 가루"
D061060,홍어찌개(고추장),찌개류,어패류찌개,"홍어, 생것, 무, 조선무, 생것, 두부, 고추장, 개량, 간장, 재래, 쑥갓, 데친것, 파, 대파, 생것, 고춧가루, 마늘, 생것, 소금, 천일염, 가는소금","메뉴명: 홍어찌개(고추장)
메뉴 대분류: 찌개류
메뉴 소분류: 어패류찌개
식재료: 홍어, 생것, 무, 조선무, 생것, 두부, 고추장, 개량, 간장, 재래, 쑥갓, 데친것, 파, 대파, 생것, 고춧가루, 마늘, 생것, 소금, 천일염, 가는소금"
D061072,해물김치찌개,찌개류,어패류찌개,"바지락, 생것, 주꾸미, 생것, 김치, 배추 김치, 무, 조선무, 생것, 마늘, 생것, 파, 대파, 생것, 양파, 생것, 두부, 참기름, 배즙, 팽이버섯, 생것, 다시마, 말린것, 멸치, 대멸치, 삶아서 말린것, 생수","메뉴명: 해물김치찌개
메뉴 대분류: 찌개류
메뉴 소분류: 어패류찌개
식재료: 바지락, 생것, 주꾸미, 생것, 김치, 배추 김치, 무, 조선무, 생것, 마늘, 생것, 파, 대파, 생것, 양파, 생것, 두부, 참기름, 배즙, 팽이버섯, 생것, 다시마, 말린것, 멸치, 대멸치, 삶아서 말린것, 생수"
D061073,오징어김치찌개,찌개류,어패류찌개,"오징어, 생것, 두부, 팽이버섯, 생것, 고추, 빨간색, 생것, 고구마, 생것, 콩나물, 생것, 김치, 배추 김치, 쑥갓, 생것, 무, 조선무, 생것, 다시마, 말린것, 파, 대파, 생것, 멸치, 생것, 생수, 참기름, 들깨, 볶은것","메뉴명: 오징어김치찌개
메뉴 대분류: 찌개류
메뉴 소분류: 어패류찌개
식재료: 오징어, 생것, 두부, 팽이버섯, 생것, 고추, 빨간색, 생것, 고구마, 생것, 콩나물, 생것, 김치, 배추 김치, 쑥갓, 생것, 무, 조선무, 생것, 다시마, 말린것, 파, 대파, 생것, 멸치, 생것, 생수, 참기름, 들깨, 볶은것"
D061074,주꾸미머리순대,찌개류,어패류찌개,"주꾸미, 생것, 미나리, 물미나리, 생것, 양파, 생것, 당근, 뿌리, 생것, 달걀, 생것, 마늘, 생것, 생강청, 레몬 착즙, 고추장, 개량, 참깨, 흰색, 볶은것","메뉴명: 주꾸미머리순대
메뉴 대분류: 찌개류
메뉴 소분류: 어패류찌개
식재료: 주꾸미, 생것, 미나리, 물미나리, 생것, 양파, 생것, 당근, 뿌리, 생것, 달걀, 생것, 마늘, 생것, 생강청, 레몬 착즙, 고추장, 개량, 참깨, 흰색, 볶은것"
D061075,해물토마토김치찌개,찌개류,어패류찌개,"감자, 대지, 생것, 토마토, 생것, 양파, 생것, 오징어, 생것, 담치, 참담치(홍합), 생것, 바지락, 생것, 주꾸미, 생것, 미나리, 물미나리, 데친것, 쑥갓, 생것, 느타리버섯, 생것, 팽이버섯, 생것, 고추, 풋고추, 생것, 새우, 중하, 생것, 부추, 솔부추, 생것, 당면, 고구마, 삶은것, 무말랭이, 말린것, 전분, 감자, 가루, 달걀, 생것","메뉴명: 해물토마토김치찌개
메뉴 대분류: 찌개류
메뉴 소분류: 어패류찌개
식재료: 감자, 대지, 생것, 토마토, 생것, 양파, 생것, 오징어, 생것, 담치, 참담치(홍합), 생것, 바지락, 생것, 주꾸미, 생것, 미나리, 물미나리, 데친것, 쑥갓, 생것, 느타리버섯, 생것, 팽이버섯, 생것, 고추, 풋고추, 생것, 새우, 중하, 생것, 부추, 솔부추, 생것, 당면, 고구마, 삶은것, 무말랭이, 말린것, 전분, 감자, 가루, 달걀, 생것"
D061076,명란젓찌개,찌개류,어패류찌개,"두부, 명태, 알, 양념젓갈(명란젓), 호박, 애호박, 생것, 무, 조선무, 생것, 바지락, 생것, 양파, 생것, 파, 대파, 생것, 고추, 풋고추, 생것, 멸치, 대멸치, 삶아서 말린것, 소금, 천일염, 가는소금, 고추, 빨간색, 생것, 다시마, 말린것, 마늘, 생것","메뉴명: 명란젓찌개
메뉴 대분류: 찌개류
메뉴 소분류: 어패류찌개
식재료: 두부, 명태, 알, 양념젓갈(명란젓), 호박, 애호박, 생것, 무, 조선무, 생것, 바지락, 생것, 양파, 생것, 파, 대파, 생것, 고추, 풋고추, 생것, 멸치, 대멸치, 삶아서 말린것, 소금, 천일염, 가는소금, 고추, 빨간색, 생것, 다시마, 말린것, 마늘, 생것"
D061077,참치짜글이,찌개류,어패류찌개,"다랑어, 가다랑어, 통조림, 유지, 두부, 감자, 대지, 생것, 느타리버섯, 생것, 양파, 생것, 고추장, 개량, 파, 대파, 생것, 고춧가루, 마늘, 생것, 된장, 개량","메뉴명: 참치짜글이
메뉴 대분류: 찌개류
메뉴 소분류: 어패류찌개
식재료: 다랑어, 가다랑어, 통조림, 유지, 두부, 감자, 대지, 생것, 느타리버섯, 생것, 양파, 생것, 고추장, 개량, 파, 대파, 생것, 고춧가루, 마늘, 생것, 된장, 개량"
D061078,물오징어찌개,찌개류,어패류찌개,"오징어, 생것, 무, 조선무, 생것, 두부, 양파, 생것, 미나리, 물미나리, 생것, 고추장, 개량, 파, 대파, 생것, 간장, 개량, 양조, 고춧가루, 마늘, 생것, 소금, 천일염, 가는소금","메뉴명: 물오징어찌개
메뉴 대분류: 찌개류
메뉴 소분류: 어패류찌개
식재료: 오징어, 생것, 무, 조선무, 생것, 두부, 양파, 생것, 미나리, 물미나리, 생것, 고추장, 개량, 파, 대파, 생것, 간장, 개량, 양조, 고춧가루, 마늘, 생것, 소금, 천일염, 가는소금"
D061079,참치채소찌개,찌개류,어패류찌개,"배추, 얼갈이배추, 생것, 다랑어, 가다랑어, 통조림, 유지, 감자, 대지, 생것, 무, 조선무, 생것, 들깨, 볶은것, 들깻잎, 생것, 고춧가루, 간장, 개량, 양조, 표고버섯, 배지재배, 생것, 다시마, 말린것, 명태, 북어, 말린것, 멸치, 대멸치, 삶아서 말린것, 새우, 꽃새우, 삶아서 말린것, 양파, 생것, 마늘, 생것, 파, 대파, 생것, 소금, 천일염, 가는소금","메뉴명: 참치채소찌개
메뉴 대분류: 찌개류
메뉴 소분류: 어패류찌개
식재료: 배추, 얼갈이배추, 생것, 다랑어, 가다랑어, 통조림, 유지, 감자, 대지, 생것, 무, 조선무, 생것, 들깨, 볶은것, 들깻잎, 생것, 고춧가루, 간장, 개량, 양조, 표고버섯, 배지재배, 생것, 다시마, 말린것, 명태, 북어, 말린것, 멸치, 대멸치, 삶아서 말린것, 새우, 꽃새우, 삶아서 말린것, 양파, 생것, 마늘, 생것, 파, 대파, 생것, 소금, 천일염, 가는소금"
D061080,감자주꾸미찌개,찌개류,어패류찌개,"주꾸미, 생것, 호박, 애호박, 생것, 감자, 대지, 생것, 양파, 생것, 고추장, 개량, 멸치, 대멸치, 삶아서 말린것, 새우, 꽃새우, 삶아서 말린것, 파, 대파, 생것, 간장, 개량, 양조, 멸치, 액젓, 밀, 중력밀가루, 고추, 풋고추, 생것, 고추, 빨간색, 생것, 마늘, 생것, 생강, 뿌리줄기, 생것","메뉴명: 감자주꾸미찌개
메뉴 대분류: 찌개류
메뉴 소분류: 어패류찌개
식재료: 주꾸미, 생것, 호박, 애호박, 생것, 감자, 대지, 생것, 양파, 생것, 고추장, 개량, 멸치, 대멸치, 삶아서 말린것, 새우, 꽃새우, 삶아서 말린것, 파, 대파, 생것, 간장, 개량, 양조, 멸치, 액젓, 밀, 중력밀가루, 고추, 풋고추, 생것, 고추, 빨간색, 생것, 마늘, 생것, 생강, 뿌리줄기, 생것"
D061081,꽃게청국장찌개,찌개류,어패류찌개,"게, 꽃게, 생것, 두부, 청국장, 찌개용, 호박, 애호박, 생것, 바지락, 생것, 무, 조선무, 생것, 멸치, 대멸치, 삶아서 말린것, 소금, 천일염, 고춧가루, 다시마, 말린것, 고추, 풋고추, 생것, 고추, 빨간색, 생것, 마늘, 다진것, 표고버섯, 배지재배, 말린것","메뉴명: 꽃게청국장찌개
메뉴 대분류: 찌개류
메뉴 소분류: 어패류찌개
식재료: 게, 꽃게, 생것, 두부, 청국장, 찌개용, 호박, 애호박, 생것, 바지락, 생것, 무, 조선무, 생것, 멸치, 대멸치, 삶아서 말린것, 소금, 천일염, 고춧가루, 다시마, 말린것, 고추, 풋고추, 생것, 고추, 빨간색, 생것, 마늘, 다진것, 표고버섯, 배지재배, 말린것"
D061082,두부명란젓찌개,찌개류,어패류찌개,"호박, 애호박, 생것, 무, 조선무, 생것, 양파, 생것, 고춧가루, 명태, 알, 양념젓갈(명란젓), 두부, 바지락, 생것, 파, 대파, 생것, 고추, 풋고추, 생것, 고추, 빨간색, 생것, 마늘, 생것, 소금, 천일염, 가는소금, 다시마, 말린것, 멸치, 대멸치, 삶아서 말린것","메뉴명: 두부명란젓찌개
메뉴 대분류: 찌개류
메뉴 소분류: 어패류찌개
식재료: 호박, 애호박, 생것, 무, 조선무, 생것, 양파, 생것, 고춧가루, 명태, 알, 양념젓갈(명란젓), 두부, 바지락, 생것, 파, 대파, 생것, 고추, 풋고추, 생것, 고추, 빨간색, 생것, 마늘, 생것, 소금, 천일염, 가는소금, 다시마, 말린것, 멸치, 대멸치, 삶아서 말린것"
D061083,명란순두부찌개,찌개류,어패류찌개,"두부, 순두부, 달걀, 생것, 양파, 생것, 명태, 알, 양념젓갈(명란젓), 팽이버섯, 생것, 파, 대파, 생것, 간장, 개량, 양조, 다시마, 말린것, 소금, 천일염, 소금꽃, 고추, 풋고추, 생것, 고추, 빨간색, 생것, 마늘, 다진것, 참기름","메뉴명: 명란순두부찌개
메뉴 대분류: 찌개류
메뉴 소분류: 어패류찌개
식재료: 두부, 순두부, 달걀, 생것, 양파, 생것, 명태, 알, 양념젓갈(명란젓), 팽이버섯, 생것, 파, 대파, 생것, 간장, 개량, 양조, 다시마, 말린것, 소금, 천일염, 소금꽃, 고추, 풋고추, 생것, 고추, 빨간색, 생것, 마늘, 다진것, 참기름"
D061084,얼갈이꽃게찌개,찌개류,어패류찌개,"게, 꽃게, 생것, 배추, 얼갈이배추, 생것, 두부, 호박, 애호박, 생것, 무, 조선무, 생것, 양지국물, 애느타리버섯, 생것, 된장, 재래, 간장, 개량, 양조, 소금, 천일염, 굵은소금, 다시마, 말린것, 파, 대파, 생것, 마늘, 다진것","메뉴명: 얼갈이꽃게찌개
메뉴 대분류: 찌개류
메뉴 소분류: 어패류찌개
식재료: 게, 꽃게, 생것, 배추, 얼갈이배추, 생것, 두부, 호박, 애호박, 생것, 무, 조선무, 생것, 양지국물, 애느타리버섯, 생것, 된장, 재래, 간장, 개량, 양조, 소금, 천일염, 굵은소금, 다시마, 말린것, 파, 대파, 생것, 마늘, 다진것"
D061085,참치고추장찌개,찌개류,어패류찌개,"다랑어, 가다랑어, 통조림, 유지, 감자, 대지, 생것, 두부, 고추장, 재래, 호박, 애호박, 생것, 양파, 생것, 고춧가루, 간장, 개량, 양조, 콩기름, 마늘, 다진것, 소금, 천일염","메뉴명: 참치고추장찌개
메뉴 대분류: 찌개류
메뉴 소분류: 어패류찌개
식재료: 다랑어, 가다랑어, 통조림, 유지, 감자, 대지, 생것, 두부, 고추장, 재래, 호박, 애호박, 생것, 양파, 생것, 고춧가루, 간장, 개량, 양조, 콩기름, 마늘, 다진것, 소금, 천일염"
D061086,해물순두부찌개,찌개류,어패류찌개,"두부, 순두부, 오징어, 생것, 미더덕, 생것, 새우, 꽃새우, 생것, 양파, 생것, 바지락, 생것, 파, 대파, 생것, 고추기름, 간장, 개량, 양조, 다시마, 말린것, 마늘, 다진것, 고춧가루, 소금, 천일염","메뉴명: 해물순두부찌개
메뉴 대분류: 찌개류
메뉴 소분류: 어패류찌개
식재료: 두부, 순두부, 오징어, 생것, 미더덕, 생것, 새우, 꽃새우, 생것, 양파, 생것, 바지락, 생것, 파, 대파, 생것, 고추기름, 간장, 개량, 양조, 다시마, 말린것, 마늘, 다진것, 고춧가루, 소금, 천일염"
D061087,호박명란젓찌개,찌개류,어패류찌개,"멸치 육수, 두부, 호박, 애호박, 생것, 감자, 대지, 생것, 명태, 알, 양념젓갈(명란젓), 마늘, 다진것, 간장, 개량, 양조, 파, 대파, 생것","메뉴명: 호박명란젓찌개
메뉴 대분류: 찌개류
메뉴 소분류: 어패류찌개
식재료: 멸치 육수, 두부, 호박, 애호박, 생것, 감자, 대지, 생것, 명태, 알, 양념젓갈(명란젓), 마늘, 다진것, 간장, 개량, 양조, 파, 대파, 생것"
D061088,두부참치김치찌개,찌개류,어패류찌개,"두부, 김치, 배추 김치, 다랑어, 참다랑어, 지방육, 생것, 양파, 생것, 멸치, 대멸치, 삶아서 말린것, 간장, 재래, 다시마, 말린것, 파, 대파, 생것, 마늘, 생것","메뉴명: 두부참치김치찌개
메뉴 대분류: 찌개류
메뉴 소분류: 어패류찌개
식재료: 두부, 김치, 배추 김치, 다랑어, 참다랑어, 지방육, 생것, 양파, 생것, 멸치, 대멸치, 삶아서 말린것, 간장, 재래, 다시마, 말린것, 파, 대파, 생것, 마늘, 생것"
D061089,바지락순두부찌개,찌개류,어패류찌개,"두부, 순두부, 바지락, 생것, 호박, 애호박, 생것, 양파, 생것, 고춧가루, 간장, 재래, 고추기름, 파, 대파, 생것, 다시마, 말린것, 마늘, 다진것","메뉴명: 바지락순두부찌개
메뉴 대분류: 찌개류
메뉴 소분류: 어패류찌개
식재료: 두부, 순두부, 바지락, 생것, 호박, 애호박, 생것, 양파, 생것, 고춧가루, 간장, 재래, 고추기름, 파, 대파, 생것, 다시마, 말린것, 마늘, 다진것"
D061090,새우젓순두부찌개,찌개류,어패류찌개,"두부, 순두부, 호박, 애호박, 생것, 양파, 생것, 고춧가루, 간장, 재래, 고추기름, 파, 대파, 생것, 다시마, 말린것, 새우, 젓갈, 마늘, 다진것","메뉴명: 새우젓순두부찌개
메뉴 대분류: 찌개류
메뉴 소분류: 어패류찌개
식재료: 두부, 순두부, 호박, 애호박, 생것, 양파, 생것, 고춧가루, 간장, 재래, 고추기름, 파, 대파, 생것, 다시마, 말린것, 새우, 젓갈, 마늘, 다진것"
D061091,오징어순두부찌개,찌개류,어패류찌개,"두부, 순두부, 오징어, 생것, 호박, 애호박, 생것, 양파, 생것, 고춧가루, 간장, 재래, 고추기름, 파, 대파, 생것, 다시마, 말린것, 마늘, 다진것","메뉴명: 오징어순두부찌개
메뉴 대분류: 찌개류
메뉴 소분류: 어패류찌개
식재료: 두부, 순두부, 오징어, 생것, 호박, 애호박, 생것, 양파, 생것, 고춧가루, 간장, 재래, 고추기름, 파, 대파, 생것, 다시마, 말린것, 마늘, 다진것"
D061092,청양참치김치찌개,찌개류,어패류찌개,"김치, 배추 김치, 두부, 다랑어, 가다랑어, 통조림, 유지, 양파, 생것, 파, 대파, 생것, 간장, 개량, 양조, 다시마, 말린것, 고추, 청양고추, 생것, 마늘, 다진것, 소금, 천일염","메뉴명: 청양참치김치찌개
메뉴 대분류: 찌개류
메뉴 소분류: 어패류찌개
식재료: 김치, 배추 김치, 두부, 다랑어, 가다랑어, 통조림, 유지, 양파, 생것, 파, 대파, 생것, 간장, 개량, 양조, 다시마, 말린것, 고추, 청양고추, 생것, 마늘, 다진것, 소금, 천일염"
D061093,두부쑥갓오징어찌개,찌개류,어패류찌개,"오징어, 생것, 무, 조선무, 생것, 두부, 고추장, 재래, 호박, 쥬키니, 생것, 쑥갓, 생것, 파, 대파, 생것, 간장, 개량, 양조, 다시마, 말린것, 소금, 천일염","메뉴명: 두부쑥갓오징어찌개
메뉴 대분류: 찌개류
메뉴 소분류: 어패류찌개
식재료: 오징어, 생것, 무, 조선무, 생것, 두부, 고추장, 재래, 호박, 쥬키니, 생것, 쑥갓, 생것, 파, 대파, 생것, 간장, 개량, 양조, 다시마, 말린것, 소금, 천일염"
D061094,참치콩나물김치찌개,찌개류,어패류찌개,"김치, 배추 김치, 다랑어, 가다랑어, 통조림, 유지, 두부, 콩나물, 생것, 양파, 생것, 파, 대파, 생것, 다시마, 말린것, 고춧가루, 멸치, 액젓, 마늘, 다진것, 소금, 천일염, 맛술, 고추, 빨간색, 생것, 생강, 뿌리줄기, 생것","메뉴명: 참치콩나물김치찌개
메뉴 대분류: 찌개류
메뉴 소분류: 어패류찌개
식재료: 김치, 배추 김치, 다랑어, 가다랑어, 통조림, 유지, 두부, 콩나물, 생것, 양파, 생것, 파, 대파, 생것, 다시마, 말린것, 고춧가루, 멸치, 액젓, 마늘, 다진것, 소금, 천일염, 맛술, 고추, 빨간색, 생것, 생강, 뿌리줄기, 생것"
D062001,닭고기찌개(고추장),찌개류,육류찌개,"무, 조선무, 생것, 닭고기, 가슴, 삶은것, 고추장, 개량, 파, 대파, 생것, 마늘, 생것, 소금, 천일염, 가는소금, 고춧가루","메뉴명: 닭고기찌개(고추장)
메뉴 대분류: 찌개류
메뉴 소분류: 육류찌개
식재료: 무, 조선무, 생것, 닭고기, 가슴, 삶은것, 고추장, 개량, 파, 대파, 생것, 마늘, 생것, 소금, 천일염, 가는소금, 고춧가루"
D062002,돼지고기찌개(고추장),찌개류,육류찌개,"돼지고기, 사태, 삶은것, 무, 조선무, 생것, 김치, 배추 김치, 두부, 고추장, 개량, 마늘, 생것, 양파, 데친것, 파, 대파, 생것, 고춧가루, 생강, 뿌리줄기, 생것, 소금, 천일염, 가는소금, 후추, 검은색, 가루","메뉴명: 돼지고기찌개(고추장)
메뉴 대분류: 찌개류
메뉴 소분류: 육류찌개
식재료: 돼지고기, 사태, 삶은것, 무, 조선무, 생것, 김치, 배추 김치, 두부, 고추장, 개량, 마늘, 생것, 양파, 데친것, 파, 대파, 생것, 고춧가루, 생강, 뿌리줄기, 생것, 소금, 천일염, 가는소금, 후추, 검은색, 가루"
D062003,부대찌개(고추장),찌개류,육류찌개,"돼지고기, 사태, 삶은것, 어육소시지, 두부, 김치, 배추 김치, 라면, 말린것, 삶은것, 콩나물, 삶은것, 파, 대파, 생것, 양파, 데친것, 고추장, 개량, 고춧가루, 마늘, 생것, 소금, 천일염, 가는소금","메뉴명: 부대찌개(고추장)
메뉴 대분류: 찌개류
메뉴 소분류: 육류찌개
식재료: 돼지고기, 사태, 삶은것, 어육소시지, 두부, 김치, 배추 김치, 라면, 말린것, 삶은것, 콩나물, 삶은것, 파, 대파, 생것, 양파, 데친것, 고추장, 개량, 고춧가루, 마늘, 생것, 소금, 천일염, 가는소금"
D062004,섞어찌개(고추장),찌개류,육류찌개,"감자, 대지, 삶은것, 두부, 소고기, 한우, 양지, 삶은것, 콩나물, 삶은것, 호박, 애호박, 데친것, 고추장, 개량, 양파, 데친것, 파, 쪽파, 생것, 소금, 천일염, 가는소금, 마늘, 생것","메뉴명: 섞어찌개(고추장)
메뉴 대분류: 찌개류
메뉴 소분류: 육류찌개
식재료: 감자, 대지, 삶은것, 두부, 소고기, 한우, 양지, 삶은것, 콩나물, 삶은것, 호박, 애호박, 데친것, 고추장, 개량, 양파, 데친것, 파, 쪽파, 생것, 소금, 천일염, 가는소금, 마늘, 생것"
D062005,"섞어찌개(고추장, 오징어)",찌개류,육류찌개,"감자, 대지, 삶은것, 두부, 소고기, 한우, 양지, 삶은것, 오징어, 구운것, 콩나물, 삶은것, 호박, 애호박, 데친것, 고추장, 개량, 양파, 데친것, 파, 쪽파, 생것, 소금, 천일염, 가는소금, 마늘, 생것","메뉴명: 섞어찌개(고추장, 오징어)
메뉴 대분류: 찌개류
메뉴 소분류: 육류찌개
식재료: 감자, 대지, 삶은것, 두부, 소고기, 한우, 양지, 삶은것, 오징어, 구운것, 콩나물, 삶은것, 호박, 애호박, 데친것, 고추장, 개량, 양파, 데친것, 파, 쪽파, 생것, 소금, 천일염, 가는소금, 마늘, 생것"
D062006,"섞어찌개(고추장, 햄)",찌개류,육류찌개,"감자, 대지, 삶은것, 두부, 소고기, 한우, 양지, 삶은것, 콩나물, 삶은것, 호박, 애호박, 데친것, 고추장, 개량, 양파, 데친것, 햄, 프레스햄, 데친것, 파, 쪽파, 생것, 소금, 천일염, 가는소금, 마늘, 생것","메뉴명: 섞어찌개(고추장, 햄)
메뉴 대분류: 찌개류
메뉴 소분류: 육류찌개
식재료: 감자, 대지, 삶은것, 두부, 소고기, 한우, 양지, 삶은것, 콩나물, 삶은것, 호박, 애호박, 데친것, 고추장, 개량, 양파, 데친것, 햄, 프레스햄, 데친것, 파, 쪽파, 생것, 소금, 천일염, 가는소금, 마늘, 생것"
D062007,"소고기찌개(고추장, 감자)",찌개류,육류찌개,"감자, 대지, 삶은것, 소고기, 한우, 양지, 삶은것, 두부, 쑥갓, 데친것, 양파, 데친것, 고추, 풋고추, 생것, 고추장, 개량, 고추, 빨간색, 생것, 마늘, 생것, 소금, 천일염, 가는소금","메뉴명: 소고기찌개(고추장, 감자)
메뉴 대분류: 찌개류
메뉴 소분류: 육류찌개
식재료: 감자, 대지, 삶은것, 소고기, 한우, 양지, 삶은것, 두부, 쑥갓, 데친것, 양파, 데친것, 고추, 풋고추, 생것, 고추장, 개량, 고추, 빨간색, 생것, 마늘, 생것, 소금, 천일염, 가는소금"
D062008,"소고기찌개(고추장, 두부)",찌개류,육류찌개,"두부, 감자, 대지, 삶은것, 소고기, 한우, 양지, 삶은것, 양파, 데친것, 고추장, 개량, 파, 대파, 생것, 고춧가루, 마늘, 생것, 간장, 재래, 후추, 검은색, 가루","메뉴명: 소고기찌개(고추장, 두부)
메뉴 대분류: 찌개류
메뉴 소분류: 육류찌개
식재료: 두부, 감자, 대지, 삶은것, 소고기, 한우, 양지, 삶은것, 양파, 데친것, 고추장, 개량, 파, 대파, 생것, 고춧가루, 마늘, 생것, 간장, 재래, 후추, 검은색, 가루"
D062009,햄찌개(고추장),찌개류,육류찌개,"햄, 프레스햄, 고추, 풋고추, 생것, 고추장, 개량, 고추, 빨간색, 생것, 파, 대파, 생것, 고춧가루, 마늘, 생것, 소금, 천일염, 가는소금","메뉴명: 햄찌개(고추장)
메뉴 대분류: 찌개류
메뉴 소분류: 육류찌개
식재료: 햄, 프레스햄, 고추, 풋고추, 생것, 고추장, 개량, 고추, 빨간색, 생것, 파, 대파, 생것, 고춧가루, 마늘, 생것, 소금, 천일염, 가는소금"
D062010,가래떡김치말이짜글이,찌개류,육류찌개,"멥쌀떡, 가래떡, 김치, 배추 김치, 돼지고기, 목심, 생것, 멸치 육수, 김치, 동치미, 양파, 생것, 파, 대파, 생것, 고추, 초록색, 녹광, 생것, 고추, 빨간색, 생것, 설탕, 백설탕, 간장, 개량, 양조","메뉴명: 가래떡김치말이짜글이
메뉴 대분류: 찌개류
메뉴 소분류: 육류찌개
식재료: 멥쌀떡, 가래떡, 김치, 배추 김치, 돼지고기, 목심, 생것, 멸치 육수, 김치, 동치미, 양파, 생것, 파, 대파, 생것, 고추, 초록색, 녹광, 생것, 고추, 빨간색, 생것, 설탕, 백설탕, 간장, 개량, 양조"
D062011,닭안심 김치스튜,찌개류,육류찌개,"닭고기, 살코기, 생것, 감자, 대지, 생것, 당근, 뿌리, 생것, 김치, 배추 김치, 월계수, 잎, 말린것, 파슬리, 말린것, 소금, 천일염, 가는소금, 후추, 검은색, 가루, 버터, 가염, 마늘, 생것, 토마토 소스","메뉴명: 닭안심 김치스튜
메뉴 대분류: 찌개류
메뉴 소분류: 육류찌개
식재료: 닭고기, 살코기, 생것, 감자, 대지, 생것, 당근, 뿌리, 생것, 김치, 배추 김치, 월계수, 잎, 말린것, 파슬리, 말린것, 소금, 천일염, 가는소금, 후추, 검은색, 가루, 버터, 가염, 마늘, 생것, 토마토 소스"
D062012,돈육된장찌개,찌개류,육류찌개,"돼지고기, 앞다리(앞다리살), 생것, 무, 조선무, 생것, 양파, 생것, 호박, 애호박, 생것, 두부, 고추, 청양고추, 생것, 고추, 빨간색, 생것, 파, 대파, 생것, 발효주, 청주, 알코올 16%, 생강, 뿌리줄기, 생것, 참기름, 후추, 검은색, 가루, 멸치, 대멸치, 삶아서 말린것, 다시마, 말린것, 새우, 꽃새우, 삶아서 말린것, 생수, 된장, 개량, 고춧가루, 마늘, 생것","메뉴명: 돈육된장찌개
메뉴 대분류: 찌개류
메뉴 소분류: 육류찌개
식재료: 돼지고기, 앞다리(앞다리살), 생것, 무, 조선무, 생것, 양파, 생것, 호박, 애호박, 생것, 두부, 고추, 청양고추, 생것, 고추, 빨간색, 생것, 파, 대파, 생것, 발효주, 청주, 알코올 16%, 생강, 뿌리줄기, 생것, 참기름, 후추, 검은색, 가루, 멸치, 대멸치, 삶아서 말린것, 다시마, 말린것, 새우, 꽃새우, 삶아서 말린것, 생수, 된장, 개량, 고춧가루, 마늘, 생것"
D062013,완자김치찌개,찌개류,육류찌개,"콩나물, 생것, 김치, 배추 김치, 두부, 고추, 빨간색, 생것, 돼지고기, 등심, 생것, 새우, 젓갈, 파, 대파, 생것, 마늘, 생것, 소고기, 한우(1++등급), 양지, 생것","메뉴명: 완자김치찌개
메뉴 대분류: 찌개류
메뉴 소분류: 육류찌개
식재료: 콩나물, 생것, 김치, 배추 김치, 두부, 고추, 빨간색, 생것, 돼지고기, 등심, 생것, 새우, 젓갈, 파, 대파, 생것, 마늘, 생것, 소고기, 한우(1++등급), 양지, 생것"
D062014,닭고기김치찌개,찌개류,육류찌개,"닭고기, 가슴, 생것, 호박, 애호박, 생것, 미나리, 돌미나리, 생것, 고추, 청양고추, 생것, 두부, 김치, 배추 김치, 참기름, 느타리버섯, 생것, 달걀, 생것, 다시마, 말린것, 무, 조선무, 생것, 파, 대파, 생것, 양파, 생것, 고추, 빨간색, 말린것, 멸치, 대멸치, 삶아서 말린것, 마늘, 생것, 발효주, 청주, 알코올 16%, 생수","메뉴명: 닭고기김치찌개
메뉴 대분류: 찌개류
메뉴 소분류: 육류찌개
식재료: 닭고기, 가슴, 생것, 호박, 애호박, 생것, 미나리, 돌미나리, 생것, 고추, 청양고추, 생것, 두부, 김치, 배추 김치, 참기름, 느타리버섯, 생것, 달걀, 생것, 다시마, 말린것, 무, 조선무, 생것, 파, 대파, 생것, 양파, 생것, 고추, 빨간색, 말린것, 멸치, 대멸치, 삶아서 말린것, 마늘, 생것, 발효주, 청주, 알코올 16%, 생수"
D062015,부대찌개,찌개류,육류찌개,"햄, 등심햄, 소시지, 프랑크푸르트소시지, 김치, 배추 김치, 콩나물, 생것, 돼지고기, 뒷다리, 생것, 양파, 생것, 멸치, 대멸치, 삶아서 말린것, 다시마, 말린것, 마늘, 생것, 간장, 재래, 파, 대파, 생것","메뉴명: 부대찌개
메뉴 대분류: 찌개류
메뉴 소분류: 육류찌개
식재료: 햄, 등심햄, 소시지, 프랑크푸르트소시지, 김치, 배추 김치, 콩나물, 생것, 돼지고기, 뒷다리, 생것, 양파, 생것, 멸치, 대멸치, 삶아서 말린것, 다시마, 말린것, 마늘, 생것, 간장, 재래, 파, 대파, 생것"
D062016,돈육짜글이찌개,찌개류,육류찌개,"돼지고기, 목심, 생것, 감자, 대지, 생것, 두부, 고추장, 재래, 호박, 애호박, 생것, 양파, 생것, 고춧가루, 콩기름, 마늘, 다진것, 소금, 천일염","메뉴명: 돈육짜글이찌개
메뉴 대분류: 찌개류
메뉴 소분류: 육류찌개
식재료: 돼지고기, 목심, 생것, 감자, 대지, 생것, 두부, 고추장, 재래, 호박, 애호박, 생것, 양파, 생것, 고춧가루, 콩기름, 마늘, 다진것, 소금, 천일염"
D062017,두부청국장찌개,찌개류,육류찌개,"청국장, 찌개용, 두부, 호박, 애호박, 생것, 김치, 배추 김치, 돼지고기, 뒷다리, 생것, 무, 조선무, 생것, 멸치, 대멸치, 삶아서 말린것, 소금, 천일염, 다시마, 말린것, 고추, 풋고추, 생것, 고추, 빨간색, 생것, 마늘, 다진것, 표고버섯, 배지재배, 말린것","메뉴명: 두부청국장찌개
메뉴 대분류: 찌개류
메뉴 소분류: 육류찌개
식재료: 청국장, 찌개용, 두부, 호박, 애호박, 생것, 김치, 배추 김치, 돼지고기, 뒷다리, 생것, 무, 조선무, 생것, 멸치, 대멸치, 삶아서 말린것, 소금, 천일염, 다시마, 말린것, 고추, 풋고추, 생것, 고추, 빨간색, 생것, 마늘, 다진것, 표고버섯, 배지재배, 말린것"
D062018,목살고추장찌개,찌개류,육류찌개,"감자, 대지, 생것, 고추장, 개량, 호박, 애호박, 생것, 양파, 생것, 두부, 돼지고기, 목심, 생것, 파, 대파, 생것, 멸치, 대멸치, 삶아서 말린것, 된장, 개량","메뉴명: 목살고추장찌개
메뉴 대분류: 찌개류
메뉴 소분류: 육류찌개
식재료: 감자, 대지, 생것, 고추장, 개량, 호박, 애호박, 생것, 양파, 생것, 두부, 돼지고기, 목심, 생것, 파, 대파, 생것, 멸치, 대멸치, 삶아서 말린것, 된장, 개량"
D062019,배추콩비지찌개,찌개류,육류찌개,"비지, 김치, 배추 김치, 돼지고기, 뒷다리, 생것, 배추, 생것, 무, 조선무, 생것, 표고버섯, 배지재배, 생것, 다시마, 말린것, 명태, 북어, 말린것, 멸치, 대멸치, 삶아서 말린것, 새우, 꽃새우, 삶아서 말린것, 파, 대파, 생것, 양파, 생것, 소금, 천일염, 가는소금, 마늘, 생것","메뉴명: 배추콩비지찌개
메뉴 대분류: 찌개류
메뉴 소분류: 육류찌개
식재료: 비지, 김치, 배추 김치, 돼지고기, 뒷다리, 생것, 배추, 생것, 무, 조선무, 생것, 표고버섯, 배지재배, 생것, 다시마, 말린것, 명태, 북어, 말린것, 멸치, 대멸치, 삶아서 말린것, 새우, 꽃새우, 삶아서 말린것, 파, 대파, 생것, 양파, 생것, 소금, 천일염, 가는소금, 마늘, 생것"
D062020,흑돼지김치찌개,찌개류,육류찌개,"김치, 배추 김치, 돼지고기, 앞다리(앞다리살), 생것, 고춧가루, 두부, 옥수수기름, 새우, 젓갈, 토굴육젓, 파, 대파, 생것, 마늘, 생것","메뉴명: 흑돼지김치찌개
메뉴 대분류: 찌개류
메뉴 소분류: 육류찌개
식재료: 김치, 배추 김치, 돼지고기, 앞다리(앞다리살), 생것, 고춧가루, 두부, 옥수수기름, 새우, 젓갈, 토굴육젓, 파, 대파, 생것, 마늘, 생것"
D062021,돼지고기두부찌개,찌개류,육류찌개,"두부, 돼지고기, 앞다리(앞다리살), 생것, 양파, 생것, 파, 대파, 생것, 고추, 풋고추, 생것, 고추장, 개량, 고춧가루, 마늘, 생것, 소금, 천일염, 가는소금, 혼합식물성유, 생강, 뿌리줄기, 생것","메뉴명: 돼지고기두부찌개
메뉴 대분류: 찌개류
메뉴 소분류: 육류찌개
식재료: 두부, 돼지고기, 앞다리(앞다리살), 생것, 양파, 생것, 파, 대파, 생것, 고추, 풋고추, 생것, 고추장, 개량, 고춧가루, 마늘, 생것, 소금, 천일염, 가는소금, 혼합식물성유, 생강, 뿌리줄기, 생것"
D062022,돼지고기청국장찌개,찌개류,육류찌개,"청국장, 찌개용, 두부, 호박, 애호박, 생것, 김치, 배추 김치, 무, 조선무, 생것, 돼지고기, 뒷다리, 생것, 멸치, 대멸치, 삶아서 말린것, 다시마, 말린것, 고추, 풋고추, 생것, 고추, 빨간색, 생것, 마늘, 다진것, 소금, 천일염, 표고버섯, 배지재배, 말린것","메뉴명: 돼지고기청국장찌개
메뉴 대분류: 찌개류
메뉴 소분류: 육류찌개
식재료: 청국장, 찌개용, 두부, 호박, 애호박, 생것, 김치, 배추 김치, 무, 조선무, 생것, 돼지고기, 뒷다리, 생것, 멸치, 대멸치, 삶아서 말린것, 다시마, 말린것, 고추, 풋고추, 생것, 고추, 빨간색, 생것, 마늘, 다진것, 소금, 천일염, 표고버섯, 배지재배, 말린것"
D062023,돼지고기콩비지찌개,찌개류,육류찌개,"비지, 돼지고기, 뒷다리, 생것, 배추, 생것, 무, 조선무, 생것, 된장, 개량, 멸치, 대멸치, 삶아서 말린것, 다시마, 말린것, 양파, 생것, 파, 대파, 생것, 후추, 검은색, 가루, 소금, 천일염, 소금꽃, 부추, 솔부추, 생것, 생강, 뿌리줄기, 생것","메뉴명: 돼지고기콩비지찌개
메뉴 대분류: 찌개류
메뉴 소분류: 육류찌개
식재료: 비지, 돼지고기, 뒷다리, 생것, 배추, 생것, 무, 조선무, 생것, 된장, 개량, 멸치, 대멸치, 삶아서 말린것, 다시마, 말린것, 양파, 생것, 파, 대파, 생것, 후추, 검은색, 가루, 소금, 천일염, 소금꽃, 부추, 솔부추, 생것, 생강, 뿌리줄기, 생것"
D062024,가지돼지고기된장찌개,찌개류,육류찌개,"감자, 대지, 생것, 된장, 개량, 두부, 돼지고기, 등심, 생것, 호박, 애호박, 생것, 양파, 생것, 멸치, 대멸치, 삶아서 말린것, 가지, 말린것, 파, 대파, 생것, 다시마, 말린것, 소금, 천일염, 마늘, 다진것, 고춧가루","메뉴명: 가지돼지고기된장찌개
메뉴 대분류: 찌개류
메뉴 소분류: 육류찌개
식재료: 감자, 대지, 생것, 된장, 개량, 두부, 돼지고기, 등심, 생것, 호박, 애호박, 생것, 양파, 생것, 멸치, 대멸치, 삶아서 말린것, 가지, 말린것, 파, 대파, 생것, 다시마, 말린것, 소금, 천일염, 마늘, 다진것, 고춧가루"
D062025,돼지고기두부김치찌개,찌개류,육류찌개,"김치, 배추 김치, 돼지고기, 앞다리(앞다리살), 생것, 두부, 파, 대파, 생것, 고춧가루, 멸치, 대멸치, 삶아서 말린것, 마늘, 생것","메뉴명: 돼지고기두부김치찌개
메뉴 대분류: 찌개류
메뉴 소분류: 육류찌개
식재료: 김치, 배추 김치, 돼지고기, 앞다리(앞다리살), 생것, 두부, 파, 대파, 생것, 고춧가루, 멸치, 대멸치, 삶아서 말린것, 마늘, 생것"
D063001,김치된장찌개(고추장),찌개류,된장찌개류,"김치, 배추 김치, 감자, 대지, 삶은것, 호박, 애호박, 데친것, 된장, 개량, 양파, 데친것, 고추, 풋고추, 생것, 고추장, 개량, 파, 대파, 생것, 마늘, 생것, 멸치 육수, 고춧가루","메뉴명: 김치된장찌개(고추장)
메뉴 대분류: 찌개류
메뉴 소분류: 된장찌개류
식재료: 김치, 배추 김치, 감자, 대지, 삶은것, 호박, 애호박, 데친것, 된장, 개량, 양파, 데친것, 고추, 풋고추, 생것, 고추장, 개량, 파, 대파, 생것, 마늘, 생것, 멸치 육수, 고춧가루"
D063002,달래된장찌개,찌개류,된장찌개류,"감자, 대지, 삶은것, 두부, 호박, 애호박, 데친것, 된장, 개량, 달래, 생것, 대합, 북방대합, 생것, 양파, 데친것, 마늘, 생것","메뉴명: 달래된장찌개
메뉴 대분류: 찌개류
메뉴 소분류: 된장찌개류
식재료: 감자, 대지, 삶은것, 두부, 호박, 애호박, 데친것, 된장, 개량, 달래, 생것, 대합, 북방대합, 생것, 양파, 데친것, 마늘, 생것"
D063003,"달래된장찌개(고추장, 냉이)",찌개류,된장찌개류,"감자, 대지, 삶은것, 달래, 생것, 호박, 애호박, 데친것, 된장, 개량, 냉이, 데친것, 양파, 데친것, 고추, 풋고추, 생것, 고추장, 개량, 파, 대파, 생것, 마늘, 생것, 멸치 육수, 고춧가루","메뉴명: 달래된장찌개(고추장, 냉이)
메뉴 대분류: 찌개류
메뉴 소분류: 된장찌개류
식재료: 감자, 대지, 삶은것, 달래, 생것, 호박, 애호박, 데친것, 된장, 개량, 냉이, 데친것, 양파, 데친것, 고추, 풋고추, 생것, 고추장, 개량, 파, 대파, 생것, 마늘, 생것, 멸치 육수, 고춧가루"
D063004,돼지고기된장찌개(고추장),찌개류,된장찌개류,"감자, 대지, 삶은것, 호박, 애호박, 데친것, 돼지고기, 사태, 삶은것, 된장, 개량, 양파, 데친것, 고추, 풋고추, 생것, 고추장, 개량, 파, 대파, 생것, 마늘, 생것, 멸치 육수","메뉴명: 돼지고기된장찌개(고추장)
메뉴 대분류: 찌개류
메뉴 소분류: 된장찌개류
식재료: 감자, 대지, 삶은것, 호박, 애호박, 데친것, 돼지고기, 사태, 삶은것, 된장, 개량, 양파, 데친것, 고추, 풋고추, 생것, 고추장, 개량, 파, 대파, 생것, 마늘, 생것, 멸치 육수"
D063005,돼지고기된장찌개(양배추),찌개류,된장찌개류,"두부, 감자, 대지, 삶은것, 된장, 개량, 양배추, 데친것, 양파, 데친것, 호박, 애호박, 데친것, 돼지고기, 사태, 삶은것, 조개, 살조개, 생것, 멸치 육수, 고추, 풋고추, 생것, 마늘, 생것, 파, 쪽파, 생것","메뉴명: 돼지고기된장찌개(양배추)
메뉴 대분류: 찌개류
메뉴 소분류: 된장찌개류
식재료: 두부, 감자, 대지, 삶은것, 된장, 개량, 양배추, 데친것, 양파, 데친것, 호박, 애호박, 데친것, 돼지고기, 사태, 삶은것, 조개, 살조개, 생것, 멸치 육수, 고추, 풋고추, 생것, 마늘, 생것, 파, 쪽파, 생것"
D063006,돼지고기된장찌개(호박잎),찌개류,된장찌개류,"감자, 대지, 삶은것, 된장, 개량, 양파, 데친것, 돼지고기, 사태, 삶은것, 조개, 살조개, 생것, 호박, 잎, 데친것, 멸치 육수, 고추, 풋고추, 생것, 마늘, 생것, 파, 쪽파, 생것","메뉴명: 돼지고기된장찌개(호박잎)
메뉴 대분류: 찌개류
메뉴 소분류: 된장찌개류
식재료: 감자, 대지, 삶은것, 된장, 개량, 양파, 데친것, 돼지고기, 사태, 삶은것, 조개, 살조개, 생것, 호박, 잎, 데친것, 멸치 육수, 고추, 풋고추, 생것, 마늘, 생것, 파, 쪽파, 생것"
D063007,두부된장찌개(고추장),찌개류,된장찌개류,"두부, 감자, 대지, 삶은것, 된장, 개량, 호박, 애호박, 데친것, 양파, 데친것, 조개, 살조개, 생것, 고추, 풋고추, 생것, 고추장, 개량, 마늘, 생것","메뉴명: 두부된장찌개(고추장)
메뉴 대분류: 찌개류
메뉴 소분류: 된장찌개류
식재료: 두부, 감자, 대지, 삶은것, 된장, 개량, 호박, 애호박, 데친것, 양파, 데친것, 조개, 살조개, 생것, 고추, 풋고추, 생것, 고추장, 개량, 마늘, 생것"
D063008,우거지된장찌개(소고기),찌개류,된장찌개류,"배추, 시래기, 말린것, 삶은것, 두부, 대합, 북방대합, 생것, 된장, 개량, 소고기, 한우, 양지, 삶은것, 양파, 데친것, 멸치 육수, 고추, 풋고추, 생것, 마늘, 생것, 파, 쪽파, 생것","메뉴명: 우거지된장찌개(소고기)
메뉴 대분류: 찌개류
메뉴 소분류: 된장찌개류
식재료: 배추, 시래기, 말린것, 삶은것, 두부, 대합, 북방대합, 생것, 된장, 개량, 소고기, 한우, 양지, 삶은것, 양파, 데친것, 멸치 육수, 고추, 풋고추, 생것, 마늘, 생것, 파, 쪽파, 생것"
D063009,우렁된장찌개,찌개류,된장찌개류,"두부, 된장, 개량, 우렁이, 논우렁이, 생것, 호박, 애호박, 데친것, 바지락, 생것, 표고버섯, 참나무재배, 말린것, 삶은것, 고추, 빨간색, 생것, 고추, 풋고추, 생것, 마늘, 생것","메뉴명: 우렁된장찌개
메뉴 대분류: 찌개류
메뉴 소분류: 된장찌개류
식재료: 두부, 된장, 개량, 우렁이, 논우렁이, 생것, 호박, 애호박, 데친것, 바지락, 생것, 표고버섯, 참나무재배, 말린것, 삶은것, 고추, 빨간색, 생것, 고추, 풋고추, 생것, 마늘, 생것"
D063010,차돌박이된장찌개,찌개류,된장찌개류,"감자, 대지, 삶은것, 두부, 된장, 개량, 양파, 데친것, 호박, 애호박, 데친것, 소고기, 한우(1등급), 양지(차돌박이), 생것, 조개, 살조개, 생것, 멸치 육수, 고추, 풋고추, 생것, 마늘, 생것, 파, 쪽파, 생것","메뉴명: 차돌박이된장찌개
메뉴 대분류: 찌개류
메뉴 소분류: 된장찌개류
식재료: 감자, 대지, 삶은것, 두부, 된장, 개량, 양파, 데친것, 호박, 애호박, 데친것, 소고기, 한우(1등급), 양지(차돌박이), 생것, 조개, 살조개, 생것, 멸치 육수, 고추, 풋고추, 생것, 마늘, 생것, 파, 쪽파, 생것"
D063012,청국장찌개(고추장),찌개류,된장찌개류,"두부, 김치, 배추 김치, 청국장, 양파, 데친것, 고추장, 개량, 파, 대파, 생것, 고춧가루, 마늘, 생것, 멸치 육수, 소금, 천일염, 가는소금","메뉴명: 청국장찌개(고추장)
메뉴 대분류: 찌개류
메뉴 소분류: 된장찌개류
식재료: 두부, 김치, 배추 김치, 청국장, 양파, 데친것, 고추장, 개량, 파, 대파, 생것, 고춧가루, 마늘, 생것, 멸치 육수, 소금, 천일염, 가는소금"
D063013,청국장찌개(소고기),찌개류,된장찌개류,"두부, 감자, 대지, 삶은것, 김치, 배추 김치, 소고기, 한우, 양지, 삶은것, 청국장, 호박, 애호박, 데친것, 고추, 풋고추, 생것, 마늘, 생것","메뉴명: 청국장찌개(소고기)
메뉴 대분류: 찌개류
메뉴 소분류: 된장찌개류
식재료: 두부, 감자, 대지, 삶은것, 김치, 배추 김치, 소고기, 한우, 양지, 삶은것, 청국장, 호박, 애호박, 데친것, 고추, 풋고추, 생것, 마늘, 생것"
D063014,해물된장찌개,찌개류,된장찌개류,"감자, 대지, 삶은것, 두부, 오징어, 구운것, 게, 꽃게, 찐것, 된장, 개량, 양파, 데친것, 바지락, 생것, 새우, 중하, 생것, 멸치 육수, 고춧가루, 마늘, 생것, 파, 쪽파, 생것","메뉴명: 해물된장찌개
메뉴 대분류: 찌개류
메뉴 소분류: 된장찌개류
식재료: 감자, 대지, 삶은것, 두부, 오징어, 구운것, 게, 꽃게, 찐것, 된장, 개량, 양파, 데친것, 바지락, 생것, 새우, 중하, 생것, 멸치 육수, 고춧가루, 마늘, 생것, 파, 쪽파, 생것"
D063015,호박된장찌개(고추장),찌개류,된장찌개류,"호박, 애호박, 데친것, 감자, 대지, 삶은것, 두부, 된장, 개량, 멸치 육수, 고추장, 개량, 고추, 풋고추, 생것, 표고버섯, 참나무재배, 말린것, 삶은것, 파, 쪽파, 생것, 마늘, 생것","메뉴명: 호박된장찌개(고추장)
메뉴 대분류: 찌개류
메뉴 소분류: 된장찌개류
식재료: 호박, 애호박, 데친것, 감자, 대지, 삶은것, 두부, 된장, 개량, 멸치 육수, 고추장, 개량, 고추, 풋고추, 생것, 표고버섯, 참나무재배, 말린것, 삶은것, 파, 쪽파, 생것, 마늘, 생것"
D063016,호박된장찌개(달래),찌개류,된장찌개류,"호박, 애호박, 데친것, 된장, 개량, 감자, 대지, 삶은것, 두부, 달래, 생것, 양파, 데친것, 조개, 살조개, 생것, 마늘, 생것","메뉴명: 호박된장찌개(달래)
메뉴 대분류: 찌개류
메뉴 소분류: 된장찌개류
식재료: 호박, 애호박, 데친것, 된장, 개량, 감자, 대지, 삶은것, 두부, 달래, 생것, 양파, 데친것, 조개, 살조개, 생것, 마늘, 생것"
D063017,호박된장찌개(돼지고기),찌개류,된장찌개류,"두부, 감자, 대지, 삶은것, 호박, 애호박, 데친것, 된장, 개량, 대합, 북방대합, 생것, 돼지고기, 사태, 삶은것, 양파, 데친것, 멸치 육수, 고추, 풋고추, 생것, 마늘, 생것, 파, 쪽파, 생것","메뉴명: 호박된장찌개(돼지고기)
메뉴 대분류: 찌개류
메뉴 소분류: 된장찌개류
식재료: 두부, 감자, 대지, 삶은것, 호박, 애호박, 데친것, 된장, 개량, 대합, 북방대합, 생것, 돼지고기, 사태, 삶은것, 양파, 데친것, 멸치 육수, 고추, 풋고추, 생것, 마늘, 생것, 파, 쪽파, 생것"
D063018,호박된장찌개(미더덕),찌개류,된장찌개류,"호박, 애호박, 데친것, 두부, 미더덕, 생것, 무, 조선무, 생것, 된장, 개량, 마늘, 생것, 파, 대파, 생것, 고추, 풋고추, 생것","메뉴명: 호박된장찌개(미더덕)
메뉴 대분류: 찌개류
메뉴 소분류: 된장찌개류
식재료: 호박, 애호박, 데친것, 두부, 미더덕, 생것, 무, 조선무, 생것, 된장, 개량, 마늘, 생것, 파, 대파, 생것, 고추, 풋고추, 생것"
D063026,청국장찌개,찌개류,된장찌개류,"청국장, 소고기, 한우, 양지, 삶은것, 두부, 김치, 배추 김치, 고추, 풋고추, 생것, 파, 대파, 생것, 마늘, 생것, 고춧가루, 소금, 천일염, 가는소금","메뉴명: 청국장찌개
메뉴 대분류: 찌개류
메뉴 소분류: 된장찌개류
식재료: 청국장, 소고기, 한우, 양지, 삶은것, 두부, 김치, 배추 김치, 고추, 풋고추, 생것, 파, 대파, 생것, 마늘, 생것, 고춧가루, 소금, 천일염, 가는소금"
D063027,늙은 호박 해물 된장찌개,찌개류,된장찌개류,"호박, 늙은호박, 생것, 양파, 생것, 두부, 파, 대파, 생것, 무, 조선무, 생것, 고추, 빨간색, 생것, 바지락, 생것, 새우, 중하, 생것, 생수, 마늘, 생것, 된장, 개량","메뉴명: 늙은 호박 해물 된장찌개
메뉴 대분류: 찌개류
메뉴 소분류: 된장찌개류
식재료: 호박, 늙은호박, 생것, 양파, 생것, 두부, 파, 대파, 생것, 무, 조선무, 생것, 고추, 빨간색, 생것, 바지락, 생것, 새우, 중하, 생것, 생수, 마늘, 생것, 된장, 개량"
D063028,산나물된장찌개,찌개류,된장찌개류,"고려엉겅퀴(곤드레), 재래종, 잎, 생것, 고구마, 줄기, 생것, 취나물, 참취, 생것, 호박, 애호박, 생것, 양파, 생것, 고추, 청양고추, 생것, 파, 대파, 생것, 두부, 순두부, 대두, 노란색, 말린것, 표고버섯, 배지재배, 생것, 된장, 개량, 대두, 콩가루, 생수, 멸치, 대멸치, 삶아서 말린것, 다시마, 말린것, 마늘, 다진것, 고춧가루, 들깨, 볶은것","메뉴명: 산나물된장찌개
메뉴 대분류: 찌개류
메뉴 소분류: 된장찌개류
식재료: 고려엉겅퀴(곤드레), 재래종, 잎, 생것, 고구마, 줄기, 생것, 취나물, 참취, 생것, 호박, 애호박, 생것, 양파, 생것, 고추, 청양고추, 생것, 파, 대파, 생것, 두부, 순두부, 대두, 노란색, 말린것, 표고버섯, 배지재배, 생것, 된장, 개량, 대두, 콩가루, 생수, 멸치, 대멸치, 삶아서 말린것, 다시마, 말린것, 마늘, 다진것, 고춧가루, 들깨, 볶은것"
D063029,해물순두부된장찌개,찌개류,된장찌개류,"바지락, 생것, 주꾸미, 생것, 미역, 말린것, 표고버섯, 배지재배, 말린것, 두부, 순두부, 파, 대파, 생것, 멸치, 대멸치, 삶아서 말린것, 된장, 개량, 대두, 콩가루","메뉴명: 해물순두부된장찌개
메뉴 대분류: 찌개류
메뉴 소분류: 된장찌개류
식재료: 바지락, 생것, 주꾸미, 생것, 미역, 말린것, 표고버섯, 배지재배, 말린것, 두부, 순두부, 파, 대파, 생것, 멸치, 대멸치, 삶아서 말린것, 된장, 개량, 대두, 콩가루"
D063030,강된장찌개,찌개류,된장찌개류,"두부, 호박, 애호박, 생것, 된장, 개량, 고추장, 개량, 표고버섯, 배지재배, 생것, 파, 대파, 생것, 고추, 풋고추, 생것, 고추, 빨간색, 생것, 멸치, 대멸치, 삶아서 말린것","메뉴명: 강된장찌개
메뉴 대분류: 찌개류
메뉴 소분류: 된장찌개류
식재료: 두부, 호박, 애호박, 생것, 된장, 개량, 고추장, 개량, 표고버섯, 배지재배, 생것, 파, 대파, 생것, 고추, 풋고추, 생것, 고추, 빨간색, 생것, 멸치, 대멸치, 삶아서 말린것"
D063031,해물청국장,찌개류,된장찌개류,"청국장, 찌개용, 두부, 바지락, 생것, 호박, 애호박, 생것, 돼지고기, 뒷다리, 생것, 오징어, 갑오징어, 생것, 무, 조선무, 생것, 멸치, 대멸치, 삶아서 말린것, 소금, 천일염, 고춧가루, 다시마, 말린것, 고추, 풋고추, 생것, 고추, 빨간색, 생것, 마늘, 다진것, 표고버섯, 배지재배, 생것","메뉴명: 해물청국장
메뉴 대분류: 찌개류
메뉴 소분류: 된장찌개류
식재료: 청국장, 찌개용, 두부, 바지락, 생것, 호박, 애호박, 생것, 돼지고기, 뒷다리, 생것, 오징어, 갑오징어, 생것, 무, 조선무, 생것, 멸치, 대멸치, 삶아서 말린것, 소금, 천일염, 고춧가루, 다시마, 말린것, 고추, 풋고추, 생것, 고추, 빨간색, 생것, 마늘, 다진것, 표고버섯, 배지재배, 생것"
D063032,감자된장찌개,찌개류,된장찌개류,"호박, 애호박, 생것, 두부, 감자, 대지, 생것, 양파, 생것, 당근, 뿌리, 생것, 다시마, 말린것, 멸치, 대멸치, 삶아서 말린것, 파, 대파, 생것, 고추, 풋고추, 생것, 고추, 빨간색, 생것, 마늘, 다진것","메뉴명: 감자된장찌개
메뉴 대분류: 찌개류
메뉴 소분류: 된장찌개류
식재료: 호박, 애호박, 생것, 두부, 감자, 대지, 생것, 양파, 생것, 당근, 뿌리, 생것, 다시마, 말린것, 멸치, 대멸치, 삶아서 말린것, 파, 대파, 생것, 고추, 풋고추, 생것, 고추, 빨간색, 생것, 마늘, 다진것"
D063033,꽃게된장찌개,찌개류,된장찌개류,"게, 꽃게, 생것, 멸치 육수, 감자, 대지, 생것, 된장, 개량, 호박, 애호박, 생것, 두부, 양파, 생것, 파, 대파, 생것, 다시마, 말린것, 마늘, 다진것, 고추, 풋고추, 생것, 고춧가루, 고추, 빨간색, 생것","메뉴명: 꽃게된장찌개
메뉴 대분류: 찌개류
메뉴 소분류: 된장찌개류
식재료: 게, 꽃게, 생것, 멸치 육수, 감자, 대지, 생것, 된장, 개량, 호박, 애호박, 생것, 두부, 양파, 생것, 파, 대파, 생것, 다시마, 말린것, 마늘, 다진것, 고추, 풋고추, 생것, 고춧가루, 고추, 빨간색, 생것"
D063034,부추된장찌개,찌개류,된장찌개류,"두부, 호박, 애호박, 생것, 부추, 솔부추, 생것, 양파, 생것, 팽이버섯, 생것, 된장, 개량, 멸치, 대멸치, 삶아서 말린것, 다시마, 말린것, 마늘, 생것","메뉴명: 부추된장찌개
메뉴 대분류: 찌개류
메뉴 소분류: 된장찌개류
식재료: 두부, 호박, 애호박, 생것, 부추, 솔부추, 생것, 양파, 생것, 팽이버섯, 생것, 된장, 개량, 멸치, 대멸치, 삶아서 말린것, 다시마, 말린것, 마늘, 생것"
D063035,호박된장찌개,찌개류,된장찌개류,"호박, 애호박, 생것, 감자, 대지, 생것, 두부, 양파, 생것, 당근, 뿌리, 생것, 다시마, 말린것, 멸치, 대멸치, 삶아서 말린것, 파, 대파, 생것, 고추, 풋고추, 생것, 고추, 빨간색, 생것, 마늘, 다진것","메뉴명: 호박된장찌개
메뉴 대분류: 찌개류
메뉴 소분류: 된장찌개류
식재료: 호박, 애호박, 생것, 감자, 대지, 생것, 두부, 양파, 생것, 당근, 뿌리, 생것, 다시마, 말린것, 멸치, 대멸치, 삶아서 말린것, 파, 대파, 생것, 고추, 풋고추, 생것, 고추, 빨간색, 생것, 마늘, 다진것"
D063036,소고기된장찌개,찌개류,된장찌개류,"두부, 호박, 애호박, 생것, 양파, 생것, 소고기, 한우, 등심, 생것, 멸치, 대멸치, 삶아서 말린것, 다시마, 말린것, 된장, 개량, 파, 대파, 생것","메뉴명: 소고기된장찌개
메뉴 대분류: 찌개류
메뉴 소분류: 된장찌개류
식재료: 두부, 호박, 애호박, 생것, 양파, 생것, 소고기, 한우, 등심, 생것, 멸치, 대멸치, 삶아서 말린것, 다시마, 말린것, 된장, 개량, 파, 대파, 생것"
D063037,애호박된장찌개,찌개류,된장찌개류,"두부, 호박, 애호박, 생것, 감자, 대지, 생것, 양파, 생것, 된장, 개량, 고추, 풋고추, 생것, 다시마, 말린것, 멸치, 대멸치, 삶아서 말린것, 파, 대파, 생것, 마늘, 생것","메뉴명: 애호박된장찌개
메뉴 대분류: 찌개류
메뉴 소분류: 된장찌개류
식재료: 두부, 호박, 애호박, 생것, 감자, 대지, 생것, 양파, 생것, 된장, 개량, 고추, 풋고추, 생것, 다시마, 말린것, 멸치, 대멸치, 삶아서 말린것, 파, 대파, 생것, 마늘, 생것"
D063038,청국장김치찌개,찌개류,된장찌개류,"두부, 김치, 배추 김치, 느타리버섯, 생것, 청국장, 찌개용, 다시마, 말린것, 멸치, 대멸치, 삶아서 말린것, 파, 대파, 생것, 마늘, 생것","메뉴명: 청국장김치찌개
메뉴 대분류: 찌개류
메뉴 소분류: 된장찌개류
식재료: 두부, 김치, 배추 김치, 느타리버섯, 생것, 청국장, 찌개용, 다시마, 말린것, 멸치, 대멸치, 삶아서 말린것, 파, 대파, 생것, 마늘, 생것"
D063039,순두부청국장찌개,찌개류,된장찌개류,"두부, 순두부, 김치, 배추 김치, 청국장, 찌개용, 호박, 애호박, 생것, 무, 조선무, 생것, 다시마, 말린것, 고추, 풋고추, 생것, 고추, 빨간색, 생것, 마늘, 다진것, 소금, 천일염","메뉴명: 순두부청국장찌개
메뉴 대분류: 찌개류
메뉴 소분류: 된장찌개류
식재료: 두부, 순두부, 김치, 배추 김치, 청국장, 찌개용, 호박, 애호박, 생것, 무, 조선무, 생것, 다시마, 말린것, 고추, 풋고추, 생것, 고추, 빨간색, 생것, 마늘, 다진것, 소금, 천일염"
D063040,차돌두부된장찌개,찌개류,된장찌개류,"두부, 소고기, 한우(1등급), 설도, 생것, 호박, 애호박, 생것, 양파, 생것, 된장, 개량, 다시마, 말린것, 멸치, 대멸치, 삶아서 말린것, 파, 대파, 생것, 고춧가루, 마늘, 생것, 소금, 천일염, 가는소금","메뉴명: 차돌두부된장찌개
메뉴 대분류: 찌개류
메뉴 소분류: 된장찌개류
식재료: 두부, 소고기, 한우(1등급), 설도, 생것, 호박, 애호박, 생것, 양파, 생것, 된장, 개량, 다시마, 말린것, 멸치, 대멸치, 삶아서 말린것, 파, 대파, 생것, 고춧가루, 마늘, 생것, 소금, 천일염, 가는소금"
D063041,호박두부된장찌개,찌개류,된장찌개류,"두부, 호박, 애호박, 생것, 무, 조선무, 생것, 된장, 개량, 표고버섯, 배지재배, 생것, 고춧가루, 다시마, 말린것, 명태, 북어, 말린것, 멸치, 대멸치, 삶아서 말린것, 새우, 꽃새우, 삶아서 말린것, 고추, 청양고추, 생것, 양파, 생것, 마늘, 생것, 파, 대파, 생것","메뉴명: 호박두부된장찌개
메뉴 대분류: 찌개류
메뉴 소분류: 된장찌개류
식재료: 두부, 호박, 애호박, 생것, 무, 조선무, 생것, 된장, 개량, 표고버섯, 배지재배, 생것, 고춧가루, 다시마, 말린것, 명태, 북어, 말린것, 멸치, 대멸치, 삶아서 말린것, 새우, 꽃새우, 삶아서 말린것, 고추, 청양고추, 생것, 양파, 생것, 마늘, 생것, 파, 대파, 생것"
D063042,애호박감자된장찌개,찌개류,된장찌개류,"두부, 호박, 애호박, 생것, 감자, 대지, 생것, 된장, 개량, 양파, 생것, 애느타리버섯, 생것, 고추장, 개량, 표고버섯, 배지재배, 생것, 다시마, 말린것, 파, 대파, 생것, 멸치, 대멸치, 삶아서 말린것, 고추, 풋고추, 생것, 마늘, 생것","메뉴명: 애호박감자된장찌개
메뉴 대분류: 찌개류
메뉴 소분류: 된장찌개류
식재료: 두부, 호박, 애호박, 생것, 감자, 대지, 생것, 된장, 개량, 양파, 생것, 애느타리버섯, 생것, 고추장, 개량, 표고버섯, 배지재배, 생것, 다시마, 말린것, 파, 대파, 생것, 멸치, 대멸치, 삶아서 말린것, 고추, 풋고추, 생것, 마늘, 생것"
D063043,차돌박이달래된장국,찌개류,된장찌개류,"두부, 무, 조선무, 생것, 달래, 생것, 양파, 생것, 소고기, 한우(1등급), 사태, 생것, 호박, 애호박, 생것, 된장, 개량, 다시마, 말린것, 멸치, 대멸치, 삶아서 말린것, 소금, 천일염, 파, 대파, 생것, 마늘, 다진것, 고춧가루","메뉴명: 차돌박이달래된장국
메뉴 대분류: 찌개류
메뉴 소분류: 된장찌개류
식재료: 두부, 무, 조선무, 생것, 달래, 생것, 양파, 생것, 소고기, 한우(1등급), 사태, 생것, 호박, 애호박, 생것, 된장, 개량, 다시마, 말린것, 멸치, 대멸치, 삶아서 말린것, 소금, 천일염, 파, 대파, 생것, 마늘, 다진것, 고춧가루"
D064001,곱창전골(소고기),찌개류,전골류,"소 부산물, 소장(곱창), 생것, 소고기, 한우, 양지, 삶은것, 시금치, 데친것, 양파, 데친것, 당면, 고구마, 삶은것, 표고버섯, 참나무재배, 말린것, 삶은것, 간장, 재래, 참기름, 파, 대파, 생것, 마늘, 생것","메뉴명: 곱창전골(소고기)
메뉴 대분류: 찌개류
메뉴 소분류: 전골류
식재료: 소 부산물, 소장(곱창), 생것, 소고기, 한우, 양지, 삶은것, 시금치, 데친것, 양파, 데친것, 당면, 고구마, 삶은것, 표고버섯, 참나무재배, 말린것, 삶은것, 간장, 재래, 참기름, 파, 대파, 생것, 마늘, 생것"
D064002,국수전골,찌개류,전골류,"소고기, 한우, 양지, 삶은것, 국수, 소면, 말린것, 삶은것, 당근, 뿌리, 데친것, 시금치, 데친것, 양파, 데친것, 표고버섯, 참나무재배, 말린것, 삶은것, 간장, 재래, 참기름, 파, 대파, 생것, 마늘, 생것, 설탕, 백설탕","메뉴명: 국수전골
메뉴 대분류: 찌개류
메뉴 소분류: 전골류
식재료: 소고기, 한우, 양지, 삶은것, 국수, 소면, 말린것, 삶은것, 당근, 뿌리, 데친것, 시금치, 데친것, 양파, 데친것, 표고버섯, 참나무재배, 말린것, 삶은것, 간장, 재래, 참기름, 파, 대파, 생것, 마늘, 생것, 설탕, 백설탕"
D064003,김치전골(돼지고기),찌개류,전골류,"김치, 배추 김치, 돼지고기, 사태, 삶은것, 두부, 당근, 뿌리, 데친것, 시금치, 데친것, 양파, 데친것, 당면, 고구마, 삶은것, 쑥갓, 데친것, 파, 쪽파, 생것, 마늘, 생것, 소금, 천일염, 가는소금, 참기름","메뉴명: 김치전골(돼지고기)
메뉴 대분류: 찌개류
메뉴 소분류: 전골류
식재료: 김치, 배추 김치, 돼지고기, 사태, 삶은것, 두부, 당근, 뿌리, 데친것, 시금치, 데친것, 양파, 데친것, 당면, 고구마, 삶은것, 쑥갓, 데친것, 파, 쪽파, 생것, 마늘, 생것, 소금, 천일염, 가는소금, 참기름"
D064004,"김치전골(돼지고기, 떡)",찌개류,전골류,"김치, 배추 김치, 돼지고기, 사태, 삶은것, 두부, 당근, 뿌리, 데친것, 시금치, 데친것, 양파, 데친것, 당면, 고구마, 삶은것, 멥쌀떡, 가래떡, 쑥갓, 데친것, 파, 쪽파, 생것, 마늘, 생것, 소금, 천일염, 가는소금, 참기름","메뉴명: 김치전골(돼지고기, 떡)
메뉴 대분류: 찌개류
메뉴 소분류: 전골류
식재료: 김치, 배추 김치, 돼지고기, 사태, 삶은것, 두부, 당근, 뿌리, 데친것, 시금치, 데친것, 양파, 데친것, 당면, 고구마, 삶은것, 멥쌀떡, 가래떡, 쑥갓, 데친것, 파, 쪽파, 생것, 마늘, 생것, 소금, 천일염, 가는소금, 참기름"
D064005,낙지전골,찌개류,전골류,"낙지, 세발낙지, 생것, 소고기, 한우, 양지, 삶은것, 콩나물, 삶은것, 호박, 애호박, 데친것, 국수, 소면, 말린것, 삶은것, 두부, 미나리, 물미나리, 데친것, 고추, 풋고추, 생것, 고춧가루, 쑥갓, 데친것, 파, 대파, 생것, 마늘, 생것, 참기름, 소금, 천일염, 가는소금","메뉴명: 낙지전골
메뉴 대분류: 찌개류
메뉴 소분류: 전골류
식재료: 낙지, 세발낙지, 생것, 소고기, 한우, 양지, 삶은것, 콩나물, 삶은것, 호박, 애호박, 데친것, 국수, 소면, 말린것, 삶은것, 두부, 미나리, 물미나리, 데친것, 고추, 풋고추, 생것, 고춧가루, 쑥갓, 데친것, 파, 대파, 생것, 마늘, 생것, 참기름, 소금, 천일염, 가는소금"
D064006,버섯전골,찌개류,전골류,"무, 조선무, 생것, 소고기, 한우, 양지, 삶은것, 두부, 양파, 데친것, 간장, 개량, 양조, 느타리버섯, 데친것, 배추, 얼갈이배추, 생것, 팽이버섯, 데친것, 양송이버섯, 데친것, 표고버섯, 참나무재배, 말린것, 삶은것, 마늘, 생것, 소금, 천일염, 가는소금, 참기름","메뉴명: 버섯전골
메뉴 대분류: 찌개류
메뉴 소분류: 전골류
식재료: 무, 조선무, 생것, 소고기, 한우, 양지, 삶은것, 두부, 양파, 데친것, 간장, 개량, 양조, 느타리버섯, 데친것, 배추, 얼갈이배추, 생것, 팽이버섯, 데친것, 양송이버섯, 데친것, 표고버섯, 참나무재배, 말린것, 삶은것, 마늘, 생것, 소금, 천일염, 가는소금, 참기름"
D064007,불낙전골,찌개류,전골류,"낙지, 세발낙지, 생것, 소고기, 한우, 양지, 삶은것, 콩나물, 삶은것, 호박, 애호박, 데친것, 두부, 미나리, 물미나리, 데친것, 고추, 풋고추, 생것, 고춧가루, 쑥갓, 데친것, 파, 대파, 생것, 마늘, 생것, 참기름, 소금, 천일염, 가는소금","메뉴명: 불낙전골
메뉴 대분류: 찌개류
메뉴 소분류: 전골류
식재료: 낙지, 세발낙지, 생것, 소고기, 한우, 양지, 삶은것, 콩나물, 삶은것, 호박, 애호박, 데친것, 두부, 미나리, 물미나리, 데친것, 고추, 풋고추, 생것, 고춧가루, 쑥갓, 데친것, 파, 대파, 생것, 마늘, 생것, 참기름, 소금, 천일염, 가는소금"
D064008,샤부샤부,찌개류,전골류,"소고기, 한우(1등급), 채끝, 생것, 양송이버섯, 데친것, 국수, 소면, 말린것, 삶은것, 당근, 뿌리, 데친것, 시금치, 데친것, 배추, 얼갈이배추, 생것, 간장, 재래, 표고버섯, 참나무재배, 말린것, 삶은것, 참기름, 파, 대파, 생것, 마늘, 생것, 후추, 검은색, 가루","메뉴명: 샤부샤부
메뉴 대분류: 찌개류
메뉴 소분류: 전골류
식재료: 소고기, 한우(1등급), 채끝, 생것, 양송이버섯, 데친것, 국수, 소면, 말린것, 삶은것, 당근, 뿌리, 데친것, 시금치, 데친것, 배추, 얼갈이배추, 생것, 간장, 재래, 표고버섯, 참나무재배, 말린것, 삶은것, 참기름, 파, 대파, 생것, 마늘, 생것, 후추, 검은색, 가루"
D064009,소고기전골,찌개류,전골류,"무, 조선무, 생것, 소고기, 한우, 양지, 삶은것, 두부, 양파, 데친것, 배추, 얼갈이배추, 생것, 표고버섯, 참나무재배, 말린것, 삶은것, 마늘, 생것, 소금, 천일염, 가는소금, 참기름","메뉴명: 소고기전골
메뉴 대분류: 찌개류
메뉴 소분류: 전골류
식재료: 무, 조선무, 생것, 소고기, 한우, 양지, 삶은것, 두부, 양파, 데친것, 배추, 얼갈이배추, 생것, 표고버섯, 참나무재배, 말린것, 삶은것, 마늘, 생것, 소금, 천일염, 가는소금, 참기름"
D064010,소고기전골(고추장),찌개류,전골류,"무, 조선무, 생것, 두부, 소고기, 한우, 양지, 삶은것, 양파, 데친것, 고추장, 개량, 배추, 얼갈이배추, 생것, 표고버섯, 참나무재배, 말린것, 삶은것, 마늘, 생것, 고춧가루, 소금, 천일염, 가는소금, 참기름","메뉴명: 소고기전골(고추장)
메뉴 대분류: 찌개류
메뉴 소분류: 전골류
식재료: 무, 조선무, 생것, 두부, 소고기, 한우, 양지, 삶은것, 양파, 데친것, 고추장, 개량, 배추, 얼갈이배추, 생것, 표고버섯, 참나무재배, 말린것, 삶은것, 마늘, 생것, 고춧가루, 소금, 천일염, 가는소금, 참기름"
D064011,야채전골,찌개류,전골류,"달걀, 삶은것, 시금치, 데친것, 마늘, 생것, 표고버섯, 참나무재배, 말린것, 삶은것, 간장, 개량, 양조, 멸치 육수, 고추, 빨간색, 생것, 다시마 육수, 생강, 뿌리줄기, 생것, 소금, 천일염, 가는소금, 파, 대파, 생것, 후추, 검은색, 가루","메뉴명: 야채전골
메뉴 대분류: 찌개류
메뉴 소분류: 전골류
식재료: 달걀, 삶은것, 시금치, 데친것, 마늘, 생것, 표고버섯, 참나무재배, 말린것, 삶은것, 간장, 개량, 양조, 멸치 육수, 고추, 빨간색, 생것, 다시마 육수, 생강, 뿌리줄기, 생것, 소금, 천일염, 가는소금, 파, 대파, 생것, 후추, 검은색, 가루"
D064016,낙지전골,찌개류,전골류,"낙지, 세발낙지, 생것, 소고기, 한우, 양지, 삶은것, 콩나물, 삶은것, 호박, 애호박, 데친것, 국수, 소면, 말린것, 삶은것, 두부, 미나리, 물미나리, 데친것, 고추, 풋고추, 생것, 고춧가루, 쑥갓, 데친것, 파, 대파, 생것, 마늘, 생것, 참기름, 소금, 천일염, 가는소금","메뉴명: 낙지전골
메뉴 대분류: 찌개류
메뉴 소분류: 전골류
식재료: 낙지, 세발낙지, 생것, 소고기, 한우, 양지, 삶은것, 콩나물, 삶은것, 호박, 애호박, 데친것, 국수, 소면, 말린것, 삶은것, 두부, 미나리, 물미나리, 데친것, 고추, 풋고추, 생것, 고춧가루, 쑥갓, 데친것, 파, 대파, 생것, 마늘, 생것, 참기름, 소금, 천일염, 가는소금"
D064017,두부전골,찌개류,전골류,"두부, 소고기, 한우(1등급), 양지(양지머리), 생것, 무, 조선무, 생것, 당근, 뿌리, 생것, 숙주나물, 생것, 파, 쪽파, 생것, 미나리, 돌미나리, 생것, 양파, 생것, 표고버섯, 배지재배, 말린것, 달걀, 생것, 잣, 볶은것, 전분, 감자, 가루, 콩기름, 간장, 개량, 양조, 소금, 천일염, 가는소금","메뉴명: 두부전골
메뉴 대분류: 찌개류
메뉴 소분류: 전골류
식재료: 두부, 소고기, 한우(1등급), 양지(양지머리), 생것, 무, 조선무, 생것, 당근, 뿌리, 생것, 숙주나물, 생것, 파, 쪽파, 생것, 미나리, 돌미나리, 생것, 양파, 생것, 표고버섯, 배지재배, 말린것, 달걀, 생것, 잣, 볶은것, 전분, 감자, 가루, 콩기름, 간장, 개량, 양조, 소금, 천일염, 가는소금"
D064018,굴림만두 전골,찌개류,전골류,"팽이버섯, 생것, 생수, 파, 대파, 생것, 배추, 생것, 당근, 뿌리, 생것, 두부, 소고기, 한우(1등급), 안심, 생것, 간장, 재래, 소금, 천일염, 가는소금, 후추, 검은색, 가루, 밀, 중력밀가루, 청어, 말린것, 무, 조선무, 생것","메뉴명: 굴림만두 전골
메뉴 대분류: 찌개류
메뉴 소분류: 전골류
식재료: 팽이버섯, 생것, 생수, 파, 대파, 생것, 배추, 생것, 당근, 뿌리, 생것, 두부, 소고기, 한우(1등급), 안심, 생것, 간장, 재래, 소금, 천일염, 가는소금, 후추, 검은색, 가루, 밀, 중력밀가루, 청어, 말린것, 무, 조선무, 생것"
D064019,불고기 만두 된장 전골,찌개류,전골류,"소고기, 한우, 등심, 생것, 양파, 생것, 배추, 생것, 느타리버섯, 생것, 파, 대파, 생것, 만두, 고기 만두, 미나리, 돌미나리, 생것, 고추, 청양고추, 생것, 고추, 빨간색, 생것, 생수, 멸치, 대멸치, 삶아서 말린것, 다시마, 말린것, 된장, 개량, 후추, 검은색, 가루, 간장, 개량, 양조, 참기름, 마늘, 생것","메뉴명: 불고기 만두 된장 전골
메뉴 대분류: 찌개류
메뉴 소분류: 전골류
식재료: 소고기, 한우, 등심, 생것, 양파, 생것, 배추, 생것, 느타리버섯, 생것, 파, 대파, 생것, 만두, 고기 만두, 미나리, 돌미나리, 생것, 고추, 청양고추, 생것, 고추, 빨간색, 생것, 생수, 멸치, 대멸치, 삶아서 말린것, 다시마, 말린것, 된장, 개량, 후추, 검은색, 가루, 간장, 개량, 양조, 참기름, 마늘, 생것"
D064020,오리고기전골,찌개류,전골류,"오리고기, 살코기, 생것, 부추, 재래종, 생것, 멸치 육수, 다시마, 말린것, 느타리버섯, 생것, 양파, 생것, 호박, 단호박, 생것, 당근, 뿌리, 생것, 설탕, 백설탕, 고춧가루, 고추장, 개량, 간장, 개량, 양조, 마늘, 생것, 맛술","메뉴명: 오리고기전골
메뉴 대분류: 찌개류
메뉴 소분류: 전골류
식재료: 오리고기, 살코기, 생것, 부추, 재래종, 생것, 멸치 육수, 다시마, 말린것, 느타리버섯, 생것, 양파, 생것, 호박, 단호박, 생것, 당근, 뿌리, 생것, 설탕, 백설탕, 고춧가루, 고추장, 개량, 간장, 개량, 양조, 마늘, 생것, 맛술"
D064021,표고버섯 된장전골,찌개류,전골류,"표고버섯, 배지재배, 생것, 느타리버섯, 생것, 배추, 생것, 닭고기, 가슴, 생것, 쑥갓, 생것, 파, 대파, 생것, 고추, 풋고추, 생것, 고추, 빨간색, 생것, 당면, 고구마, 말린것, 멸치, 대멸치, 삶아서 말린것, 다시마, 말린것, 생수, 양파, 생것, 된장, 개량, 마늘, 생것","메뉴명: 표고버섯 된장전골
메뉴 대분류: 찌개류
메뉴 소분류: 전골류
식재료: 표고버섯, 배지재배, 생것, 느타리버섯, 생것, 배추, 생것, 닭고기, 가슴, 생것, 쑥갓, 생것, 파, 대파, 생것, 고추, 풋고추, 생것, 고추, 빨간색, 생것, 당면, 고구마, 말린것, 멸치, 대멸치, 삶아서 말린것, 다시마, 말린것, 생수, 양파, 생것, 된장, 개량, 마늘, 생것"
D064022,맑은부대찌개,찌개류,전골류,"느타리버섯, 생것, 두부, 콩나물, 생것, 배추, 생것, 미나리, 돌미나리, 생것, 돼지고기, 살코기, 생것, 소고기, 한우(1++등급), 안심, 생것, 당면, 고구마, 삶은것, 멥쌀떡, 가래떡, 다시마, 말린것, 양파, 생것, 파, 대파, 생것, 무, 조선무, 생것, 고추, 빨간색, 말린것, 생강, 가루, 마늘, 다진것, 후추, 흰색, 가루, 소금, 천일염, 가는소금","메뉴명: 맑은부대찌개
메뉴 대분류: 찌개류
메뉴 소분류: 전골류
식재료: 느타리버섯, 생것, 두부, 콩나물, 생것, 배추, 생것, 미나리, 돌미나리, 생것, 돼지고기, 살코기, 생것, 소고기, 한우(1++등급), 안심, 생것, 당면, 고구마, 삶은것, 멥쌀떡, 가래떡, 다시마, 말린것, 양파, 생것, 파, 대파, 생것, 무, 조선무, 생것, 고추, 빨간색, 말린것, 생강, 가루, 마늘, 다진것, 후추, 흰색, 가루, 소금, 천일염, 가는소금"
D064023,쑥갓부대찌개,찌개류,전골류,"햄, 통조림, 돼지고기와 닭고기 함유, 호박, 애호박, 생것, 두부, 팽이버섯, 생것, 고추, 청양고추, 생것, 김치, 배추 김치, 다시마, 말린것, 쑥갓, 생것, 설탕, 가루, 고춧가루, 마늘, 다진것, 고추장, 개량","메뉴명: 쑥갓부대찌개
메뉴 대분류: 찌개류
메뉴 소분류: 전골류
식재료: 햄, 통조림, 돼지고기와 닭고기 함유, 호박, 애호박, 생것, 두부, 팽이버섯, 생것, 고추, 청양고추, 생것, 김치, 배추 김치, 다시마, 말린것, 쑥갓, 생것, 설탕, 가루, 고춧가루, 마늘, 다진것, 고추장, 개량"
D064024,나가사키부대찌개,찌개류,전골류,"햄, 통조림, 돼지고기와 닭고기 함유, 우유, 곤약(구약나물), 국수형, 생것, 양파, 생것, 느타리버섯, 생것, 표고버섯, 배지재배, 생것, 팽이버섯, 생것, 고추, 청양고추, 생것, 고추, 빨간색, 생것, 감자, 대지, 생것, 무, 조선무, 생것, 두부, 호박, 애호박, 생것, 들깻잎, 생것, 쑥갓, 생것, 돼지고기, 살코기, 생것, 파, 대파, 생것, 마늘, 다진것, 후추, 흰색, 가루, 소금, 천일염, 가는소금, 밀, 중력밀가루, 달걀, 난황, 생것, 멸치 육수, 다시마, 말린것, 들깨, 볶은것","메뉴명: 나가사키부대찌개
메뉴 대분류: 찌개류
메뉴 소분류: 전골류
식재료: 햄, 통조림, 돼지고기와 닭고기 함유, 우유, 곤약(구약나물), 국수형, 생것, 양파, 생것, 느타리버섯, 생것, 표고버섯, 배지재배, 생것, 팽이버섯, 생것, 고추, 청양고추, 생것, 고추, 빨간색, 생것, 감자, 대지, 생것, 무, 조선무, 생것, 두부, 호박, 애호박, 생것, 들깻잎, 생것, 쑥갓, 생것, 돼지고기, 살코기, 생것, 파, 대파, 생것, 마늘, 다진것, 후추, 흰색, 가루, 소금, 천일염, 가는소금, 밀, 중력밀가루, 달걀, 난황, 생것, 멸치 육수, 다시마, 말린것, 들깨, 볶은것"
D064025,돼지수육맑은전골,찌개류,전골류,"돼지고기, 삼겹살, 생것, 된장, 개량, 후추, 검은색, 가루, 파, 대파, 생것, 팽이버섯, 생것, 당근, 뿌리, 생것, 배추, 생것, 청경채, 생것, 호박, 애호박, 생것, 숙주나물, 생것, 고추, 청양고추, 생것, 조미료, 쇠고기맛, 가루, 생수, 마늘, 다진것, 간장, 개량, 양조, 겨자 페이스트, 식초, 양조, 참깨, 흰색, 볶은것","메뉴명: 돼지수육맑은전골
메뉴 대분류: 찌개류
메뉴 소분류: 전골류
식재료: 돼지고기, 삼겹살, 생것, 된장, 개량, 후추, 검은색, 가루, 파, 대파, 생것, 팽이버섯, 생것, 당근, 뿌리, 생것, 배추, 생것, 청경채, 생것, 호박, 애호박, 생것, 숙주나물, 생것, 고추, 청양고추, 생것, 조미료, 쇠고기맛, 가루, 생수, 마늘, 다진것, 간장, 개량, 양조, 겨자 페이스트, 식초, 양조, 참깨, 흰색, 볶은것"
D064026,돼지머리수육맑은전골,찌개류,전골류,"돼지 부산물, 머리고기, 삶은것, 우동면, 생것, 미나리, 물미나리, 생것, 고추, 초록색, 녹광, 생것, 미소, 마늘, 다진것, 파, 대파, 생것, 발효주, 청주, 알코올 16%, 무, 조선무, 생것, 다랑어, 가다랑어 육수, 고추, 청양고추, 생것, 간장, 개량, 양조","메뉴명: 돼지머리수육맑은전골
메뉴 대분류: 찌개류
메뉴 소분류: 전골류
식재료: 돼지 부산물, 머리고기, 삶은것, 우동면, 생것, 미나리, 물미나리, 생것, 고추, 초록색, 녹광, 생것, 미소, 마늘, 다진것, 파, 대파, 생것, 발효주, 청주, 알코올 16%, 무, 조선무, 생것, 다랑어, 가다랑어 육수, 고추, 청양고추, 생것, 간장, 개량, 양조"
D064027,어묵전골,찌개류,전골류,"어묵, 곤약(구약나물), 판형, 생것, 무, 조선무, 생것, 다랑어, 가다랑어 육수, 농축, 쑥갓, 생것, 간장, 개량, 양조, 파, 대파, 생것, 발효주, 청주, 알코올 16%, 설탕, 백설탕, 후추, 흰색, 가루, 소금, 천일염, 맛술","메뉴명: 어묵전골
메뉴 대분류: 찌개류
메뉴 소분류: 전골류
식재료: 어묵, 곤약(구약나물), 판형, 생것, 무, 조선무, 생것, 다랑어, 가다랑어 육수, 농축, 쑥갓, 생것, 간장, 개량, 양조, 파, 대파, 생것, 발효주, 청주, 알코올 16%, 설탕, 백설탕, 후추, 흰색, 가루, 소금, 천일염, 맛술"
D064028,밀푀유나베,찌개류,전골류,"소고기, 한우, 등심, 생것, 배추, 생것, 양지국물, 들깻잎, 생것, 소금, 천일염, 가는소금, 표고버섯, 배지재배, 생것, 팽이버섯, 생것, 마늘, 다진것","메뉴명: 밀푀유나베
메뉴 대분류: 찌개류
메뉴 소분류: 전골류
식재료: 소고기, 한우, 등심, 생것, 배추, 생것, 양지국물, 들깻잎, 생것, 소금, 천일염, 가는소금, 표고버섯, 배지재배, 생것, 팽이버섯, 생것, 마늘, 다진것"
D064029,샤브샤브전골,찌개류,전골류,"소고기, 한우(1등급), 목심, 생것, 배추, 생것, 양파, 생것, 팽이버섯, 생것, 느타리버섯, 생것, 미나리, 돌미나리, 생것, 쑥갓, 생것, 당근, 뿌리, 생것, 간장, 개량, 양조, 다시마, 말린것, 파, 대파, 생것, 소금, 천일염","메뉴명: 샤브샤브전골
메뉴 대분류: 찌개류
메뉴 소분류: 전골류
식재료: 소고기, 한우(1등급), 목심, 생것, 배추, 생것, 양파, 생것, 팽이버섯, 생것, 느타리버섯, 생것, 미나리, 돌미나리, 생것, 쑥갓, 생것, 당근, 뿌리, 생것, 간장, 개량, 양조, 다시마, 말린것, 파, 대파, 생것, 소금, 천일염"
D064030,차돌박이전골,찌개류,전골류,"소고기, 한우(1등급), 사태, 생것, 무, 조선무, 생것, 호박, 애호박, 생것, 양파, 생것, 쑥갓, 생것, 표고버섯, 배지재배, 생것, 배추, 생것, 느타리버섯, 생것, 미나리, 물미나리, 생것, 송이버섯, 생것, 당근, 뿌리, 생것, 고추장, 개량, 파, 대파, 생것, 팽이버섯, 생것, 다시마, 말린것, 멸치, 대멸치, 삶아서 말린것, 고춧가루, 간장, 개량, 양조, 설탕, 백설탕, 마늘, 다진것, 마늘, 생것, 소금, 천일염","메뉴명: 차돌박이전골
메뉴 대분류: 찌개류
메뉴 소분류: 전골류
식재료: 소고기, 한우(1등급), 사태, 생것, 무, 조선무, 생것, 호박, 애호박, 생것, 양파, 생것, 쑥갓, 생것, 표고버섯, 배지재배, 생것, 배추, 생것, 느타리버섯, 생것, 미나리, 물미나리, 생것, 송이버섯, 생것, 당근, 뿌리, 생것, 고추장, 개량, 파, 대파, 생것, 팽이버섯, 생것, 다시마, 말린것, 멸치, 대멸치, 삶아서 말린것, 고춧가루, 간장, 개량, 양조, 설탕, 백설탕, 마늘, 다진것, 마늘, 생것, 소금, 천일염"
D064031,소고기버섯전골,찌개류,전골류,"감자, 대지, 생것, 배추, 생것, 두부, 소고기, 한우(1등급), 설도, 생것, 표고버섯, 배지재배, 생것, 느타리버섯, 생것, 송이버섯, 생것, 파, 대파, 생것, 팽이버섯, 생것, 간장, 개량, 양조, 다시마, 말린것, 쑥갓, 생것, 설탕, 백설탕, 멸치, 대멸치, 삶아서 말린것, 마늘, 생것","메뉴명: 소고기버섯전골
메뉴 대분류: 찌개류
메뉴 소분류: 전골류
식재료: 감자, 대지, 생것, 배추, 생것, 두부, 소고기, 한우(1등급), 설도, 생것, 표고버섯, 배지재배, 생것, 느타리버섯, 생것, 송이버섯, 생것, 파, 대파, 생것, 팽이버섯, 생것, 간장, 개량, 양조, 다시마, 말린것, 쑥갓, 생것, 설탕, 백설탕, 멸치, 대멸치, 삶아서 말린것, 마늘, 생것"
D065001,감자찌개(고추장),찌개류,기타찌개류,"감자, 대지, 삶은것, 호박, 애호박, 데친것, 고추, 풋고추, 생것, 쑥갓, 데친것, 양파, 데친것, 고추, 빨간색, 생것, 고추장, 개량, 간장, 개량, 양조, 마늘, 생것","메뉴명: 감자찌개(고추장)
메뉴 대분류: 찌개류
메뉴 소분류: 기타찌개류
식재료: 감자, 대지, 삶은것, 호박, 애호박, 데친것, 고추, 풋고추, 생것, 쑥갓, 데친것, 양파, 데친것, 고추, 빨간색, 생것, 고추장, 개량, 간장, 개량, 양조, 마늘, 생것"
D065002,"감자찌개(고추장, 돼지고기)",찌개류,기타찌개류,"감자, 대지, 삶은것, 돼지고기, 사태, 삶은것, 호박, 애호박, 데친것, 고추, 풋고추, 생것, 쑥갓, 데친것, 양파, 데친것, 고추, 빨간색, 생것, 고추장, 개량, 간장, 개량, 양조, 마늘, 생것","메뉴명: 감자찌개(고추장, 돼지고기)
메뉴 대분류: 찌개류
메뉴 소분류: 기타찌개류
식재료: 감자, 대지, 삶은것, 돼지고기, 사태, 삶은것, 호박, 애호박, 데친것, 고추, 풋고추, 생것, 쑥갓, 데친것, 양파, 데친것, 고추, 빨간색, 생것, 고추장, 개량, 간장, 개량, 양조, 마늘, 생것"
D065003,김치찌개(돼지고기),찌개류,기타찌개류,"김치, 배추 김치, 돼지고기, 사태, 삶은것, 두부, 양파, 데친것, 마늘, 생것, 고춧가루, 소금, 천일염, 가는소금, 참기름, 파, 쪽파, 생것","메뉴명: 김치찌개(돼지고기)
메뉴 대분류: 찌개류
메뉴 소분류: 기타찌개류
식재료: 김치, 배추 김치, 돼지고기, 사태, 삶은것, 두부, 양파, 데친것, 마늘, 생것, 고춧가루, 소금, 천일염, 가는소금, 참기름, 파, 쪽파, 생것"
D065004,"김치찌개(돼지고기, 된장)",찌개류,기타찌개류,"김치, 배추 김치, 두부, 돼지고기, 사태, 삶은것, 호박, 애호박, 데친것, 된장, 개량, 양파, 데친것, 고추, 풋고추, 생것, 파, 대파, 생것, 고춧가루, 마늘, 생것, 멸치 육수","메뉴명: 김치찌개(돼지고기, 된장)
메뉴 대분류: 찌개류
메뉴 소분류: 기타찌개류
식재료: 김치, 배추 김치, 두부, 돼지고기, 사태, 삶은것, 호박, 애호박, 데친것, 된장, 개량, 양파, 데친것, 고추, 풋고추, 생것, 파, 대파, 생것, 고춧가루, 마늘, 생것, 멸치 육수"
D065005,김치찌개(어묵),찌개류,기타찌개류,"김치, 배추 김치, 어묵, 감자, 대지, 삶은것, 양파, 데친것, 두부, 파, 쪽파, 생것, 콩기름, 마늘, 생것","메뉴명: 김치찌개(어묵)
메뉴 대분류: 찌개류
메뉴 소분류: 기타찌개류
식재료: 김치, 배추 김치, 어묵, 감자, 대지, 삶은것, 양파, 데친것, 두부, 파, 쪽파, 생것, 콩기름, 마늘, 생것"
D065006,김치찌개(참치),찌개류,기타찌개류,"김치, 배추 김치, 두부, 다랑어, 가다랑어, 통조림, 유지, 호박, 애호박, 데친것, 양파, 데친것, 고추, 풋고추, 생것, 파, 대파, 생것, 고춧가루, 마늘, 생것","메뉴명: 김치찌개(참치)
메뉴 대분류: 찌개류
메뉴 소분류: 기타찌개류
식재료: 김치, 배추 김치, 두부, 다랑어, 가다랑어, 통조림, 유지, 호박, 애호박, 데친것, 양파, 데친것, 고추, 풋고추, 생것, 파, 대파, 생것, 고춧가루, 마늘, 생것"
D065007,두부찌개,찌개류,기타찌개류,"두부, 무, 조선무, 생것, 파, 대파, 생것, 멸치 육수, 고춧가루, 마늘, 생것, 소금, 천일염, 가는소금","메뉴명: 두부찌개
메뉴 대분류: 찌개류
메뉴 소분류: 기타찌개류
식재료: 두부, 무, 조선무, 생것, 파, 대파, 생것, 멸치 육수, 고춧가루, 마늘, 생것, 소금, 천일염, 가는소금"
D065008,두부찌개(고추장),찌개류,기타찌개류,"두부, 무, 조선무, 생것, 고추장, 개량, 파, 대파, 생것, 멸치 육수, 고춧가루, 마늘, 생것, 소금, 천일염, 가는소금","메뉴명: 두부찌개(고추장)
메뉴 대분류: 찌개류
메뉴 소분류: 기타찌개류
식재료: 두부, 무, 조선무, 생것, 고추장, 개량, 파, 대파, 생것, 멸치 육수, 고춧가루, 마늘, 생것, 소금, 천일염, 가는소금"
D065009,"두부찌개(고추장, 된장)",찌개류,기타찌개류,"두부, 된장, 개량, 고추장, 개량, 파, 대파, 생것, 멸치 육수, 고춧가루, 마늘, 생것, 소금, 천일염, 가는소금","메뉴명: 두부찌개(고추장, 된장)
메뉴 대분류: 찌개류
메뉴 소분류: 기타찌개류
식재료: 두부, 된장, 개량, 고추장, 개량, 파, 대파, 생것, 멸치 육수, 고춧가루, 마늘, 생것, 소금, 천일염, 가는소금"
D065010,두부찌개(된장),찌개류,기타찌개류,"두부, 무, 조선무, 생것, 된장, 개량, 파, 대파, 생것, 멸치 육수, 고춧가루, 마늘, 생것, 소금, 천일염, 가는소금","메뉴명: 두부찌개(된장)
메뉴 대분류: 찌개류
메뉴 소분류: 기타찌개류
식재료: 두부, 무, 조선무, 생것, 된장, 개량, 파, 대파, 생것, 멸치 육수, 고춧가루, 마늘, 생것, 소금, 천일염, 가는소금"
D065011,무찌개(고추장),찌개류,기타찌개류,"무, 조선무, 생것, 멸치 육수, 고추장, 개량, 파, 대파, 생것, 소금, 천일염, 가는소금, 마늘, 생것","메뉴명: 무찌개(고추장)
메뉴 대분류: 찌개류
메뉴 소분류: 기타찌개류
식재료: 무, 조선무, 생것, 멸치 육수, 고추장, 개량, 파, 대파, 생것, 소금, 천일염, 가는소금, 마늘, 생것"
D065012,버섯찌개(소고기),찌개류,기타찌개류,"양송이버섯, 데친것, 양배추, 데친것, 양파, 데친것, 소고기, 한우, 양지, 삶은것, 당근, 뿌리, 데친것, 파, 쪽파, 생것, 고춧가루, 마늘, 생것, 소금, 천일염, 가는소금","메뉴명: 버섯찌개(소고기)
메뉴 대분류: 찌개류
메뉴 소분류: 기타찌개류
식재료: 양송이버섯, 데친것, 양배추, 데친것, 양파, 데친것, 소고기, 한우, 양지, 삶은것, 당근, 뿌리, 데친것, 파, 쪽파, 생것, 고춧가루, 마늘, 생것, 소금, 천일염, 가는소금"
D065013,비지찌개(돼지고기),찌개류,기타찌개류,"비지, 김치, 배추 김치, 돼지고기, 사태, 삶은것, 양파, 데친것, 파, 쪽파, 생것, 콩기름, 마늘, 생것, 고춧가루, 소금, 천일염, 가는소금","메뉴명: 비지찌개(돼지고기)
메뉴 대분류: 찌개류
메뉴 소분류: 기타찌개류
식재료: 비지, 김치, 배추 김치, 돼지고기, 사태, 삶은것, 양파, 데친것, 파, 쪽파, 생것, 콩기름, 마늘, 생것, 고춧가루, 소금, 천일염, 가는소금"
D065014,비지찌개(소고기),찌개류,기타찌개류,"비지, 김치, 배추 김치, 소고기, 한우, 양지, 삶은것, 마늘, 생것, 콩기름, 파, 대파, 생것, 들기름, 고춧가루, 소금, 천일염, 가는소금","메뉴명: 비지찌개(소고기)
메뉴 대분류: 찌개류
메뉴 소분류: 기타찌개류
식재료: 비지, 김치, 배추 김치, 소고기, 한우, 양지, 삶은것, 마늘, 생것, 콩기름, 파, 대파, 생것, 들기름, 고춧가루, 소금, 천일염, 가는소금"
D065016,연두부찌개,찌개류,기타찌개류,"두부, 연두부, 감자, 대지, 삶은것, 양파, 데친것, 호박, 애호박, 데친것, 조개, 살조개, 생것, 고춧가루, 파, 대파, 생것, 간장, 재래, 마늘, 생것","메뉴명: 연두부찌개
메뉴 대분류: 찌개류
메뉴 소분류: 기타찌개류
식재료: 두부, 연두부, 감자, 대지, 삶은것, 양파, 데친것, 호박, 애호박, 데친것, 조개, 살조개, 생것, 고춧가루, 파, 대파, 생것, 간장, 재래, 마늘, 생것"
D065019,삼채 김치찌개,찌개류,기타찌개류,"김치, 배추 김치, 돼지고기, 사태, 삶은것, 삼채, 잎줄기, 데친것, 파, 대파, 생것, 고추, 청양고추, 생것, 양파, 데친것, 새우, 젓갈, 토굴육젓","메뉴명: 삼채 김치찌개
메뉴 대분류: 찌개류
메뉴 소분류: 기타찌개류
식재료: 김치, 배추 김치, 돼지고기, 사태, 삶은것, 삼채, 잎줄기, 데친것, 파, 대파, 생것, 고추, 청양고추, 생것, 양파, 데친것, 새우, 젓갈, 토굴육젓"
D065021,순두부찌개,찌개류,기타찌개류,"두부, 순두부, 바지락, 생것, 김치, 배추 김치, 고추, 풋고추, 생것, 고추, 빨간색, 생것, 양파, 데친것, 느타리버섯, 데친것, 파, 대파, 생것, 달걀, 삶은것, 소금, 천일염, 가는소금, 후추, 검은색, 가루, 참기름","메뉴명: 순두부찌개
메뉴 대분류: 찌개류
메뉴 소분류: 기타찌개류
식재료: 두부, 순두부, 바지락, 생것, 김치, 배추 김치, 고추, 풋고추, 생것, 고추, 빨간색, 생것, 양파, 데친것, 느타리버섯, 데친것, 파, 대파, 생것, 달걀, 삶은것, 소금, 천일염, 가는소금, 후추, 검은색, 가루, 참기름"
D065024,순두부찌개,찌개류,기타찌개류,"후추, 검은색, 가루, 소금, 천일염, 가는소금, 참기름, 바지락, 생것, 달걀, 삶은것, 느타리버섯, 데친것, 파, 대파, 생것, 양파, 데친것, 김치, 배추 김치, 고추, 빨간색, 생것, 고추, 풋고추, 생것, 두부, 순두부","메뉴명: 순두부찌개
메뉴 대분류: 찌개류
메뉴 소분류: 기타찌개류
식재료: 후추, 검은색, 가루, 소금, 천일염, 가는소금, 참기름, 바지락, 생것, 달걀, 삶은것, 느타리버섯, 데친것, 파, 대파, 생것, 양파, 데친것, 김치, 배추 김치, 고추, 빨간색, 생것, 고추, 풋고추, 생것, 두부, 순두부"
D065025,늙은 호박찌개,찌개류,기타찌개류,"호박, 늙은호박, 생것, 느타리버섯, 생것, 멸치 육수, 새우, 꽃새우, 삶아서 말린것, 파, 대파, 생것, 마늘, 생것, 무, 조선무, 생것, 된장, 개량, 고춧가루, 간장, 개량, 양조, 고추, 초록색, 녹광, 생것, 고추, 빨간색, 생것","메뉴명: 늙은 호박찌개
메뉴 대분류: 찌개류
메뉴 소분류: 기타찌개류
식재료: 호박, 늙은호박, 생것, 느타리버섯, 생것, 멸치 육수, 새우, 꽃새우, 삶아서 말린것, 파, 대파, 생것, 마늘, 생것, 무, 조선무, 생것, 된장, 개량, 고춧가루, 간장, 개량, 양조, 고추, 초록색, 녹광, 생것, 고추, 빨간색, 생것"
D065026,토란대비지찌개,찌개류,기타찌개류,"대두, 노란색, 말린것, 토란대, 줄기, 생것, 파, 대파, 생것, 돼지고기, 뒷다리, 생것, 김치, 배추 김치, 마늘, 생것, 소금, 천일염, 가는소금, 생수, 멸치, 대멸치, 삶아서 말린것, 다시마, 말린것","메뉴명: 토란대비지찌개
메뉴 대분류: 찌개류
메뉴 소분류: 기타찌개류
식재료: 대두, 노란색, 말린것, 토란대, 줄기, 생것, 파, 대파, 생것, 돼지고기, 뒷다리, 생것, 김치, 배추 김치, 마늘, 생것, 소금, 천일염, 가는소금, 생수, 멸치, 대멸치, 삶아서 말린것, 다시마, 말린것"
D065027,들깨순두부찌개,찌개류,기타찌개류,"굴, 참굴, 생것, 멸치, 대멸치, 삶아서 말린것, 표고버섯, 배지재배, 생것, 느타리버섯, 생것, 무, 조선무, 생것, 양파, 생것, 미나리, 돌미나리, 생것, 파, 대파, 생것, 고추, 빨간색, 생것, 두부, 순두부, 마늘, 다진것, 들깨, 볶은것, 간장, 개량, 양조, 소금, 천일염, 가는소금","메뉴명: 들깨순두부찌개
메뉴 대분류: 찌개류
메뉴 소분류: 기타찌개류
식재료: 굴, 참굴, 생것, 멸치, 대멸치, 삶아서 말린것, 표고버섯, 배지재배, 생것, 느타리버섯, 생것, 무, 조선무, 생것, 양파, 생것, 미나리, 돌미나리, 생것, 파, 대파, 생것, 고추, 빨간색, 생것, 두부, 순두부, 마늘, 다진것, 들깨, 볶은것, 간장, 개량, 양조, 소금, 천일염, 가는소금"
D065028,백태순두부찌개,찌개류,기타찌개류,"대두, 노란색, 말린것, 느타리버섯, 생것, 표고버섯, 배지재배, 생것, 호박, 애호박, 생것, 양파, 생것, 파, 대파, 생것, 고추, 빨간색, 생것, 고추, 풋고추, 생것, 바지락, 생것, 된장, 개량, 새우, 중하, 생것, 두부, 순두부, 다시마, 말린것, 멸치, 대멸치, 삶아서 말린것, 생수","메뉴명: 백태순두부찌개
메뉴 대분류: 찌개류
메뉴 소분류: 기타찌개류
식재료: 대두, 노란색, 말린것, 느타리버섯, 생것, 표고버섯, 배지재배, 생것, 호박, 애호박, 생것, 양파, 생것, 파, 대파, 생것, 고추, 빨간색, 생것, 고추, 풋고추, 생것, 바지락, 생것, 된장, 개량, 새우, 중하, 생것, 두부, 순두부, 다시마, 말린것, 멸치, 대멸치, 삶아서 말린것, 생수"
D065029,버섯순두부찌개,찌개류,기타찌개류,"표고버섯, 배지재배, 생것, 호박, 애호박, 생것, 감자, 대지, 생것, 양파, 생것, 미나리, 돌미나리, 생것, 부추, 솔부추, 생것, 파, 대파, 생것, 고추, 청양고추, 생것, 두부, 순두부, 다시마, 말린것, 된장, 개량, 찹쌀, 백미, 가루, 마늘, 다진것, 들깨, 볶은것, 간장, 개량, 양조","메뉴명: 버섯순두부찌개
메뉴 대분류: 찌개류
메뉴 소분류: 기타찌개류
식재료: 표고버섯, 배지재배, 생것, 호박, 애호박, 생것, 감자, 대지, 생것, 양파, 생것, 미나리, 돌미나리, 생것, 부추, 솔부추, 생것, 파, 대파, 생것, 고추, 청양고추, 생것, 두부, 순두부, 다시마, 말린것, 된장, 개량, 찹쌀, 백미, 가루, 마늘, 다진것, 들깨, 볶은것, 간장, 개량, 양조"
D065030,토란순두부찌개,찌개류,기타찌개류,"토란, 생것, 표고버섯, 배지재배, 생것, 고추, 빨간색, 생것, 고추, 청양고추, 생것, 백합, 생것, 들깨, 볶은것, 두부, 순두부","메뉴명: 토란순두부찌개
메뉴 대분류: 찌개류
메뉴 소분류: 기타찌개류
식재료: 토란, 생것, 표고버섯, 배지재배, 생것, 고추, 빨간색, 생것, 고추, 청양고추, 생것, 백합, 생것, 들깨, 볶은것, 두부, 순두부"
D065031,백김치콩비지찌개,찌개류,기타찌개류,"고추, 풋고추, 생것, 김치, 백김치, 비지, 참기름, 후추, 흰색, 가루, 마늘, 다진것, 간장, 개량, 양조","메뉴명: 백김치콩비지찌개
메뉴 대분류: 찌개류
메뉴 소분류: 기타찌개류
식재료: 고추, 풋고추, 생것, 김치, 백김치, 비지, 참기름, 후추, 흰색, 가루, 마늘, 다진것, 간장, 개량, 양조"
D065032,감자짜글이,찌개류,기타찌개류,"감자, 대지, 생것, 양파, 생것, 다시마, 말린것, 멸치, 대멸치, 삶아서 말린것, 간장, 개량, 양조, 고춧가루, 된장, 개량, 고추장, 개량, 마늘, 생것, 설탕, 백설탕","메뉴명: 감자짜글이
메뉴 대분류: 찌개류
메뉴 소분류: 기타찌개류
식재료: 감자, 대지, 생것, 양파, 생것, 다시마, 말린것, 멸치, 대멸치, 삶아서 말린것, 간장, 개량, 양조, 고춧가루, 된장, 개량, 고추장, 개량, 마늘, 생것, 설탕, 백설탕"
D065033,고추장찌개,찌개류,기타찌개류,"고추장, 재래, 두부, 호박, 애호박, 생것, 감자, 대지, 생것, 양파, 생것, 당근, 뿌리, 생것, 고춧가루, 간장, 개량, 양조, 멸치, 대멸치, 삶아서 말린것, 파, 대파, 생것, 다시마, 말린것, 마늘, 다진것, 소금, 천일염","메뉴명: 고추장찌개
메뉴 대분류: 찌개류
메뉴 소분류: 기타찌개류
식재료: 고추장, 재래, 두부, 호박, 애호박, 생것, 감자, 대지, 생것, 양파, 생것, 당근, 뿌리, 생것, 고춧가루, 간장, 개량, 양조, 멸치, 대멸치, 삶아서 말린것, 파, 대파, 생것, 다시마, 말린것, 마늘, 다진것, 소금, 천일염"
D065034,햄김치찌개,찌개류,기타찌개류,"김치, 배추 김치, 햄, 등심햄, 두부, 파, 대파, 생것, 고춧가루, 마늘, 생것","메뉴명: 햄김치찌개
메뉴 대분류: 찌개류
메뉴 소분류: 기타찌개류
식재료: 김치, 배추 김치, 햄, 등심햄, 두부, 파, 대파, 생것, 고춧가루, 마늘, 생것"
D065035,두부김치찌개,찌개류,기타찌개류,"김치, 배추 김치, 두부, 파, 대파, 생것, 양파, 생것, 고춧가루, 마늘, 생것, 설탕, 황설탕","메뉴명: 두부김치찌개
메뉴 대분류: 찌개류
메뉴 소분류: 기타찌개류
식재료: 김치, 배추 김치, 두부, 파, 대파, 생것, 양파, 생것, 고춧가루, 마늘, 생것, 설탕, 황설탕"
D065036,로제부대찌개,찌개류,기타찌개류,"멥쌀떡, 가래떡, 햄, 등심햄, 소시지, 프랑크푸르트소시지, 두부, 양배추, 생것, 양파, 생것, 치즈, 체다, 파, 대파, 생것, 마늘, 생것, 고춧가루, 멸치, 액젓, 설탕, 황설탕","메뉴명: 로제부대찌개
메뉴 대분류: 찌개류
메뉴 소분류: 기타찌개류
식재료: 멥쌀떡, 가래떡, 햄, 등심햄, 소시지, 프랑크푸르트소시지, 두부, 양배추, 생것, 양파, 생것, 치즈, 체다, 파, 대파, 생것, 마늘, 생것, 고춧가루, 멸치, 액젓, 설탕, 황설탕"
D065037,버섯맑은찌개,찌개류,기타찌개류,"느타리버섯, 생것, 두부, 표고버섯, 배지재배, 생것, 양파, 생것, 팽이버섯, 생것, 당근, 뿌리, 생것, 간장, 개량, 양조, 다시마, 말린것, 마늘, 다진것, 소금, 천일염","메뉴명: 버섯맑은찌개
메뉴 대분류: 찌개류
메뉴 소분류: 기타찌개류
식재료: 느타리버섯, 생것, 두부, 표고버섯, 배지재배, 생것, 양파, 생것, 팽이버섯, 생것, 당근, 뿌리, 생것, 간장, 개량, 양조, 다시마, 말린것, 마늘, 다진것, 소금, 천일염"
D065038,스팸김치찌개,찌개류,기타찌개류,"김치, 배추 김치, 햄, 등심햄, 파, 대파, 생것, 고춧가루, 마늘, 생것","메뉴명: 스팸김치찌개
메뉴 대분류: 찌개류
메뉴 소분류: 기타찌개류
식재료: 김치, 배추 김치, 햄, 등심햄, 파, 대파, 생것, 고춧가루, 마늘, 생것"
D065039,스팸부대찌개,찌개류,기타찌개류,"햄, 통조림, 돼지고기와 닭고기 함유, 두부, 양지국물, 김치, 배추 김치, 멥쌀떡, 가래떡, 돼지고기, 뒷다리, 생것, 콩나물, 생것, 양파, 생것, 햄, 등심햄, 파, 대파, 생것, 다시마, 말린것, 마늘, 다진것, 소금, 구운소금","메뉴명: 스팸부대찌개
메뉴 대분류: 찌개류
메뉴 소분류: 기타찌개류
식재료: 햄, 통조림, 돼지고기와 닭고기 함유, 두부, 양지국물, 김치, 배추 김치, 멥쌀떡, 가래떡, 돼지고기, 뒷다리, 생것, 콩나물, 생것, 양파, 생것, 햄, 등심햄, 파, 대파, 생것, 다시마, 말린것, 마늘, 다진것, 소금, 구운소금"
D065040,어묵김치찌개,찌개류,기타찌개류,"김치, 배추 김치, 어묵, 두부, 파, 대파, 생것, 고춧가루, 마늘, 생것","메뉴명: 어묵김치찌개
메뉴 대분류: 찌개류
메뉴 소분류: 기타찌개류
식재료: 김치, 배추 김치, 어묵, 두부, 파, 대파, 생것, 고춧가루, 마늘, 생것"
D065041,치즈부대찌개,찌개류,기타찌개류,"햄, 통조림, 돼지고기와 닭고기 함유, 두부, 양지국물, 김치, 배추 김치, 멥쌀떡, 가래떡, 돼지고기, 뒷다리, 생것, 콩나물, 생것, 양파, 생것, 치즈, 체다, 파, 대파, 생것, 다시마, 말린것, 마늘, 다진것, 소금, 구운소금","메뉴명: 치즈부대찌개
메뉴 대분류: 찌개류
메뉴 소분류: 기타찌개류
식재료: 햄, 통조림, 돼지고기와 닭고기 함유, 두부, 양지국물, 김치, 배추 김치, 멥쌀떡, 가래떡, 돼지고기, 뒷다리, 생것, 콩나물, 생것, 양파, 생것, 치즈, 체다, 파, 대파, 생것, 다시마, 말린것, 마늘, 다진것, 소금, 구운소금"
D065042,감자고추장찌개,찌개류,기타찌개류,"두부, 호박, 애호박, 생것, 무, 조선무, 생것, 표고버섯, 배지재배, 생것, 고추장, 개량, 고춧가루, 된장, 개량, 다시마, 말린것, 명태, 북어, 말린것, 멸치, 대멸치, 삶아서 말린것, 새우, 꽃새우, 삶아서 말린것, 고추, 청양고추, 생것, 양파, 생것, 마늘, 생것, 파, 대파, 생것","메뉴명: 감자고추장찌개
메뉴 대분류: 찌개류
메뉴 소분류: 기타찌개류
식재료: 두부, 호박, 애호박, 생것, 무, 조선무, 생것, 표고버섯, 배지재배, 생것, 고추장, 개량, 고춧가루, 된장, 개량, 다시마, 말린것, 명태, 북어, 말린것, 멸치, 대멸치, 삶아서 말린것, 새우, 꽃새우, 삶아서 말린것, 고추, 청양고추, 생것, 양파, 생것, 마늘, 생것, 파, 대파, 생것"
D065043,김치콩비지찌개,찌개류,기타찌개류,"대두, 콩가루, 김치, 배추 김치, 돼지고기, 앞다리, 생것, 파, 대파, 생것, 다시마, 말린것, 멸치, 대멸치, 삶아서 말린것, 마늘, 생것, 생강, 뿌리줄기, 생것","메뉴명: 김치콩비지찌개
메뉴 대분류: 찌개류
메뉴 소분류: 기타찌개류
식재료: 대두, 콩가루, 김치, 배추 김치, 돼지고기, 앞다리, 생것, 파, 대파, 생것, 다시마, 말린것, 멸치, 대멸치, 삶아서 말린것, 마늘, 생것, 생강, 뿌리줄기, 생것"
D065044,모듬햄부대찌개,찌개류,기타찌개류,"햄, 통조림, 돼지고기와 닭고기 함유, 소시지, 프랑크푸르트소시지, 김치, 배추 김치, 두부, 멥쌀떡, 가래떡, 돼지고기, 뒷다리, 생것, 고추장, 재래, 파, 대파, 생것, 고춧가루, 마늘, 다진것, 소금, 천일염, 후추, 검은색, 가루","메뉴명: 모듬햄부대찌개
메뉴 대분류: 찌개류
메뉴 소분류: 기타찌개류
식재료: 햄, 통조림, 돼지고기와 닭고기 함유, 소시지, 프랑크푸르트소시지, 김치, 배추 김치, 두부, 멥쌀떡, 가래떡, 돼지고기, 뒷다리, 생것, 고추장, 재래, 파, 대파, 생것, 고춧가루, 마늘, 다진것, 소금, 천일염, 후추, 검은색, 가루"
D065045,버섯고추장찌개,찌개류,기타찌개류,"두부, 호박, 애호박, 생것, 감자, 대지, 생것, 느타리버섯, 생것, 양파, 생것, 된장, 개량, 고추장, 개량, 다시마, 말린것, 멸치, 대멸치, 삶아서 말린것, 파, 대파, 생것, 마늘, 생것","메뉴명: 버섯고추장찌개
메뉴 대분류: 찌개류
메뉴 소분류: 기타찌개류
식재료: 두부, 호박, 애호박, 생것, 감자, 대지, 생것, 느타리버섯, 생것, 양파, 생것, 된장, 개량, 고추장, 개량, 다시마, 말린것, 멸치, 대멸치, 삶아서 말린것, 파, 대파, 생것, 마늘, 생것"
D065046,어린이부대찌개,찌개류,기타찌개류,"어육소시지, 두부, 콩나물, 생것, 베이컨, 김치, 배추 김치, 멸치, 대멸치, 삶아서 말린것, 양파, 생것, 파, 대파, 생것, 간장, 개량, 양조, 마늘, 생것","메뉴명: 어린이부대찌개
메뉴 대분류: 찌개류
메뉴 소분류: 기타찌개류
식재료: 어육소시지, 두부, 콩나물, 생것, 베이컨, 김치, 배추 김치, 멸치, 대멸치, 삶아서 말린것, 양파, 생것, 파, 대파, 생것, 간장, 개량, 양조, 마늘, 생것"
D065047,초당순두부찌개,찌개류,기타찌개류,"두부, 바지락, 생것, 다시마, 말린것, 멸치, 대멸치, 삶아서 말린것, 부추, 솔부추, 생것, 간장, 개량, 양조, 소금, 천일염, 소금꽃, 고춧가루, 고추기름, 마늘, 다진것, 참깨, 흰색, 볶은것","메뉴명: 초당순두부찌개
메뉴 대분류: 찌개류
메뉴 소분류: 기타찌개류
식재료: 두부, 바지락, 생것, 다시마, 말린것, 멸치, 대멸치, 삶아서 말린것, 부추, 솔부추, 생것, 간장, 개량, 양조, 소금, 천일염, 소금꽃, 고춧가루, 고추기름, 마늘, 다진것, 참깨, 흰색, 볶은것"
D065048,호박고추장찌개,찌개류,기타찌개류,"호박, 애호박, 생것, 감자, 대지, 생것, 두부, 양파, 생것, 된장, 개량, 고추장, 개량, 당근, 뿌리, 생것, 다시마, 말린것, 멸치, 대멸치, 삶아서 말린것, 파, 대파, 생것, 마늘, 생것","메뉴명: 호박고추장찌개
메뉴 대분류: 찌개류
메뉴 소분류: 기타찌개류
식재료: 호박, 애호박, 생것, 감자, 대지, 생것, 두부, 양파, 생것, 된장, 개량, 고추장, 개량, 당근, 뿌리, 생것, 다시마, 말린것, 멸치, 대멸치, 삶아서 말린것, 파, 대파, 생것, 마늘, 생것"
D065049,스팸고추장짜글이,찌개류,기타찌개류,"햄, 등심햄, 감자, 대지, 생것, 두부, 고추장, 재래, 호박, 애호박, 생것, 양파, 생것, 고춧가루, 간장, 개량, 양조, 콩기름, 마늘, 다진것, 소금, 천일염","메뉴명: 스팸고추장짜글이
메뉴 대분류: 찌개류
메뉴 소분류: 기타찌개류
식재료: 햄, 등심햄, 감자, 대지, 생것, 두부, 고추장, 재래, 호박, 애호박, 생것, 양파, 생것, 고춧가루, 간장, 개량, 양조, 콩기름, 마늘, 다진것, 소금, 천일염"
D065050,애호박고추장찌개,찌개류,기타찌개류,"호박, 애호박, 생것, 감자, 대지, 생것, 두부, 양파, 생것, 당근, 뿌리, 생것, 된장, 개량, 고추장, 개량, 멸치, 대멸치, 삶아서 말린것, 파, 대파, 생것, 마늘, 생것, 다시마, 말린것","메뉴명: 애호박고추장찌개
메뉴 대분류: 찌개류
메뉴 소분류: 기타찌개류
식재료: 호박, 애호박, 생것, 감자, 대지, 생것, 두부, 양파, 생것, 당근, 뿌리, 생것, 된장, 개량, 고추장, 개량, 멸치, 대멸치, 삶아서 말린것, 파, 대파, 생것, 마늘, 생것, 다시마, 말린것"
D071001,가오리찜,찜류,어패류찜,"가오리, 나비가오리, 생것, 무, 조선무, 생것, 미나리, 물미나리, 데친것, 양파, 데친것, 콩나물, 삶은것, 간장, 개량, 양조, 쑥갓, 데친것, 고춧가루, 참깨, 흰색, 볶은것, 마늘, 생것, 참기름","메뉴명: 가오리찜
메뉴 대분류: 찜류
메뉴 소분류: 어패류찜
식재료: 가오리, 나비가오리, 생것, 무, 조선무, 생것, 미나리, 물미나리, 데친것, 양파, 데친것, 콩나물, 삶은것, 간장, 개량, 양조, 쑥갓, 데친것, 고춧가루, 참깨, 흰색, 볶은것, 마늘, 생것, 참기름"
D071002,가자미찜,찜류,어패류찜,"가자미, 생것, 무, 조선무, 생것, 미나리, 물미나리, 데친것, 양파, 데친것, 콩나물, 삶은것, 간장, 개량, 양조, 쑥갓, 데친것, 고춧가루, 참깨, 흰색, 볶은것, 마늘, 생것, 참기름","메뉴명: 가자미찜
메뉴 대분류: 찜류
메뉴 소분류: 어패류찜
식재료: 가자미, 생것, 무, 조선무, 생것, 미나리, 물미나리, 데친것, 양파, 데친것, 콩나물, 삶은것, 간장, 개량, 양조, 쑥갓, 데친것, 고춧가루, 참깨, 흰색, 볶은것, 마늘, 생것, 참기름"
D071003,갈치찜,찜류,어패류찜,"갈치, 생것, 무, 조선무, 생것, 미나리, 물미나리, 데친것, 양파, 데친것, 콩나물, 삶은것, 간장, 개량, 양조, 쑥갓, 데친것, 고춧가루, 참깨, 흰색, 볶은것, 마늘, 생것, 참기름","메뉴명: 갈치찜
메뉴 대분류: 찜류
메뉴 소분류: 어패류찜
식재료: 갈치, 생것, 무, 조선무, 생것, 미나리, 물미나리, 데친것, 양파, 데친것, 콩나물, 삶은것, 간장, 개량, 양조, 쑥갓, 데친것, 고춧가루, 참깨, 흰색, 볶은것, 마늘, 생것, 참기름"
D071004,고등어찜,찜류,어패류찜,"고등어, 삶은것, 무, 조선무, 생것, 미나리, 물미나리, 데친것, 양파, 데친것, 콩나물, 삶은것, 간장, 개량, 양조, 쑥갓, 데친것, 고춧가루, 참깨, 흰색, 볶은것, 마늘, 생것, 참기름","메뉴명: 고등어찜
메뉴 대분류: 찜류
메뉴 소분류: 어패류찜
식재료: 고등어, 삶은것, 무, 조선무, 생것, 미나리, 물미나리, 데친것, 양파, 데친것, 콩나물, 삶은것, 간장, 개량, 양조, 쑥갓, 데친것, 고춧가루, 참깨, 흰색, 볶은것, 마늘, 생것, 참기름"
D071005,고등어찜(자반고등어),찜류,어패류찜,"고등어, 자반고등어, 무, 조선무, 생것, 양파, 데친것, 고추, 풋고추, 생것, 쑥갓, 데친것, 간장, 개량, 양조, 마늘, 생것, 발효주, 청주, 알코올 16%, 파, 쪽파, 생것","메뉴명: 고등어찜(자반고등어)
메뉴 대분류: 찜류
메뉴 소분류: 어패류찜
식재료: 고등어, 자반고등어, 무, 조선무, 생것, 양파, 데친것, 고추, 풋고추, 생것, 쑥갓, 데친것, 간장, 개량, 양조, 마늘, 생것, 발효주, 청주, 알코올 16%, 파, 쪽파, 생것"
D071006,꼬막찜,찜류,어패류찜,"꼬막, 생것, 파, 쪽파, 생것, 간장, 개량, 양조, 고춧가루, 마늘, 생것, 설탕, 백설탕, 소금, 천일염, 가는소금, 참깨, 흰색, 볶은것, 참기름","메뉴명: 꼬막찜
메뉴 대분류: 찜류
메뉴 소분류: 어패류찜
식재료: 꼬막, 생것, 파, 쪽파, 생것, 간장, 개량, 양조, 고춧가루, 마늘, 생것, 설탕, 백설탕, 소금, 천일염, 가는소금, 참깨, 흰색, 볶은것, 참기름"
D071007,꽃게찜,찜류,어패류찜,"게, 꽃게, 찐것, 파, 쪽파, 생것, 간장, 개량, 양조, 마늘, 생것, 소금, 천일염, 가는소금","메뉴명: 꽃게찜
메뉴 대분류: 찜류
메뉴 소분류: 어패류찜
식재료: 게, 꽃게, 찐것, 파, 쪽파, 생것, 간장, 개량, 양조, 마늘, 생것, 소금, 천일염, 가는소금"
D071008,대구찜,찜류,어패류찜,"대구, 구운것, 무, 조선무, 생것, 미나리, 물미나리, 데친것, 양파, 데친것, 콩나물, 삶은것, 간장, 개량, 양조, 쑥갓, 데친것, 고춧가루, 참깨, 흰색, 볶은것, 마늘, 생것, 참기름","메뉴명: 대구찜
메뉴 대분류: 찜류
메뉴 소분류: 어패류찜
식재료: 대구, 구운것, 무, 조선무, 생것, 미나리, 물미나리, 데친것, 양파, 데친것, 콩나물, 삶은것, 간장, 개량, 양조, 쑥갓, 데친것, 고춧가루, 참깨, 흰색, 볶은것, 마늘, 생것, 참기름"
D071009,대합찜,찜류,어패류찜,"대합, 북방대합, 생것, 파, 쪽파, 생것, 간장, 재래, 고춧가루, 마늘, 생것, 설탕, 백설탕, 소금, 천일염, 가는소금, 참깨, 흰색, 볶은것, 참기름, 후추, 검은색, 가루","메뉴명: 대합찜
메뉴 대분류: 찜류
메뉴 소분류: 어패류찜
식재료: 대합, 북방대합, 생것, 파, 쪽파, 생것, 간장, 재래, 고춧가루, 마늘, 생것, 설탕, 백설탕, 소금, 천일염, 가는소금, 참깨, 흰색, 볶은것, 참기름, 후추, 검은색, 가루"
D071010,도미찜,찜류,어패류찜,"돔, 참돔, 삶은것, 무, 조선무, 생것, 미나리, 물미나리, 데친것, 양파, 데친것, 콩나물, 삶은것, 간장, 개량, 양조, 쑥갓, 데친것, 고춧가루, 참깨, 흰색, 볶은것, 마늘, 생것, 참기름","메뉴명: 도미찜
메뉴 대분류: 찜류
메뉴 소분류: 어패류찜
식재료: 돔, 참돔, 삶은것, 무, 조선무, 생것, 미나리, 물미나리, 데친것, 양파, 데친것, 콩나물, 삶은것, 간장, 개량, 양조, 쑥갓, 데친것, 고춧가루, 참깨, 흰색, 볶은것, 마늘, 생것, 참기름"
D071011,동태찜,찜류,어패류찜,"명태, 동태, 냉동, 무, 조선무, 생것, 미나리, 물미나리, 데친것, 양파, 데친것, 콩나물, 삶은것, 간장, 개량, 양조, 쑥갓, 데친것, 고춧가루, 참깨, 흰색, 볶은것, 마늘, 생것, 참기름","메뉴명: 동태찜
메뉴 대분류: 찜류
메뉴 소분류: 어패류찜
식재료: 명태, 동태, 냉동, 무, 조선무, 생것, 미나리, 물미나리, 데친것, 양파, 데친것, 콩나물, 삶은것, 간장, 개량, 양조, 쑥갓, 데친것, 고춧가루, 참깨, 흰색, 볶은것, 마늘, 생것, 참기름"
D071012,망둑어찜,찜류,어패류찜,"문절망둑, 생것, 무, 조선무, 생것, 미나리, 물미나리, 데친것, 양파, 데친것, 콩나물, 삶은것, 간장, 개량, 양조, 쑥갓, 데친것, 고춧가루, 참깨, 흰색, 볶은것, 마늘, 생것, 참기름","메뉴명: 망둑어찜
메뉴 대분류: 찜류
메뉴 소분류: 어패류찜
식재료: 문절망둑, 생것, 무, 조선무, 생것, 미나리, 물미나리, 데친것, 양파, 데친것, 콩나물, 삶은것, 간장, 개량, 양조, 쑥갓, 데친것, 고춧가루, 참깨, 흰색, 볶은것, 마늘, 생것, 참기름"
D071013,미더덕찜,찜류,어패류찜,"미더덕, 생것, 콩나물, 삶은것, 대합, 북방대합, 생것, 간장, 개량, 양조, 미나리, 물미나리, 데친것, 파, 쪽파, 생것, 고춧가루, 마늘, 생것, 찹쌀, 백미, 가루, 들깨, 볶은것, 설탕, 백설탕, 소금, 천일염, 가는소금","메뉴명: 미더덕찜
메뉴 대분류: 찜류
메뉴 소분류: 어패류찜
식재료: 미더덕, 생것, 콩나물, 삶은것, 대합, 북방대합, 생것, 간장, 개량, 양조, 미나리, 물미나리, 데친것, 파, 쪽파, 생것, 고춧가루, 마늘, 생것, 찹쌀, 백미, 가루, 들깨, 볶은것, 설탕, 백설탕, 소금, 천일염, 가는소금"
D071014,복찜,찜류,어패류찜,"복어, 검복, 생것, 무, 조선무, 생것, 미나리, 물미나리, 데친것, 양파, 데친것, 콩나물, 삶은것, 간장, 개량, 양조, 쑥갓, 데친것, 고춧가루, 참깨, 흰색, 볶은것, 마늘, 생것, 참기름","메뉴명: 복찜
메뉴 대분류: 찜류
메뉴 소분류: 어패류찜
식재료: 복어, 검복, 생것, 무, 조선무, 생것, 미나리, 물미나리, 데친것, 양파, 데친것, 콩나물, 삶은것, 간장, 개량, 양조, 쑥갓, 데친것, 고춧가루, 참깨, 흰색, 볶은것, 마늘, 생것, 참기름"
D071015,북어찜,찜류,어패류찜,"명태, 북어, 말린것, 파, 대파, 생것, 간장, 개량, 양조, 마늘, 생것, 설탕, 백설탕, 고춧가루, 참깨, 흰색, 볶은것, 참기름","메뉴명: 북어찜
메뉴 대분류: 찜류
메뉴 소분류: 어패류찜
식재료: 명태, 북어, 말린것, 파, 대파, 생것, 간장, 개량, 양조, 마늘, 생것, 설탕, 백설탕, 고춧가루, 참깨, 흰색, 볶은것, 참기름"
D071016,새우찜,찜류,어패류찜,"새우, 대하, 생것, 파, 쪽파, 생것, 간장, 개량, 양조, 마늘, 생것, 소금, 천일염, 가는소금","메뉴명: 새우찜
메뉴 대분류: 찜류
메뉴 소분류: 어패류찜
식재료: 새우, 대하, 생것, 파, 쪽파, 생것, 간장, 개량, 양조, 마늘, 생것, 소금, 천일염, 가는소금"
D071018,숭어찜,찜류,어패류찜,"숭어, 생것, 무, 조선무, 생것, 미나리, 물미나리, 데친것, 양파, 데친것, 콩나물, 삶은것, 간장, 개량, 양조, 쑥갓, 데친것, 고춧가루, 참깨, 흰색, 볶은것, 마늘, 생것, 참기름","메뉴명: 숭어찜
메뉴 대분류: 찜류
메뉴 소분류: 어패류찜
식재료: 숭어, 생것, 무, 조선무, 생것, 미나리, 물미나리, 데친것, 양파, 데친것, 콩나물, 삶은것, 간장, 개량, 양조, 쑥갓, 데친것, 고춧가루, 참깨, 흰색, 볶은것, 마늘, 생것, 참기름"
D071019,아구찜,찜류,어패류찜,"아귀, 생것, 무, 조선무, 생것, 미나리, 물미나리, 데친것, 양파, 데친것, 콩나물, 삶은것, 간장, 개량, 양조, 쑥갓, 데친것, 고춧가루, 참깨, 흰색, 볶은것, 마늘, 생것, 참기름","메뉴명: 아구찜
메뉴 대분류: 찜류
메뉴 소분류: 어패류찜
식재료: 아귀, 생것, 무, 조선무, 생것, 미나리, 물미나리, 데친것, 양파, 데친것, 콩나물, 삶은것, 간장, 개량, 양조, 쑥갓, 데친것, 고춧가루, 참깨, 흰색, 볶은것, 마늘, 생것, 참기름"
D071020,알찜(대구),찜류,어패류찜,"무, 조선무, 생것, 대구, 알, 생것, 양파, 데친것, 파, 쪽파, 생것, 간장, 개량, 양조, 마늘, 생것, 참깨, 흰색, 볶은것, 참기름","메뉴명: 알찜(대구)
메뉴 대분류: 찜류
메뉴 소분류: 어패류찜
식재료: 무, 조선무, 생것, 대구, 알, 생것, 양파, 데친것, 파, 쪽파, 생것, 간장, 개량, 양조, 마늘, 생것, 참깨, 흰색, 볶은것, 참기름"
D071021,오징어순대,찜류,어패류찜,"오징어, 구운것, 두부, 미나리, 물미나리, 데친것, 부추, 재래종, 데친것, 양파, 데친것, 파, 쪽파, 생것, 피망, 초록색, 데친것, 간장, 개량, 양조, 마늘, 생것, 소금, 천일염, 가는소금, 후추, 검은색, 가루","메뉴명: 오징어순대
메뉴 대분류: 찜류
메뉴 소분류: 어패류찜
식재료: 오징어, 구운것, 두부, 미나리, 물미나리, 데친것, 부추, 재래종, 데친것, 양파, 데친것, 파, 쪽파, 생것, 피망, 초록색, 데친것, 간장, 개량, 양조, 마늘, 생것, 소금, 천일염, 가는소금, 후추, 검은색, 가루"
D071022,오징어찜,찜류,어패류찜,"오징어, 구운것, 콩나물, 삶은것, 미더덕, 생것, 미나리, 물미나리, 데친것, 파, 쪽파, 생것, 간장, 개량, 양조, 소금, 천일염, 가는소금, 고춧가루, 참깨, 흰색, 볶은것, 마늘, 생것, 설탕, 백설탕","메뉴명: 오징어찜
메뉴 대분류: 찜류
메뉴 소분류: 어패류찜
식재료: 오징어, 구운것, 콩나물, 삶은것, 미더덕, 생것, 미나리, 물미나리, 데친것, 파, 쪽파, 생것, 간장, 개량, 양조, 소금, 천일염, 가는소금, 고춧가루, 참깨, 흰색, 볶은것, 마늘, 생것, 설탕, 백설탕"
D071023,우럭찜,찜류,어패류찜,"볼락, 조피볼락(우럭), 생것, 무, 조선무, 생것, 미나리, 물미나리, 데친것, 양파, 데친것, 콩나물, 삶은것, 간장, 개량, 양조, 쑥갓, 데친것, 고춧가루, 참깨, 흰색, 볶은것, 마늘, 생것, 참기름","메뉴명: 우럭찜
메뉴 대분류: 찜류
메뉴 소분류: 어패류찜
식재료: 볼락, 조피볼락(우럭), 생것, 무, 조선무, 생것, 미나리, 물미나리, 데친것, 양파, 데친것, 콩나물, 삶은것, 간장, 개량, 양조, 쑥갓, 데친것, 고춧가루, 참깨, 흰색, 볶은것, 마늘, 생것, 참기름"
D071024,조기찜,찜류,어패류찜,"조기(참조기), 생것, 간장, 개량, 양조, 파, 대파, 생것, 고춧가루, 소금, 천일염, 가는소금, 참깨, 흰색, 볶은것, 마늘, 생것, 참기름","메뉴명: 조기찜
메뉴 대분류: 찜류
메뉴 소분류: 어패류찜
식재료: 조기(참조기), 생것, 간장, 개량, 양조, 파, 대파, 생것, 고춧가루, 소금, 천일염, 가는소금, 참깨, 흰색, 볶은것, 마늘, 생것, 참기름"
D071025,코다리찜,찜류,어패류찜,"명태, 코다리, 반건조, 구운것, 무, 조선무, 생것, 간장, 개량, 양조, 설탕, 백설탕, 파, 대파, 생것, 고춧가루, 마늘, 생것","메뉴명: 코다리찜
메뉴 대분류: 찜류
메뉴 소분류: 어패류찜
식재료: 명태, 코다리, 반건조, 구운것, 무, 조선무, 생것, 간장, 개량, 양조, 설탕, 백설탕, 파, 대파, 생것, 고춧가루, 마늘, 생것"
D071026,홍어찜,찜류,어패류찜,"홍어, 생것, 무, 조선무, 생것, 미나리, 물미나리, 데친것, 양파, 데친것, 콩나물, 삶은것, 간장, 개량, 양조, 쑥갓, 데친것, 고춧가루, 참깨, 흰색, 볶은것, 마늘, 생것, 참기름","메뉴명: 홍어찜
메뉴 대분류: 찜류
메뉴 소분류: 어패류찜
식재료: 홍어, 생것, 무, 조선무, 생것, 미나리, 물미나리, 데친것, 양파, 데친것, 콩나물, 삶은것, 간장, 개량, 양조, 쑥갓, 데친것, 고춧가루, 참깨, 흰색, 볶은것, 마늘, 생것, 참기름"
D071037,서대찜,찜류,어패류찜,"서대, 참서대, 생것, 파, 대파, 생것, 참기름, 고추, 빨간색, 말린것","메뉴명: 서대찜
메뉴 대분류: 찜류
메뉴 소분류: 어패류찜
식재료: 서대, 참서대, 생것, 파, 대파, 생것, 참기름, 고추, 빨간색, 말린것"
D071043,대하찜,찜류,어패류찜,"새우, 대하, 생것, 달걀, 생것, 미나리, 돌미나리, 생것, 석이버섯, 말린것, 고추, 빨간색, 생것, 소금, 천일염, 가는소금, 발효주, 청주, 알코올 16%, 후추, 검은색, 가루","메뉴명: 대하찜
메뉴 대분류: 찜류
메뉴 소분류: 어패류찜
식재료: 새우, 대하, 생것, 달걀, 생것, 미나리, 돌미나리, 생것, 석이버섯, 말린것, 고추, 빨간색, 생것, 소금, 천일염, 가는소금, 발효주, 청주, 알코올 16%, 후추, 검은색, 가루"
D071044,어선,찜류,어패류찜,"민어, 생것, 소고기, 한우(1등급), 우둔, 생것, 석이버섯, 말린것, 당근, 뿌리, 생것, 오이, 취청, 생것, 달걀, 생것, 전분, 감자, 가루, 소금, 천일염, 가는소금, 후추, 흰색, 가루, 콩기름, 표고버섯, 배지재배, 말린것, 파, 대파, 생것, 마늘, 생것, 설탕, 백설탕, 참기름, 참깨, 흰색, 볶은것, 후추, 검은색, 가루, 간장, 개량, 양조, 식초, 감식초, 겨자 페이스트","메뉴명: 어선
메뉴 대분류: 찜류
메뉴 소분류: 어패류찜
식재료: 민어, 생것, 소고기, 한우(1등급), 우둔, 생것, 석이버섯, 말린것, 당근, 뿌리, 생것, 오이, 취청, 생것, 달걀, 생것, 전분, 감자, 가루, 소금, 천일염, 가는소금, 후추, 흰색, 가루, 콩기름, 표고버섯, 배지재배, 말린것, 파, 대파, 생것, 마늘, 생것, 설탕, 백설탕, 참기름, 참깨, 흰색, 볶은것, 후추, 검은색, 가루, 간장, 개량, 양조, 식초, 감식초, 겨자 페이스트"
D071045,수삼전복찜,찜류,어패류찜,"인삼, 수삼, 생것, 전복, 둥근전복, 생것, 대추, 말린것, 소금, 천일염, 가는소금, 꿀, 식초, 감식초","메뉴명: 수삼전복찜
메뉴 대분류: 찜류
메뉴 소분류: 어패류찜
식재료: 인삼, 수삼, 생것, 전복, 둥근전복, 생것, 대추, 말린것, 소금, 천일염, 가는소금, 꿀, 식초, 감식초"
D071046,장어찜,찜류,어패류찜,"장어, 뱀장어, 생것, 우유, 후추, 흰색, 가루, 우엉, 생것, 인삼, 백삼, 말린것, 미나리, 물미나리, 생것, 팽이버섯, 생것, 양파, 생것, 고추, 초록색, 녹광, 생것, 고추, 빨간색, 생것, 간장, 개량, 양조","메뉴명: 장어찜
메뉴 대분류: 찜류
메뉴 소분류: 어패류찜
식재료: 장어, 뱀장어, 생것, 우유, 후추, 흰색, 가루, 우엉, 생것, 인삼, 백삼, 말린것, 미나리, 물미나리, 생것, 팽이버섯, 생것, 양파, 생것, 고추, 초록색, 녹광, 생것, 고추, 빨간색, 생것, 간장, 개량, 양조"
D071047,모듬해물찜,찜류,어패류찜,"전복, 북방전복, 생것, 새우, 중하, 생것, 소라, 생것, 마늘, 생것, 파, 대파, 생것, 고추, 초록색, 녹광, 생것, 고추, 빨간색, 생것, 피망, 빨간색, 생것, 양파, 생것, 할라페뇨, 통조림, 간장, 개량, 양조, 과당, 참기름, 후추, 흰색, 가루, 생수","메뉴명: 모듬해물찜
메뉴 대분류: 찜류
메뉴 소분류: 어패류찜
식재료: 전복, 북방전복, 생것, 새우, 중하, 생것, 소라, 생것, 마늘, 생것, 파, 대파, 생것, 고추, 초록색, 녹광, 생것, 고추, 빨간색, 생것, 피망, 빨간색, 생것, 양파, 생것, 할라페뇨, 통조림, 간장, 개량, 양조, 과당, 참기름, 후추, 흰색, 가루, 생수"
D071048,오징어콩순대,찜류,어패류찜,"오징어, 생것, 옥수수, 찰옥수수, 생것, 귀리, 쌀귀리, 도정, 밥, 강낭콩, 생것, 당근, 뿌리, 생것, 미니파프리카, 노란색, 생것, 피망, 초록색, 생것, 파, 대파, 생것, 양파, 생것, 카레 소스, 가루, 후추, 흰색, 가루, 마늘, 다진것, 참기름, 밀, 중력밀가루, 레몬 착즙","메뉴명: 오징어콩순대
메뉴 대분류: 찜류
메뉴 소분류: 어패류찜
식재료: 오징어, 생것, 옥수수, 찰옥수수, 생것, 귀리, 쌀귀리, 도정, 밥, 강낭콩, 생것, 당근, 뿌리, 생것, 미니파프리카, 노란색, 생것, 피망, 초록색, 생것, 파, 대파, 생것, 양파, 생것, 카레 소스, 가루, 후추, 흰색, 가루, 마늘, 다진것, 참기름, 밀, 중력밀가루, 레몬 착즙"
D071049,코다리맑은찜,찜류,어패류찜,"명태, 코다리, 반건조, 콩나물, 생것, 미나리, 물미나리, 생것, 갯나물, 퉁퉁마디(함초), 하우스, 생것, 무, 조선무, 생것, 소금, 가공염, 퉁퉁마디(함초), 간장, 개량, 양조, 생강청, 후추, 흰색, 가루, 발효주, 청주, 알코올 16%, 레몬 착즙, 마늘, 다진것, 겨자 페이스트, 참깨, 흰색, 볶은것","메뉴명: 코다리맑은찜
메뉴 대분류: 찜류
메뉴 소분류: 어패류찜
식재료: 명태, 코다리, 반건조, 콩나물, 생것, 미나리, 물미나리, 생것, 갯나물, 퉁퉁마디(함초), 하우스, 생것, 무, 조선무, 생것, 소금, 가공염, 퉁퉁마디(함초), 간장, 개량, 양조, 생강청, 후추, 흰색, 가루, 발효주, 청주, 알코올 16%, 레몬 착즙, 마늘, 다진것, 겨자 페이스트, 참깨, 흰색, 볶은것"
D072001,닭고기찜,찜류,육류찜,"닭고기, 영계, 삶은것, 감자, 대지, 삶은것, 당근, 뿌리, 데친것, 양파, 데친것, 간장, 개량, 양조, 생강, 뿌리줄기, 생것, 표고버섯, 참나무재배, 말린것, 삶은것, 피망, 초록색, 데친것, 발효주, 청주, 알코올 16%, 콩기름, 마늘, 생것, 설탕, 백설탕, 후추, 검은색, 가루","메뉴명: 닭고기찜
메뉴 대분류: 찜류
메뉴 소분류: 육류찜
식재료: 닭고기, 영계, 삶은것, 감자, 대지, 삶은것, 당근, 뿌리, 데친것, 양파, 데친것, 간장, 개량, 양조, 생강, 뿌리줄기, 생것, 표고버섯, 참나무재배, 말린것, 삶은것, 피망, 초록색, 데친것, 발효주, 청주, 알코올 16%, 콩기름, 마늘, 생것, 설탕, 백설탕, 후추, 검은색, 가루"
D072002,도가니수육,찜류,육류찜,"소고기, 한우(1등급), 설도(도가니살), 생것, 소고기, 한우, 양지, 삶은것, 마늘, 생것, 파, 대파, 생것, 소금, 천일염, 가는소금, 후추, 검은색, 가루","메뉴명: 도가니수육
메뉴 대분류: 찜류
메뉴 소분류: 육류찜
식재료: 소고기, 한우(1등급), 설도(도가니살), 생것, 소고기, 한우, 양지, 삶은것, 마늘, 생것, 파, 대파, 생것, 소금, 천일염, 가는소금, 후추, 검은색, 가루"
D072003,돼지갈비찜(고추장),찜류,육류찜,"돼지고기, 갈비, 삶은것, 감자, 대지, 삶은것, 양파, 데친것, 간장, 개량, 양조, 고추장, 개량, 파, 쪽파, 생것, 설탕, 백설탕, 소금, 천일염, 가는소금, 고춧가루, 마늘, 생것, 생강, 뿌리줄기, 생것, 참기름","메뉴명: 돼지갈비찜(고추장)
메뉴 대분류: 찜류
메뉴 소분류: 육류찜
식재료: 돼지고기, 갈비, 삶은것, 감자, 대지, 삶은것, 양파, 데친것, 간장, 개량, 양조, 고추장, 개량, 파, 쪽파, 생것, 설탕, 백설탕, 소금, 천일염, 가는소금, 고춧가루, 마늘, 생것, 생강, 뿌리줄기, 생것, 참기름"
D072004,돼지고기찜,찜류,육류찜,"돼지고기, 사태, 삶은것, 간장, 개량, 양조, 된장, 개량, 마늘, 생것, 파, 대파, 생것, 생강, 뿌리줄기, 생것, 설탕, 백설탕","메뉴명: 돼지고기찜
메뉴 대분류: 찜류
메뉴 소분류: 육류찜
식재료: 돼지고기, 사태, 삶은것, 간장, 개량, 양조, 된장, 개량, 마늘, 생것, 파, 대파, 생것, 생강, 뿌리줄기, 생것, 설탕, 백설탕"
D072005,돼지족발찜,찜류,육류찜,"돼지 부산물, 족발, 삶은것, 물엿, 간장, 개량, 양조, 마늘, 생것, 생강, 뿌리줄기, 생것, 된장, 개량, 설탕, 백설탕, 월계수, 잎, 말린것, 후추, 검은색, 가루","메뉴명: 돼지족발찜
메뉴 대분류: 찜류
메뉴 소분류: 육류찜
식재료: 돼지 부산물, 족발, 삶은것, 물엿, 간장, 개량, 양조, 마늘, 생것, 생강, 뿌리줄기, 생것, 된장, 개량, 설탕, 백설탕, 월계수, 잎, 말린것, 후추, 검은색, 가루"
D072006,소갈비찜(양조간장),찜류,육류찜,"소고기, 한우, 갈비, 생것, 양파, 데친것, 간장, 개량, 양조, 파, 대파, 생것, 마늘, 생것, 설탕, 백설탕, 참기름, 참깨, 흰색, 볶은것, 후추, 검은색, 가루","메뉴명: 소갈비찜(양조간장)
메뉴 대분류: 찜류
메뉴 소분류: 육류찜
식재료: 소고기, 한우, 갈비, 생것, 양파, 데친것, 간장, 개량, 양조, 파, 대파, 생것, 마늘, 생것, 설탕, 백설탕, 참기름, 참깨, 흰색, 볶은것, 후추, 검은색, 가루"
D072007,소갈비찜(재래간장),찜류,육류찜,"소고기, 한우, 갈비, 생것, 배, 신고, 생것, 양파, 데친것, 간장, 재래, 참기름, 대추, 말린것, 마늘, 생것, 설탕, 백설탕, 고추, 빨간색, 생것, 고추, 풋고추, 생것, 발효주, 청주, 알코올 16%","메뉴명: 소갈비찜(재래간장)
메뉴 대분류: 찜류
메뉴 소분류: 육류찜
식재료: 소고기, 한우, 갈비, 생것, 배, 신고, 생것, 양파, 데친것, 간장, 재래, 참기름, 대추, 말린것, 마늘, 생것, 설탕, 백설탕, 고추, 빨간색, 생것, 고추, 풋고추, 생것, 발효주, 청주, 알코올 16%"
D072008,소꼬리찜,찜류,육류찜,"소 부산물, 꼬리, 생것, 물엿, 간장, 재래, 마늘, 생것, 생강, 뿌리줄기, 생것, 된장, 개량, 설탕, 백설탕, 후추, 검은색, 가루","메뉴명: 소꼬리찜
메뉴 대분류: 찜류
메뉴 소분류: 육류찜
식재료: 소 부산물, 꼬리, 생것, 물엿, 간장, 재래, 마늘, 생것, 생강, 뿌리줄기, 생것, 된장, 개량, 설탕, 백설탕, 후추, 검은색, 가루"
D072009,편육(돼지고기),찜류,육류찜,"돼지 부산물, 머리고기, 삶은것, 새우, 젓갈, 토굴육젓, 참깨, 흰색, 볶은것, 마늘, 생것, 고춧가루, 파, 대파, 생것","메뉴명: 편육(돼지고기)
메뉴 대분류: 찜류
메뉴 소분류: 육류찜
식재료: 돼지 부산물, 머리고기, 삶은것, 새우, 젓갈, 토굴육젓, 참깨, 흰색, 볶은것, 마늘, 생것, 고춧가루, 파, 대파, 생것"
D072010,갈비찜,찜류,육류찜,"소고기, 한우, 갈비, 생것, 무, 조선무, 생것, 당근, 뿌리, 데친것, 표고버섯, 참나무재배, 말린것, 삶은것, 은행, 삶은것, 양파, 데친것, 마늘, 생것, 파, 대파, 생것","메뉴명: 갈비찜
메뉴 대분류: 찜류
메뉴 소분류: 육류찜
식재료: 소고기, 한우, 갈비, 생것, 무, 조선무, 생것, 당근, 뿌리, 데친것, 표고버섯, 참나무재배, 말린것, 삶은것, 은행, 삶은것, 양파, 데친것, 마늘, 생것, 파, 대파, 생것"
D072018,닭고기찜,찜류,육류찜,"닭고기, 영계, 삶은것, 감자, 대지, 삶은것, 당근, 뿌리, 데친것, 양파, 데친것, 간장, 개량, 양조, 생강, 뿌리줄기, 생것, 표고버섯, 참나무재배, 말린것, 삶은것, 피망, 초록색, 데친것, 발효주, 청주, 알코올 16%, 콩기름, 마늘, 생것, 설탕, 백설탕, 후추, 검은색, 가루","메뉴명: 닭고기찜
메뉴 대분류: 찜류
메뉴 소분류: 육류찜
식재료: 닭고기, 영계, 삶은것, 감자, 대지, 삶은것, 당근, 뿌리, 데친것, 양파, 데친것, 간장, 개량, 양조, 생강, 뿌리줄기, 생것, 표고버섯, 참나무재배, 말린것, 삶은것, 피망, 초록색, 데친것, 발효주, 청주, 알코올 16%, 콩기름, 마늘, 생것, 설탕, 백설탕, 후추, 검은색, 가루"
D072019,사태편육,찜류,육류찜,"소고기, 한우(1등급), 사태, 생것, 소금, 천일염, 가는소금, 파, 대파, 생것, 마늘, 생것, 간장, 개량, 양조, 식초, 감식초, 설탕, 백설탕, 잣, 볶은것","메뉴명: 사태편육
메뉴 대분류: 찜류
메뉴 소분류: 육류찜
식재료: 소고기, 한우(1등급), 사태, 생것, 소금, 천일염, 가는소금, 파, 대파, 생것, 마늘, 생것, 간장, 개량, 양조, 식초, 감식초, 설탕, 백설탕, 잣, 볶은것"
D072020,쇠고기떡찜,찜류,육류찜,"소고기, 한우(1등급), 우둔, 생것, 멥쌀떡, 가래떡, 당근, 뿌리, 생것, 밤, 생것, 간장, 개량, 양조, 배즙, 물엿, 마늘, 생것, 파, 대파, 생것, 설탕, 백설탕, 생강, 뿌리줄기, 생것, 참기름, 참깨, 흰색, 볶은것, 후추, 검은색, 가루","메뉴명: 쇠고기떡찜
메뉴 대분류: 찜류
메뉴 소분류: 육류찜
식재료: 소고기, 한우(1등급), 우둔, 생것, 멥쌀떡, 가래떡, 당근, 뿌리, 생것, 밤, 생것, 간장, 개량, 양조, 배즙, 물엿, 마늘, 생것, 파, 대파, 생것, 설탕, 백설탕, 생강, 뿌리줄기, 생것, 참기름, 참깨, 흰색, 볶은것, 후추, 검은색, 가루"
D072021,가래떡소고기찜,찜류,육류찜,"멥쌀떡, 가래떡, 표고버섯, 참나무재배, 말린것, 삶은것, 소고기, 한우(1등급), 우둔, 생것, 생수, 파, 쪽파, 생것, 치커리, 잎, 생것, 양파, 적색, 생것, 미나리, 돌미나리, 생것, 밤, 생것, 고추, 빨간색, 말린것, 설탕, 백설탕, 매실청, 간장, 개량, 양조, 맛술, 발효주, 청주, 알코올 16%, 마늘, 생것, 파, 대파, 생것, 참기름, 후추, 검은색, 가루","메뉴명: 가래떡소고기찜
메뉴 대분류: 찜류
메뉴 소분류: 육류찜
식재료: 멥쌀떡, 가래떡, 표고버섯, 참나무재배, 말린것, 삶은것, 소고기, 한우(1등급), 우둔, 생것, 생수, 파, 쪽파, 생것, 치커리, 잎, 생것, 양파, 적색, 생것, 미나리, 돌미나리, 생것, 밤, 생것, 고추, 빨간색, 말린것, 설탕, 백설탕, 매실청, 간장, 개량, 양조, 맛술, 발효주, 청주, 알코올 16%, 마늘, 생것, 파, 대파, 생것, 참기름, 후추, 검은색, 가루"
D072022,늙은 호박 영양찜닭,찜류,육류찜,"닭고기, 성계, 생것, 호박, 늙은호박, 생것, 양파, 생것, 파, 대파, 생것, 대추, 말린것, 당근, 뿌리, 생것, 표고버섯, 참나무재배, 말린것, 삶은것, 은행, 생것, 콩기름, 간장, 개량, 양조, 마늘, 생것, 맛술, 후추, 검은색, 가루, 설탕, 백설탕, 물엿, 생강, 뿌리줄기, 생것","메뉴명: 늙은 호박 영양찜닭
메뉴 대분류: 찜류
메뉴 소분류: 육류찜
식재료: 닭고기, 성계, 생것, 호박, 늙은호박, 생것, 양파, 생것, 파, 대파, 생것, 대추, 말린것, 당근, 뿌리, 생것, 표고버섯, 참나무재배, 말린것, 삶은것, 은행, 생것, 콩기름, 간장, 개량, 양조, 마늘, 생것, 맛술, 후추, 검은색, 가루, 설탕, 백설탕, 물엿, 생강, 뿌리줄기, 생것"
D072023,단호박 영양닭찜,찜류,육류찜,"호박, 단호박, 생것, 닭고기, 다리(넓적다리), 생것, 밤, 생것, 양파, 생것, 당근, 뿌리, 생것, 대추, 말린것, 은행, 생것, 양송이버섯, 생것, 잣, 생것, 호두, 말린것, 간장, 개량, 양조, 설탕, 백설탕, 마늘, 생것, 파, 대파, 생것, 참기름, 참깨, 흰색, 볶은것, 후추, 검은색, 가루","메뉴명: 단호박 영양닭찜
메뉴 대분류: 찜류
메뉴 소분류: 육류찜
식재료: 호박, 단호박, 생것, 닭고기, 다리(넓적다리), 생것, 밤, 생것, 양파, 생것, 당근, 뿌리, 생것, 대추, 말린것, 은행, 생것, 양송이버섯, 생것, 잣, 생것, 호두, 말린것, 간장, 개량, 양조, 설탕, 백설탕, 마늘, 생것, 파, 대파, 생것, 참기름, 참깨, 흰색, 볶은것, 후추, 검은색, 가루"
D072024,돼지고기 찜,찜류,육류찜,"돼지고기, 삼겹살, 생것, 된장, 개량, 파, 대파, 생것, 커피, 원두, 양파, 생것, 마늘, 생것, 후추, 검은색, 가루, 간장, 개량, 양조, 조청, 쌀, 발효주, 청주, 알코올 16%, 생강, 뿌리줄기, 생것, 설탕, 백설탕, 생수","메뉴명: 돼지고기 찜
메뉴 대분류: 찜류
메뉴 소분류: 육류찜
식재료: 돼지고기, 삼겹살, 생것, 된장, 개량, 파, 대파, 생것, 커피, 원두, 양파, 생것, 마늘, 생것, 후추, 검은색, 가루, 간장, 개량, 양조, 조청, 쌀, 발효주, 청주, 알코올 16%, 생강, 뿌리줄기, 생것, 설탕, 백설탕, 생수"
D072025,마늘소스수육,찜류,육류찜,"돼지고기, 뒷다리, 생것, 무말랭이, 말린것, 미나리, 돌미나리, 생것, 마늘, 생것, 양파, 생것, 파, 대파, 생것, 월계수, 잎, 말린것, 된장, 개량, 설탕, 백설탕, 고춧가루, 간장, 개량, 양조, 까나리, 액젓, 참기름, 참깨, 흰색, 볶은것, 꿀, 식초, 감식초","메뉴명: 마늘소스수육
메뉴 대분류: 찜류
메뉴 소분류: 육류찜
식재료: 돼지고기, 뒷다리, 생것, 무말랭이, 말린것, 미나리, 돌미나리, 생것, 마늘, 생것, 양파, 생것, 파, 대파, 생것, 월계수, 잎, 말린것, 된장, 개량, 설탕, 백설탕, 고춧가루, 간장, 개량, 양조, 까나리, 액젓, 참기름, 참깨, 흰색, 볶은것, 꿀, 식초, 감식초"
D072026,미나리삼겹살찜,찜류,육류찜,"표고버섯, 참나무재배, 생것, 미나리, 돌미나리, 생것, 돼지고기, 삼겹살, 생것, 들깻잎, 생것, 고추, 빨간색, 생것, 마늘, 생것, 맛술, 후추, 검은색, 가루, 고춧가루, 들깨, 말린것, 간장, 개량, 양조, 매실청","메뉴명: 미나리삼겹살찜
메뉴 대분류: 찜류
메뉴 소분류: 육류찜
식재료: 표고버섯, 참나무재배, 생것, 미나리, 돌미나리, 생것, 돼지고기, 삼겹살, 생것, 들깻잎, 생것, 고추, 빨간색, 생것, 마늘, 생것, 맛술, 후추, 검은색, 가루, 고춧가루, 들깨, 말린것, 간장, 개량, 양조, 매실청"
D072027,봄동오리쌈,찜류,육류찜,"양파, 생것, 파프리카, 노란색, 생것, 피망, 초록색, 생것, 피망, 빨간색, 생것, 배추, 봄동, 생것, 토마토, 생것, 오리고기, 조미훈제, 소금, 천일염, 가는소금, 후추, 검은색, 가루, 레몬 착즙, 올리브유, 굴 소스, 요구르트, 액상(농후), 플레인, 식이섬유 첨가","메뉴명: 봄동오리쌈
메뉴 대분류: 찜류
메뉴 소분류: 육류찜
식재료: 양파, 생것, 파프리카, 노란색, 생것, 피망, 초록색, 생것, 피망, 빨간색, 생것, 배추, 봄동, 생것, 토마토, 생것, 오리고기, 조미훈제, 소금, 천일염, 가는소금, 후추, 검은색, 가루, 레몬 착즙, 올리브유, 굴 소스, 요구르트, 액상(농후), 플레인, 식이섬유 첨가"
D072028,사태찜,찜류,육류찜,"소고기, 한우(1++등급), 사태, 생것, 무, 조선무, 생것, 당근, 뿌리, 생것, 표고버섯, 참나무재배, 말린것, 밤, 생것, 대추, 말린것, 미나리, 돌미나리, 생것, 잣, 생것, 은행, 생것, 고추, 빨간색, 생것, 달걀, 생것, 간장, 개량, 양조, 배즙, 설탕, 백설탕, 파, 대파, 생것, 마늘, 생것, 참기름, 참깨, 흰색, 볶은것, 후추, 검은색, 가루","메뉴명: 사태찜
메뉴 대분류: 찜류
메뉴 소분류: 육류찜
식재료: 소고기, 한우(1++등급), 사태, 생것, 무, 조선무, 생것, 당근, 뿌리, 생것, 표고버섯, 참나무재배, 말린것, 밤, 생것, 대추, 말린것, 미나리, 돌미나리, 생것, 잣, 생것, 은행, 생것, 고추, 빨간색, 생것, 달걀, 생것, 간장, 개량, 양조, 배즙, 설탕, 백설탕, 파, 대파, 생것, 마늘, 생것, 참기름, 참깨, 흰색, 볶은것, 후추, 검은색, 가루"
D072029,애호박 소고기찜,찜류,육류찜,"호박, 애호박, 생것, 소고기, 한우, 등심, 생것, 마늘, 생것, 맛술, 후추, 검은색, 가루, 콩기름, 고춧가루, 간장, 개량, 양조","메뉴명: 애호박 소고기찜
메뉴 대분류: 찜류
메뉴 소분류: 육류찜
식재료: 호박, 애호박, 생것, 소고기, 한우, 등심, 생것, 마늘, 생것, 맛술, 후추, 검은색, 가루, 콩기름, 고춧가루, 간장, 개량, 양조"
D072030,오겹와인구이찜,찜류,육류찜,"돼지고기, 삼겹살, 생것, 마늘, 생것, 파, 대파, 생것, 발효주, 과실주, 포도주, 백포도주, 쇼비뇽블랑, 간장, 개량, 양조, 조청, 쌀, 생수, 부추, 재래종, 생것, 양파, 생것, 된장, 개량, 참기름, 참깨, 흰색, 볶은것","메뉴명: 오겹와인구이찜
메뉴 대분류: 찜류
메뉴 소분류: 육류찜
식재료: 돼지고기, 삼겹살, 생것, 마늘, 생것, 파, 대파, 생것, 발효주, 과실주, 포도주, 백포도주, 쇼비뇽블랑, 간장, 개량, 양조, 조청, 쌀, 생수, 부추, 재래종, 생것, 양파, 생것, 된장, 개량, 참기름, 참깨, 흰색, 볶은것"
D072031,오리고기찜,찜류,육류찜,"부추, 재래종, 생것, 오리고기, 살코기, 생것, 양파, 생것, 쌈장","메뉴명: 오리고기찜
메뉴 대분류: 찜류
메뉴 소분류: 육류찜
식재료: 부추, 재래종, 생것, 오리고기, 살코기, 생것, 양파, 생것, 쌈장"
D072032,오색미등갈비찜,찜류,육류찜,"돼지고기, 삼겹살(등갈비), 생것, 즉석밥, 잡곡밥(멥쌀, 찹쌀, 흑미, 팥, 기장, 찰수수), 전분, 감자, 가루, 파, 대파, 생것, 마늘, 생것, 후추, 검은색, 가루, 간장, 개량, 양조, 굴 소스, 맛술, 꿀, 참기름","메뉴명: 오색미등갈비찜
메뉴 대분류: 찜류
메뉴 소분류: 육류찜
식재료: 돼지고기, 삼겹살(등갈비), 생것, 즉석밥, 잡곡밥(멥쌀, 찹쌀, 흑미, 팥, 기장, 찰수수), 전분, 감자, 가루, 파, 대파, 생것, 마늘, 생것, 후추, 검은색, 가루, 간장, 개량, 양조, 굴 소스, 맛술, 꿀, 참기름"
D072033,조미트볼찜,찜류,육류찜,"조, 메조, 도정, 생것, 브로콜리, 생것, 파프리카, 빨간색, 생것, 돼지고기, 등심, 생것, 발효주, 청주, 알코올 16%, 마늘, 생것, 후추, 검은색, 가루, 들깻잎, 생것, 간장, 개량, 양조, 식초, 감식초, 매실청","메뉴명: 조미트볼찜
메뉴 대분류: 찜류
메뉴 소분류: 육류찜
식재료: 조, 메조, 도정, 생것, 브로콜리, 생것, 파프리카, 빨간색, 생것, 돼지고기, 등심, 생것, 발효주, 청주, 알코올 16%, 마늘, 생것, 후추, 검은색, 가루, 들깻잎, 생것, 간장, 개량, 양조, 식초, 감식초, 매실청"
D072034,토란 사태찜,찜류,육류찜,"토란, 생것, 소고기, 한우(1등급), 사태, 생것, 우엉, 생것, 파, 대파, 생것, 마늘, 생것, 후추, 검은색, 가루, 소금, 천일염, 가는소금, 밤, 생것, 대추, 말린것, 은행, 생것, 잣, 생것, 달걀, 생것, 생수, 간장, 개량, 양조, 배즙, 발효주, 청주, 알코올 16%","메뉴명: 토란 사태찜
메뉴 대분류: 찜류
메뉴 소분류: 육류찜
식재료: 토란, 생것, 소고기, 한우(1등급), 사태, 생것, 우엉, 생것, 파, 대파, 생것, 마늘, 생것, 후추, 검은색, 가루, 소금, 천일염, 가는소금, 밤, 생것, 대추, 말린것, 은행, 생것, 잣, 생것, 달걀, 생것, 생수, 간장, 개량, 양조, 배즙, 발효주, 청주, 알코올 16%"
D072035,족발수육,찜류,육류찜,"돼지 부산물, 족발, 조미, 삶은것, 고구마, 생것, 가지, 생것, 발효주, 맥주, 알코올 4.5%, 김치, 백김치, 참기름, 참깨, 흰색, 볶은것","메뉴명: 족발수육
메뉴 대분류: 찜류
메뉴 소분류: 육류찜
식재료: 돼지 부산물, 족발, 조미, 삶은것, 고구마, 생것, 가지, 생것, 발효주, 맥주, 알코올 4.5%, 김치, 백김치, 참기름, 참깨, 흰색, 볶은것"
D072036,해초갈비찜,찜류,육류찜,"돼지고기, 갈비, 생것, 미역, 줄기, 생것, 감자, 대지, 생것, 양파, 생것, 고추, 초록색, 녹광, 생것, 고추, 빨간색, 생것, 대추, 말린것, 당근, 뿌리, 생것, 메추리알, 삶은것, 간장, 개량, 양조, 마늘, 다진것, 파, 대파, 생것, 생강청, 후추, 흰색, 가루, 참기름, 과당, 참깨, 흰색, 볶은것","메뉴명: 해초갈비찜
메뉴 대분류: 찜류
메뉴 소분류: 육류찜
식재료: 돼지고기, 갈비, 생것, 미역, 줄기, 생것, 감자, 대지, 생것, 양파, 생것, 고추, 초록색, 녹광, 생것, 고추, 빨간색, 생것, 대추, 말린것, 당근, 뿌리, 생것, 메추리알, 삶은것, 간장, 개량, 양조, 마늘, 다진것, 파, 대파, 생것, 생강청, 후추, 흰색, 가루, 참기름, 과당, 참깨, 흰색, 볶은것"
D072037,베이컨밀푀유,찜류,육류찜,"배추, 생것, 들깻잎, 생것, 베이컨, 무, 조선무, 생것, 숙주나물, 생것, 청경채, 생것, 송이버섯, 생것, 멸치 육수, 티백, 채소 포함, 간장, 개량, 양조, 고추냉이, 페이스트, 레몬 착즙, 칠리 소스, 과당","메뉴명: 베이컨밀푀유
메뉴 대분류: 찜류
메뉴 소분류: 육류찜
식재료: 배추, 생것, 들깻잎, 생것, 베이컨, 무, 조선무, 생것, 숙주나물, 생것, 청경채, 생것, 송이버섯, 생것, 멸치 육수, 티백, 채소 포함, 간장, 개량, 양조, 고추냉이, 페이스트, 레몬 착즙, 칠리 소스, 과당"
D072038,소고기표고찜,찜류,육류찜,"표고버섯, 배지재배, 생것, 밀, 중력밀가루, 달걀, 생것, 잣, 생것, 대추, 생것, 호박, 단호박, 생것, 오이 피클, 소고기, 한우(1++등급), 살코기, 생것, 파, 생것, 마늘, 다진것, 양파, 생것, 파프리카, 노란색, 생것, 두부, 오렌지 주스, 유자청","메뉴명: 소고기표고찜
메뉴 대분류: 찜류
메뉴 소분류: 육류찜
식재료: 표고버섯, 배지재배, 생것, 밀, 중력밀가루, 달걀, 생것, 잣, 생것, 대추, 생것, 호박, 단호박, 생것, 오이 피클, 소고기, 한우(1++등급), 살코기, 생것, 파, 생것, 마늘, 다진것, 양파, 생것, 파프리카, 노란색, 생것, 두부, 오렌지 주스, 유자청"
D072039,돈수육과 해물냉채,찜류,육류찜,"돼지고기, 삼겹살, 생것, 오징어, 생것, 새우, 대하, 생것, 주꾸미, 생것, 파프리카, 빨간색, 생것, 파프리카, 노란색, 생것, 파프리카, 주황색, 생것, 양파, 생것, 당근, 뿌리, 생것, 오이, 다다기, 생것, 파, 대파, 생것, 마늘, 생것, 생강, 뿌리줄기, 생것, 맛술, 식초, 사과식초, 설탕, 가루, 겨자, 가루, 된장, 개량, 후추, 검은색, 가루","메뉴명: 돈수육과 해물냉채
메뉴 대분류: 찜류
메뉴 소분류: 육류찜
식재료: 돼지고기, 삼겹살, 생것, 오징어, 생것, 새우, 대하, 생것, 주꾸미, 생것, 파프리카, 빨간색, 생것, 파프리카, 노란색, 생것, 파프리카, 주황색, 생것, 양파, 생것, 당근, 뿌리, 생것, 오이, 다다기, 생것, 파, 대파, 생것, 마늘, 생것, 생강, 뿌리줄기, 생것, 맛술, 식초, 사과식초, 설탕, 가루, 겨자, 가루, 된장, 개량, 후추, 검은색, 가루"
D073001,가지찜,찜류,채소류찜,"가지, 데친것, 소고기, 한우, 양지, 삶은것, 간장, 개량, 양조, 고추, 빨간색, 생것, 밀, 중력밀가루, 파, 대파, 생것, 마늘, 생것, 참기름, 후추, 검은색, 가루","메뉴명: 가지찜
메뉴 대분류: 찜류
메뉴 소분류: 채소류찜
식재료: 가지, 데친것, 소고기, 한우, 양지, 삶은것, 간장, 개량, 양조, 고추, 빨간색, 생것, 밀, 중력밀가루, 파, 대파, 생것, 마늘, 생것, 참기름, 후추, 검은색, 가루"
D073002,깻잎찜,찜류,채소류찜,"들깻잎, 찐것, 고춧가루, 간장, 개량, 양조, 고추, 빨간색, 생것, 마늘, 생것, 참기름, 파, 쪽파, 생것","메뉴명: 깻잎찜
메뉴 대분류: 찜류
메뉴 소분류: 채소류찜
식재료: 들깻잎, 찐것, 고춧가루, 간장, 개량, 양조, 고추, 빨간색, 생것, 마늘, 생것, 참기름, 파, 쪽파, 생것"
D073003,무찜,찜류,채소류찜,"무, 조선무, 생것, 소고기, 한우, 갈비, 생것, 당근, 뿌리, 데친것, 간장, 개량, 양조, 파, 대파, 생것, 표고버섯, 참나무재배, 말린것, 삶은것, 마늘, 생것, 설탕, 백설탕","메뉴명: 무찜
메뉴 대분류: 찜류
메뉴 소분류: 채소류찜
식재료: 무, 조선무, 생것, 소고기, 한우, 갈비, 생것, 당근, 뿌리, 데친것, 간장, 개량, 양조, 파, 대파, 생것, 표고버섯, 참나무재배, 말린것, 삶은것, 마늘, 생것, 설탕, 백설탕"
D073004,애호박찜,찜류,채소류찜,"호박, 애호박, 데친것, 양파, 데친것, 간장, 개량, 양조, 파, 쪽파, 생것, 마늘, 생것, 새우, 젓갈, 토굴육젓, 고춧가루, 참기름","메뉴명: 애호박찜
메뉴 대분류: 찜류
메뉴 소분류: 채소류찜
식재료: 호박, 애호박, 데친것, 양파, 데친것, 간장, 개량, 양조, 파, 쪽파, 생것, 마늘, 생것, 새우, 젓갈, 토굴육젓, 고춧가루, 참기름"
D073005,양배추찜,찜류,채소류찜,"양배추, 찐것, 간장, 개량, 양조, 파, 쪽파, 생것, 마늘, 생것, 고춧가루, 참기름","메뉴명: 양배추찜
메뉴 대분류: 찜류
메뉴 소분류: 채소류찜
식재료: 양배추, 찐것, 간장, 개량, 양조, 파, 쪽파, 생것, 마늘, 생것, 고춧가루, 참기름"
D073006,콩나물찜,찜류,채소류찜,"콩나물, 삶은것, 미나리, 물미나리, 데친것, 조개, 살조개, 생것, 간장, 개량, 양조, 고춧가루, 찹쌀, 백미, 가루, 파, 대파, 생것, 콩기름, 설탕, 백설탕, 발효주, 청주, 알코올 16%, 마늘, 생것, 생강, 뿌리줄기, 생것, 참기름, 후추, 검은색, 가루","메뉴명: 콩나물찜
메뉴 대분류: 찜류
메뉴 소분류: 채소류찜
식재료: 콩나물, 삶은것, 미나리, 물미나리, 데친것, 조개, 살조개, 생것, 간장, 개량, 양조, 고춧가루, 찹쌀, 백미, 가루, 파, 대파, 생것, 콩기름, 설탕, 백설탕, 발효주, 청주, 알코올 16%, 마늘, 생것, 생강, 뿌리줄기, 생것, 참기름, 후추, 검은색, 가루"
D073007,풋고추찜,찜류,채소류찜,"고추, 풋고추, 생것, 밀, 중력밀가루, 파, 대파, 생것, 소금, 천일염, 가는소금, 마늘, 생것","메뉴명: 풋고추찜
메뉴 대분류: 찜류
메뉴 소분류: 채소류찜
식재료: 고추, 풋고추, 생것, 밀, 중력밀가루, 파, 대파, 생것, 소금, 천일염, 가는소금, 마늘, 생것"
D073010,호박잎쌈,찜류,채소류찜,"호박, 잎, 데친것, 고추, 풋고추, 생것, 된장, 개량, 고추장, 개량, 물엿, 마늘, 생것, 다시마 육수, 참깨, 흰색, 볶은것","메뉴명: 호박잎쌈
메뉴 대분류: 찜류
메뉴 소분류: 채소류찜
식재료: 호박, 잎, 데친것, 고추, 풋고추, 생것, 된장, 개량, 고추장, 개량, 물엿, 마늘, 생것, 다시마 육수, 참깨, 흰색, 볶은것"
D073012,양배추찜,찜류,채소류찜,"양배추, 찐것, 간장, 개량, 양조, 파, 쪽파, 생것, 마늘, 생것, 참기름","메뉴명: 양배추찜
메뉴 대분류: 찜류
메뉴 소분류: 채소류찜
식재료: 양배추, 찐것, 간장, 개량, 양조, 파, 쪽파, 생것, 마늘, 생것, 참기름"
D073013,애호박선,찜류,채소류찜,"호박, 애호박, 생것, 소고기, 한우(1등급), 우둔, 생것, 표고버섯, 배지재배, 말린것, 달걀, 생것, 간장, 개량, 양조, 파, 대파, 생것, 마늘, 생것, 설탕, 백설탕, 참기름, 후추, 검은색, 가루, 소금, 천일염, 가는소금","메뉴명: 애호박선
메뉴 대분류: 찜류
메뉴 소분류: 채소류찜
식재료: 호박, 애호박, 생것, 소고기, 한우(1등급), 우둔, 생것, 표고버섯, 배지재배, 말린것, 달걀, 생것, 간장, 개량, 양조, 파, 대파, 생것, 마늘, 생것, 설탕, 백설탕, 참기름, 후추, 검은색, 가루, 소금, 천일염, 가는소금"
D073014,오이선,찜류,채소류찜,"오이, 취청, 생것, 소고기, 한우(1등급), 우둔, 생것, 표고버섯, 배지재배, 말린것, 달걀, 생것, 콩기름, 고추, 빨간색, 말린것, 간장, 개량, 양조, 파, 대파, 생것, 마늘, 생것, 참기름, 참깨, 흰색, 볶은것, 후추, 검은색, 가루, 식초, 감식초, 설탕, 백설탕, 소금, 천일염, 가는소금","메뉴명: 오이선
메뉴 대분류: 찜류
메뉴 소분류: 채소류찜
식재료: 오이, 취청, 생것, 소고기, 한우(1등급), 우둔, 생것, 표고버섯, 배지재배, 말린것, 달걀, 생것, 콩기름, 고추, 빨간색, 말린것, 간장, 개량, 양조, 파, 대파, 생것, 마늘, 생것, 참기름, 참깨, 흰색, 볶은것, 후추, 검은색, 가루, 식초, 감식초, 설탕, 백설탕, 소금, 천일염, 가는소금"
D073015,가지선,찜류,채소류찜,"가지, 생것, 양파, 생것, 당근, 뿌리, 생것, 부추, 재래종, 생것, 참깨, 흰색, 볶은것, 고춧가루, 간장, 개량, 양조, 식초, 감식초, 마늘, 생것, 매실청","메뉴명: 가지선
메뉴 대분류: 찜류
메뉴 소분류: 채소류찜
식재료: 가지, 생것, 양파, 생것, 당근, 뿌리, 생것, 부추, 재래종, 생것, 참깨, 흰색, 볶은것, 고춧가루, 간장, 개량, 양조, 식초, 감식초, 마늘, 생것, 매실청"
D073016,단호박닭찜,찜류,채소류찜,"닭고기, 가슴, 생것, 양파, 생것, 멥쌀떡, 가래떡, 호박, 단호박, 생것, 파, 대파, 생것, 피망, 초록색, 생것, 피망, 빨간색, 생것, 콩기름, 치즈, 모차렐라, 슈레드타입, 설탕, 백설탕, 고춧가루, 간장, 개량, 양조, 맛술, 마늘, 생것, 생강, 뿌리줄기, 생것, 고추장, 개량, 물엿, 후추, 검은색, 가루","메뉴명: 단호박닭찜
메뉴 대분류: 찜류
메뉴 소분류: 채소류찜
식재료: 닭고기, 가슴, 생것, 양파, 생것, 멥쌀떡, 가래떡, 호박, 단호박, 생것, 파, 대파, 생것, 피망, 초록색, 생것, 피망, 빨간색, 생것, 콩기름, 치즈, 모차렐라, 슈레드타입, 설탕, 백설탕, 고춧가루, 간장, 개량, 양조, 맛술, 마늘, 생것, 생강, 뿌리줄기, 생것, 고추장, 개량, 물엿, 후추, 검은색, 가루"
D073017,맛양념장을 곁들인 애호박찜,찜류,채소류찜,"호박, 애호박, 생것, 소금, 천일염, 가는소금, 간장, 개량, 양조, 맛술, 다시마, 말린것, 들깻잎, 생것, 다시마 육수, 매실청, 마늘, 생것, 식초, 감식초, 겨자 페이스트, 참기름, 고추, 초록색, 녹광, 생것, 고추, 빨간색, 생것","메뉴명: 맛양념장을 곁들인 애호박찜
메뉴 대분류: 찜류
메뉴 소분류: 채소류찜
식재료: 호박, 애호박, 생것, 소금, 천일염, 가는소금, 간장, 개량, 양조, 맛술, 다시마, 말린것, 들깻잎, 생것, 다시마 육수, 매실청, 마늘, 생것, 식초, 감식초, 겨자 페이스트, 참기름, 고추, 초록색, 녹광, 생것, 고추, 빨간색, 생것"
D073018,무 선,찜류,채소류찜,"무, 조선무, 생것, 소고기, 한우(1등급), 우둔, 생것, 당근, 뿌리, 생것, 표고버섯, 참나무재배, 말린것, 달걀, 생것, 콩기름, 마늘, 생것, 석이버섯, 말린것, 간장, 개량, 양조, 설탕, 백설탕, 파, 대파, 생것, 참기름, 참깨, 흰색, 볶은것, 고추, 빨간색, 말린것, 소금, 천일염, 가는소금","메뉴명: 무 선
메뉴 대분류: 찜류
메뉴 소분류: 채소류찜
식재료: 무, 조선무, 생것, 소고기, 한우(1등급), 우둔, 생것, 당근, 뿌리, 생것, 표고버섯, 참나무재배, 말린것, 달걀, 생것, 콩기름, 마늘, 생것, 석이버섯, 말린것, 간장, 개량, 양조, 설탕, 백설탕, 파, 대파, 생것, 참기름, 참깨, 흰색, 볶은것, 고추, 빨간색, 말린것, 소금, 천일염, 가는소금"
D073019,묵은지들깨찜,찜류,채소류찜,"김치, 배추 김치, 돼지고기, 등심, 생것, 들깨, 볶은것, 멸치 육수, 다시마, 말린것, 고추, 풋고추, 생것, 파, 대파, 생것, 된장, 개량","메뉴명: 묵은지들깨찜
메뉴 대분류: 찜류
메뉴 소분류: 채소류찜
식재료: 김치, 배추 김치, 돼지고기, 등심, 생것, 들깨, 볶은것, 멸치 육수, 다시마, 말린것, 고추, 풋고추, 생것, 파, 대파, 생것, 된장, 개량"
D073020,미나리들깨찜,찜류,채소류찜,"미나리, 돌미나리, 생것, 무, 조선무, 생것, 콩나물, 생것, 다시마, 말린것, 표고버섯, 참나무재배, 말린것, 당근, 뿌리, 생것, 팽이버섯, 생것, 들깨, 볶은것, 간장, 개량, 양조, 참깨, 검은색, 볶은것, 전분, 감자, 가루, 생수","메뉴명: 미나리들깨찜
메뉴 대분류: 찜류
메뉴 소분류: 채소류찜
식재료: 미나리, 돌미나리, 생것, 무, 조선무, 생것, 콩나물, 생것, 다시마, 말린것, 표고버섯, 참나무재배, 말린것, 당근, 뿌리, 생것, 팽이버섯, 생것, 들깨, 볶은것, 간장, 개량, 양조, 참깨, 검은색, 볶은것, 전분, 감자, 가루, 생수"
D073021,양배추소시지찜,찜류,채소류찜,"양배추, 생것, 소시지, 위너(비엔나)소시지, 소금, 천일염, 가는소금, 식초, 감식초, 생수, 후추, 검은색, 가루, 월계수, 잎, 말린것","메뉴명: 양배추소시지찜
메뉴 대분류: 찜류
메뉴 소분류: 채소류찜
식재료: 양배추, 생것, 소시지, 위너(비엔나)소시지, 소금, 천일염, 가는소금, 식초, 감식초, 생수, 후추, 검은색, 가루, 월계수, 잎, 말린것"
D073022,양파두부찜,찜류,채소류찜,"양파, 생것, 두부, 새우, 중하, 생것, 파, 쪽파, 생것, 고추, 빨간색, 생것, 소금, 천일염, 가는소금, 맛술, 간장, 개량, 양조, 마늘, 생것, 파, 대파, 생것, 참기름, 참깨, 흰색, 볶은것, 후추, 검은색, 가루, 설탕, 백설탕, 식초, 감식초","메뉴명: 양파두부찜
메뉴 대분류: 찜류
메뉴 소분류: 채소류찜
식재료: 양파, 생것, 두부, 새우, 중하, 생것, 파, 쪽파, 생것, 고추, 빨간색, 생것, 소금, 천일염, 가는소금, 맛술, 간장, 개량, 양조, 마늘, 생것, 파, 대파, 생것, 참기름, 참깨, 흰색, 볶은것, 후추, 검은색, 가루, 설탕, 백설탕, 식초, 감식초"
D073023,연근쌈,찜류,채소류찜,"연근, 생것, 부추, 재래종, 생것, 치자꽃, 생것, 오이, 취청, 생것, 게맛살, 어육함량이 높은것, 무순, 싹, 생것, 식초, 감식초, 소금, 천일염, 가는소금, 설탕, 백설탕, 파인애플, 생것, 겨자 페이스트, 간장, 개량, 양조, 매실청","메뉴명: 연근쌈
메뉴 대분류: 찜류
메뉴 소분류: 채소류찜
식재료: 연근, 생것, 부추, 재래종, 생것, 치자꽃, 생것, 오이, 취청, 생것, 게맛살, 어육함량이 높은것, 무순, 싹, 생것, 식초, 감식초, 소금, 천일염, 가는소금, 설탕, 백설탕, 파인애플, 생것, 겨자 페이스트, 간장, 개량, 양조, 매실청"
D073024,연근찹쌀찜,찜류,채소류찜,"찹쌀, 백미, 생것, 생수, 연근, 생것, 돼지고기, 안심, 생것, 치자꽃, 생것, 소금, 천일염, 가는소금, 후추, 검은색, 가루, 설탕, 백설탕, 간장, 개량, 양조, 식초, 감식초","메뉴명: 연근찹쌀찜
메뉴 대분류: 찜류
메뉴 소분류: 채소류찜
식재료: 찹쌀, 백미, 생것, 생수, 연근, 생것, 돼지고기, 안심, 생것, 치자꽃, 생것, 소금, 천일염, 가는소금, 후추, 검은색, 가루, 설탕, 백설탕, 간장, 개량, 양조, 식초, 감식초"
D073025,움파찜,찜류,채소류찜,"파, 대파, 생것, 밀, 중력밀가루, 설탕, 백설탕, 고춧가루, 간장, 개량, 양조, 마늘, 생것, 참기름, 참깨, 흰색, 볶은것","메뉴명: 움파찜
메뉴 대분류: 찜류
메뉴 소분류: 채소류찜
식재료: 파, 대파, 생것, 밀, 중력밀가루, 설탕, 백설탕, 고춧가루, 간장, 개량, 양조, 마늘, 생것, 참기름, 참깨, 흰색, 볶은것"
D073026,층층배추찜,찜류,채소류찜,"배추, 생것, 두부, 파, 쪽파, 생것, 고추, 빨간색, 생것, 고추, 풋고추, 생것, 간장, 개량, 양조, 마늘, 생것, 소금, 천일염, 가는소금, 참기름, 참깨, 흰색, 볶은것, 굴 소스, 설탕, 백설탕, 식초, 감식초, 생수, 고추기름","메뉴명: 층층배추찜
메뉴 대분류: 찜류
메뉴 소분류: 채소류찜
식재료: 배추, 생것, 두부, 파, 쪽파, 생것, 고추, 빨간색, 생것, 고추, 풋고추, 생것, 간장, 개량, 양조, 마늘, 생것, 소금, 천일염, 가는소금, 참기름, 참깨, 흰색, 볶은것, 굴 소스, 설탕, 백설탕, 식초, 감식초, 생수, 고추기름"
D073027,콩나물소고기찜,찜류,채소류찜,"콩나물, 생것, 소고기, 한우, 등심, 생것, 피망, 초록색, 생것, 토마토, 방울토마토, 생것, 설탕, 백설탕, 간장, 개량, 양조, 마늘, 생것, 후추, 검은색, 가루, 생수","메뉴명: 콩나물소고기찜
메뉴 대분류: 찜류
메뉴 소분류: 채소류찜
식재료: 콩나물, 생것, 소고기, 한우, 등심, 생것, 피망, 초록색, 생것, 토마토, 방울토마토, 생것, 설탕, 백설탕, 간장, 개량, 양조, 마늘, 생것, 후추, 검은색, 가루, 생수"
D074001,계란찜,찜류,기타 찜류,"달걀, 삶은것, 양파, 데친것, 파, 대파, 생것, 소금, 천일염, 가는소금","메뉴명: 계란찜
메뉴 대분류: 찜류
메뉴 소분류: 기타 찜류
식재료: 달걀, 삶은것, 양파, 데친것, 파, 대파, 생것, 소금, 천일염, 가는소금"
D074002,두부찜,찜류,기타 찜류,"두부, 달걀, 삶은것, 당근, 뿌리, 데친것, 파, 쪽파, 생것, 소금, 천일염, 가는소금, 간장, 개량, 양조, 참기름","메뉴명: 두부찜
메뉴 대분류: 찜류
메뉴 소분류: 기타 찜류
식재료: 두부, 달걀, 삶은것, 당근, 뿌리, 데친것, 파, 쪽파, 생것, 소금, 천일염, 가는소금, 간장, 개량, 양조, 참기름"
D074003,순대,찜류,기타 찜류,"돼지 부산물, 소창(곱창), 삶은것, 당면, 고구마, 삶은것, 양파, 데친것, 마늘, 생것, 파, 대파, 생것, 소금, 천일염, 가는소금","메뉴명: 순대
메뉴 대분류: 찜류
메뉴 소분류: 기타 찜류
식재료: 돼지 부산물, 소창(곱창), 삶은것, 당면, 고구마, 삶은것, 양파, 데친것, 마늘, 생것, 파, 대파, 생것, 소금, 천일염, 가는소금"
D074004,옥수수(찐것),찜류,기타 찜류,"옥수수, 단옥수수, 찐것","메뉴명: 옥수수(찐것)
메뉴 대분류: 찜류
메뉴 소분류: 기타 찜류
식재료: 옥수수, 단옥수수, 찐것"
D074009,계란찜,찜류,기타 찜류,"달걀, 삶은것, 양파, 데친것, 파, 대파, 생것, 소금, 천일염, 가는소금","메뉴명: 계란찜
메뉴 대분류: 찜류
메뉴 소분류: 기타 찜류
식재료: 달걀, 삶은것, 양파, 데친것, 파, 대파, 생것, 소금, 천일염, 가는소금"
D074010,두부찜,찜류,기타 찜류,"두부, 달걀, 삶은것, 당근, 뿌리, 데친것, 파, 쪽파, 생것, 소금, 천일염, 가는소금, 간장, 개량, 양조, 참기름","메뉴명: 두부찜
메뉴 대분류: 찜류
메뉴 소분류: 기타 찜류
식재료: 두부, 달걀, 삶은것, 당근, 뿌리, 데친것, 파, 쪽파, 생것, 소금, 천일염, 가는소금, 간장, 개량, 양조, 참기름"
D074011,고구마순프리타타,찜류,기타 찜류,"토마토, 방울토마토, 생것, 고구마, 줄기, 생것, 달걀, 생것, 우유, 양파, 생것, 콩기름, 소금, 천일염, 가는소금, 후추, 검은색, 가루","메뉴명: 고구마순프리타타
메뉴 대분류: 찜류
메뉴 소분류: 기타 찜류
식재료: 토마토, 방울토마토, 생것, 고구마, 줄기, 생것, 달걀, 생것, 우유, 양파, 생것, 콩기름, 소금, 천일염, 가는소금, 후추, 검은색, 가루"
D074012,녹두 달걀 버섯찜,찜류,기타 찜류,"녹두, 말린것, 생수, 달걀, 생것, 양송이버섯, 생것, 파, 쪽파, 생것, 다시마 육수, 소금, 천일염, 가는소금, 후추, 검은색, 가루, 새우, 젓새우, 젓갈","메뉴명: 녹두 달걀 버섯찜
메뉴 대분류: 찜류
메뉴 소분류: 기타 찜류
식재료: 녹두, 말린것, 생수, 달걀, 생것, 양송이버섯, 생것, 파, 쪽파, 생것, 다시마 육수, 소금, 천일염, 가는소금, 후추, 검은색, 가루, 새우, 젓새우, 젓갈"
D074013,버섯새우찜,찜류,기타 찜류,"큰느타리버섯(새송이버섯), 생것, 새우, 중하, 생것, 달걀, 난백, 생것, 고추, 풋고추, 생것, 고추, 빨간색, 생것, 소금, 천일염, 가는소금, 후추, 검은색, 가루, 전분, 감자, 가루, 밀, 중력밀가루, 고춧가루, 간장, 개량, 양조, 굴 소스, 물엿","메뉴명: 버섯새우찜
메뉴 대분류: 찜류
메뉴 소분류: 기타 찜류
식재료: 큰느타리버섯(새송이버섯), 생것, 새우, 중하, 생것, 달걀, 난백, 생것, 고추, 풋고추, 생것, 고추, 빨간색, 생것, 소금, 천일염, 가는소금, 후추, 검은색, 가루, 전분, 감자, 가루, 밀, 중력밀가루, 고춧가루, 간장, 개량, 양조, 굴 소스, 물엿"
D074014,두부말이찜,찜류,기타 찜류,"두부, 표고버섯, 배지재배, 데친것, 닭고기, 가슴, 생것, 톳, 생것, 들깻잎, 생것, 참기름, 파, 생것, 마늘, 다진것, 참깨, 흰색, 볶은것, 설탕, 가루, 레몬 착즙, 간장, 개량, 양조, 식초, 사과식초","메뉴명: 두부말이찜
메뉴 대분류: 찜류
메뉴 소분류: 기타 찜류
식재료: 두부, 표고버섯, 배지재배, 데친것, 닭고기, 가슴, 생것, 톳, 생것, 들깻잎, 생것, 참기름, 파, 생것, 마늘, 다진것, 참깨, 흰색, 볶은것, 설탕, 가루, 레몬 착즙, 간장, 개량, 양조, 식초, 사과식초"
D074015,뿌리채소두부선,찜류,기타 찜류,"두부, 전분, 감자, 가루, 달걀, 생것, 후추, 흰색, 가루, 우엉, 생것, 인삼, 백삼, 말린것, 감자, 대지, 생것, 고추, 초록색, 녹광, 생것, 고추, 빨간색, 생것, 콩기름, 미소, 들기름, 식초, 양조, 과당, 마요네즈, 땅콩, 가루, 참깨, 흰색, 볶은것","메뉴명: 뿌리채소두부선
메뉴 대분류: 찜류
메뉴 소분류: 기타 찜류
식재료: 두부, 전분, 감자, 가루, 달걀, 생것, 후추, 흰색, 가루, 우엉, 생것, 인삼, 백삼, 말린것, 감자, 대지, 생것, 고추, 초록색, 녹광, 생것, 고추, 빨간색, 생것, 콩기름, 미소, 들기름, 식초, 양조, 과당, 마요네즈, 땅콩, 가루, 참깨, 흰색, 볶은것"
D074016,해산물두부샌드,찜류,기타 찜류,"두부, 새우, 대하, 생것, 가리비, 관자, 생것, 파프리카, 노란색, 생것, 비타민채(다채), 어린잎, 생것, 완두, 삶은것, 두유, 대두, 꿀, 참깨, 검은색, 볶은것","메뉴명: 해산물두부샌드
메뉴 대분류: 찜류
메뉴 소분류: 기타 찜류
식재료: 두부, 새우, 대하, 생것, 가리비, 관자, 생것, 파프리카, 노란색, 생것, 비타민채(다채), 어린잎, 생것, 완두, 삶은것, 두유, 대두, 꿀, 참깨, 검은색, 볶은것"
D074017,닭가슴살 두부선,찜류,기타 찜류,"닭고기, 가슴, 생것, 두부, 비트, 뿌리, 생것, 시금치, 생것, 비타민채(다채), 어린잎, 생것, 마늘, 생것, 참기름, 참깨, 검은색, 볶은것, 요구르트, 호상, 플레인, 식초, 사과식초, 설탕, 가루, 소금, 천일염, 가는소금","메뉴명: 닭가슴살 두부선
메뉴 대분류: 찜류
메뉴 소분류: 기타 찜류
식재료: 닭고기, 가슴, 생것, 두부, 비트, 뿌리, 생것, 시금치, 생것, 비타민채(다채), 어린잎, 생것, 마늘, 생것, 참기름, 참깨, 검은색, 볶은것, 요구르트, 호상, 플레인, 식초, 사과식초, 설탕, 가루, 소금, 천일염, 가는소금"
D081001,가오리구이,구이류,어패류구이,"가오리, 나비가오리, 생것, 콩기름, 소금, 천일염, 가는소금","메뉴명: 가오리구이
메뉴 대분류: 구이류
메뉴 소분류: 어패류구이
식재료: 가오리, 나비가오리, 생것, 콩기름, 소금, 천일염, 가는소금"
D081002,가자미구이,구이류,어패류구이,"가자미, 생것, 소금, 천일염, 가는소금, 콩기름","메뉴명: 가자미구이
메뉴 대분류: 구이류
메뉴 소분류: 어패류구이
식재료: 가자미, 생것, 소금, 천일염, 가는소금, 콩기름"
D081003,갈치구이,구이류,어패류구이,"갈치, 생것, 콩기름, 소금, 천일염, 가는소금","메뉴명: 갈치구이
메뉴 대분류: 구이류
메뉴 소분류: 어패류구이
식재료: 갈치, 생것, 콩기름, 소금, 천일염, 가는소금"
D081004,고등어구이,구이류,어패류구이,"고등어, 구운것, 콩기름, 소금, 천일염, 가는소금","메뉴명: 고등어구이
메뉴 대분류: 구이류
메뉴 소분류: 어패류구이
식재료: 고등어, 구운것, 콩기름, 소금, 천일염, 가는소금"
D081005,고등어구이(자반고등어),구이류,어패류구이,"고등어, 자반고등어, 콩기름","메뉴명: 고등어구이(자반고등어)
메뉴 대분류: 구이류
메뉴 소분류: 어패류구이
식재료: 고등어, 자반고등어, 콩기름"
D081006,굴비구이,구이류,어패류구이,"조기(참조기), 굴비, 소금에 절여 말린것, 콩기름","메뉴명: 굴비구이
메뉴 대분류: 구이류
메뉴 소분류: 어패류구이
식재료: 조기(참조기), 굴비, 소금에 절여 말린것, 콩기름"
D081007,꽁치구이,구이류,어패류구이,"꽁치, 구운것, 콩기름, 소금, 천일염, 가는소금","메뉴명: 꽁치구이
메뉴 대분류: 구이류
메뉴 소분류: 어패류구이
식재료: 꽁치, 구운것, 콩기름, 소금, 천일염, 가는소금"
D081008,낙지구이(고추장),구이류,어패류구이,"낙지, 세발낙지, 생것, 고추장, 재래, 양파, 데친것, 간장, 개량, 양조, 콩기름, 물엿, 설탕, 백설탕, 맛술, 참기름, 파, 대파, 생것, 고춧가루, 마늘, 생것, 참깨, 흰색, 볶은것","메뉴명: 낙지구이(고추장)
메뉴 대분류: 구이류
메뉴 소분류: 어패류구이
식재료: 낙지, 세발낙지, 생것, 고추장, 재래, 양파, 데친것, 간장, 개량, 양조, 콩기름, 물엿, 설탕, 백설탕, 맛술, 참기름, 파, 대파, 생것, 고춧가루, 마늘, 생것, 참깨, 흰색, 볶은것"
D081009,넙치구이,구이류,어패류구이,"넙치(광어), 생것, 콩기름, 소금, 천일염, 가는소금","메뉴명: 넙치구이
메뉴 대분류: 구이류
메뉴 소분류: 어패류구이
식재료: 넙치(광어), 생것, 콩기름, 소금, 천일염, 가는소금"
D081010,노가리구이,구이류,어패류구이,"명태, 노가리, 말린것, 콩기름, 소금, 천일염, 가는소금","메뉴명: 노가리구이
메뉴 대분류: 구이류
메뉴 소분류: 어패류구이
식재료: 명태, 노가리, 말린것, 콩기름, 소금, 천일염, 가는소금"
D081011,노래미구이,구이류,어패류구이,"노래미, 생것, 콩기름, 소금, 천일염, 가는소금","메뉴명: 노래미구이
메뉴 대분류: 구이류
메뉴 소분류: 어패류구이
식재료: 노래미, 생것, 콩기름, 소금, 천일염, 가는소금"
D081012,농어구이,구이류,어패류구이,"농어, 구운것, 콩기름, 소금, 천일염, 가는소금","메뉴명: 농어구이
메뉴 대분류: 구이류
메뉴 소분류: 어패류구이
식재료: 농어, 구운것, 콩기름, 소금, 천일염, 가는소금"
D081013,동태구이,구이류,어패류구이,"명태, 구운것, 콩기름, 소금, 천일염, 가는소금","메뉴명: 동태구이
메뉴 대분류: 구이류
메뉴 소분류: 어패류구이
식재료: 명태, 구운것, 콩기름, 소금, 천일염, 가는소금"
D081014,명태포구이(고추장),구이류,어패류구이,"명태, 먹태, 포, 말린것, 고추장, 개량, 콩기름, 간장, 개량, 양조, 고춧가루, 마늘, 생것, 참기름, 파, 대파, 생것, 물엿, 참깨, 흰색, 볶은것","메뉴명: 명태포구이(고추장)
메뉴 대분류: 구이류
메뉴 소분류: 어패류구이
식재료: 명태, 먹태, 포, 말린것, 고추장, 개량, 콩기름, 간장, 개량, 양조, 고춧가루, 마늘, 생것, 참기름, 파, 대파, 생것, 물엿, 참깨, 흰색, 볶은것"
D081015,민어구이,구이류,어패류구이,"민어, 구운것, 콩기름, 소금, 천일염, 가는소금","메뉴명: 민어구이
메뉴 대분류: 구이류
메뉴 소분류: 어패류구이
식재료: 민어, 구운것, 콩기름, 소금, 천일염, 가는소금"
D081016,방어구이,구이류,어패류구이,"방어, 구운것, 콩기름, 소금, 천일염, 가는소금","메뉴명: 방어구이
메뉴 대분류: 구이류
메뉴 소분류: 어패류구이
식재료: 방어, 구운것, 콩기름, 소금, 천일염, 가는소금"
D081017,밴댕이구이,구이류,어패류구이,"밴댕이, 생것, 콩기름, 소금, 천일염, 가는소금","메뉴명: 밴댕이구이
메뉴 대분류: 구이류
메뉴 소분류: 어패류구이
식재료: 밴댕이, 생것, 콩기름, 소금, 천일염, 가는소금"
D081018,뱅어포구이(고추장),구이류,어패류구이,"뱅어, 포, 말린것, 콩기름, 고추장, 개량, 물엿, 간장, 개량, 양조, 참기름, 고춧가루, 참깨, 흰색, 볶은것, 마늘, 생것, 파, 쪽파, 생것","메뉴명: 뱅어포구이(고추장)
메뉴 대분류: 구이류
메뉴 소분류: 어패류구이
식재료: 뱅어, 포, 말린것, 콩기름, 고추장, 개량, 물엿, 간장, 개량, 양조, 참기름, 고춧가루, 참깨, 흰색, 볶은것, 마늘, 생것, 파, 쪽파, 생것"
D081019,병어구이,구이류,어패류구이,"병어, 생것, 콩기름, 소금, 천일염, 가는소금","메뉴명: 병어구이
메뉴 대분류: 구이류
메뉴 소분류: 어패류구이
식재료: 병어, 생것, 콩기름, 소금, 천일염, 가는소금"
D081020,복어구이,구이류,어패류구이,"복어, 검복, 생것, 콩기름, 소금, 천일염, 가는소금","메뉴명: 복어구이
메뉴 대분류: 구이류
메뉴 소분류: 어패류구이
식재료: 복어, 검복, 생것, 콩기름, 소금, 천일염, 가는소금"
D081021,볼락구이,구이류,어패류구이,"볼락, 구운것, 콩기름, 소금, 천일염, 가는소금","메뉴명: 볼락구이
메뉴 대분류: 구이류
메뉴 소분류: 어패류구이
식재료: 볼락, 구운것, 콩기름, 소금, 천일염, 가는소금"
D081022,볼락구이(불볼락),구이류,어패류구이,"볼락, 불볼락, 생것, 콩기름, 소금, 천일염, 가는소금","메뉴명: 볼락구이(불볼락)
메뉴 대분류: 구이류
메뉴 소분류: 어패류구이
식재료: 볼락, 불볼락, 생것, 콩기름, 소금, 천일염, 가는소금"
D081023,북어구이(고추장),구이류,어패류구이,"명태, 북어, 말린것, 고추장, 재래, 콩기름, 간장, 개량, 양조, 마늘, 생것, 고춧가루, 참깨, 흰색, 볶은것, 참기름, 파, 쪽파, 생것","메뉴명: 북어구이(고추장)
메뉴 대분류: 구이류
메뉴 소분류: 어패류구이
식재료: 명태, 북어, 말린것, 고추장, 재래, 콩기름, 간장, 개량, 양조, 마늘, 생것, 고춧가루, 참깨, 흰색, 볶은것, 참기름, 파, 쪽파, 생것"
D081024,삼치구이,구이류,어패류구이,"삼치, 구운것, 콩기름, 소금, 천일염, 가는소금","메뉴명: 삼치구이
메뉴 대분류: 구이류
메뉴 소분류: 어패류구이
식재료: 삼치, 구운것, 콩기름, 소금, 천일염, 가는소금"
D081025,서대구이,구이류,어패류구이,"서대, 참서대, 생것, 콩기름, 소금, 천일염, 가는소금","메뉴명: 서대구이
메뉴 대분류: 구이류
메뉴 소분류: 어패류구이
식재료: 서대, 참서대, 생것, 콩기름, 소금, 천일염, 가는소금"
D081026,쏨뱅이구이,구이류,어패류구이,"쏨뱅이, 생것, 콩기름, 소금, 천일염, 가는소금","메뉴명: 쏨뱅이구이
메뉴 대분류: 구이류
메뉴 소분류: 어패류구이
식재료: 쏨뱅이, 생것, 콩기름, 소금, 천일염, 가는소금"
D081027,양미리구이,구이류,어패류구이,"양미리, 생것, 콩기름, 소금, 천일염, 가는소금","메뉴명: 양미리구이
메뉴 대분류: 구이류
메뉴 소분류: 어패류구이
식재료: 양미리, 생것, 콩기름, 소금, 천일염, 가는소금"
D081028,연어구이,구이류,어패류구이,"연어, 구운것, 소금첨가, 콩기름","메뉴명: 연어구이
메뉴 대분류: 구이류
메뉴 소분류: 어패류구이
식재료: 연어, 구운것, 소금첨가, 콩기름"
D081029,오징어구이(버터),구이류,어패류구이,"오징어, 구운것, 버터, 가염, 소금, 천일염, 가는소금","메뉴명: 오징어구이(버터)
메뉴 대분류: 구이류
메뉴 소분류: 어패류구이
식재료: 오징어, 구운것, 버터, 가염, 소금, 천일염, 가는소금"
D081030,옥돔구이,구이류,어패류구이,"돔, 옥돔, 구운것, 콩기름, 소금, 천일염, 가는소금","메뉴명: 옥돔구이
메뉴 대분류: 구이류
메뉴 소분류: 어패류구이
식재료: 돔, 옥돔, 구운것, 콩기름, 소금, 천일염, 가는소금"
D081031,임연수어구이,구이류,어패류구이,"임연수어, 생것, 콩기름, 소금, 천일염, 가는소금","메뉴명: 임연수어구이
메뉴 대분류: 구이류
메뉴 소분류: 어패류구이
식재료: 임연수어, 생것, 콩기름, 소금, 천일염, 가는소금"
D081032,장어구이(고추장),구이류,어패류구이,"장어, 뱀장어, 구운것, 콩기름, 고추장, 개량, 간장, 개량, 양조, 물엿, 파, 쪽파, 생것, 마늘, 생것, 참기름, 고춧가루, 참깨, 흰색, 볶은것","메뉴명: 장어구이(고추장)
메뉴 대분류: 구이류
메뉴 소분류: 어패류구이
식재료: 장어, 뱀장어, 구운것, 콩기름, 고추장, 개량, 간장, 개량, 양조, 물엿, 파, 쪽파, 생것, 마늘, 생것, 참기름, 고춧가루, 참깨, 흰색, 볶은것"
D081033,적어구이,구이류,어패류구이,"장문볼락, 구운것, 콩기름, 소금, 천일염, 가는소금","메뉴명: 적어구이
메뉴 대분류: 구이류
메뉴 소분류: 어패류구이
식재료: 장문볼락, 구운것, 콩기름, 소금, 천일염, 가는소금"
D081034,전어구이,구이류,어패류구이,"전어, 생것, 콩기름, 소금, 천일염, 가는소금","메뉴명: 전어구이
메뉴 대분류: 구이류
메뉴 소분류: 어패류구이
식재료: 전어, 생것, 콩기름, 소금, 천일염, 가는소금"
D081035,조기구이,구이류,어패류구이,"조기(참조기), 생것, 콩기름, 소금, 천일염, 가는소금","메뉴명: 조기구이
메뉴 대분류: 구이류
메뉴 소분류: 어패류구이
식재료: 조기(참조기), 생것, 콩기름, 소금, 천일염, 가는소금"
D081036,쥐포구이,구이류,어패류구이,"쥐치, 포, 말린것","메뉴명: 쥐포구이
메뉴 대분류: 구이류
메뉴 소분류: 어패류구이
식재료: 쥐치, 포, 말린것"
D081037,참돔구이,구이류,어패류구이,"돔, 참돔, 구운것, 콩기름, 소금, 천일염, 가는소금","메뉴명: 참돔구이
메뉴 대분류: 구이류
메뉴 소분류: 어패류구이
식재료: 돔, 참돔, 구운것, 콩기름, 소금, 천일염, 가는소금"
D081038,참치구이,구이류,어패류구이,"다랑어, 참다랑어, 구운것, 콩기름, 소금, 천일염, 가는소금","메뉴명: 참치구이
메뉴 대분류: 구이류
메뉴 소분류: 어패류구이
식재료: 다랑어, 참다랑어, 구운것, 콩기름, 소금, 천일염, 가는소금"
D081039,청어구이,구이류,어패류구이,"청어, 생것, 콩기름, 소금, 천일염, 가는소금","메뉴명: 청어구이
메뉴 대분류: 구이류
메뉴 소분류: 어패류구이
식재료: 청어, 생것, 콩기름, 소금, 천일염, 가는소금"
D081040,황새치구이,구이류,어패류구이,"황새치, 구운것, 콩기름, 소금, 천일염, 가는소금","메뉴명: 황새치구이
메뉴 대분류: 구이류
메뉴 소분류: 어패류구이
식재료: 황새치, 구운것, 콩기름, 소금, 천일염, 가는소금"
D081042,고등어구이(간고등어구이),구이류,어패류구이,"고등어, 구운것, 소금, 천일염, 가는소금, 콩기름","메뉴명: 고등어구이(간고등어구이)
메뉴 대분류: 구이류
메뉴 소분류: 어패류구이
식재료: 고등어, 구운것, 소금, 천일염, 가는소금, 콩기름"
D081043,낙지호롱구이,구이류,어패류구이,"낙지, 세발낙지, 생것, 달걀, 부침(달걀프라이), 소금, 천일염, 가는소금, 간장, 개량, 양조, 파, 대파, 생것, 마늘, 생것, 참깨, 흰색, 볶은것, 참기름","메뉴명: 낙지호롱구이
메뉴 대분류: 구이류
메뉴 소분류: 어패류구이
식재료: 낙지, 세발낙지, 생것, 달걀, 부침(달걀프라이), 소금, 천일염, 가는소금, 간장, 개량, 양조, 파, 대파, 생것, 마늘, 생것, 참깨, 흰색, 볶은것, 참기름"
D081048,북어구이,구이류,어패류구이,"명태, 북어, 말린것, 고춧가루, 콩기름","메뉴명: 북어구이
메뉴 대분류: 구이류
메뉴 소분류: 어패류구이
식재료: 명태, 북어, 말린것, 고춧가루, 콩기름"
D081054,장어구이,구이류,어패류구이,"장어, 뱀장어, 구운것, 고추장, 개량, 물엿, 발효주, 청주, 알코올 16%, 마늘, 생것, 생강, 뿌리줄기, 생것, 참기름, 간장, 재래","메뉴명: 장어구이
메뉴 대분류: 구이류
메뉴 소분류: 어패류구이
식재료: 장어, 뱀장어, 구운것, 고추장, 개량, 물엿, 발효주, 청주, 알코올 16%, 마늘, 생것, 생강, 뿌리줄기, 생것, 참기름, 간장, 재래"
D081056,연어구이,구이류,어패류구이,"연어, 구운것, 소금첨가, 콩기름","메뉴명: 연어구이
메뉴 대분류: 구이류
메뉴 소분류: 어패류구이
식재료: 연어, 구운것, 소금첨가, 콩기름"
D081057,연어구이,구이류,어패류구이,"연어, 구운것, 소금첨가, 콩기름, 양파, 생것","메뉴명: 연어구이
메뉴 대분류: 구이류
메뉴 소분류: 어패류구이
식재료: 연어, 구운것, 소금첨가, 콩기름, 양파, 생것"
D081058,조기구이,구이류,어패류구이,"조기(참조기), 생것, 콩기름, 소금, 천일염, 가는소금","메뉴명: 조기구이
메뉴 대분류: 구이류
메뉴 소분류: 어패류구이
식재료: 조기(참조기), 생것, 콩기름, 소금, 천일염, 가는소금"
D081059,오징어구이,구이류,어패류구이,"오징어, 생것, 고추장, 개량, 간장, 개량, 양조, 파, 대파, 생것, 마늘, 생것, 생강, 뿌리줄기, 생것, 참기름, 참깨, 흰색, 볶은것, 설탕, 백설탕, 후추, 검은색, 가루","메뉴명: 오징어구이
메뉴 대분류: 구이류
메뉴 소분류: 어패류구이
식재료: 오징어, 생것, 고추장, 개량, 간장, 개량, 양조, 파, 대파, 생것, 마늘, 생것, 생강, 뿌리줄기, 생것, 참기름, 참깨, 흰색, 볶은것, 설탕, 백설탕, 후추, 검은색, 가루"
D081060,스트링치즈카프리제그라탕,구이류,어패류구이,"치즈, 모차렐라, 토마토, 방울토마토, 생것, 새우, 중하, 생것, 빵, 바게트, 올리브 절임, 완숙, 검은색, 바질, 잎, 생것, 발효주, 청주, 알코올 16%, 식초, 감식초, 올리브유, 후추, 검은색, 가루","메뉴명: 스트링치즈카프리제그라탕
메뉴 대분류: 구이류
메뉴 소분류: 어패류구이
식재료: 치즈, 모차렐라, 토마토, 방울토마토, 생것, 새우, 중하, 생것, 빵, 바게트, 올리브 절임, 완숙, 검은색, 바질, 잎, 생것, 발효주, 청주, 알코올 16%, 식초, 감식초, 올리브유, 후추, 검은색, 가루"
D081061,웰빙꼬치,구이류,어패류구이,"닭고기, 가슴, 생것, 새우, 중하, 생것, 소라, 생것, 토마토, 방울토마토, 생것, 호박, 단호박, 생것, 파, 대파, 생것, 파프리카, 빨간색, 생것, 파프리카, 노란색, 생것, 양파, 생것, 후추, 흰색, 가루, 발효주, 과실주, 포도주, 적포도주, 알코올 13%, 마늘, 다진것, 올리브유, 후추, 검은색, 가루, 식초, 발사믹, 설탕, 가루, 버터, 무가염","메뉴명: 웰빙꼬치
메뉴 대분류: 구이류
메뉴 소분류: 어패류구이
식재료: 닭고기, 가슴, 생것, 새우, 중하, 생것, 소라, 생것, 토마토, 방울토마토, 생것, 호박, 단호박, 생것, 파, 대파, 생것, 파프리카, 빨간색, 생것, 파프리카, 노란색, 생것, 양파, 생것, 후추, 흰색, 가루, 발효주, 과실주, 포도주, 적포도주, 알코올 13%, 마늘, 다진것, 올리브유, 후추, 검은색, 가루, 식초, 발사믹, 설탕, 가루, 버터, 무가염"
D081062,오징어구이,구이류,어패류구이,"오징어, 생것, 파프리카, 노란색, 생것, 양파, 생것, 고추, 초록색, 녹광, 생것, 고추, 빨간색, 생것, 마늘, 다진것, 고춧가루, 토마토, 통조림, 페이스트, 고추장, 개량, 설탕, 가루, 과당, 후추, 흰색, 가루, 참기름, 멥쌀, 현미, 생것","메뉴명: 오징어구이
메뉴 대분류: 구이류
메뉴 소분류: 어패류구이
식재료: 오징어, 생것, 파프리카, 노란색, 생것, 양파, 생것, 고추, 초록색, 녹광, 생것, 고추, 빨간색, 생것, 마늘, 다진것, 고춧가루, 토마토, 통조림, 페이스트, 고추장, 개량, 설탕, 가루, 과당, 후추, 흰색, 가루, 참기름, 멥쌀, 현미, 생것"
D081063,가지연어구이,구이류,어패류구이,"가지, 생것, 토마토, 생것, 연어, 생것, 파슬리, 말린것, 올리브유, 마늘, 생것, 사과, 생것, 유자청, 레몬 착즙","메뉴명: 가지연어구이
메뉴 대분류: 구이류
메뉴 소분류: 어패류구이
식재료: 가지, 생것, 토마토, 생것, 연어, 생것, 파슬리, 말린것, 올리브유, 마늘, 생것, 사과, 생것, 유자청, 레몬 착즙"
D081064,꽁치채소말이,구이류,어패류구이,"꽁치, 생것, 마늘종, 꽃줄기, 생것, 양파, 생것, 파프리카, 노란색, 생것, 밀, 중력밀가루, 들깻잎, 생것, 무순, 싹, 생것, 비타민채(다채), 어린잎, 생것, 오렌지, 생것, 레몬 착즙, 설탕, 가루, 소금, 천일염, 가는소금","메뉴명: 꽁치채소말이
메뉴 대분류: 구이류
메뉴 소분류: 어패류구이
식재료: 꽁치, 생것, 마늘종, 꽃줄기, 생것, 양파, 생것, 파프리카, 노란색, 생것, 밀, 중력밀가루, 들깻잎, 생것, 무순, 싹, 생것, 비타민채(다채), 어린잎, 생것, 오렌지, 생것, 레몬 착즙, 설탕, 가루, 소금, 천일염, 가는소금"
D081065,연어스테이크,구이류,어패류구이,"연어, 생것, 다시마, 말린것, 녹차, 말린것, 브로콜리, 생것, 호두, 볶은것, 귀리, 쌀귀리, 도정, 생것, 멥쌀, 백미, 생것, 미소, 후추, 흰색, 가루, 발효주, 과실주, 포도주, 백포도주, 무스카데, 크림, 생크림, 조미료, 조개맛, 가루, 닭 육수, 버터, 무가염","메뉴명: 연어스테이크
메뉴 대분류: 구이류
메뉴 소분류: 어패류구이
식재료: 연어, 생것, 다시마, 말린것, 녹차, 말린것, 브로콜리, 생것, 호두, 볶은것, 귀리, 쌀귀리, 도정, 생것, 멥쌀, 백미, 생것, 미소, 후추, 흰색, 가루, 발효주, 과실주, 포도주, 백포도주, 무스카데, 크림, 생크림, 조미료, 조개맛, 가루, 닭 육수, 버터, 무가염"
D081066,장어수육구이,구이류,어패류구이,"장어, 뱀장어, 생것, 양파, 생것, 생강, 뿌리줄기, 생것, 생강청, 머스타드 소스, 씨겨자, 참깨, 흰색, 볶은것, 매실청","메뉴명: 장어수육구이
메뉴 대분류: 구이류
메뉴 소분류: 어패류구이
식재료: 장어, 뱀장어, 생것, 양파, 생것, 생강, 뿌리줄기, 생것, 생강청, 머스타드 소스, 씨겨자, 참깨, 흰색, 볶은것, 매실청"
D081067,갈릭칩동태구이,구이류,어패류구이,"명태, 동태, 냉동, 마늘, 생것, 맛술, 간장, 개량, 양조","메뉴명: 갈릭칩동태구이
메뉴 대분류: 구이류
메뉴 소분류: 어패류구이
식재료: 명태, 동태, 냉동, 마늘, 생것, 맛술, 간장, 개량, 양조"
D081068,맛간장삼치구이,구이류,어패류구이,"삼치, 생것, 생강, 뿌리줄기, 생것, 파, 대파, 생것, 참깨, 흰색, 볶은것, 버터, 무가염, 간장, 개량, 양조, 생강청, 커피, 커피가루, 디카페인","메뉴명: 맛간장삼치구이
메뉴 대분류: 구이류
메뉴 소분류: 어패류구이
식재료: 삼치, 생것, 생강, 뿌리줄기, 생것, 파, 대파, 생것, 참깨, 흰색, 볶은것, 버터, 무가염, 간장, 개량, 양조, 생강청, 커피, 커피가루, 디카페인"
D081069,저염된장삼치구이,구이류,어패류구이,"삼치, 생것, 치커리, 잎, 생것, 전분, 감자, 가루, 미소, 발효주, 청주, 알코올 16%, 유자청, 마늘, 다진것, 고추, 초록색, 녹광, 생것, 고추, 빨간색, 생것","메뉴명: 저염된장삼치구이
메뉴 대분류: 구이류
메뉴 소분류: 어패류구이
식재료: 삼치, 생것, 치커리, 잎, 생것, 전분, 감자, 가루, 미소, 발효주, 청주, 알코올 16%, 유자청, 마늘, 다진것, 고추, 초록색, 녹광, 생것, 고추, 빨간색, 생것"
D081070,저지방 장어구이,구이류,어패류구이,"장어, 뱀장어, 생것, 우유, 우엉, 생것, 더덕, 뿌리, 생것, 생강, 뿌리줄기, 생것, 간장, 개량, 양조, 생강청, 과당, 식초, 발사믹, 산마늘(명이나물), 생것, 김치, 백김치","메뉴명: 저지방 장어구이
메뉴 대분류: 구이류
메뉴 소분류: 어패류구이
식재료: 장어, 뱀장어, 생것, 우유, 우엉, 생것, 더덕, 뿌리, 생것, 생강, 뿌리줄기, 생것, 간장, 개량, 양조, 생강청, 과당, 식초, 발사믹, 산마늘(명이나물), 생것, 김치, 백김치"
D082001,곱창구이(소고기),구이류,육류구이,"소 부산물, 소장(곱창), 생것, 양파, 데친것, 발효주, 청주, 알코올 16%, 파, 쪽파, 생것, 고춧가루, 소금, 천일염, 가는소금, 콩기름","메뉴명: 곱창구이(소고기)
메뉴 대분류: 구이류
메뉴 소분류: 육류구이
식재료: 소 부산물, 소장(곱창), 생것, 양파, 데친것, 발효주, 청주, 알코올 16%, 파, 쪽파, 생것, 고춧가루, 소금, 천일염, 가는소금, 콩기름"
D082002,닭내장구이,구이류,육류구이,"닭 부산물, 모래주머니, 구운것(오븐), 양파, 데친것, 발효주, 청주, 알코올 16%, 파, 쪽파, 생것, 고춧가루, 소금, 천일염, 가는소금, 콩기름","메뉴명: 닭내장구이
메뉴 대분류: 구이류
메뉴 소분류: 육류구이
식재료: 닭 부산물, 모래주머니, 구운것(오븐), 양파, 데친것, 발효주, 청주, 알코올 16%, 파, 쪽파, 생것, 고춧가루, 소금, 천일염, 가는소금, 콩기름"
D082003,돼지갈비구이(고추장),구이류,육류구이,"돼지고기, 갈비, 구운것(팬), 양파, 데친것, 간장, 개량, 양조, 고추장, 개량, 마늘, 생것, 파, 대파, 생것, 설탕, 백설탕, 참기름, 생강, 뿌리줄기, 생것, 고춧가루, 후추, 검은색, 가루","메뉴명: 돼지갈비구이(고추장)
메뉴 대분류: 구이류
메뉴 소분류: 육류구이
식재료: 돼지고기, 갈비, 구운것(팬), 양파, 데친것, 간장, 개량, 양조, 고추장, 개량, 마늘, 생것, 파, 대파, 생것, 설탕, 백설탕, 참기름, 생강, 뿌리줄기, 생것, 고춧가루, 후추, 검은색, 가루"
D082004,돼지고기주물럭(고추장),구이류,육류구이,"돼지고기, 등심, 구운것(팬), 간장, 개량, 양조, 양파, 데친것, 고추장, 개량, 파, 대파, 생것, 설탕, 백설탕, 마늘, 생것, 참기름, 후추, 검은색, 가루","메뉴명: 돼지고기주물럭(고추장)
메뉴 대분류: 구이류
메뉴 소분류: 육류구이
식재료: 돼지고기, 등심, 구운것(팬), 간장, 개량, 양조, 양파, 데친것, 고추장, 개량, 파, 대파, 생것, 설탕, 백설탕, 마늘, 생것, 참기름, 후추, 검은색, 가루"
D082005,"등심구이(돼지고기, 고추장)",구이류,육류구이,"돼지고기, 등심, 구운것(팬), 양파, 데친것, 고추장, 개량, 발효주, 청주, 알코올 16%, 파, 쪽파, 생것, 간장, 개량, 양조, 고춧가루, 생강, 뿌리줄기, 생것, 소금, 천일염, 가는소금, 콩기름, 후추, 검은색, 가루","메뉴명: 등심구이(돼지고기, 고추장)
메뉴 대분류: 구이류
메뉴 소분류: 육류구이
식재료: 돼지고기, 등심, 구운것(팬), 양파, 데친것, 고추장, 개량, 발효주, 청주, 알코올 16%, 파, 쪽파, 생것, 간장, 개량, 양조, 고춧가루, 생강, 뿌리줄기, 생것, 소금, 천일염, 가는소금, 콩기름, 후추, 검은색, 가루"
D082006,"등심구이(돼지고기, 고추장, 생강)",구이류,육류구이,"돼지고기, 등심, 구운것(팬), 양파, 데친것, 생강, 뿌리줄기, 생것, 고추장, 개량, 발효주, 청주, 알코올 16%, 파, 쪽파, 생것, 간장, 개량, 양조, 고춧가루, 소금, 천일염, 가는소금, 콩기름, 후추, 검은색, 가루","메뉴명: 등심구이(돼지고기, 고추장, 생강)
메뉴 대분류: 구이류
메뉴 소분류: 육류구이
식재료: 돼지고기, 등심, 구운것(팬), 양파, 데친것, 생강, 뿌리줄기, 생것, 고추장, 개량, 발효주, 청주, 알코올 16%, 파, 쪽파, 생것, 간장, 개량, 양조, 고춧가루, 소금, 천일염, 가는소금, 콩기름, 후추, 검은색, 가루"
D082007,등심구이(소고기),구이류,육류구이,"소고기, 한우, 등심, 구운것(팬), 소금, 천일염, 가는소금","메뉴명: 등심구이(소고기)
메뉴 대분류: 구이류
메뉴 소분류: 육류구이
식재료: 소고기, 한우, 등심, 구운것(팬), 소금, 천일염, 가는소금"
D082008,멧돼지고기구이(고추장),구이류,육류구이,"멧돼지고기, 생것, 양파, 데친것, 고추, 풋고추, 생것, 고추장, 개량, 파, 쪽파, 생것, 설탕, 백설탕, 마늘, 생것, 생강, 뿌리줄기, 생것, 발효주, 청주, 알코올 16%, 간장, 개량, 양조, 고춧가루, 참기름, 후추, 검은색, 가루","메뉴명: 멧돼지고기구이(고추장)
메뉴 대분류: 구이류
메뉴 소분류: 육류구이
식재료: 멧돼지고기, 생것, 양파, 데친것, 고추, 풋고추, 생것, 고추장, 개량, 파, 쪽파, 생것, 설탕, 백설탕, 마늘, 생것, 생강, 뿌리줄기, 생것, 발효주, 청주, 알코올 16%, 간장, 개량, 양조, 고춧가루, 참기름, 후추, 검은색, 가루"
D082009,삼겹살구이,구이류,육류구이,"돼지고기, 삼겹살, 구운것(팬), 소금, 천일염, 가는소금","메뉴명: 삼겹살구이
메뉴 대분류: 구이류
메뉴 소분류: 육류구이
식재료: 돼지고기, 삼겹살, 구운것(팬), 소금, 천일염, 가는소금"
D082010,소갈비구이,구이류,육류구이,"소고기, 한우, 갈비, 생것, 양파, 데친것, 간장, 개량, 양조, 배, 신고, 생것, 설탕, 백설탕, 마늘, 생것, 참기름, 파, 쪽파, 생것","메뉴명: 소갈비구이
메뉴 대분류: 구이류
메뉴 소분류: 육류구이
식재료: 소고기, 한우, 갈비, 생것, 양파, 데친것, 간장, 개량, 양조, 배, 신고, 생것, 설탕, 백설탕, 마늘, 생것, 참기름, 파, 쪽파, 생것"
D082011,소고기산적(게맛살),구이류,육류구이,"소고기, 한우, 등심, 구운것(팬), 게맛살, 어육함량이 낮은것, 당근, 뿌리, 데친것, 멥쌀떡, 가래떡, 파, 대파, 생것, 달걀, 부침(달걀프라이), 밀, 중력밀가루, 콩기름, 소금, 천일염, 가는소금","메뉴명: 소고기산적(게맛살)
메뉴 대분류: 구이류
메뉴 소분류: 육류구이
식재료: 소고기, 한우, 등심, 구운것(팬), 게맛살, 어육함량이 낮은것, 당근, 뿌리, 데친것, 멥쌀떡, 가래떡, 파, 대파, 생것, 달걀, 부침(달걀프라이), 밀, 중력밀가루, 콩기름, 소금, 천일염, 가는소금"
D082012,소고기산적(어묵),구이류,육류구이,"소고기, 한우, 등심, 구운것(팬), 어묵, 당근, 뿌리, 데친것, 멥쌀떡, 가래떡, 파, 대파, 생것, 달걀, 부침(달걀프라이), 밀, 중력밀가루, 콩기름, 소금, 천일염, 가는소금","메뉴명: 소고기산적(어묵)
메뉴 대분류: 구이류
메뉴 소분류: 육류구이
식재료: 소고기, 한우, 등심, 구운것(팬), 어묵, 당근, 뿌리, 데친것, 멥쌀떡, 가래떡, 파, 대파, 생것, 달걀, 부침(달걀프라이), 밀, 중력밀가루, 콩기름, 소금, 천일염, 가는소금"
D082013,소시지구이,구이류,육류구이,"소시지, 프랑크푸르트소시지, 소금, 천일염, 가는소금, 콩기름","메뉴명: 소시지구이
메뉴 대분류: 구이류
메뉴 소분류: 육류구이
식재료: 소시지, 프랑크푸르트소시지, 소금, 천일염, 가는소금, 콩기름"
D082014,안심구이(소고기),구이류,육류구이,"소고기, 한우(1등급), 안심, 생것, 소금, 천일염, 가는소금","메뉴명: 안심구이(소고기)
메뉴 대분류: 구이류
메뉴 소분류: 육류구이
식재료: 소고기, 한우(1등급), 안심, 생것, 소금, 천일염, 가는소금"
D082015,오리고기구이,구이류,육류구이,"오리고기, 살코기, 생것, 콩기름, 소금, 천일염, 가는소금, 후추, 검은색, 가루","메뉴명: 오리고기구이
메뉴 대분류: 구이류
메뉴 소분류: 육류구이
식재료: 오리고기, 살코기, 생것, 콩기름, 소금, 천일염, 가는소금, 후추, 검은색, 가루"
D082016,채끝살구이(소고기),구이류,육류구이,"소고기, 한우, 채끝, 생것, 소금, 천일염, 가는소금","메뉴명: 채끝살구이(소고기)
메뉴 대분류: 구이류
메뉴 소분류: 육류구이
식재료: 소고기, 한우, 채끝, 생것, 소금, 천일염, 가는소금"
D082017,칠면조구이,구이류,육류구이,"칠면조고기, 구운것, 소금, 천일염, 가는소금, 후추, 검은색, 가루","메뉴명: 칠면조구이
메뉴 대분류: 구이류
메뉴 소분류: 육류구이
식재료: 칠면조고기, 구운것, 소금, 천일염, 가는소금, 후추, 검은색, 가루"
D082018,통닭구이,구이류,육류구이,"닭고기, 구운것, 콩기름, 소금, 천일염, 가는소금, 후추, 검은색, 가루","메뉴명: 통닭구이
메뉴 대분류: 구이류
메뉴 소분류: 육류구이
식재료: 닭고기, 구운것, 콩기름, 소금, 천일염, 가는소금, 후추, 검은색, 가루"
D082019,햄구이,구이류,육류구이,"햄, 프레스햄, 구운것(팬), 콩기름","메뉴명: 햄구이
메뉴 대분류: 구이류
메뉴 소분류: 육류구이
식재료: 햄, 프레스햄, 구운것(팬), 콩기름"
D082020,"햄버그스테이크(돼지고기, 토마토소스)",구이류,육류구이,"돼지고기, 등심, 구운것(팬), 토마토 소스, 감자, 대지, 구운것, 달걀, 부침(달걀프라이), 당근, 뿌리, 데친것, 시금치, 데친것, 양배추, 데친것, 옥수수, 통조림, 가당, 밀, 빵가루, 밀, 중력밀가루, 전분, 감자, 가루, 소금, 천일염, 가는소금, 콩기름, 후추, 검은색, 가루","메뉴명: 햄버그스테이크(돼지고기, 토마토소스)
메뉴 대분류: 구이류
메뉴 소분류: 육류구이
식재료: 돼지고기, 등심, 구운것(팬), 토마토 소스, 감자, 대지, 구운것, 달걀, 부침(달걀프라이), 당근, 뿌리, 데친것, 시금치, 데친것, 양배추, 데친것, 옥수수, 통조림, 가당, 밀, 빵가루, 밀, 중력밀가루, 전분, 감자, 가루, 소금, 천일염, 가는소금, 콩기름, 후추, 검은색, 가루"
D082029,"햄버그스테이크(돼지고기, 토마토소스)",구이류,육류구이,"돼지고기, 등심, 구운것(팬), 토마토 소스, 감자, 대지, 구운것, 달걀, 부침(달걀프라이), 당근, 뿌리, 데친것, 시금치, 데친것, 양배추, 데친것, 옥수수, 통조림, 가당, 밀, 빵가루, 밀, 중력밀가루, 전분, 감자, 가루, 소금, 천일염, 가는소금, 콩기름, 후추, 검은색, 가루, 해바라기유","메뉴명: 햄버그스테이크(돼지고기, 토마토소스)
메뉴 대분류: 구이류
메뉴 소분류: 육류구이
식재료: 돼지고기, 등심, 구운것(팬), 토마토 소스, 감자, 대지, 구운것, 달걀, 부침(달걀프라이), 당근, 뿌리, 데친것, 시금치, 데친것, 양배추, 데친것, 옥수수, 통조림, 가당, 밀, 빵가루, 밀, 중력밀가루, 전분, 감자, 가루, 소금, 천일염, 가는소금, 콩기름, 후추, 검은색, 가루, 해바라기유"
D082030,염통구이,구이류,육류구이,"돼지 부산물, 심장(염통), 생것, 잣, 볶은것, 소금, 천일염, 가는소금, 간장, 개량, 양조, 파, 대파, 생것, 마늘, 생것, 설탕, 백설탕, 참기름, 참깨, 흰색, 볶은것, 생강, 뿌리줄기, 생것, 후추, 검은색, 가루","메뉴명: 염통구이
메뉴 대분류: 구이류
메뉴 소분류: 육류구이
식재료: 돼지 부산물, 심장(염통), 생것, 잣, 볶은것, 소금, 천일염, 가는소금, 간장, 개량, 양조, 파, 대파, 생것, 마늘, 생것, 설탕, 백설탕, 참기름, 참깨, 흰색, 볶은것, 생강, 뿌리줄기, 생것, 후추, 검은색, 가루"
D082031,깻잎석쇠불고기,구이류,육류구이,"소고기, 한우, 등심, 생것, 들깻잎, 생것, 파, 대파, 생것, 간장, 개량, 양조, 매실청, 참기름, 콩기름, 참깨, 흰색, 볶은것, 설탕, 가루, 마늘, 생것, 생강, 뿌리줄기, 생것, 후추, 검은색, 가루","메뉴명: 깻잎석쇠불고기
메뉴 대분류: 구이류
메뉴 소분류: 육류구이
식재료: 소고기, 한우, 등심, 생것, 들깻잎, 생것, 파, 대파, 생것, 간장, 개량, 양조, 매실청, 참기름, 콩기름, 참깨, 흰색, 볶은것, 설탕, 가루, 마늘, 생것, 생강, 뿌리줄기, 생것, 후추, 검은색, 가루"
D082032,꽈리고추 소고기말이,구이류,육류구이,"고추, 꽈리고추, 생것, 소고기, 한우, 등심, 생것, 치즈, 모차렐라, 생수, 굴 소스, 파, 쪽파, 생것, 발효주, 청주, 알코올 16%, 참기름, 파, 대파, 생것, 간장, 개량, 양조, 후추, 검은색, 가루, 마늘, 생것, 참깨, 흰색, 볶은것","메뉴명: 꽈리고추 소고기말이
메뉴 대분류: 구이류
메뉴 소분류: 육류구이
식재료: 고추, 꽈리고추, 생것, 소고기, 한우, 등심, 생것, 치즈, 모차렐라, 생수, 굴 소스, 파, 쪽파, 생것, 발효주, 청주, 알코올 16%, 참기름, 파, 대파, 생것, 간장, 개량, 양조, 후추, 검은색, 가루, 마늘, 생것, 참깨, 흰색, 볶은것"
D082033,녹두함박스테이크,구이류,육류구이,"녹두, 말린것, 생수, 양파, 생것, 소고기, 한우, 등심, 생것, 달걀, 생것, 밀, 빵가루, 소금, 천일염, 가는소금, 후추, 검은색, 가루, 콩기름, 마늘, 생것, 버터, 가염, 딸기, 잼, 간장, 개량, 양조, 토마토 케첩","메뉴명: 녹두함박스테이크
메뉴 대분류: 구이류
메뉴 소분류: 육류구이
식재료: 녹두, 말린것, 생수, 양파, 생것, 소고기, 한우, 등심, 생것, 달걀, 생것, 밀, 빵가루, 소금, 천일염, 가는소금, 후추, 검은색, 가루, 콩기름, 마늘, 생것, 버터, 가염, 딸기, 잼, 간장, 개량, 양조, 토마토 케첩"
D082034,닭가슴살 가리비 구이,구이류,육류구이,"닭고기, 살코기, 생것, 가리비, 생것, 파, 대파, 생것, 마늘, 생것, 설탕, 백설탕, 참깨, 흰색, 볶은것, 소금, 천일염, 가는소금, 후추, 검은색, 가루, 참기름, 발효주, 청주, 알코올 16%, 간장, 개량, 양조, 호두, 말린것, 잣, 생것, 밤, 생것","메뉴명: 닭가슴살 가리비 구이
메뉴 대분류: 구이류
메뉴 소분류: 육류구이
식재료: 닭고기, 살코기, 생것, 가리비, 생것, 파, 대파, 생것, 마늘, 생것, 설탕, 백설탕, 참깨, 흰색, 볶은것, 소금, 천일염, 가는소금, 후추, 검은색, 가루, 참기름, 발효주, 청주, 알코올 16%, 간장, 개량, 양조, 호두, 말린것, 잣, 생것, 밤, 생것"
D082035,돈육찜구이,구이류,육류구이,"돼지고기, 앞다리, 생것, 생수, 파, 대파, 생것, 생강, 뿌리줄기, 생것, 후추, 검은색, 가루, 마늘, 생것, 고추, 빨간색, 말린것, 고추, 초록색, 녹광, 생것, 고추, 빨간색, 생것, 잣, 생것, 간장, 개량, 양조, 배즙, 발효주, 청주, 알코올 16%, 설탕, 백설탕","메뉴명: 돈육찜구이
메뉴 대분류: 구이류
메뉴 소분류: 육류구이
식재료: 돼지고기, 앞다리, 생것, 생수, 파, 대파, 생것, 생강, 뿌리줄기, 생것, 후추, 검은색, 가루, 마늘, 생것, 고추, 빨간색, 말린것, 고추, 초록색, 녹광, 생것, 고추, 빨간색, 생것, 잣, 생것, 간장, 개량, 양조, 배즙, 발효주, 청주, 알코올 16%, 설탕, 백설탕"
D082036,돼지고기모둠채소구이,구이류,육류구이,"돼지고기, 뒷다리, 생것, 발효주, 과실주, 포도주, 적포도주, 알코올 13%, 감자, 대지, 생것, 당근, 뿌리, 생것, 셀러리, 생것, 양파, 생것, 소금, 천일염, 가는소금, 올리브유, 오레가노, 말린것, 바비큐 소스, 토마토 케첩, 꿀, 버터, 가염, 겨자 페이스트","메뉴명: 돼지고기모둠채소구이
메뉴 대분류: 구이류
메뉴 소분류: 육류구이
식재료: 돼지고기, 뒷다리, 생것, 발효주, 과실주, 포도주, 적포도주, 알코올 13%, 감자, 대지, 생것, 당근, 뿌리, 생것, 셀러리, 생것, 양파, 생것, 소금, 천일염, 가는소금, 올리브유, 오레가노, 말린것, 바비큐 소스, 토마토 케첩, 꿀, 버터, 가염, 겨자 페이스트"
D082037,버섯떡갈비,구이류,육류구이,"표고버섯, 참나무재배, 생것, 소고기, 한우, 등심, 생것, 간장, 개량, 양조, 참기름, 설탕, 백설탕, 파, 대파, 생것, 참깨, 흰색, 볶은것, 콩기름","메뉴명: 버섯떡갈비
메뉴 대분류: 구이류
메뉴 소분류: 육류구이
식재료: 표고버섯, 참나무재배, 생것, 소고기, 한우, 등심, 생것, 간장, 개량, 양조, 참기름, 설탕, 백설탕, 파, 대파, 생것, 참깨, 흰색, 볶은것, 콩기름"
D082038,상추소고기롤,구이류,육류구이,"소고기, 한우, 등심, 생것, 상추, 잎상추, 치마상추, 녹색, 생것, 양파, 생것, 소금, 천일염, 가는소금, 후추, 검은색, 가루, 간장, 개량, 양조, 물엿, 겨자 페이스트, 콩기름","메뉴명: 상추소고기롤
메뉴 대분류: 구이류
메뉴 소분류: 육류구이
식재료: 소고기, 한우, 등심, 생것, 상추, 잎상추, 치마상추, 녹색, 생것, 양파, 생것, 소금, 천일염, 가는소금, 후추, 검은색, 가루, 간장, 개량, 양조, 물엿, 겨자 페이스트, 콩기름"
D082039,새송이버섯치즈오븐구이,구이류,육류구이,"큰느타리버섯(새송이버섯), 생것, 가지, 생것, 호박, 쥬키니, 생것, 감자, 대지, 생것, 토마토, 생것, 마늘, 생것, 토마토 소스, 치즈, 모차렐라, 버터, 가염, 밀, 중력밀가루, 우유, 치즈, 파르메산(파마산), 소금, 천일염, 가는소금, 후추, 검은색, 가루, 올리브유","메뉴명: 새송이버섯치즈오븐구이
메뉴 대분류: 구이류
메뉴 소분류: 육류구이
식재료: 큰느타리버섯(새송이버섯), 생것, 가지, 생것, 호박, 쥬키니, 생것, 감자, 대지, 생것, 토마토, 생것, 마늘, 생것, 토마토 소스, 치즈, 모차렐라, 버터, 가염, 밀, 중력밀가루, 우유, 치즈, 파르메산(파마산), 소금, 천일염, 가는소금, 후추, 검은색, 가루, 올리브유"
D082040,생강채돼지고기구이,구이류,육류구이,"돼지고기, 삼겹살, 생것, 생강, 뿌리줄기, 생것, 파, 대파, 생것, 소금, 천일염, 가는소금, 맛술, 후추, 검은색, 가루, 콩기름, 설탕, 백설탕, 고춧가루, 마늘, 생것, 고추장, 개량, 간장, 개량, 양조, 물엿, 참기름, 참깨, 흰색, 볶은것","메뉴명: 생강채돼지고기구이
메뉴 대분류: 구이류
메뉴 소분류: 육류구이
식재료: 돼지고기, 삼겹살, 생것, 생강, 뿌리줄기, 생것, 파, 대파, 생것, 소금, 천일염, 가는소금, 맛술, 후추, 검은색, 가루, 콩기름, 설탕, 백설탕, 고춧가루, 마늘, 생것, 고추장, 개량, 간장, 개량, 양조, 물엿, 참기름, 참깨, 흰색, 볶은것"
D082041,소갈비찜 구이,구이류,육류구이,"소고기, 한우(1등급), 갈비, 생것, 생수, 파, 대파, 생것, 마늘, 생것, 고추, 초록색, 녹광, 생것, 고추, 빨간색, 생것, 잣, 생것, 간장, 개량, 양조, 배즙, 생강, 뿌리줄기, 생것, 설탕, 백설탕, 후추, 검은색, 가루, 발효주, 청주, 알코올 16%","메뉴명: 소갈비찜 구이
메뉴 대분류: 구이류
메뉴 소분류: 육류구이
식재료: 소고기, 한우(1등급), 갈비, 생것, 생수, 파, 대파, 생것, 마늘, 생것, 고추, 초록색, 녹광, 생것, 고추, 빨간색, 생것, 잣, 생것, 간장, 개량, 양조, 배즙, 생강, 뿌리줄기, 생것, 설탕, 백설탕, 후추, 검은색, 가루, 발효주, 청주, 알코올 16%"
D082042,오리고기김치말이,구이류,육류구이,"김치, 배추 김치, 들깻잎, 생것, 양파, 생것, 오리고기, 생것, 껍질 포함, 파, 대파, 생것, 데리야끼 소스, 포크커틀릿 소스, 물엿, 콩기름, 참깨, 흰색, 볶은것","메뉴명: 오리고기김치말이
메뉴 대분류: 구이류
메뉴 소분류: 육류구이
식재료: 김치, 배추 김치, 들깻잎, 생것, 양파, 생것, 오리고기, 생것, 껍질 포함, 파, 대파, 생것, 데리야끼 소스, 포크커틀릿 소스, 물엿, 콩기름, 참깨, 흰색, 볶은것"
D082043,오리떡갈비,구이류,육류구이,"오리고기, 살코기, 생것, 콩기름, 파, 대파, 생것, 설탕, 백설탕, 간장, 개량, 양조, 참기름, 참깨, 흰색, 볶은것, 후추, 검은색, 가루","메뉴명: 오리떡갈비
메뉴 대분류: 구이류
메뉴 소분류: 육류구이
식재료: 오리고기, 살코기, 생것, 콩기름, 파, 대파, 생것, 설탕, 백설탕, 간장, 개량, 양조, 참기름, 참깨, 흰색, 볶은것, 후추, 검은색, 가루"
D082044,잣가루 떡갈비,구이류,육류구이,"소고기, 한우, 등심, 생것, 잣, 생것, 콩기름, 소금, 천일염, 가는소금, 마늘, 생것, 후추, 검은색, 가루, 밀, 빵가루, 간장, 개량, 양조, 꿀","메뉴명: 잣가루 떡갈비
메뉴 대분류: 구이류
메뉴 소분류: 육류구이
식재료: 소고기, 한우, 등심, 생것, 잣, 생것, 콩기름, 소금, 천일염, 가는소금, 마늘, 생것, 후추, 검은색, 가루, 밀, 빵가루, 간장, 개량, 양조, 꿀"
D082045,참다래닭구이,구이류,육류구이,"다래, 생것, 닭고기, 다리(넓적다리), 생것, 양배추, 생것, 당근, 뿌리, 생것, 간장, 개량, 양조, 설탕, 황설탕, 토마토 케첩, 마늘, 생것, 참기름, 설탕, 백설탕, 소금, 천일염, 가는소금, 식초, 감식초, 올리브유","메뉴명: 참다래닭구이
메뉴 대분류: 구이류
메뉴 소분류: 육류구이
식재료: 다래, 생것, 닭고기, 다리(넓적다리), 생것, 양배추, 생것, 당근, 뿌리, 생것, 간장, 개량, 양조, 설탕, 황설탕, 토마토 케첩, 마늘, 생것, 참기름, 설탕, 백설탕, 소금, 천일염, 가는소금, 식초, 감식초, 올리브유"
D082046,참두릅소고기말이,구이류,육류구이,"소고기, 한우(1등급), 우둔(홍두깨살), 생것, 두릅, 땅두릅, 생것, 소금, 천일염, 가는소금, 콩기름, 설탕, 백설탕, 간장, 개량, 양조, 파, 대파, 생것, 참기름","메뉴명: 참두릅소고기말이
메뉴 대분류: 구이류
메뉴 소분류: 육류구이
식재료: 소고기, 한우(1등급), 우둔(홍두깨살), 생것, 두릅, 땅두릅, 생것, 소금, 천일염, 가는소금, 콩기름, 설탕, 백설탕, 간장, 개량, 양조, 파, 대파, 생것, 참기름"
D082047,청양소고기함박스테이크,구이류,육류구이,"소고기, 한우(1등급), 우둔, 생것, 돼지고기, 등심, 생것, 양파, 생것, 표고버섯, 참나무재배, 생것, 고추, 청양고추, 생것, 파, 쪽파, 생것, 완두, 생것, 숙주나물, 생것, 달걀, 생것, 멥쌀, 백미, 밥, 콩기름, 소금, 천일염, 가는소금, 간장, 개량, 양조, 후추, 검은색, 가루, 토마토, 생것, 바비큐 소스, 발효주, 과실주, 포도주, 적포도주, 알코올 13%","메뉴명: 청양소고기함박스테이크
메뉴 대분류: 구이류
메뉴 소분류: 육류구이
식재료: 소고기, 한우(1등급), 우둔, 생것, 돼지고기, 등심, 생것, 양파, 생것, 표고버섯, 참나무재배, 생것, 고추, 청양고추, 생것, 파, 쪽파, 생것, 완두, 생것, 숙주나물, 생것, 달걀, 생것, 멥쌀, 백미, 밥, 콩기름, 소금, 천일염, 가는소금, 간장, 개량, 양조, 후추, 검은색, 가루, 토마토, 생것, 바비큐 소스, 발효주, 과실주, 포도주, 적포도주, 알코올 13%"
D082048,풋고추 돼지 등갈비구이,구이류,육류구이,"돼지고기, 삼겹살(등갈비), 생것, 고추, 풋고추, 생것, 고추, 청양고추, 생것, 후추, 검은색, 가루, 월계수, 잎, 말린것, 마늘, 생것, 소금, 천일염, 가는소금, 설탕, 백설탕, 치즈, 파르메산(파마산), 간장, 개량, 양조, 올리브유, 발효주, 청주, 알코올 16%","메뉴명: 풋고추 돼지 등갈비구이
메뉴 대분류: 구이류
메뉴 소분류: 육류구이
식재료: 돼지고기, 삼겹살(등갈비), 생것, 고추, 풋고추, 생것, 고추, 청양고추, 생것, 후추, 검은색, 가루, 월계수, 잎, 말린것, 마늘, 생것, 소금, 천일염, 가는소금, 설탕, 백설탕, 치즈, 파르메산(파마산), 간장, 개량, 양조, 올리브유, 발효주, 청주, 알코올 16%"
D082049,유린기,구이류,육류구이,"닭고기, 다리(넓적다리), 생것, 상추, 결구(양상추), 녹색, 생것, 치커리, 뿌리, 생것, 치커리, 잎, 적색, 생것, 고추, 빨간색, 생것, 고추, 청양고추, 생것, 파, 대파, 생것, 무순, 싹, 생것, 식초, 사과식초, 간장, 개량, 양조, 전분, 옥수수, 가루, 레몬, 생것, 설탕, 가루, 마늘, 생것, 생강, 뿌리줄기, 생것","메뉴명: 유린기
메뉴 대분류: 구이류
메뉴 소분류: 육류구이
식재료: 닭고기, 다리(넓적다리), 생것, 상추, 결구(양상추), 녹색, 생것, 치커리, 뿌리, 생것, 치커리, 잎, 적색, 생것, 고추, 빨간색, 생것, 고추, 청양고추, 생것, 파, 대파, 생것, 무순, 싹, 생것, 식초, 사과식초, 간장, 개량, 양조, 전분, 옥수수, 가루, 레몬, 생것, 설탕, 가루, 마늘, 생것, 생강, 뿌리줄기, 생것"
D082050,쪽갈비구이,구이류,육류구이,"돼지고기, 갈비, 생것, 올리브유, 후추, 검은색, 가루, 로즈메리, 말린것, 발효주, 과실주, 포도주, 적포도주, 알코올 13%, 토마토, 방울토마토, 생것, 양파, 생것, 레몬, 생것, 마요네즈, 식초, 양조, 겨자 페이스트, 설탕, 가루, 마늘, 다진것, 후추, 흰색, 가루","메뉴명: 쪽갈비구이
메뉴 대분류: 구이류
메뉴 소분류: 육류구이
식재료: 돼지고기, 갈비, 생것, 올리브유, 후추, 검은색, 가루, 로즈메리, 말린것, 발효주, 과실주, 포도주, 적포도주, 알코올 13%, 토마토, 방울토마토, 생것, 양파, 생것, 레몬, 생것, 마요네즈, 식초, 양조, 겨자 페이스트, 설탕, 가루, 마늘, 다진것, 후추, 흰색, 가루"
D082051,퓨전떡갈비,구이류,육류구이,"소고기, 한우(1등급), 살코기, 생것, 돼지고기, 안심, 생것, 양파, 생것, 배, 생것, 마늘, 생것, 생강, 뿌리줄기, 생것, 간장, 개량, 양조, 찹쌀, 백미, 가루, 참기름, 참깨, 흰색, 말린것","메뉴명: 퓨전떡갈비
메뉴 대분류: 구이류
메뉴 소분류: 육류구이
식재료: 소고기, 한우(1등급), 살코기, 생것, 돼지고기, 안심, 생것, 양파, 생것, 배, 생것, 마늘, 생것, 생강, 뿌리줄기, 생것, 간장, 개량, 양조, 찹쌀, 백미, 가루, 참기름, 참깨, 흰색, 말린것"
D082052,함초떡갈비,구이류,육류구이,"소고기, 한우(1++등급), 등심, 생것, 돼지고기, 살코기, 생것, 당근, 뿌리, 생것, 큰느타리버섯(새송이버섯), 생것, 갯나물, 퉁퉁마디(함초), 하우스, 생것, 양파, 생것, 셀러리, 생것, 파, 대파, 생것, 마늘, 다진것, 참기름, 참깨, 흰색, 볶은것, 소금, 가공염, 퉁퉁마디(함초), 식초, 발사믹, 설탕, 가루, 후추, 흰색, 가루","메뉴명: 함초떡갈비
메뉴 대분류: 구이류
메뉴 소분류: 육류구이
식재료: 소고기, 한우(1++등급), 등심, 생것, 돼지고기, 살코기, 생것, 당근, 뿌리, 생것, 큰느타리버섯(새송이버섯), 생것, 갯나물, 퉁퉁마디(함초), 하우스, 생것, 양파, 생것, 셀러리, 생것, 파, 대파, 생것, 마늘, 다진것, 참기름, 참깨, 흰색, 볶은것, 소금, 가공염, 퉁퉁마디(함초), 식초, 발사믹, 설탕, 가루, 후추, 흰색, 가루"
D082053,달콤스테이크,구이류,육류구이,"소고기, 한우(1++등급), 채끝, 생것, 감자, 대지, 생것, 시금치, 생것, 당근, 뿌리, 생것, 발효주, 과실주, 포도주, 적포도주, 알코올 13%, 망고, 생것, 딸기, 잼, 소금, 천일염, 가는소금, 후추, 흰색, 가루, 버터, 무가염, 설탕, 가루, 레몬 착즙, 양파, 생것","메뉴명: 달콤스테이크
메뉴 대분류: 구이류
메뉴 소분류: 육류구이
식재료: 소고기, 한우(1++등급), 채끝, 생것, 감자, 대지, 생것, 시금치, 생것, 당근, 뿌리, 생것, 발효주, 과실주, 포도주, 적포도주, 알코올 13%, 망고, 생것, 딸기, 잼, 소금, 천일염, 가는소금, 후추, 흰색, 가루, 버터, 무가염, 설탕, 가루, 레몬 착즙, 양파, 생것"
D082054,삼색꼬치구이,구이류,육류구이,"돼지고기, 목심, 생것, 파인애플, 생것, 브로콜리, 생것, 토마토, 방울토마토, 생것, 배, 신고, 생것, 사과, 생것, 레몬 착즙, 꿀","메뉴명: 삼색꼬치구이
메뉴 대분류: 구이류
메뉴 소분류: 육류구이
식재료: 돼지고기, 목심, 생것, 파인애플, 생것, 브로콜리, 생것, 토마토, 방울토마토, 생것, 배, 신고, 생것, 사과, 생것, 레몬 착즙, 꿀"
D082055,안심스테이크,구이류,육류구이,"소고기, 한우(1++등급), 안심, 생것, 아스파라거스, 생것, 당근, 뿌리, 생것, 감자, 대지, 생것, 호두, 볶은것, 망고, 생것, 블루베리, 잼, 마늘, 다진것, 버터, 무가염, 발효주, 과실주, 포도주, 적포도주, 알코올 13%, 과당, 후추, 흰색, 가루, 소금, 천일염, 가는소금","메뉴명: 안심스테이크
메뉴 대분류: 구이류
메뉴 소분류: 육류구이
식재료: 소고기, 한우(1++등급), 안심, 생것, 아스파라거스, 생것, 당근, 뿌리, 생것, 감자, 대지, 생것, 호두, 볶은것, 망고, 생것, 블루베리, 잼, 마늘, 다진것, 버터, 무가염, 발효주, 과실주, 포도주, 적포도주, 알코올 13%, 과당, 후추, 흰색, 가루, 소금, 천일염, 가는소금"
D082056,매운닭날개구이,구이류,육류구이,"닭고기, 날개, 생것, 감자, 대지, 생것, 토마토, 방울토마토, 생것, 브로콜리, 생것, 마늘, 생것, 양파, 생것, 버터, 무가염, 후추, 흰색, 가루, 설탕, 황설탕, 고춧가루, 발효주, 과실주, 포도주, 적포도주, 알코올 13%, 할라페뇨, 통조림","메뉴명: 매운닭날개구이
메뉴 대분류: 구이류
메뉴 소분류: 육류구이
식재료: 닭고기, 날개, 생것, 감자, 대지, 생것, 토마토, 방울토마토, 생것, 브로콜리, 생것, 마늘, 생것, 양파, 생것, 버터, 무가염, 후추, 흰색, 가루, 설탕, 황설탕, 고춧가루, 발효주, 과실주, 포도주, 적포도주, 알코올 13%, 할라페뇨, 통조림"
D082057,삼겹살꼬치구이,구이류,육류구이,"돼지고기, 삼겹살, 생것, 토마토, 방울토마토, 생것, 콩기름, 후추, 흰색, 가루, 로즈메리, 말린것, 후추, 검은색, 가루, 파, 대파, 생것, 마늘, 생것, 고추, 꽈리고추, 생것","메뉴명: 삼겹살꼬치구이
메뉴 대분류: 구이류
메뉴 소분류: 육류구이
식재료: 돼지고기, 삼겹살, 생것, 토마토, 방울토마토, 생것, 콩기름, 후추, 흰색, 가루, 로즈메리, 말린것, 후추, 검은색, 가루, 파, 대파, 생것, 마늘, 생것, 고추, 꽈리고추, 생것"
D082058,토마토소고기찜,구이류,육류구이,"소고기, 한우(1++등급), 우둔, 생것, 셀러리, 생것, 당근, 뿌리, 생것, 양파, 생것, 발효주, 과실주, 포도주, 백포도주, 무스카데, 토마토, 통조림, 페이스트, 버터, 무가염, 레몬, 생것, 후추, 흰색, 가루, 파슬리, 말린것, 소금, 가공염, 퉁퉁마디(함초)","메뉴명: 토마토소고기찜
메뉴 대분류: 구이류
메뉴 소분류: 육류구이
식재료: 소고기, 한우(1++등급), 우둔, 생것, 셀러리, 생것, 당근, 뿌리, 생것, 양파, 생것, 발효주, 과실주, 포도주, 백포도주, 무스카데, 토마토, 통조림, 페이스트, 버터, 무가염, 레몬, 생것, 후추, 흰색, 가루, 파슬리, 말린것, 소금, 가공염, 퉁퉁마디(함초)"
D082059,통삼겹맥적구이,구이류,육류구이,"돼지고기, 삼겹살, 생것, 닭 육수, 된장, 개량, 꿀, 발효주, 청주, 알코올 16%, 참기름, 마늘, 다진것, 파, 대파, 생것, 참깨, 흰색, 볶은것, 인삼, 수삼, 생것, 배추, 생것, 당근, 뿌리, 생것, 식초, 양조, 간장, 개량, 양조","메뉴명: 통삼겹맥적구이
메뉴 대분류: 구이류
메뉴 소분류: 육류구이
식재료: 돼지고기, 삼겹살, 생것, 닭 육수, 된장, 개량, 꿀, 발효주, 청주, 알코올 16%, 참기름, 마늘, 다진것, 파, 대파, 생것, 참깨, 흰색, 볶은것, 인삼, 수삼, 생것, 배추, 생것, 당근, 뿌리, 생것, 식초, 양조, 간장, 개량, 양조"
D082060,통삼겹스테이크,구이류,육류구이,"돼지고기, 삼겹살, 생것, 로즈메리, 말린것, 올리브유, 송이버섯, 생것, 당근, 뿌리, 생것, 양파, 생것, 미니파프리카, 빨간색, 생것, 미니파프리카, 노란색, 생것, 식초, 양조, 설탕, 가루, 감자, 대지, 생것, 버터, 무가염, 우유, 된장, 개량, 마늘, 다진것, 요구르트, 액상(농후), 플레인, 멥쌀, 현미, 생것","메뉴명: 통삼겹스테이크
메뉴 대분류: 구이류
메뉴 소분류: 육류구이
식재료: 돼지고기, 삼겹살, 생것, 로즈메리, 말린것, 올리브유, 송이버섯, 생것, 당근, 뿌리, 생것, 양파, 생것, 미니파프리카, 빨간색, 생것, 미니파프리카, 노란색, 생것, 식초, 양조, 설탕, 가루, 감자, 대지, 생것, 버터, 무가염, 우유, 된장, 개량, 마늘, 다진것, 요구르트, 액상(농후), 플레인, 멥쌀, 현미, 생것"
D082061,곤약함박스테이크,구이류,육류구이,"큰느타리버섯(새송이버섯), 생것, 가지, 생것, 브로콜리, 생것, 양파, 생것, 파프리카, 노란색, 생것, 토마토, 방울토마토, 생것, 아스파라거스, 생것, 올리브유, 비타민채(다채), 어린잎, 생것, 곤약(구약나물), 판형, 생것, 두부, 소고기, 한우(1++등급), 등심, 생것, 당근, 뿌리, 생것, 셀러리, 생것, 마늘, 생것, 파, 대파, 생것, 맛술, 후추, 흰색, 가루, 찹쌀, 백미, 가루, 밀, 빵가루, 달걀, 생것, 유자청, 간장, 개량, 양조, 생수","메뉴명: 곤약함박스테이크
메뉴 대분류: 구이류
메뉴 소분류: 육류구이
식재료: 큰느타리버섯(새송이버섯), 생것, 가지, 생것, 브로콜리, 생것, 양파, 생것, 파프리카, 노란색, 생것, 토마토, 방울토마토, 생것, 아스파라거스, 생것, 올리브유, 비타민채(다채), 어린잎, 생것, 곤약(구약나물), 판형, 생것, 두부, 소고기, 한우(1++등급), 등심, 생것, 당근, 뿌리, 생것, 셀러리, 생것, 마늘, 생것, 파, 대파, 생것, 맛술, 후추, 흰색, 가루, 찹쌀, 백미, 가루, 밀, 빵가루, 달걀, 생것, 유자청, 간장, 개량, 양조, 생수"
D082062,라이스버거떡갈비,구이류,육류구이,"멥쌀, 백미, 밥, 간장, 개량, 양조, 전분, 감자, 가루, 팽이버섯, 생것, 소고기, 한우(1++등급), 등심, 생것, 돼지고기, 살코기, 생것, 양파, 생것, 파, 쪽파, 생것, 후추, 흰색, 가루, 토마토, 생것, 미나리, 물미나리, 생것, 고추, 초록색, 녹광, 생것, 고추, 빨간색, 생것","메뉴명: 라이스버거떡갈비
메뉴 대분류: 구이류
메뉴 소분류: 육류구이
식재료: 멥쌀, 백미, 밥, 간장, 개량, 양조, 전분, 감자, 가루, 팽이버섯, 생것, 소고기, 한우(1++등급), 등심, 생것, 돼지고기, 살코기, 생것, 양파, 생것, 파, 쪽파, 생것, 후추, 흰색, 가루, 토마토, 생것, 미나리, 물미나리, 생것, 고추, 초록색, 녹광, 생것, 고추, 빨간색, 생것"
D082063,닭가슴살샌드스테이크,구이류,육류구이,"닭고기, 가슴, 생것, 시금치, 생것, 양파, 생것, 꽃양배추(콜리플라워), 생것, 브로콜리, 생것, 양송이버섯, 생것, 토마토, 방울토마토, 생것, 닭 육수, 마늘, 다진것, 버터, 무가염, 후추, 흰색, 가루, 올리브유, 꿀, 오렌지 주스, 레몬 착즙","메뉴명: 닭가슴살샌드스테이크
메뉴 대분류: 구이류
메뉴 소분류: 육류구이
식재료: 닭고기, 가슴, 생것, 시금치, 생것, 양파, 생것, 꽃양배추(콜리플라워), 생것, 브로콜리, 생것, 양송이버섯, 생것, 토마토, 방울토마토, 생것, 닭 육수, 마늘, 다진것, 버터, 무가염, 후추, 흰색, 가루, 올리브유, 꿀, 오렌지 주스, 레몬 착즙"
D082064,한식풍닭가슴살스테이크,구이류,육류구이,"닭고기, 가슴, 생것, 미나리, 물미나리, 생것, 멥쌀, 백미, 생것, 청경채, 생것, 무, 조선무, 생것, 간장, 개량, 양조, 고춧가루, 마늘, 다진것, 생수, 된장, 개량, 매실청, 들기름, 양파, 생것, 참깨, 검은색, 볶은것","메뉴명: 한식풍닭가슴살스테이크
메뉴 대분류: 구이류
메뉴 소분류: 육류구이
식재료: 닭고기, 가슴, 생것, 미나리, 물미나리, 생것, 멥쌀, 백미, 생것, 청경채, 생것, 무, 조선무, 생것, 간장, 개량, 양조, 고춧가루, 마늘, 다진것, 생수, 된장, 개량, 매실청, 들기름, 양파, 생것, 참깨, 검은색, 볶은것"
D082065,참치 두부 함박스테이크,구이류,육류구이,"다랑어, 가다랑어, 통조림, 유지, 두부, 양파, 생것, 토마토, 생것, 피망, 초록색, 생것, 당근, 뿌리, 생것, 밀, 중력밀가루, 토마토 케첩, 표고버섯, 가루, 후추, 흰색, 가루","메뉴명: 참치 두부 함박스테이크
메뉴 대분류: 구이류
메뉴 소분류: 육류구이
식재료: 다랑어, 가다랑어, 통조림, 유지, 두부, 양파, 생것, 토마토, 생것, 피망, 초록색, 생것, 당근, 뿌리, 생것, 밀, 중력밀가루, 토마토 케첩, 표고버섯, 가루, 후추, 흰색, 가루"
D083001,감자구이(버터),구이류,기타 구이류,"감자, 대지, 구운것, 버터, 가염, 소금, 천일염, 가는소금","메뉴명: 감자구이(버터)
메뉴 대분류: 구이류
메뉴 소분류: 기타 구이류
식재료: 감자, 대지, 구운것, 버터, 가염, 소금, 천일염, 가는소금"
D083002,김구이,구이류,기타 구이류,"김, 참김, 구운것, 소금, 천일염, 가는소금, 콩기름","메뉴명: 김구이
메뉴 대분류: 구이류
메뉴 소분류: 기타 구이류
식재료: 김, 참김, 구운것, 소금, 천일염, 가는소금, 콩기름"
D083003,더덕구이(고추장),구이류,기타 구이류,"더덕, 뿌리, 생것, 고추장, 개량, 간장, 개량, 양조, 설탕, 백설탕, 파, 쪽파, 생것, 콩기름, 참깨, 흰색, 볶은것, 마늘, 생것, 참기름","메뉴명: 더덕구이(고추장)
메뉴 대분류: 구이류
메뉴 소분류: 기타 구이류
식재료: 더덕, 뿌리, 생것, 고추장, 개량, 간장, 개량, 양조, 설탕, 백설탕, 파, 쪽파, 생것, 콩기름, 참깨, 흰색, 볶은것, 마늘, 생것, 참기름"
D083004,도라지구이(고추장),구이류,기타 구이류,"도라지, 뿌리, 데친것, 고추장, 개량, 콩기름, 파, 대파, 생것, 참기름, 마늘, 생것, 설탕, 백설탕, 소금, 천일염, 가는소금","메뉴명: 도라지구이(고추장)
메뉴 대분류: 구이류
메뉴 소분류: 기타 구이류
식재료: 도라지, 뿌리, 데친것, 고추장, 개량, 콩기름, 파, 대파, 생것, 참기름, 마늘, 생것, 설탕, 백설탕, 소금, 천일염, 가는소금"
D083005,두부구이(고추장),구이류,기타 구이류,"두부, 간장, 개량, 양조, 파, 대파, 생것, 고추장, 개량, 마늘, 생것, 설탕, 백설탕, 파, 쪽파, 생것, 참깨, 흰색, 볶은것, 콩기름, 참기름","메뉴명: 두부구이(고추장)
메뉴 대분류: 구이류
메뉴 소분류: 기타 구이류
식재료: 두부, 간장, 개량, 양조, 파, 대파, 생것, 고추장, 개량, 마늘, 생것, 설탕, 백설탕, 파, 쪽파, 생것, 참깨, 흰색, 볶은것, 콩기름, 참기름"
D083006,떡꼬치(고추장),구이류,기타 구이류,"멥쌀떡, 가래떡, 고추장, 개량, 물엿, 콩기름, 간장, 개량, 양조, 참기름, 파, 쪽파, 생것","메뉴명: 떡꼬치(고추장)
메뉴 대분류: 구이류
메뉴 소분류: 기타 구이류
식재료: 멥쌀떡, 가래떡, 고추장, 개량, 물엿, 콩기름, 간장, 개량, 양조, 참기름, 파, 쪽파, 생것"
D083007,옥수수구이,구이류,기타 구이류,"옥수수, 찰옥수수, 삶은것","메뉴명: 옥수수구이
메뉴 대분류: 구이류
메뉴 소분류: 기타 구이류
식재료: 옥수수, 찰옥수수, 삶은것"
D083008,옥수수구이(버터),구이류,기타 구이류,"옥수수, 찰옥수수, 삶은것, 버터, 가염, 소금, 천일염, 가는소금","메뉴명: 옥수수구이(버터)
메뉴 대분류: 구이류
메뉴 소분류: 기타 구이류
식재료: 옥수수, 찰옥수수, 삶은것, 버터, 가염, 소금, 천일염, 가는소금"
D083018,가지스테이크,구이류,기타 구이류,"가지, 생것, 콩기름, 비타민채(다채), 어린잎, 생것, 된장, 개량, 맛술, 마늘, 생것, 참기름, 참깨, 흰색, 볶은것","메뉴명: 가지스테이크
메뉴 대분류: 구이류
메뉴 소분류: 기타 구이류
식재료: 가지, 생것, 콩기름, 비타민채(다채), 어린잎, 생것, 된장, 개량, 맛술, 마늘, 생것, 참기름, 참깨, 흰색, 볶은것"
D083019,곤드레프리타타,구이류,기타 구이류,"고려엉겅퀴(곤드레), 재래종, 잎, 생것, 양파, 생것, 달걀, 생것, 우유, 크림, 생크림, 치즈, 파르메산(파마산), 치즈, 모차렐라, 마늘, 생것, 당근, 뿌리, 생것, 토마토, 방울토마토, 생것, 소금, 천일염, 가는소금, 파슬리, 말린것","메뉴명: 곤드레프리타타
메뉴 대분류: 구이류
메뉴 소분류: 기타 구이류
식재료: 고려엉겅퀴(곤드레), 재래종, 잎, 생것, 양파, 생것, 달걀, 생것, 우유, 크림, 생크림, 치즈, 파르메산(파마산), 치즈, 모차렐라, 마늘, 생것, 당근, 뿌리, 생것, 토마토, 방울토마토, 생것, 소금, 천일염, 가는소금, 파슬리, 말린것"
D083020,단감드레싱 두부구이,구이류,기타 구이류,"두부, 전분, 감자, 가루, 감, 단감, 생것, 간장, 개량, 양조, 생수, 설탕, 백설탕, 레몬 착즙, 식초, 감식초, 참기름, 콩기름","메뉴명: 단감드레싱 두부구이
메뉴 대분류: 구이류
메뉴 소분류: 기타 구이류
식재료: 두부, 전분, 감자, 가루, 감, 단감, 생것, 간장, 개량, 양조, 생수, 설탕, 백설탕, 레몬 착즙, 식초, 감식초, 참기름, 콩기름"
D083021,달걀프리타타,구이류,기타 구이류,"시금치, 생것, 양파, 생것, 양송이버섯, 생것, 소시지, 위너(비엔나)소시지, 토마토, 방울토마토, 생것, 달걀, 생것, 크림, 생크림, 소금, 천일염, 가는소금, 후추, 검은색, 가루, 치즈, 파르메산(파마산), 올리브유, 버터, 가염, 치즈, 모차렐라, 슈레드타입","메뉴명: 달걀프리타타
메뉴 대분류: 구이류
메뉴 소분류: 기타 구이류
식재료: 시금치, 생것, 양파, 생것, 양송이버섯, 생것, 소시지, 위너(비엔나)소시지, 토마토, 방울토마토, 생것, 달걀, 생것, 크림, 생크림, 소금, 천일염, 가는소금, 후추, 검은색, 가루, 치즈, 파르메산(파마산), 올리브유, 버터, 가염, 치즈, 모차렐라, 슈레드타입"
D083022,배추롤오븐구이,구이류,기타 구이류,"배추, 생것, 토마토 소스, 치즈, 모차렐라, 슈레드타입, 돼지고기, 앞다리(앞다리살), 생것, 양파, 생것, 표고버섯, 참나무재배, 생것, 소금, 천일염, 가는소금, 마늘, 생것, 맛술, 참기름, 후추, 검은색, 가루, 콩기름","메뉴명: 배추롤오븐구이
메뉴 대분류: 구이류
메뉴 소분류: 기타 구이류
식재료: 배추, 생것, 토마토 소스, 치즈, 모차렐라, 슈레드타입, 돼지고기, 앞다리(앞다리살), 생것, 양파, 생것, 표고버섯, 참나무재배, 생것, 소금, 천일염, 가는소금, 마늘, 생것, 맛술, 참기름, 후추, 검은색, 가루, 콩기름"
D083023,애호박오븐치즈구이,구이류,기타 구이류,"호박, 애호박, 생것, 양파, 생것, 돼지고기, 등심, 생것, 소금, 천일염, 가는소금, 발효주, 청주, 알코올 16%, 파슬리, 말린것, 후추, 검은색, 가루, 토마토 소스, 치즈, 모차렐라, 슈레드타입","메뉴명: 애호박오븐치즈구이
메뉴 대분류: 구이류
메뉴 소분류: 기타 구이류
식재료: 호박, 애호박, 생것, 양파, 생것, 돼지고기, 등심, 생것, 소금, 천일염, 가는소금, 발효주, 청주, 알코올 16%, 파슬리, 말린것, 후추, 검은색, 가루, 토마토 소스, 치즈, 모차렐라, 슈레드타입"
D083024,통감자오븐구이,구이류,기타 구이류,"감자, 대지, 생것, 피망, 초록색, 생것, 파프리카, 주황색, 생것, 양파, 생것, 파프리카, 빨간색, 생것, 치즈, 모차렐라, 소금, 천일염, 가는소금, 콩기름","메뉴명: 통감자오븐구이
메뉴 대분류: 구이류
메뉴 소분류: 기타 구이류
식재료: 감자, 대지, 생것, 피망, 초록색, 생것, 파프리카, 주황색, 생것, 양파, 생것, 파프리카, 빨간색, 생것, 치즈, 모차렐라, 소금, 천일염, 가는소금, 콩기름"
D083025,배숙구이,구이류,기타 구이류,"배, 생것, 프루트칵테일, 통조림, 생강청, 토마토, 방울토마토, 생것, 탄산수","메뉴명: 배숙구이
메뉴 대분류: 구이류
메뉴 소분류: 기타 구이류
식재료: 배, 생것, 프루트칵테일, 통조림, 생강청, 토마토, 방울토마토, 생것, 탄산수"
D083026,두부까나페,구이류,기타 구이류,"두부, 햄, 슬라이스햄, 올리브유, 로즈메리, 말린것, 소금, 천일염, 가는소금, 마요네즈, 당근, 뿌리, 생것, 양파, 생것, 오이, 다다기, 생것, 간장, 개량, 양조, 마늘, 다진것, 후추, 흰색, 가루","메뉴명: 두부까나페
메뉴 대분류: 구이류
메뉴 소분류: 기타 구이류
식재료: 두부, 햄, 슬라이스햄, 올리브유, 로즈메리, 말린것, 소금, 천일염, 가는소금, 마요네즈, 당근, 뿌리, 생것, 양파, 생것, 오이, 다다기, 생것, 간장, 개량, 양조, 마늘, 다진것, 후추, 흰색, 가루"
D083027,양송이구이,구이류,기타 구이류,"양송이버섯, 생것, 로즈메리, 말린것, 돼지고기, 살코기, 생것, 고추, 청양고추, 생것, 후추, 흰색, 가루, 마늘, 다진것, 달걀, 생것, 밀, 중력밀가루, 겨자, 가루, 레몬 착즙","메뉴명: 양송이구이
메뉴 대분류: 구이류
메뉴 소분류: 기타 구이류
식재료: 양송이버섯, 생것, 로즈메리, 말린것, 돼지고기, 살코기, 생것, 고추, 청양고추, 생것, 후추, 흰색, 가루, 마늘, 다진것, 달걀, 생것, 밀, 중력밀가루, 겨자, 가루, 레몬 착즙"
D083028,가지라따뚜이,구이류,기타 구이류,"가지, 생것, 피망, 초록색, 생것, 파프리카, 빨간색, 생것, 양파, 생것, 토마토, 통조림, 페이스트, 호박, 애호박, 생것, 치즈, 파르메산(파마산), 바질, 잎, 생것","메뉴명: 가지라따뚜이
메뉴 대분류: 구이류
메뉴 소분류: 기타 구이류
식재료: 가지, 생것, 피망, 초록색, 생것, 파프리카, 빨간색, 생것, 양파, 생것, 토마토, 통조림, 페이스트, 호박, 애호박, 생것, 치즈, 파르메산(파마산), 바질, 잎, 생것"
D083029,명란프리타타,구이류,기타 구이류,"명태, 알, 양념젓갈(명란젓), 크림, 생크림, 달걀, 생것, 후추, 흰색, 가루, 시금치, 생것, 토마토, 방울토마토, 생것, 올리브유","메뉴명: 명란프리타타
메뉴 대분류: 구이류
메뉴 소분류: 기타 구이류
식재료: 명태, 알, 양념젓갈(명란젓), 크림, 생크림, 달걀, 생것, 후추, 흰색, 가루, 시금치, 생것, 토마토, 방울토마토, 생것, 올리브유"
D083030,웰빙스테이크,구이류,기타 구이류,"소고기, 한우(1++등급), 등심, 생것, 시금치, 생것, 마늘, 생것, 양파, 생것, 바질, 잎, 생것, 감자, 대지, 생것, 레몬 착즙, 파슬리, 말린것, 머스타드 소스, 씨겨자, 사과, 생것, 버터, 무가염","메뉴명: 웰빙스테이크
메뉴 대분류: 구이류
메뉴 소분류: 기타 구이류
식재료: 소고기, 한우(1++등급), 등심, 생것, 시금치, 생것, 마늘, 생것, 양파, 생것, 바질, 잎, 생것, 감자, 대지, 생것, 레몬 착즙, 파슬리, 말린것, 머스타드 소스, 씨겨자, 사과, 생것, 버터, 무가염"
D083031,한입꼬치구이,구이류,기타 구이류,"돼지고기, 삼겹살, 생것, 고구마, 생것, 파, 대파, 생것, 미니파프리카, 노란색, 생것, 미니파프리카, 빨간색, 생것, 피망, 초록색, 생것, 양송이버섯, 생것, 고추, 빨간색, 말린것, 간장, 개량, 양조, 후추, 검은색, 가루, 로즈메리, 말린것, 콩기름, 오렌지 주스, 레몬 착즙, 과당, 후추, 흰색, 가루, 마늘, 다진것","메뉴명: 한입꼬치구이
메뉴 대분류: 구이류
메뉴 소분류: 기타 구이류
식재료: 돼지고기, 삼겹살, 생것, 고구마, 생것, 파, 대파, 생것, 미니파프리카, 노란색, 생것, 미니파프리카, 빨간색, 생것, 피망, 초록색, 생것, 양송이버섯, 생것, 고추, 빨간색, 말린것, 간장, 개량, 양조, 후추, 검은색, 가루, 로즈메리, 말린것, 콩기름, 오렌지 주스, 레몬 착즙, 과당, 후추, 흰색, 가루, 마늘, 다진것"
D083032,묵은지가지말이,구이류,기타 구이류,"돼지고기, 살코기, 생것, 가지, 생것, 김치, 배추 김치, 피망, 초록색, 생것, 피망, 빨간색, 생것, 양파, 생것, 생강, 뿌리줄기, 생것, 마늘, 생것, 올리브유, 레몬, 생것, 발효주, 과실주, 포도주, 적포도주, 알코올 13%, 과당, 월계수, 잎, 말린것, 정향, 가루, 후추, 흰색, 가루, 생수","메뉴명: 묵은지가지말이
메뉴 대분류: 구이류
메뉴 소분류: 기타 구이류
식재료: 돼지고기, 살코기, 생것, 가지, 생것, 김치, 배추 김치, 피망, 초록색, 생것, 피망, 빨간색, 생것, 양파, 생것, 생강, 뿌리줄기, 생것, 마늘, 생것, 올리브유, 레몬, 생것, 발효주, 과실주, 포도주, 적포도주, 알코올 13%, 과당, 월계수, 잎, 말린것, 정향, 가루, 후추, 흰색, 가루, 생수"
D083033,고구마두부스테이크,구이류,기타 구이류,"두부, 고구마, 생것, 마늘, 생것, 파, 대파, 생것, 양파, 생것, 찹쌀, 백미, 가루, 양송이버섯, 생것, 다시마 육수, 청국장, 유자청, 전분, 감자, 가루","메뉴명: 고구마두부스테이크
메뉴 대분류: 구이류
메뉴 소분류: 기타 구이류
식재료: 두부, 고구마, 생것, 마늘, 생것, 파, 대파, 생것, 양파, 생것, 찹쌀, 백미, 가루, 양송이버섯, 생것, 다시마 육수, 청국장, 유자청, 전분, 감자, 가루"
D083034,김말이두부스테이크,구이류,기타 구이류,"두부, 김, 참김, 생것, 소금, 천일염, 가는소금, 소고기, 한우(1++등급), 등심, 생것, 양파, 생것, 표고버섯, 배지재배, 생것, 큰느타리버섯(새송이버섯), 생것, 밀, 중력밀가루, 후추, 흰색, 가루, 고구마, 생것, 호박, 단호박, 생것, 아스파라거스, 생것, 발효주, 과실주, 포도주, 적포도주, 알코올 13%, 토마토, 생것, 마늘, 생것, 버터, 무가염, 올리브유, 식초, 발사믹","메뉴명: 김말이두부스테이크
메뉴 대분류: 구이류
메뉴 소분류: 기타 구이류
식재료: 두부, 김, 참김, 생것, 소금, 천일염, 가는소금, 소고기, 한우(1++등급), 등심, 생것, 양파, 생것, 표고버섯, 배지재배, 생것, 큰느타리버섯(새송이버섯), 생것, 밀, 중력밀가루, 후추, 흰색, 가루, 고구마, 생것, 호박, 단호박, 생것, 아스파라거스, 생것, 발효주, 과실주, 포도주, 적포도주, 알코올 13%, 토마토, 생것, 마늘, 생것, 버터, 무가염, 올리브유, 식초, 발사믹"
D083035,두부구이와 버섯소스,구이류,기타 구이류,"두부, 느타리버섯, 생것, 발사믹 소스, 올리브유, 과당, 파, 쪽파, 생것, 간장, 개량, 양조","메뉴명: 두부구이와 버섯소스
메뉴 대분류: 구이류
메뉴 소분류: 기타 구이류
식재료: 두부, 느타리버섯, 생것, 발사믹 소스, 올리브유, 과당, 파, 쪽파, 생것, 간장, 개량, 양조"
D091001,게맛살전,전류,어패류전,"게맛살, 어육함량이 낮은것, 밀, 중력밀가루, 달걀, 부침(달걀프라이), 콩기름, 파, 대파, 생것, 소금, 천일염, 가는소금","메뉴명: 게맛살전
메뉴 대분류: 전류
메뉴 소분류: 어패류전
식재료: 게맛살, 어육함량이 낮은것, 밀, 중력밀가루, 달걀, 부침(달걀프라이), 콩기름, 파, 대파, 생것, 소금, 천일염, 가는소금"
D091002,게맛살전(느타리버섯),전류,어패류전,"파, 쪽파, 생것, 게맛살, 어육함량이 낮은것, 달걀, 부침(달걀프라이), 느타리버섯, 데친것, 밀, 중력밀가루, 콩기름, 소금, 천일염, 가는소금","메뉴명: 게맛살전(느타리버섯)
메뉴 대분류: 전류
메뉴 소분류: 어패류전
식재료: 파, 쪽파, 생것, 게맛살, 어육함량이 낮은것, 달걀, 부침(달걀프라이), 느타리버섯, 데친것, 밀, 중력밀가루, 콩기름, 소금, 천일염, 가는소금"
D091003,고등어전,전류,어패류전,"고등어, 구운것, 달걀, 부침(달걀프라이), 밀, 중력밀가루, 소금, 천일염, 가는소금, 콩기름","메뉴명: 고등어전
메뉴 대분류: 전류
메뉴 소분류: 어패류전
식재료: 고등어, 구운것, 달걀, 부침(달걀프라이), 밀, 중력밀가루, 소금, 천일염, 가는소금, 콩기름"
D091004,굴전,전류,어패류전,"굴, 튀긴것(튀김옷), 밀, 중력밀가루, 달걀, 부침(달걀프라이), 콩기름, 파, 대파, 생것, 소금, 천일염, 가는소금","메뉴명: 굴전
메뉴 대분류: 전류
메뉴 소분류: 어패류전
식재료: 굴, 튀긴것(튀김옷), 밀, 중력밀가루, 달걀, 부침(달걀프라이), 콩기름, 파, 대파, 생것, 소금, 천일염, 가는소금"
D091005,대구전,전류,어패류전,"대구, 포, 말린것, 달걀, 부침(달걀프라이), 밀, 중력밀가루, 콩기름, 마늘, 생것, 소금, 천일염, 가는소금, 후추, 검은색, 가루","메뉴명: 대구전
메뉴 대분류: 전류
메뉴 소분류: 어패류전
식재료: 대구, 포, 말린것, 달걀, 부침(달걀프라이), 밀, 중력밀가루, 콩기름, 마늘, 생것, 소금, 천일염, 가는소금, 후추, 검은색, 가루"
D091006,동태전,전류,어패류전,"명태, 구운것, 달걀, 부침(달걀프라이), 밀, 중력밀가루, 콩기름, 마늘, 생것, 소금, 천일염, 가는소금, 후추, 검은색, 가루","메뉴명: 동태전
메뉴 대분류: 전류
메뉴 소분류: 어패류전
식재료: 명태, 구운것, 달걀, 부침(달걀프라이), 밀, 중력밀가루, 콩기름, 마늘, 생것, 소금, 천일염, 가는소금, 후추, 검은색, 가루"
D091007,병어전,전류,어패류전,"병어, 생것, 달걀, 부침(달걀프라이), 밀, 중력밀가루, 소금, 천일염, 가는소금, 콩기름","메뉴명: 병어전
메뉴 대분류: 전류
메뉴 소분류: 어패류전
식재료: 병어, 생것, 달걀, 부침(달걀프라이), 밀, 중력밀가루, 소금, 천일염, 가는소금, 콩기름"
D091008,새우전,전류,어패류전,"새우, 중하, 생것, 밀, 중력밀가루, 달걀, 부침(달걀프라이), 콩기름, 파, 대파, 생것, 소금, 천일염, 가는소금","메뉴명: 새우전
메뉴 대분류: 전류
메뉴 소분류: 어패류전
식재료: 새우, 중하, 생것, 밀, 중력밀가루, 달걀, 부침(달걀프라이), 콩기름, 파, 대파, 생것, 소금, 천일염, 가는소금"
D091009,어묵부침,전류,어패류전,"어묵, 달걀, 부침(달걀프라이), 밀, 중력밀가루, 콩기름, 소금, 천일염, 가는소금, 후추, 검은색, 가루","메뉴명: 어묵부침
메뉴 대분류: 전류
메뉴 소분류: 어패류전
식재료: 어묵, 달걀, 부침(달걀프라이), 밀, 중력밀가루, 콩기름, 소금, 천일염, 가는소금, 후추, 검은색, 가루"
D091010,오징어전,전류,어패류전,"오징어, 냉동, 달걀, 부침(달걀프라이), 옥수수, 통조림, 가당, 피망, 초록색, 데친것, 밀, 부침가루, 소금, 천일염, 가는소금, 후추, 검은색, 가루","메뉴명: 오징어전
메뉴 대분류: 전류
메뉴 소분류: 어패류전
식재료: 오징어, 냉동, 달걀, 부침(달걀프라이), 옥수수, 통조림, 가당, 피망, 초록색, 데친것, 밀, 부침가루, 소금, 천일염, 가는소금, 후추, 검은색, 가루"
D091011,참치전,전류,어패류전,"다랑어, 가다랑어, 통조림, 유지, 달걀, 부침(달걀프라이), 밀, 중력밀가루, 콩기름, 소금, 천일염, 가는소금, 후추, 검은색, 가루","메뉴명: 참치전
메뉴 대분류: 전류
메뉴 소분류: 어패류전
식재료: 다랑어, 가다랑어, 통조림, 유지, 달걀, 부침(달걀프라이), 밀, 중력밀가루, 콩기름, 소금, 천일염, 가는소금, 후추, 검은색, 가루"
D091012,해물파전,전류,어패류전,"오징어, 구운것, 파, 대파, 생것, 달걀, 부침(달걀프라이), 밀, 중력밀가루, 부추, 재래종, 데친것, 새우, 중하, 생것, 양파, 데친것, 조개, 살조개, 생것, 담치, 참담치(홍합), 생것, 고추, 풋고추, 생것, 콩기름, 소금, 천일염, 가는소금","메뉴명: 해물파전
메뉴 대분류: 전류
메뉴 소분류: 어패류전
식재료: 오징어, 구운것, 파, 대파, 생것, 달걀, 부침(달걀프라이), 밀, 중력밀가루, 부추, 재래종, 데친것, 새우, 중하, 생것, 양파, 데친것, 조개, 살조개, 생것, 담치, 참담치(홍합), 생것, 고추, 풋고추, 생것, 콩기름, 소금, 천일염, 가는소금"
D091013,홍합전,전류,어패류전,"담치, 참담치(홍합), 생것, 달걀, 부침(달걀프라이), 밀, 중력밀가루, 파, 대파, 생것, 콩기름, 소금, 천일염, 가는소금","메뉴명: 홍합전
메뉴 대분류: 전류
메뉴 소분류: 어패류전
식재료: 담치, 참담치(홍합), 생것, 달걀, 부침(달걀프라이), 밀, 중력밀가루, 파, 대파, 생것, 콩기름, 소금, 천일염, 가는소금"
D091021,고춧잎 조갯살전,전류,어패류전,"고춧잎, 생것, 양파, 생것, 바지락, 생것, 감자, 부침가루, 달걀, 생것, 생수, 참깨, 검은색, 볶은것, 고추, 초록색, 녹광, 생것, 고추, 빨간색, 생것, 간장, 개량, 양조, 식초, 감식초, 콩기름","메뉴명: 고춧잎 조갯살전
메뉴 대분류: 전류
메뉴 소분류: 어패류전
식재료: 고춧잎, 생것, 양파, 생것, 바지락, 생것, 감자, 부침가루, 달걀, 생것, 생수, 참깨, 검은색, 볶은것, 고추, 초록색, 녹광, 생것, 고추, 빨간색, 생것, 간장, 개량, 양조, 식초, 감식초, 콩기름"
D091022,깻잎 새우전,전류,어패류전,"새우, 중하, 생것, 들깻잎, 생것, 파, 대파, 생것, 후추, 검은색, 가루, 달걀, 생것, 밀, 부침가루, 콩기름","메뉴명: 깻잎 새우전
메뉴 대분류: 전류
메뉴 소분류: 어패류전
식재료: 새우, 중하, 생것, 들깻잎, 생것, 파, 대파, 생것, 후추, 검은색, 가루, 달걀, 생것, 밀, 부침가루, 콩기름"
D091023,우리밀싹 명란달걀말이,전류,어패류전,"메밀, 싹, 생것, 명태, 알, 양념젓갈(명란젓), 달걀, 생것, 맛술, 소금, 천일염, 가는소금, 콩기름","메뉴명: 우리밀싹 명란달걀말이
메뉴 대분류: 전류
메뉴 소분류: 어패류전
식재료: 메밀, 싹, 생것, 명태, 알, 양념젓갈(명란젓), 달걀, 생것, 맛술, 소금, 천일염, 가는소금, 콩기름"
D092001,돼지고기전,전류,육류전,"돼지고기, 등심, 구운것(팬), 달걀, 부침(달걀프라이), 밀, 중력밀가루, 콩기름, 소금, 천일염, 가는소금, 후추, 검은색, 가루","메뉴명: 돼지고기전
메뉴 대분류: 전류
메뉴 소분류: 육류전
식재료: 돼지고기, 등심, 구운것(팬), 달걀, 부침(달걀프라이), 밀, 중력밀가루, 콩기름, 소금, 천일염, 가는소금, 후추, 검은색, 가루"
D092002,소간전,전류,육류전,"소 부산물, 간, 생것, 달걀, 부침(달걀프라이), 밀, 중력밀가루, 콩기름, 소금, 천일염, 가는소금, 후추, 검은색, 가루","메뉴명: 소간전
메뉴 대분류: 전류
메뉴 소분류: 육류전
식재료: 소 부산물, 간, 생것, 달걀, 부침(달걀프라이), 밀, 중력밀가루, 콩기름, 소금, 천일염, 가는소금, 후추, 검은색, 가루"
D092003,소고기내장전(천엽),전류,육류전,"소 부산물, 천엽, 생것, 달걀, 부침(달걀프라이), 밀, 중력밀가루, 콩기름, 소금, 천일염, 가는소금, 후추, 검은색, 가루","메뉴명: 소고기내장전(천엽)
메뉴 대분류: 전류
메뉴 소분류: 육류전
식재료: 소 부산물, 천엽, 생것, 달걀, 부침(달걀프라이), 밀, 중력밀가루, 콩기름, 소금, 천일염, 가는소금, 후추, 검은색, 가루"
D092004,소고기전,전류,육류전,"소고기, 한우, 등심, 구운것(팬), 달걀, 부침(달걀프라이), 밀, 중력밀가루, 콩기름, 소금, 천일염, 가는소금, 후추, 검은색, 가루","메뉴명: 소고기전
메뉴 대분류: 전류
메뉴 소분류: 육류전
식재료: 소고기, 한우, 등심, 구운것(팬), 달걀, 부침(달걀프라이), 밀, 중력밀가루, 콩기름, 소금, 천일염, 가는소금, 후추, 검은색, 가루"
D092005,소시지부침,전류,육류전,"소시지, 프랑크푸르트소시지, 달걀, 부침(달걀프라이), 콩기름, 소금, 천일염, 가는소금","메뉴명: 소시지부침
메뉴 대분류: 전류
메뉴 소분류: 육류전
식재료: 소시지, 프랑크푸르트소시지, 달걀, 부침(달걀프라이), 콩기름, 소금, 천일염, 가는소금"
D092006,완자전(돼지고기),전류,육류전,"돼지고기, 등심, 구운것(팬), 두부, 양파, 데친것, 밀, 중력밀가루, 당근, 뿌리, 데친것, 콩기름, 마늘, 생것, 소금, 천일염, 가는소금, 후추, 검은색, 가루","메뉴명: 완자전(돼지고기)
메뉴 대분류: 전류
메뉴 소분류: 육류전
식재료: 돼지고기, 등심, 구운것(팬), 두부, 양파, 데친것, 밀, 중력밀가루, 당근, 뿌리, 데친것, 콩기름, 마늘, 생것, 소금, 천일염, 가는소금, 후추, 검은색, 가루"
D092007,완자전(소고기),전류,육류전,"소고기, 한우, 등심, 구운것(팬), 두부, 양파, 데친것, 달걀, 부침(달걀프라이), 밀, 중력밀가루, 콩기름, 파, 쪽파, 생것, 마늘, 생것, 소금, 천일염, 가는소금, 후추, 검은색, 가루","메뉴명: 완자전(소고기)
메뉴 대분류: 전류
메뉴 소분류: 육류전
식재료: 소고기, 한우, 등심, 구운것(팬), 두부, 양파, 데친것, 달걀, 부침(달걀프라이), 밀, 중력밀가루, 콩기름, 파, 쪽파, 생것, 마늘, 생것, 소금, 천일염, 가는소금, 후추, 검은색, 가루"
D092008,햄부침,전류,육류전,"햄, 등심햄, 달걀, 부침(달걀프라이), 밀, 중력밀가루, 콩기름, 소금, 천일염, 가는소금, 후추, 검은색, 가루","메뉴명: 햄부침
메뉴 대분류: 전류
메뉴 소분류: 육류전
식재료: 햄, 등심햄, 달걀, 부침(달걀프라이), 밀, 중력밀가루, 콩기름, 소금, 천일염, 가는소금, 후추, 검은색, 가루"
D092009,화양적,전류,육류전,"소고기, 한우, 등심, 구운것(팬), 오이, 다다기, 생것, 파, 대파, 생것, 달걀, 부침(달걀프라이), 고추, 풋고추, 생것, 콩기름, 마늘, 생것, 소금, 천일염, 가는소금, 후추, 검은색, 가루","메뉴명: 화양적
메뉴 대분류: 전류
메뉴 소분류: 육류전
식재료: 소고기, 한우, 등심, 구운것(팬), 오이, 다다기, 생것, 파, 대파, 생것, 달걀, 부침(달걀프라이), 고추, 풋고추, 생것, 콩기름, 마늘, 생것, 소금, 천일염, 가는소금, 후추, 검은색, 가루"
D092011,돼지고기완자전,전류,육류전,"돼지고기, 등심, 구운것(팬), 두부, 양파, 데친것, 당근, 뿌리, 데친것, 밀, 중력밀가루, 달걀, 부침(달걀프라이), 파, 대파, 생것, 마늘, 생것, 콩기름, 소금, 천일염, 가는소금, 참깨, 흰색, 볶은것, 참기름, 후추, 검은색, 가루","메뉴명: 돼지고기완자전
메뉴 대분류: 전류
메뉴 소분류: 육류전
식재료: 돼지고기, 등심, 구운것(팬), 두부, 양파, 데친것, 당근, 뿌리, 데친것, 밀, 중력밀가루, 달걀, 부침(달걀프라이), 파, 대파, 생것, 마늘, 생것, 콩기름, 소금, 천일염, 가는소금, 참깨, 흰색, 볶은것, 참기름, 후추, 검은색, 가루"
D092013,겨자깨소스를 곁들인 소고기찹쌀전,전류,육류전,"소고기, 한우(1등급), 우둔, 생것, 찹쌀, 백미, 가루, 무 절임, 쌈무, 토마토, 방울토마토, 생것, 비타민채(다채), 생것, 치커리, 잎, 생것, 상추, 결구(양상추), 녹색, 생것, 간장, 개량, 양조, 발효주, 청주, 알코올 16%, 후추, 검은색, 가루, 겨자 페이스트, 식초, 감식초, 매실청, 생수, 마늘, 생것, 참기름, 마요네즈, 참깨, 흰색, 볶은것, 콩기름","메뉴명: 겨자깨소스를 곁들인 소고기찹쌀전
메뉴 대분류: 전류
메뉴 소분류: 육류전
식재료: 소고기, 한우(1등급), 우둔, 생것, 찹쌀, 백미, 가루, 무 절임, 쌈무, 토마토, 방울토마토, 생것, 비타민채(다채), 생것, 치커리, 잎, 생것, 상추, 결구(양상추), 녹색, 생것, 간장, 개량, 양조, 발효주, 청주, 알코올 16%, 후추, 검은색, 가루, 겨자 페이스트, 식초, 감식초, 매실청, 생수, 마늘, 생것, 참기름, 마요네즈, 참깨, 흰색, 볶은것, 콩기름"
D092014,옥수수고기완자전,전류,육류전,"돼지고기, 등심, 생것, 두부, 옥수수, 단옥수수, 생것, 밀, 중력밀가루, 달걀, 생것, 당근, 뿌리, 생것, 부추, 재래종, 생것, 양파, 생것, 간장, 개량, 양조, 소금, 천일염, 가는소금, 후추, 검은색, 가루, 생강, 뿌리줄기, 생것, 콩기름","메뉴명: 옥수수고기완자전
메뉴 대분류: 전류
메뉴 소분류: 육류전
식재료: 돼지고기, 등심, 생것, 두부, 옥수수, 단옥수수, 생것, 밀, 중력밀가루, 달걀, 생것, 당근, 뿌리, 생것, 부추, 재래종, 생것, 양파, 생것, 간장, 개량, 양조, 소금, 천일염, 가는소금, 후추, 검은색, 가루, 생강, 뿌리줄기, 생것, 콩기름"
D092015,육전 야채쌈,전류,육류전,"소고기, 한우, 등심, 생것, 들깻잎, 생것, 양파, 생것, 파프리카, 노란색, 생것, 파프리카, 빨간색, 생것, 찹쌀, 백미, 가루, 콩기름, 소금, 천일염, 가는소금, 후추, 검은색, 가루, 겨자 페이스트, 식초, 감식초, 설탕, 백설탕","메뉴명: 육전 야채쌈
메뉴 대분류: 전류
메뉴 소분류: 육류전
식재료: 소고기, 한우, 등심, 생것, 들깻잎, 생것, 양파, 생것, 파프리카, 노란색, 생것, 파프리카, 빨간색, 생것, 찹쌀, 백미, 가루, 콩기름, 소금, 천일염, 가는소금, 후추, 검은색, 가루, 겨자 페이스트, 식초, 감식초, 설탕, 백설탕"
D092016,미역 닭가슴살전,전류,육류전,"닭고기, 가슴, 생것, 미역, 말린것, 두부, 고추, 청양고추, 생것, 파, 대파, 생것, 당근, 뿌리, 생것, 달걀, 생것, 간장, 개량, 양조, 식초, 양조, 레몬 착즙, 고추냉이, 페이스트, 참깨, 흰색, 볶은것","메뉴명: 미역 닭가슴살전
메뉴 대분류: 전류
메뉴 소분류: 육류전
식재료: 닭고기, 가슴, 생것, 미역, 말린것, 두부, 고추, 청양고추, 생것, 파, 대파, 생것, 당근, 뿌리, 생것, 달걀, 생것, 간장, 개량, 양조, 식초, 양조, 레몬 착즙, 고추냉이, 페이스트, 참깨, 흰색, 볶은것"
D093001,가지전,전류,채소류전,"가지, 데친것, 달걀, 부침(달걀프라이), 밀, 중력밀가루, 콩기름, 소금, 천일염, 가는소금","메뉴명: 가지전
메뉴 대분류: 전류
메뉴 소분류: 채소류전
식재료: 가지, 데친것, 달걀, 부침(달걀프라이), 밀, 중력밀가루, 콩기름, 소금, 천일염, 가는소금"
D093002,감자전,전류,채소류전,"감자 튀김, 튀긴것, 달걀, 부침(달걀프라이), 밀, 중력밀가루, 콩기름, 소금, 천일염, 가는소금","메뉴명: 감자전
메뉴 대분류: 전류
메뉴 소분류: 채소류전
식재료: 감자 튀김, 튀긴것, 달걀, 부침(달걀프라이), 밀, 중력밀가루, 콩기름, 소금, 천일염, 가는소금"
D093003,고구마전,전류,채소류전,"고구마, 점질(호박) 고구마, 구운것, 달걀, 부침(달걀프라이), 밀, 중력밀가루, 콩기름, 소금, 천일염, 가는소금","메뉴명: 고구마전
메뉴 대분류: 전류
메뉴 소분류: 채소류전
식재료: 고구마, 점질(호박) 고구마, 구운것, 달걀, 부침(달걀프라이), 밀, 중력밀가루, 콩기름, 소금, 천일염, 가는소금"
D093004,고추전,전류,채소류전,"달걀, 부침(달걀프라이), 돼지고기, 등심, 구운것(팬), 밀, 중력밀가루, 고추, 풋고추, 생것, 두부, 콩기름, 파, 대파, 생것, 마늘, 생것, 소금, 천일염, 가는소금, 참기름","메뉴명: 고추전
메뉴 대분류: 전류
메뉴 소분류: 채소류전
식재료: 달걀, 부침(달걀프라이), 돼지고기, 등심, 구운것(팬), 밀, 중력밀가루, 고추, 풋고추, 생것, 두부, 콩기름, 파, 대파, 생것, 마늘, 생것, 소금, 천일염, 가는소금, 참기름"
D093005,김치전,전류,채소류전,"김치, 배추 김치, 양파, 데친것, 밀, 중력밀가루, 다랑어, 가다랑어, 통조림, 유지, 달걀, 부침(달걀프라이), 콩기름, 파, 대파, 생것","메뉴명: 김치전
메뉴 대분류: 전류
메뉴 소분류: 채소류전
식재료: 김치, 배추 김치, 양파, 데친것, 밀, 중력밀가루, 다랑어, 가다랑어, 통조림, 유지, 달걀, 부침(달걀프라이), 콩기름, 파, 대파, 생것"
D093006,깻잎전,전류,채소류전,"들깻잎, 데친것, 밀, 중력밀가루, 달걀, 부침(달걀프라이), 콩기름, 소금, 천일염, 가는소금","메뉴명: 깻잎전
메뉴 대분류: 전류
메뉴 소분류: 채소류전
식재료: 들깻잎, 데친것, 밀, 중력밀가루, 달걀, 부침(달걀프라이), 콩기름, 소금, 천일염, 가는소금"
D093007,깻잎전(소고기),전류,채소류전,"소고기, 한우, 등심, 구운것(팬), 밀, 중력밀가루, 들깻잎, 데친것, 달걀, 부침(달걀프라이), 콩기름, 소금, 천일염, 가는소금","메뉴명: 깻잎전(소고기)
메뉴 대분류: 전류
메뉴 소분류: 채소류전
식재료: 소고기, 한우, 등심, 구운것(팬), 밀, 중력밀가루, 들깻잎, 데친것, 달걀, 부침(달걀프라이), 콩기름, 소금, 천일염, 가는소금"
D093008,더덕산적,전류,채소류전,"더덕, 뿌리, 생것, 달걀, 부침(달걀프라이), 밀, 중력밀가루, 콩기름, 소금, 천일염, 가는소금, 참기름, 마늘, 생것, 파, 쪽파, 생것","메뉴명: 더덕산적
메뉴 대분류: 전류
메뉴 소분류: 채소류전
식재료: 더덕, 뿌리, 생것, 달걀, 부침(달걀프라이), 밀, 중력밀가루, 콩기름, 소금, 천일염, 가는소금, 참기름, 마늘, 생것, 파, 쪽파, 생것"
D093009,두릅적,전류,채소류전,"두릅, 참두릅, 데친것, 소고기, 한우, 등심, 구운것(팬), 달걀, 부침(달걀프라이), 파, 쪽파, 생것, 밀, 중력밀가루, 콩기름, 소금, 천일염, 가는소금","메뉴명: 두릅적
메뉴 대분류: 전류
메뉴 소분류: 채소류전
식재료: 두릅, 참두릅, 데친것, 소고기, 한우, 등심, 구운것(팬), 달걀, 부침(달걀프라이), 파, 쪽파, 생것, 밀, 중력밀가루, 콩기름, 소금, 천일염, 가는소금"
D093012,버섯전(모둠),전류,채소류전,"양송이버섯, 데친것, 밀, 중력밀가루, 느타리버섯, 데친것, 달걀, 부침(달걀프라이), 표고버섯, 참나무재배, 말린것, 삶은것, 콩기름, 소금, 천일염, 가는소금","메뉴명: 버섯전(모둠)
메뉴 대분류: 전류
메뉴 소분류: 채소류전
식재료: 양송이버섯, 데친것, 밀, 중력밀가루, 느타리버섯, 데친것, 달걀, 부침(달걀프라이), 표고버섯, 참나무재배, 말린것, 삶은것, 콩기름, 소금, 천일염, 가는소금"
D093013,부추전,전류,채소류전,"오징어, 구운것, 부추, 재래종, 데친것, 담치, 참담치(홍합), 생것, 밀, 중력밀가루, 고추, 풋고추, 생것, 고추, 빨간색, 생것, 콩기름, 소금, 천일염, 가는소금","메뉴명: 부추전
메뉴 대분류: 전류
메뉴 소분류: 채소류전
식재료: 오징어, 구운것, 부추, 재래종, 데친것, 담치, 참담치(홍합), 생것, 밀, 중력밀가루, 고추, 풋고추, 생것, 고추, 빨간색, 생것, 콩기름, 소금, 천일염, 가는소금"
D093014,야채전,전류,채소류전,"감자 튀김, 튀긴것, 밀, 중력밀가루, 달걀, 부침(달걀프라이), 들깻잎, 데친것, 피망, 초록색, 데친것, 고추, 풋고추, 생것, 콩기름, 소금, 천일염, 가는소금","메뉴명: 야채전
메뉴 대분류: 전류
메뉴 소분류: 채소류전
식재료: 감자 튀김, 튀긴것, 밀, 중력밀가루, 달걀, 부침(달걀프라이), 들깻잎, 데친것, 피망, 초록색, 데친것, 고추, 풋고추, 생것, 콩기름, 소금, 천일염, 가는소금"
D093015,연근전,전류,채소류전,"연근, 생것, 달걀, 부침(달걀프라이), 밀, 중력밀가루, 콩기름, 소금, 천일염, 가는소금","메뉴명: 연근전
메뉴 대분류: 전류
메뉴 소분류: 채소류전
식재료: 연근, 생것, 달걀, 부침(달걀프라이), 밀, 중력밀가루, 콩기름, 소금, 천일염, 가는소금"
D093016,파전(오징어),전류,채소류전,"밀, 중력밀가루, 파, 대파, 생것, 대합, 북방대합, 생것, 오징어, 구운것, 콩기름, 달걀, 부침(달걀프라이), 마늘, 생것, 소금, 천일염, 가는소금","메뉴명: 파전(오징어)
메뉴 대분류: 전류
메뉴 소분류: 채소류전
식재료: 밀, 중력밀가루, 파, 대파, 생것, 대합, 북방대합, 생것, 오징어, 구운것, 콩기름, 달걀, 부침(달걀프라이), 마늘, 생것, 소금, 천일염, 가는소금"
D093017,"파전(오징어, 조개살)",전류,채소류전,"파, 대파, 생것, 밀, 중력밀가루, 대합, 북방대합, 생것, 오징어, 구운것, 콩기름, 달걀, 부침(달걀프라이), 조개, 살조개, 생것, 마늘, 생것, 소금, 천일염, 가는소금","메뉴명: 파전(오징어, 조개살)
메뉴 대분류: 전류
메뉴 소분류: 채소류전
식재료: 파, 대파, 생것, 밀, 중력밀가루, 대합, 북방대합, 생것, 오징어, 구운것, 콩기름, 달걀, 부침(달걀프라이), 조개, 살조개, 생것, 마늘, 생것, 소금, 천일염, 가는소금"
D093018,피망전,전류,채소류전,"밀, 중력밀가루, 달걀, 부침(달걀프라이), 들깻잎, 데친것, 피망, 초록색, 데친것, 고추, 풋고추, 생것, 콩기름, 소금, 천일염, 가는소금","메뉴명: 피망전
메뉴 대분류: 전류
메뉴 소분류: 채소류전
식재료: 밀, 중력밀가루, 달걀, 부침(달걀프라이), 들깻잎, 데친것, 피망, 초록색, 데친것, 고추, 풋고추, 생것, 콩기름, 소금, 천일염, 가는소금"
D093019,호박전(늙은호박),전류,채소류전,"호박, 늙은호박, 찐것, 달걀, 부침(달걀프라이), 콩기름, 밀, 중력밀가루, 소금, 천일염, 가는소금","메뉴명: 호박전(늙은호박)
메뉴 대분류: 전류
메뉴 소분류: 채소류전
식재료: 호박, 늙은호박, 찐것, 달걀, 부침(달걀프라이), 콩기름, 밀, 중력밀가루, 소금, 천일염, 가는소금"
D093020,호박전(애호박),전류,채소류전,"호박, 애호박, 데친것, 달걀, 부침(달걀프라이), 콩기름, 밀, 중력밀가루, 소금, 천일염, 가는소금, 마늘, 생것, 파, 대파, 생것","메뉴명: 호박전(애호박)
메뉴 대분류: 전류
메뉴 소분류: 채소류전
식재료: 호박, 애호박, 데친것, 달걀, 부침(달걀프라이), 콩기름, 밀, 중력밀가루, 소금, 천일염, 가는소금, 마늘, 생것, 파, 대파, 생것"
D093025,미나리전,전류,채소류전,"미나리, 물미나리, 데친것, 달걀, 부침(달걀프라이), 소고기, 한우, 등심, 구운것(팬), 멥쌀, 백미, 가루, 밀, 중력밀가루, 고추, 풋고추, 생것, 소금, 천일염, 가는소금, 콩기름","메뉴명: 미나리전
메뉴 대분류: 전류
메뉴 소분류: 채소류전
식재료: 미나리, 물미나리, 데친것, 달걀, 부침(달걀프라이), 소고기, 한우, 등심, 구운것(팬), 멥쌀, 백미, 가루, 밀, 중력밀가루, 고추, 풋고추, 생것, 소금, 천일염, 가는소금, 콩기름"
D093028,배추전,전류,채소류전,"배추, 데친것, 밀, 중력밀가루, 소금, 천일염, 가는소금, 콩기름, 참기름, 밀, 부침가루","메뉴명: 배추전
메뉴 대분류: 전류
메뉴 소분류: 채소류전
식재료: 배추, 데친것, 밀, 중력밀가루, 소금, 천일염, 가는소금, 콩기름, 참기름, 밀, 부침가루"
D093032,칡전,전류,채소류전,"전분, 칡뿌리, 가루, 밀, 중력밀가루, 고추, 풋고추, 생것, 고추, 빨간색, 생것, 호박, 애호박, 데친것, 소금, 천일염, 가는소금, 콩기름","메뉴명: 칡전
메뉴 대분류: 전류
메뉴 소분류: 채소류전
식재료: 전분, 칡뿌리, 가루, 밀, 중력밀가루, 고추, 풋고추, 생것, 고추, 빨간색, 생것, 호박, 애호박, 데친것, 소금, 천일염, 가는소금, 콩기름"
D093035,파전,전류,채소류전,"파, 쪽파, 생것, 양파, 데친것, 고추, 빨간색, 생것, 밀, 중력밀가루, 달걀, 부침(달걀프라이), 소금, 천일염, 가는소금, 콩기름","메뉴명: 파전
메뉴 대분류: 전류
메뉴 소분류: 채소류전
식재료: 파, 쪽파, 생것, 양파, 데친것, 고추, 빨간색, 생것, 밀, 중력밀가루, 달걀, 부침(달걀프라이), 소금, 천일염, 가는소금, 콩기름"
D093037,호박전(애호박),전류,채소류전,"밀, 중력밀가루, 파, 대파, 생것, 호박, 애호박, 데친것, 달걀, 부침(달걀프라이), 콩기름, 소금, 천일염, 가는소금","메뉴명: 호박전(애호박)
메뉴 대분류: 전류
메뉴 소분류: 채소류전
식재료: 밀, 중력밀가루, 파, 대파, 생것, 호박, 애호박, 데친것, 달걀, 부침(달걀프라이), 콩기름, 소금, 천일염, 가는소금"
D093039,호박전(애호박),전류,채소류전,"호박, 애호박, 데친것, 달걀, 부침(달걀프라이), 콩기름, 밀, 중력밀가루, 소금, 천일염, 가는소금, 마늘, 생것, 파, 대파, 생것","메뉴명: 호박전(애호박)
메뉴 대분류: 전류
메뉴 소분류: 채소류전
식재료: 호박, 애호박, 데친것, 달걀, 부침(달걀프라이), 콩기름, 밀, 중력밀가루, 소금, 천일염, 가는소금, 마늘, 생것, 파, 대파, 생것"
D093040,배추전,전류,채소류전,"배추, 데친것, 밀, 중력밀가루, 소금, 천일염, 가는소금, 콩기름, 참기름, 밀, 부침가루, 배추, 봄 재배, 삶은것","메뉴명: 배추전
메뉴 대분류: 전류
메뉴 소분류: 채소류전
식재료: 배추, 데친것, 밀, 중력밀가루, 소금, 천일염, 가는소금, 콩기름, 참기름, 밀, 부침가루, 배추, 봄 재배, 삶은것"
D093041,고사리전,전류,채소류전,"고사리, 데친것, 양파, 생것, 당근, 뿌리, 생것, 소고기, 한우(1등급), 설도, 생것, 달걀, 생것, 밀, 부침가루, 고추, 초록색, 녹광, 생것, 고추, 빨간색, 생것, 설탕, 백설탕, 간장, 개량, 양조, 맛술, 들기름, 소금, 천일염, 가는소금, 콩기름, 고춧가루, 식초, 감식초, 생수, 참깨, 흰색, 볶은것","메뉴명: 고사리전
메뉴 대분류: 전류
메뉴 소분류: 채소류전
식재료: 고사리, 데친것, 양파, 생것, 당근, 뿌리, 생것, 소고기, 한우(1등급), 설도, 생것, 달걀, 생것, 밀, 부침가루, 고추, 초록색, 녹광, 생것, 고추, 빨간색, 생것, 설탕, 백설탕, 간장, 개량, 양조, 맛술, 들기름, 소금, 천일염, 가는소금, 콩기름, 고춧가루, 식초, 감식초, 생수, 참깨, 흰색, 볶은것"
D093042,기장 감자채전,전류,채소류전,"기장, 도정, 생것, 김치, 배추 김치, 감자, 대지, 생것, 밀, 부침가루, 생수, 달걀, 생것, 양파, 생것, 콩기름","메뉴명: 기장 감자채전
메뉴 대분류: 전류
메뉴 소분류: 채소류전
식재료: 기장, 도정, 생것, 김치, 배추 김치, 감자, 대지, 생것, 밀, 부침가루, 생수, 달걀, 생것, 양파, 생것, 콩기름"
D093043,더덕들깨전병,전류,채소류전,"들깨, 볶은것, 더덕, 뿌리, 생것, 찹쌀, 백미, 생것, 포도씨유, 레몬 착즙, 물엿, 간장, 개량, 양조, 소금, 천일염, 가는소금, 콩기름, 대추, 말린것, 잣, 생것","메뉴명: 더덕들깨전병
메뉴 대분류: 전류
메뉴 소분류: 채소류전
식재료: 들깨, 볶은것, 더덕, 뿌리, 생것, 찹쌀, 백미, 생것, 포도씨유, 레몬 착즙, 물엿, 간장, 개량, 양조, 소금, 천일염, 가는소금, 콩기름, 대추, 말린것, 잣, 생것"
D093044,두릅적,전류,채소류전,"두릅, 땅두릅, 생것, 소고기, 한우(1등급), 우둔, 생것, 달걀, 생것, 밀, 중력밀가루, 콩기름, 소금, 천일염, 가는소금, 참기름, 간장, 개량, 양조, 파, 대파, 생것, 마늘, 생것, 설탕, 백설탕, 참깨, 흰색, 볶은것","메뉴명: 두릅적
메뉴 대분류: 전류
메뉴 소분류: 채소류전
식재료: 두릅, 땅두릅, 생것, 소고기, 한우(1등급), 우둔, 생것, 달걀, 생것, 밀, 중력밀가루, 콩기름, 소금, 천일염, 가는소금, 참기름, 간장, 개량, 양조, 파, 대파, 생것, 마늘, 생것, 설탕, 백설탕, 참깨, 흰색, 볶은것"
D093045,리코타치즈주키니전,전류,채소류전,"호박, 쥬키니, 생것, 새우, 중하, 생것, 치즈, 리코타, 달걀, 생것, 밀, 박력밀가루, 콩기름, 소금, 천일염, 가는소금, 후추, 검은색, 가루, 마늘, 생것","메뉴명: 리코타치즈주키니전
메뉴 대분류: 전류
메뉴 소분류: 채소류전
식재료: 호박, 쥬키니, 생것, 새우, 중하, 생것, 치즈, 리코타, 달걀, 생것, 밀, 박력밀가루, 콩기름, 소금, 천일염, 가는소금, 후추, 검은색, 가루, 마늘, 생것"
D093046,메밀배추전,전류,채소류전,"메밀, 도정, 생것, 밀, 중력밀가루, 소금, 천일염, 생수, 배추, 생것, 파, 쪽파, 생것, 고춧가루, 간장, 개량, 양조, 참기름, 마늘, 생것, 참깨, 흰색, 볶은것, 콩기름","메뉴명: 메밀배추전
메뉴 대분류: 전류
메뉴 소분류: 채소류전
식재료: 메밀, 도정, 생것, 밀, 중력밀가루, 소금, 천일염, 생수, 배추, 생것, 파, 쪽파, 생것, 고춧가루, 간장, 개량, 양조, 참기름, 마늘, 생것, 참깨, 흰색, 볶은것, 콩기름"
D093047,수수배추전,전류,채소류전,"배추, 생것, 밀, 부침가루, 수수, 도정, 생것, 소금, 천일염, 가는소금, 생수, 고추, 청양고추, 생것, 고추, 빨간색, 생것, 콩기름, 간장, 개량, 양조, 마늘, 생것, 매실청, 참기름, 참깨, 흰색, 볶은것","메뉴명: 수수배추전
메뉴 대분류: 전류
메뉴 소분류: 채소류전
식재료: 배추, 생것, 밀, 부침가루, 수수, 도정, 생것, 소금, 천일염, 가는소금, 생수, 고추, 청양고추, 생것, 고추, 빨간색, 생것, 콩기름, 간장, 개량, 양조, 마늘, 생것, 매실청, 참기름, 참깨, 흰색, 볶은것"
D093048,시금치전,전류,채소류전,"시금치, 생것, 새우, 중하, 생것, 달걀, 생것, 밀, 부침가루, 양파, 생것, 고추, 빨간색, 생것, 콩기름, 간장, 개량, 양조, 생수, 식초, 감식초","메뉴명: 시금치전
메뉴 대분류: 전류
메뉴 소분류: 채소류전
식재료: 시금치, 생것, 새우, 중하, 생것, 달걀, 생것, 밀, 부침가루, 양파, 생것, 고추, 빨간색, 생것, 콩기름, 간장, 개량, 양조, 생수, 식초, 감식초"
D093049,애호박새우전,전류,채소류전,"호박, 애호박, 생것, 새우, 중하, 생것, 달걀, 생것, 밀, 중력밀가루, 소금, 천일염, 가는소금, 콩기름, 고추, 초록색, 녹광, 생것, 고추, 빨간색, 생것, 발효주, 청주, 알코올 16%, 파, 대파, 생것, 후추, 검은색, 가루","메뉴명: 애호박새우전
메뉴 대분류: 전류
메뉴 소분류: 채소류전
식재료: 호박, 애호박, 생것, 새우, 중하, 생것, 달걀, 생것, 밀, 중력밀가루, 소금, 천일염, 가는소금, 콩기름, 고추, 초록색, 녹광, 생것, 고추, 빨간색, 생것, 발효주, 청주, 알코올 16%, 파, 대파, 생것, 후추, 검은색, 가루"
D093050,토란대채소산적,전류,채소류전,"토란대, 줄기, 생것, 파, 대파, 생것, 가지, 생것, 달걀, 생것, 소금, 천일염, 가는소금, 후추, 검은색, 가루, 밀, 부침가루, 간장, 개량, 양조, 설탕, 백설탕, 참기름, 콩기름","메뉴명: 토란대채소산적
메뉴 대분류: 전류
메뉴 소분류: 채소류전
식재료: 토란대, 줄기, 생것, 파, 대파, 생것, 가지, 생것, 달걀, 생것, 소금, 천일염, 가는소금, 후추, 검은색, 가루, 밀, 부침가루, 간장, 개량, 양조, 설탕, 백설탕, 참기름, 콩기름"
D093051,카레감자전,전류,채소류전,"감자, 대지, 생것, 밀, 중력밀가루, 카레 소스, 가루, 양파, 생것, 루꼴라, 생것, 콩기름, 식초, 발사믹, 간장, 개량, 양조, 설탕, 가루","메뉴명: 카레감자전
메뉴 대분류: 전류
메뉴 소분류: 채소류전
식재료: 감자, 대지, 생것, 밀, 중력밀가루, 카레 소스, 가루, 양파, 생것, 루꼴라, 생것, 콩기름, 식초, 발사믹, 간장, 개량, 양조, 설탕, 가루"
D093052,단호박 마전,전류,채소류전,"호박, 단호박, 생것, 마늘, 생것, 밀, 중력밀가루, 찹쌀, 백미, 가루, 생수, 대추, 말린것, 소금, 천일염, 가는소금","메뉴명: 단호박 마전
메뉴 대분류: 전류
메뉴 소분류: 채소류전
식재료: 호박, 단호박, 생것, 마늘, 생것, 밀, 중력밀가루, 찹쌀, 백미, 가루, 생수, 대추, 말린것, 소금, 천일염, 가는소금"
D095001,계란말이,전류,기타 전류,"달걀, 부침(달걀프라이), 양파, 데친것, 파, 쪽파, 생것, 당근, 뿌리, 데친것, 콩기름, 소금, 천일염, 가는소금","메뉴명: 계란말이
메뉴 대분류: 전류
메뉴 소분류: 기타 전류
식재료: 달걀, 부침(달걀프라이), 양파, 데친것, 파, 쪽파, 생것, 당근, 뿌리, 데친것, 콩기름, 소금, 천일염, 가는소금"
D095002,계란부침(김말이),전류,기타 전류,"달걀, 부침(달걀프라이), 김, 참김, 구운것, 소금, 천일염, 가는소금, 콩기름","메뉴명: 계란부침(김말이)
메뉴 대분류: 전류
메뉴 소분류: 기타 전류
식재료: 달걀, 부침(달걀프라이), 김, 참김, 구운것, 소금, 천일염, 가는소금, 콩기름"
D095003,"계란부침(양파, 당근)",전류,기타 전류,"달걀, 부침(달걀프라이), 당근, 뿌리, 데친것, 양파, 데친것, 파, 대파, 생것, 소금, 천일염, 가는소금, 콩기름","메뉴명: 계란부침(양파, 당근)
메뉴 대분류: 전류
메뉴 소분류: 기타 전류
식재료: 달걀, 부침(달걀프라이), 당근, 뿌리, 데친것, 양파, 데친것, 파, 대파, 생것, 소금, 천일염, 가는소금, 콩기름"
D095004,"계란부침(양파, 실파)",전류,기타 전류,"달걀, 부침(달걀프라이), 양파, 데친것, 파, 쪽파, 생것, 당근, 뿌리, 데친것, 콩기름, 소금, 천일염, 가는소금","메뉴명: 계란부침(양파, 실파)
메뉴 대분류: 전류
메뉴 소분류: 기타 전류
식재료: 달걀, 부침(달걀프라이), 양파, 데친것, 파, 쪽파, 생것, 당근, 뿌리, 데친것, 콩기름, 소금, 천일염, 가는소금"
D095005,계란프라이,전류,기타 전류,"달걀, 부침(달걀프라이), 콩기름, 소금, 천일염, 가는소금","메뉴명: 계란프라이
메뉴 대분류: 전류
메뉴 소분류: 기타 전류
식재료: 달걀, 부침(달걀프라이), 콩기름, 소금, 천일염, 가는소금"
D095006,두부부침,전류,기타 전류,"두부, 달걀, 부침(달걀프라이), 콩기름, 밀, 중력밀가루, 소금, 천일염, 가는소금, 파, 대파, 생것","메뉴명: 두부부침
메뉴 대분류: 전류
메뉴 소분류: 기타 전류
식재료: 두부, 달걀, 부침(달걀프라이), 콩기름, 밀, 중력밀가루, 소금, 천일염, 가는소금, 파, 대파, 생것"
D095007,두부전,전류,기타 전류,"두부, 달걀, 부침(달걀프라이), 밀, 중력밀가루, 소금, 천일염, 가는소금","메뉴명: 두부전
메뉴 대분류: 전류
메뉴 소분류: 기타 전류
식재료: 두부, 달걀, 부침(달걀프라이), 밀, 중력밀가루, 소금, 천일염, 가는소금"
D095008,두부전(돼지고기),전류,기타 전류,"두부, 돼지고기, 등심, 구운것(팬), 달걀, 부침(달걀프라이), 밀, 중력밀가루, 소금, 천일염, 가는소금","메뉴명: 두부전(돼지고기)
메뉴 대분류: 전류
메뉴 소분류: 기타 전류
식재료: 두부, 돼지고기, 등심, 구운것(팬), 달걀, 부침(달걀프라이), 밀, 중력밀가루, 소금, 천일염, 가는소금"
D095009,떡산적,전류,기타 전류,"멥쌀떡, 가래떡, 당근, 뿌리, 데친것, 소고기, 한우, 등심, 구운것(팬), 파, 대파, 생것, 콩기름, 간장, 개량, 양조, 설탕, 백설탕, 마늘, 생것, 소금, 천일염, 가는소금, 후추, 검은색, 가루","메뉴명: 떡산적
메뉴 대분류: 전류
메뉴 소분류: 기타 전류
식재료: 멥쌀떡, 가래떡, 당근, 뿌리, 데친것, 소고기, 한우, 등심, 구운것(팬), 파, 대파, 생것, 콩기름, 간장, 개량, 양조, 설탕, 백설탕, 마늘, 생것, 소금, 천일염, 가는소금, 후추, 검은색, 가루"
D095010,빈대떡(돼지고기),전류,기타 전류,"돼지고기, 등심, 구운것(팬), 찹쌀, 백미, 가루, 숙주나물, 데친것, 고사리, 데친것, 파, 대파, 생것, 콩기름, 소금, 천일염, 가는소금","메뉴명: 빈대떡(돼지고기)
메뉴 대분류: 전류
메뉴 소분류: 기타 전류
식재료: 돼지고기, 등심, 구운것(팬), 찹쌀, 백미, 가루, 숙주나물, 데친것, 고사리, 데친것, 파, 대파, 생것, 콩기름, 소금, 천일염, 가는소금"
D095011,수수부침,전류,기타 전류,"수수, 찰수수, 도정, 생것, 콩기름, 소금, 천일염, 가는소금","메뉴명: 수수부침
메뉴 대분류: 전류
메뉴 소분류: 기타 전류
식재료: 수수, 찰수수, 도정, 생것, 콩기름, 소금, 천일염, 가는소금"
D095012,스크램블드에그,전류,기타 전류,"달걀, 부침(달걀프라이), 우유, 버터, 가염, 소금, 천일염, 가는소금","메뉴명: 스크램블드에그
메뉴 대분류: 전류
메뉴 소분류: 기타 전류
식재료: 달걀, 부침(달걀프라이), 우유, 버터, 가염, 소금, 천일염, 가는소금"
D095013,오믈렛,전류,기타 전류,"달걀, 부침(달걀프라이), 우유, 햄, 통조림, 돼지고기와 닭고기 함유, 양송이버섯, 데친것, 옥수수, 통조림, 가당, 콩기름, 파, 쪽파, 생것, 소금, 천일염, 가는소금","메뉴명: 오믈렛
메뉴 대분류: 전류
메뉴 소분류: 기타 전류
식재료: 달걀, 부침(달걀프라이), 우유, 햄, 통조림, 돼지고기와 닭고기 함유, 양송이버섯, 데친것, 옥수수, 통조림, 가당, 콩기름, 파, 쪽파, 생것, 소금, 천일염, 가는소금"
D095014,오믈렛(두부),전류,기타 전류,"달걀, 부침(달걀프라이), 두부, 우유, 햄, 통조림, 돼지고기와 닭고기 함유, 양송이버섯, 데친것, 옥수수, 통조림, 가당, 콩기름, 파, 쪽파, 생것, 소금, 천일염, 가는소금","메뉴명: 오믈렛(두부)
메뉴 대분류: 전류
메뉴 소분류: 기타 전류
식재료: 달걀, 부침(달걀프라이), 두부, 우유, 햄, 통조림, 돼지고기와 닭고기 함유, 양송이버섯, 데친것, 옥수수, 통조림, 가당, 콩기름, 파, 쪽파, 생것, 소금, 천일염, 가는소금"
D095015,찹쌀전병,전류,기타 전류,"찹쌀, 백미, 생것, 콩기름, 소금, 천일염, 가는소금","메뉴명: 찹쌀전병
메뉴 대분류: 전류
메뉴 소분류: 기타 전류
식재료: 찹쌀, 백미, 생것, 콩기름, 소금, 천일염, 가는소금"
D095025,버섯전,전류,기타 전류,"표고버섯, 참나무재배, 말린것, 삶은것, 느타리버섯, 데친것, 석이버섯, 말린것, 밀, 중력밀가루, 달걀, 부침(달걀프라이), 콩기름","메뉴명: 버섯전
메뉴 대분류: 전류
메뉴 소분류: 기타 전류
식재료: 표고버섯, 참나무재배, 말린것, 삶은것, 느타리버섯, 데친것, 석이버섯, 말린것, 밀, 중력밀가루, 달걀, 부침(달걀프라이), 콩기름"
D095026,비지전,전류,기타 전류,"비지, 김치, 배추 김치, 양파, 데친것, 돼지고기, 등심, 구운것(팬), 고추, 빨간색, 생것, 밀, 부침가루, 달걀, 부침(달걀프라이), 소금, 천일염, 가는소금, 콩기름","메뉴명: 비지전
메뉴 대분류: 전류
메뉴 소분류: 기타 전류
식재료: 비지, 김치, 배추 김치, 양파, 데친것, 돼지고기, 등심, 구운것(팬), 고추, 빨간색, 생것, 밀, 부침가루, 달걀, 부침(달걀프라이), 소금, 천일염, 가는소금, 콩기름"
D095035,검은콩전,전류,기타 전류,"대두, 검은색, 서리태, 말린것, 표고버섯, 참나무재배, 생것, 당근, 뿌리, 생것, 부추, 재래종, 생것, 소금, 천일염, 가는소금, 달걀, 생것, 밀, 중력밀가루, 찹쌀, 백미, 가루, 콩기름","메뉴명: 검은콩전
메뉴 대분류: 전류
메뉴 소분류: 기타 전류
식재료: 대두, 검은색, 서리태, 말린것, 표고버섯, 참나무재배, 생것, 당근, 뿌리, 생것, 부추, 재래종, 생것, 소금, 천일염, 가는소금, 달걀, 생것, 밀, 중력밀가루, 찹쌀, 백미, 가루, 콩기름"
D095036,기장두부패티,전류,기타 전류,"기장, 도정, 생것, 두부, 양파, 생것, 양송이버섯, 생것, 달걀, 생것, 밀, 빵가루, 파프리카, 노란색, 생것, 소금, 천일염, 가는소금, 후추, 검은색, 가루, 포크커틀릿 소스, 콩기름","메뉴명: 기장두부패티
메뉴 대분류: 전류
메뉴 소분류: 기타 전류
식재료: 기장, 도정, 생것, 두부, 양파, 생것, 양송이버섯, 생것, 달걀, 생것, 밀, 빵가루, 파프리카, 노란색, 생것, 소금, 천일염, 가는소금, 후추, 검은색, 가루, 포크커틀릿 소스, 콩기름"
D095037,목이버섯전,전류,기타 전류,"목이버섯, 생것, 표고버섯, 참나무재배, 생것, 양파, 생것, 밀, 부침가루, 달걀, 생것, 당근, 뿌리, 생것, 들기름, 콩기름, 설탕, 백설탕, 생수, 식초, 감식초, 간장, 개량, 양조","메뉴명: 목이버섯전
메뉴 대분류: 전류
메뉴 소분류: 기타 전류
식재료: 목이버섯, 생것, 표고버섯, 참나무재배, 생것, 양파, 생것, 밀, 부침가루, 달걀, 생것, 당근, 뿌리, 생것, 들기름, 콩기름, 설탕, 백설탕, 생수, 식초, 감식초, 간장, 개량, 양조"
D095038,새싹달걀말이,전류,기타 전류,"비타민채(다채), 어린잎, 생것, 오이, 취청, 생것, 닭고기, 가슴, 생것, 달걀, 생것, 참나물, 야생, 생것, 발효주, 청주, 알코올 16%, 소금, 천일염, 가는소금, 전분, 감자, 가루, 콩기름, 설탕, 백설탕, 식초, 감식초, 참깨, 흰색, 볶은것, 땅콩 버터, 마요네즈","메뉴명: 새싹달걀말이
메뉴 대분류: 전류
메뉴 소분류: 기타 전류
식재료: 비타민채(다채), 어린잎, 생것, 오이, 취청, 생것, 닭고기, 가슴, 생것, 달걀, 생것, 참나물, 야생, 생것, 발효주, 청주, 알코올 16%, 소금, 천일염, 가는소금, 전분, 감자, 가루, 콩기름, 설탕, 백설탕, 식초, 감식초, 참깨, 흰색, 볶은것, 땅콩 버터, 마요네즈"
D095039,수수밀쌈,전류,기타 전류,"고춧잎, 말린것, 표고버섯, 참나무재배, 말린것, 당근, 뿌리, 생것, 도라지, 뿌리, 생것, 수수, 도정, 생것, 밀, 중력밀가루, 생수, 참나물, 야생, 생것, 소금, 천일염, 가는소금, 참기름, 참깨, 흰색, 볶은것, 간장, 재래, 파, 대파, 생것, 콩기름, 설탕, 백설탕, 간장, 개량, 양조, 식초, 감식초, 겨자 페이스트","메뉴명: 수수밀쌈
메뉴 대분류: 전류
메뉴 소분류: 기타 전류
식재료: 고춧잎, 말린것, 표고버섯, 참나무재배, 말린것, 당근, 뿌리, 생것, 도라지, 뿌리, 생것, 수수, 도정, 생것, 밀, 중력밀가루, 생수, 참나물, 야생, 생것, 소금, 천일염, 가는소금, 참기름, 참깨, 흰색, 볶은것, 간장, 재래, 파, 대파, 생것, 콩기름, 설탕, 백설탕, 간장, 개량, 양조, 식초, 감식초, 겨자 페이스트"
D095040,토란 수수 지짐이,전류,기타 전류,"토란, 생것, 수수, 찰수수, 도정, 생것, 찹쌀, 백미, 가루, 소금, 천일염, 가는소금, 콩기름, 생수, 꿀","메뉴명: 토란 수수 지짐이
메뉴 대분류: 전류
메뉴 소분류: 기타 전류
식재료: 토란, 생것, 수수, 찰수수, 도정, 생것, 찹쌀, 백미, 가루, 소금, 천일염, 가는소금, 콩기름, 생수, 꿀"
D095041,일본식 계란말이,전류,기타 전류,"달걀, 생것, 다랑어, 가다랑어 육수, 다시마, 말린것, 설탕, 가루, 맛술, 생수","메뉴명: 일본식 계란말이
메뉴 대분류: 전류
메뉴 소분류: 기타 전류
식재료: 달걀, 생것, 다랑어, 가다랑어 육수, 다시마, 말린것, 설탕, 가루, 맛술, 생수"
D095042,토마토 채소 계란찜,전류,기타 전류,"토마토, 방울토마토, 생것, 양파, 생것, 브로콜리, 생것, 완두, 생것, 달걀, 생것, 치즈, 파르메산(파마산), 크림, 생크림, 마늘, 생것, 후추, 흰색, 가루","메뉴명: 토마토 채소 계란찜
메뉴 대분류: 전류
메뉴 소분류: 기타 전류
식재료: 토마토, 방울토마토, 생것, 양파, 생것, 브로콜리, 생것, 완두, 생것, 달걀, 생것, 치즈, 파르메산(파마산), 크림, 생크림, 마늘, 생것, 후추, 흰색, 가루"
D095043,삼색 꽃 화전,전류,기타 전류,"찹쌀, 백미, 가루, 시금치, 생것, 치자꽃, 생것, 진달래꽃, 생것, 타임, 가루, 설탕, 가루, 꿀","메뉴명: 삼색 꽃 화전
메뉴 대분류: 전류
메뉴 소분류: 기타 전류
식재료: 찹쌀, 백미, 가루, 시금치, 생것, 치자꽃, 생것, 진달래꽃, 생것, 타임, 가루, 설탕, 가루, 꿀"
D101001,건꼴뚜기볶음(고추장),볶음류,어패류볶음,"꼴뚜기, 참꼴뚜기, 삶아서 말린것, 간장, 개량, 양조, 고추장, 개량, 물엿, 콩기름","메뉴명: 건꼴뚜기볶음(고추장)
메뉴 대분류: 볶음류
메뉴 소분류: 어패류볶음
식재료: 꼴뚜기, 참꼴뚜기, 삶아서 말린것, 간장, 개량, 양조, 고추장, 개량, 물엿, 콩기름"
D101002,건새우볶음(고추장),볶음류,어패류볶음,"새우, 꽃새우, 삶아서 말린것, 물엿, 고추장, 개량, 콩기름, 간장, 개량, 양조, 마늘, 생것, 참기름","메뉴명: 건새우볶음(고추장)
메뉴 대분류: 볶음류
메뉴 소분류: 어패류볶음
식재료: 새우, 꽃새우, 삶아서 말린것, 물엿, 고추장, 개량, 콩기름, 간장, 개량, 양조, 마늘, 생것, 참기름"
D101003,게맛살볶음,볶음류,어패류볶음,"게맛살, 어육함량이 낮은것, 달걀, 부침(달걀프라이), 콩기름, 소금, 천일염, 가는소금","메뉴명: 게맛살볶음
메뉴 대분류: 볶음류
메뉴 소분류: 어패류볶음
식재료: 게맛살, 어육함량이 낮은것, 달걀, 부침(달걀프라이), 콩기름, 소금, 천일염, 가는소금"
D101004,꽁치볶음(고추장),볶음류,어패류볶음,"꽁치, 구운것, 간장, 개량, 양조, 고추장, 개량, 물엿, 콩기름","메뉴명: 꽁치볶음(고추장)
메뉴 대분류: 볶음류
메뉴 소분류: 어패류볶음
식재료: 꽁치, 구운것, 간장, 개량, 양조, 고추장, 개량, 물엿, 콩기름"
D101005,꽃게볶음,볶음류,어패류볶음,"게, 꽃게, 찐것, 콩기름, 간장, 개량, 양조, 굴 소스, 마늘, 생것, 생강, 뿌리줄기, 생것, 파, 대파, 생것","메뉴명: 꽃게볶음
메뉴 대분류: 볶음류
메뉴 소분류: 어패류볶음
식재료: 게, 꽃게, 찐것, 콩기름, 간장, 개량, 양조, 굴 소스, 마늘, 생것, 생강, 뿌리줄기, 생것, 파, 대파, 생것"
D101006,낙지볶음(고추장),볶음류,어패류볶음,"낙지, 세발낙지, 생것, 양파, 데친것, 당근, 뿌리, 데친것, 간장, 개량, 양조, 고추, 풋고추, 생것, 고추장, 개량, 마늘, 생것, 참기름, 고춧가루, 설탕, 백설탕, 콩기름, 참깨, 흰색, 볶은것","메뉴명: 낙지볶음(고추장)
메뉴 대분류: 볶음류
메뉴 소분류: 어패류볶음
식재료: 낙지, 세발낙지, 생것, 양파, 데친것, 당근, 뿌리, 데친것, 간장, 개량, 양조, 고추, 풋고추, 생것, 고추장, 개량, 마늘, 생것, 참기름, 고춧가루, 설탕, 백설탕, 콩기름, 참깨, 흰색, 볶은것"
D101007,멸치볶음,볶음류,어패류볶음,"멸치, 중멸치, 삶아서 말린것, 물엿, 간장, 개량, 양조, 콩기름, 마늘, 생것, 소금, 천일염, 가는소금","메뉴명: 멸치볶음
메뉴 대분류: 볶음류
메뉴 소분류: 어패류볶음
식재료: 멸치, 중멸치, 삶아서 말린것, 물엿, 간장, 개량, 양조, 콩기름, 마늘, 생것, 소금, 천일염, 가는소금"
D101008,멸치볶음(견과류),볶음류,어패류볶음,"멸치, 중멸치, 삶아서 말린것, 아몬드, 볶은것, 호두, 볶은것, 호박씨, 조미, 볶은것, 고추, 풋고추, 생것, 물엿, 간장, 개량, 양조, 콩기름, 마늘, 생것, 소금, 천일염, 가는소금","메뉴명: 멸치볶음(견과류)
메뉴 대분류: 볶음류
메뉴 소분류: 어패류볶음
식재료: 멸치, 중멸치, 삶아서 말린것, 아몬드, 볶은것, 호두, 볶은것, 호박씨, 조미, 볶은것, 고추, 풋고추, 생것, 물엿, 간장, 개량, 양조, 콩기름, 마늘, 생것, 소금, 천일염, 가는소금"
D101009,멸치볶음(고추장),볶음류,어패류볶음,"멸치, 중멸치, 삶아서 말린것, 고추장, 개량, 물엿, 파, 대파, 생것, 마늘, 생것, 참기름, 콩기름, 참깨, 흰색, 볶은것","메뉴명: 멸치볶음(고추장)
메뉴 대분류: 볶음류
메뉴 소분류: 어패류볶음
식재료: 멸치, 중멸치, 삶아서 말린것, 고추장, 개량, 물엿, 파, 대파, 생것, 마늘, 생것, 참기름, 콩기름, 참깨, 흰색, 볶은것"
D101010,멸치볶음(꽈리고추),볶음류,어패류볶음,"멸치, 중멸치, 삶아서 말린것, 고추, 꽈리고추, 생것, 물엿, 콩기름, 파, 대파, 생것, 마늘, 생것, 간장, 개량, 양조, 참기름, 참깨, 흰색, 볶은것","메뉴명: 멸치볶음(꽈리고추)
메뉴 대분류: 볶음류
메뉴 소분류: 어패류볶음
식재료: 멸치, 중멸치, 삶아서 말린것, 고추, 꽈리고추, 생것, 물엿, 콩기름, 파, 대파, 생것, 마늘, 생것, 간장, 개량, 양조, 참기름, 참깨, 흰색, 볶은것"
D101011,멸치볶음(잔멸치),볶음류,어패류볶음,"멸치, 잔멸치, 삶아서 말린것, 콩기름, 고추, 풋고추, 생것, 물엿, 참기름, 간장, 개량, 양조, 마늘, 생것","메뉴명: 멸치볶음(잔멸치)
메뉴 대분류: 볶음류
메뉴 소분류: 어패류볶음
식재료: 멸치, 잔멸치, 삶아서 말린것, 콩기름, 고추, 풋고추, 생것, 물엿, 참기름, 간장, 개량, 양조, 마늘, 생것"
D101012,문어볶음,볶음류,어패류볶음,"문어, 생것, 양배추, 데친것, 양파, 데친것, 호박, 애호박, 데친것, 당근, 뿌리, 데친것, 고추, 풋고추, 생것, 콩기름, 파, 쪽파, 생것, 고춧가루, 설탕, 백설탕, 마늘, 생것, 소금, 천일염, 가는소금","메뉴명: 문어볶음
메뉴 대분류: 볶음류
메뉴 소분류: 어패류볶음
식재료: 문어, 생것, 양배추, 데친것, 양파, 데친것, 호박, 애호박, 데친것, 당근, 뿌리, 데친것, 고추, 풋고추, 생것, 콩기름, 파, 쪽파, 생것, 고춧가루, 설탕, 백설탕, 마늘, 생것, 소금, 천일염, 가는소금"
D101013,뱅어포볶음(고추장),볶음류,어패류볶음,"뱅어, 포, 말린것, 물엿, 고추, 풋고추, 생것, 고추장, 개량, 콩기름, 간장, 개량, 양조, 마늘, 생것, 참기름","메뉴명: 뱅어포볶음(고추장)
메뉴 대분류: 볶음류
메뉴 소분류: 어패류볶음
식재료: 뱅어, 포, 말린것, 물엿, 고추, 풋고추, 생것, 고추장, 개량, 콩기름, 간장, 개량, 양조, 마늘, 생것, 참기름"
D101014,북어볶음(고추장),볶음류,어패류볶음,"명태, 북어, 말린것, 간장, 개량, 양조, 고추장, 개량, 물엿, 콩기름","메뉴명: 북어볶음(고추장)
메뉴 대분류: 볶음류
메뉴 소분류: 어패류볶음
식재료: 명태, 북어, 말린것, 간장, 개량, 양조, 고추장, 개량, 물엿, 콩기름"
D101015,새우볶음,볶음류,어패류볶음,"새우, 중하, 생것, 달걀, 부침(달걀프라이), 콩기름, 파, 대파, 생것, 소금, 천일염, 가는소금","메뉴명: 새우볶음
메뉴 대분류: 볶음류
메뉴 소분류: 어패류볶음
식재료: 새우, 중하, 생것, 달걀, 부침(달걀프라이), 콩기름, 파, 대파, 생것, 소금, 천일염, 가는소금"
D101016,어묵볶음,볶음류,어패류볶음,"어묵, 감자, 대지, 구운것, 당근, 뿌리, 데친것, 양파, 데친것, 파, 쪽파, 생것, 콩기름, 마늘, 생것, 참깨, 흰색, 볶은것, 소금, 천일염, 가는소금","메뉴명: 어묵볶음
메뉴 대분류: 볶음류
메뉴 소분류: 어패류볶음
식재료: 어묵, 감자, 대지, 구운것, 당근, 뿌리, 데친것, 양파, 데친것, 파, 쪽파, 생것, 콩기름, 마늘, 생것, 참깨, 흰색, 볶은것, 소금, 천일염, 가는소금"
D101017,어묵볶음(느타리버섯),볶음류,어패류볶음,"어묵, 느타리버섯, 데친것, 양파, 데친것, 콩기름, 간장, 개량, 양조, 파, 대파, 생것, 마늘, 생것, 참깨, 흰색, 볶은것","메뉴명: 어묵볶음(느타리버섯)
메뉴 대분류: 볶음류
메뉴 소분류: 어패류볶음
식재료: 어묵, 느타리버섯, 데친것, 양파, 데친것, 콩기름, 간장, 개량, 양조, 파, 대파, 생것, 마늘, 생것, 참깨, 흰색, 볶은것"
D101018,어묵볶음(당근),볶음류,어패류볶음,"어묵, 감자, 대지, 구운것, 당근, 뿌리, 데친것, 양파, 데친것, 파, 쪽파, 생것, 콩기름, 마늘, 생것, 참깨, 흰색, 볶은것, 소금, 천일염, 가는소금","메뉴명: 어묵볶음(당근)
메뉴 대분류: 볶음류
메뉴 소분류: 어패류볶음
식재료: 어묵, 감자, 대지, 구운것, 당근, 뿌리, 데친것, 양파, 데친것, 파, 쪽파, 생것, 콩기름, 마늘, 생것, 참깨, 흰색, 볶은것, 소금, 천일염, 가는소금"
D101019,어묵볶음(마늘종),볶음류,어패류볶음,"마늘종, 꽃줄기, 데친것, 어묵, 물엿, 간장, 개량, 양조, 콩기름, 마늘, 생것, 참깨, 흰색, 볶은것","메뉴명: 어묵볶음(마늘종)
메뉴 대분류: 볶음류
메뉴 소분류: 어패류볶음
식재료: 마늘종, 꽃줄기, 데친것, 어묵, 물엿, 간장, 개량, 양조, 콩기름, 마늘, 생것, 참깨, 흰색, 볶은것"
D101020,어묵볶음(양파),볶음류,어패류볶음,"어묵, 양파, 데친것, 간장, 개량, 양조, 물엿, 콩기름, 파, 쪽파, 생것, 마늘, 생것","메뉴명: 어묵볶음(양파)
메뉴 대분류: 볶음류
메뉴 소분류: 어패류볶음
식재료: 어묵, 양파, 데친것, 간장, 개량, 양조, 물엿, 콩기름, 파, 쪽파, 생것, 마늘, 생것"
D101021,어묵볶음(햄),볶음류,어패류볶음,"어묵, 햄, 프레스햄, 구운것(팬), 양파, 데친것, 콩기름, 간장, 개량, 양조, 파, 대파, 생것, 마늘, 생것, 참깨, 흰색, 볶은것","메뉴명: 어묵볶음(햄)
메뉴 대분류: 볶음류
메뉴 소분류: 어패류볶음
식재료: 어묵, 햄, 프레스햄, 구운것(팬), 양파, 데친것, 콩기름, 간장, 개량, 양조, 파, 대파, 생것, 마늘, 생것, 참깨, 흰색, 볶은것"
D101022,오징어볶음(고추장),볶음류,어패류볶음,"오징어, 구운것, 양파, 데친것, 고추장, 개량, 당근, 뿌리, 데친것, 고추, 풋고추, 생것, 파, 대파, 생것, 고춧가루, 콩기름, 참깨, 흰색, 볶은것, 마늘, 생것, 설탕, 백설탕, 소금, 천일염, 가는소금, 생강, 뿌리줄기, 생것, 참기름","메뉴명: 오징어볶음(고추장)
메뉴 대분류: 볶음류
메뉴 소분류: 어패류볶음
식재료: 오징어, 구운것, 양파, 데친것, 고추장, 개량, 당근, 뿌리, 데친것, 고추, 풋고추, 생것, 파, 대파, 생것, 고춧가루, 콩기름, 참깨, 흰색, 볶은것, 마늘, 생것, 설탕, 백설탕, 소금, 천일염, 가는소금, 생강, 뿌리줄기, 생것, 참기름"
D101023,오징어채볶음(고추장),볶음류,어패류볶음,"오징어, 말린것, 간장, 개량, 양조, 고추장, 개량, 물엿, 콩기름, 들깨, 볶은것","메뉴명: 오징어채볶음(고추장)
메뉴 대분류: 볶음류
메뉴 소분류: 어패류볶음
식재료: 오징어, 말린것, 간장, 개량, 양조, 고추장, 개량, 물엿, 콩기름, 들깨, 볶은것"
D101024,쥐포볶음(고추장),볶음류,어패류볶음,"쥐치, 포, 말린것, 물엿, 파, 대파, 생것, 고추장, 개량, 콩기름, 간장, 개량, 양조, 참깨, 흰색, 볶은것, 설탕, 백설탕","메뉴명: 쥐포볶음(고추장)
메뉴 대분류: 볶음류
메뉴 소분류: 어패류볶음
식재료: 쥐치, 포, 말린것, 물엿, 파, 대파, 생것, 고추장, 개량, 콩기름, 간장, 개량, 양조, 참깨, 흰색, 볶은것, 설탕, 백설탕"
D101025,참치볶음,볶음류,어패류볶음,"다랑어, 가다랑어, 통조림, 유지, 양배추, 데친것, 콩기름, 양파, 데친것, 당근, 뿌리, 데친것, 옥수수, 통조림, 가당, 토마토 케첩, 피망, 초록색, 생것, 피망, 빨간색, 생것, 간장, 재래, 마늘, 생것, 소금, 천일염, 가는소금","메뉴명: 참치볶음
메뉴 대분류: 볶음류
메뉴 소분류: 어패류볶음
식재료: 다랑어, 가다랑어, 통조림, 유지, 양배추, 데친것, 콩기름, 양파, 데친것, 당근, 뿌리, 데친것, 옥수수, 통조림, 가당, 토마토 케첩, 피망, 초록색, 생것, 피망, 빨간색, 생것, 간장, 재래, 마늘, 생것, 소금, 천일염, 가는소금"
D101026,참치볶음(김치),볶음류,어패류볶음,"다랑어, 가다랑어, 통조림, 유지, 김치, 배추 김치, 양배추, 데친것, 콩기름, 양파, 데친것, 당근, 뿌리, 데친것, 옥수수, 통조림, 가당, 토마토 케첩, 피망, 초록색, 생것, 피망, 빨간색, 생것, 마늘, 생것, 간장, 재래, 소금, 천일염, 가는소금","메뉴명: 참치볶음(김치)
메뉴 대분류: 볶음류
메뉴 소분류: 어패류볶음
식재료: 다랑어, 가다랑어, 통조림, 유지, 김치, 배추 김치, 양배추, 데친것, 콩기름, 양파, 데친것, 당근, 뿌리, 데친것, 옥수수, 통조림, 가당, 토마토 케첩, 피망, 초록색, 생것, 피망, 빨간색, 생것, 마늘, 생것, 간장, 재래, 소금, 천일염, 가는소금"
D101027,참치볶음(콩나물),볶음류,어패류볶음,"다랑어, 가다랑어, 통조림, 유지, 콩나물, 삶은것, 양배추, 데친것, 콩기름, 양파, 데친것, 당근, 뿌리, 데친것, 옥수수, 통조림, 가당, 토마토 케첩, 피망, 초록색, 생것, 피망, 빨간색, 생것, 간장, 재래, 마늘, 생것, 소금, 천일염, 가는소금","메뉴명: 참치볶음(콩나물)
메뉴 대분류: 볶음류
메뉴 소분류: 어패류볶음
식재료: 다랑어, 가다랑어, 통조림, 유지, 콩나물, 삶은것, 양배추, 데친것, 콩기름, 양파, 데친것, 당근, 뿌리, 데친것, 옥수수, 통조림, 가당, 토마토 케첩, 피망, 초록색, 생것, 피망, 빨간색, 생것, 간장, 재래, 마늘, 생것, 소금, 천일염, 가는소금"
D101031,오징어볶음(고추장),볶음류,어패류볶음,"오징어, 구운것, 양파, 데친것, 고추장, 개량, 당근, 뿌리, 데친것, 고추, 풋고추, 생것, 파, 대파, 생것, 고춧가루, 콩기름, 참깨, 흰색, 볶은것, 마늘, 생것, 설탕, 백설탕, 소금, 천일염, 가는소금, 생강, 뿌리줄기, 생것, 참기름","메뉴명: 오징어볶음(고추장)
메뉴 대분류: 볶음류
메뉴 소분류: 어패류볶음
식재료: 오징어, 구운것, 양파, 데친것, 고추장, 개량, 당근, 뿌리, 데친것, 고추, 풋고추, 생것, 파, 대파, 생것, 고춧가루, 콩기름, 참깨, 흰색, 볶은것, 마늘, 생것, 설탕, 백설탕, 소금, 천일염, 가는소금, 생강, 뿌리줄기, 생것, 참기름"
D101032,오징어볶음(고추장),볶음류,어패류볶음,"오징어, 구운것, 양파, 데친것, 고추장, 개량, 당근, 뿌리, 데친것, 고추, 풋고추, 생것, 파, 대파, 생것, 고춧가루, 콩기름, 참깨, 흰색, 볶은것, 마늘, 생것, 설탕, 백설탕, 소금, 천일염, 가는소금, 생강, 뿌리줄기, 생것, 참기름","메뉴명: 오징어볶음(고추장)
메뉴 대분류: 볶음류
메뉴 소분류: 어패류볶음
식재료: 오징어, 구운것, 양파, 데친것, 고추장, 개량, 당근, 뿌리, 데친것, 고추, 풋고추, 생것, 파, 대파, 생것, 고춧가루, 콩기름, 참깨, 흰색, 볶은것, 마늘, 생것, 설탕, 백설탕, 소금, 천일염, 가는소금, 생강, 뿌리줄기, 생것, 참기름"
D101033,쥐치포볶음,볶음류,어패류볶음,"쥐치, 포, 말린것, 콩기름, 고추장, 개량, 간장, 개량, 양조, 물엿, 파, 대파, 생것, 참깨, 흰색, 볶은것, 참기름","메뉴명: 쥐치포볶음
메뉴 대분류: 볶음류
메뉴 소분류: 어패류볶음
식재료: 쥐치, 포, 말린것, 콩기름, 고추장, 개량, 간장, 개량, 양조, 물엿, 파, 대파, 생것, 참깨, 흰색, 볶은것, 참기름"
D101034,녹두멸치볶음,볶음류,어패류볶음,"녹두, 말린것, 생수, 멸치, 잔멸치, 삶아서 말린것, 들기름, 간장, 개량, 양조, 물엿, 참깨, 흰색, 볶은것","메뉴명: 녹두멸치볶음
메뉴 대분류: 볶음류
메뉴 소분류: 어패류볶음
식재료: 녹두, 말린것, 생수, 멸치, 잔멸치, 삶아서 말린것, 들기름, 간장, 개량, 양조, 물엿, 참깨, 흰색, 볶은것"
D101035,시금치삼치볶음,볶음류,어패류볶음,"삼치, 생것, 마늘, 생것, 시금치, 생것, 소금, 천일염, 가는소금, 후추, 검은색, 가루, 전분, 감자, 가루, 콩기름, 간장, 개량, 양조, 물엿, 굴 소스","메뉴명: 시금치삼치볶음
메뉴 대분류: 볶음류
메뉴 소분류: 어패류볶음
식재료: 삼치, 생것, 마늘, 생것, 시금치, 생것, 소금, 천일염, 가는소금, 후추, 검은색, 가루, 전분, 감자, 가루, 콩기름, 간장, 개량, 양조, 물엿, 굴 소스"
D102001,계란볶음,볶음류,육류 및 난류볶음,"달걀, 부침(달걀프라이), 콩기름, 소금, 천일염, 가는소금","메뉴명: 계란볶음
메뉴 대분류: 볶음류
메뉴 소분류: 육류 및 난류볶음
식재료: 달걀, 부침(달걀프라이), 콩기름, 소금, 천일염, 가는소금"
D102002,"곱창볶음(돼지고기, 고추장)",볶음류,육류 및 난류볶음,"돼지 부산물, 소창(곱창), 삶은것, 양배추, 데친것, 돼지고기, 등심, 구운것(팬), 양파, 데친것, 고추장, 개량, 콩기름, 간장, 개량, 양조, 파, 쪽파, 생것, 마늘, 생것, 생강, 뿌리줄기, 생것, 고춧가루, 설탕, 백설탕, 참기름, 후추, 검은색, 가루","메뉴명: 곱창볶음(돼지고기, 고추장)
메뉴 대분류: 볶음류
메뉴 소분류: 육류 및 난류볶음
식재료: 돼지 부산물, 소창(곱창), 삶은것, 양배추, 데친것, 돼지고기, 등심, 구운것(팬), 양파, 데친것, 고추장, 개량, 콩기름, 간장, 개량, 양조, 파, 쪽파, 생것, 마늘, 생것, 생강, 뿌리줄기, 생것, 고춧가루, 설탕, 백설탕, 참기름, 후추, 검은색, 가루"
D102003,닭갈비,볶음류,육류 및 난류볶음,"닭고기, 구운것, 양파, 데친것, 콩기름, 간장, 개량, 양조, 물엿, 참기름, 발효주, 청주, 알코올 16%, 고춧가루, 마늘, 생것, 생강, 뿌리줄기, 생것, 후추, 검은색, 가루","메뉴명: 닭갈비
메뉴 대분류: 볶음류
메뉴 소분류: 육류 및 난류볶음
식재료: 닭고기, 구운것, 양파, 데친것, 콩기름, 간장, 개량, 양조, 물엿, 참기름, 발효주, 청주, 알코올 16%, 고춧가루, 마늘, 생것, 생강, 뿌리줄기, 생것, 후추, 검은색, 가루"
D102004,닭고기볶음,볶음류,육류 및 난류볶음,"닭고기, 구운것, 감자, 대지, 구운것, 당근, 뿌리, 데친것, 콩기름, 양파, 데친것, 간장, 개량, 양조, 파, 쪽파, 생것, 고추, 풋고추, 생것, 고춧가루, 마늘, 생것, 설탕, 백설탕, 소금, 천일염, 가는소금, 생강, 뿌리줄기, 생것","메뉴명: 닭고기볶음
메뉴 대분류: 볶음류
메뉴 소분류: 육류 및 난류볶음
식재료: 닭고기, 구운것, 감자, 대지, 구운것, 당근, 뿌리, 데친것, 콩기름, 양파, 데친것, 간장, 개량, 양조, 파, 쪽파, 생것, 고추, 풋고추, 생것, 고춧가루, 마늘, 생것, 설탕, 백설탕, 소금, 천일염, 가는소금, 생강, 뿌리줄기, 생것"
D102005,돼지고기볶음,볶음류,육류 및 난류볶음,"돼지고기, 등심, 구운것(팬), 양파, 데친것, 콩기름, 물엿, 파, 대파, 생것, 간장, 개량, 양조, 마늘, 생것, 설탕, 백설탕, 생강, 뿌리줄기, 생것, 참기름, 참깨, 흰색, 볶은것, 후추, 검은색, 가루","메뉴명: 돼지고기볶음
메뉴 대분류: 볶음류
메뉴 소분류: 육류 및 난류볶음
식재료: 돼지고기, 등심, 구운것(팬), 양파, 데친것, 콩기름, 물엿, 파, 대파, 생것, 간장, 개량, 양조, 마늘, 생것, 설탕, 백설탕, 생강, 뿌리줄기, 생것, 참기름, 참깨, 흰색, 볶은것, 후추, 검은색, 가루"
D102006,돼지고기볶음(고추장),볶음류,육류 및 난류볶음,"돼지고기, 등심, 구운것(팬), 고추장, 개량, 콩기름, 양파, 데친것, 물엿, 간장, 개량, 양조, 마늘, 생것, 생강, 뿌리줄기, 생것, 설탕, 백설탕, 참기름, 파, 대파, 생것, 참깨, 흰색, 볶은것, 후추, 검은색, 가루","메뉴명: 돼지고기볶음(고추장)
메뉴 대분류: 볶음류
메뉴 소분류: 육류 및 난류볶음
식재료: 돼지고기, 등심, 구운것(팬), 고추장, 개량, 콩기름, 양파, 데친것, 물엿, 간장, 개량, 양조, 마늘, 생것, 생강, 뿌리줄기, 생것, 설탕, 백설탕, 참기름, 파, 대파, 생것, 참깨, 흰색, 볶은것, 후추, 검은색, 가루"
D102007,"돼지고기볶음(고추장, 야채)",볶음류,육류 및 난류볶음,"돼지고기, 등심, 구운것(팬), 양파, 데친것, 양배추, 데친것, 콩기름, 당근, 뿌리, 데친것, 간장, 재래, 고추장, 개량, 파, 대파, 생것, 표고버섯, 참나무재배, 말린것, 삶은것, 피망, 초록색, 데친것, 참기름, 발효주, 청주, 알코올 16%, 마늘, 생것, 생강, 뿌리줄기, 생것, 설탕, 백설탕, 후추, 검은색, 가루","메뉴명: 돼지고기볶음(고추장, 야채)
메뉴 대분류: 볶음류
메뉴 소분류: 육류 및 난류볶음
식재료: 돼지고기, 등심, 구운것(팬), 양파, 데친것, 양배추, 데친것, 콩기름, 당근, 뿌리, 데친것, 간장, 재래, 고추장, 개량, 파, 대파, 생것, 표고버섯, 참나무재배, 말린것, 삶은것, 피망, 초록색, 데친것, 참기름, 발효주, 청주, 알코올 16%, 마늘, 생것, 생강, 뿌리줄기, 생것, 설탕, 백설탕, 후추, 검은색, 가루"
D102008,돼지고기볶음(김치),볶음류,육류 및 난류볶음,"돼지고기, 등심, 구운것(팬), 김치, 배추 김치, 양파, 데친것, 간장, 개량, 양조, 마늘, 생것, 콩기름, 파, 대파, 생것, 고춧가루, 설탕, 백설탕, 생강, 뿌리줄기, 생것, 참깨, 흰색, 볶은것","메뉴명: 돼지고기볶음(김치)
메뉴 대분류: 볶음류
메뉴 소분류: 육류 및 난류볶음
식재료: 돼지고기, 등심, 구운것(팬), 김치, 배추 김치, 양파, 데친것, 간장, 개량, 양조, 마늘, 생것, 콩기름, 파, 대파, 생것, 고춧가루, 설탕, 백설탕, 생강, 뿌리줄기, 생것, 참깨, 흰색, 볶은것"
D102009,돼지고기볶음(콩나물),볶음류,육류 및 난류볶음,"돼지고기, 등심, 구운것(팬), 양파, 데친것, 콩나물, 삶은것, 콩기름, 물엿, 파, 대파, 생것, 간장, 개량, 양조, 마늘, 생것, 설탕, 백설탕, 생강, 뿌리줄기, 생것, 참기름, 참깨, 흰색, 볶은것, 후추, 검은색, 가루","메뉴명: 돼지고기볶음(콩나물)
메뉴 대분류: 볶음류
메뉴 소분류: 육류 및 난류볶음
식재료: 돼지고기, 등심, 구운것(팬), 양파, 데친것, 콩나물, 삶은것, 콩기름, 물엿, 파, 대파, 생것, 간장, 개량, 양조, 마늘, 생것, 설탕, 백설탕, 생강, 뿌리줄기, 생것, 참기름, 참깨, 흰색, 볶은것, 후추, 검은색, 가루"
D102010,베이컨볶음,볶음류,육류 및 난류볶음,"베이컨, 양배추, 데친것, 양파, 데친것, 간장, 개량, 양조, 파, 쪽파, 생것, 마늘, 생것, 고춧가루, 설탕, 백설탕, 참기름, 후추, 검은색, 가루","메뉴명: 베이컨볶음
메뉴 대분류: 볶음류
메뉴 소분류: 육류 및 난류볶음
식재료: 베이컨, 양배추, 데친것, 양파, 데친것, 간장, 개량, 양조, 파, 쪽파, 생것, 마늘, 생것, 고춧가루, 설탕, 백설탕, 참기름, 후추, 검은색, 가루"
D102011,불고기(닭고기),볶음류,육류 및 난류볶음,"닭고기, 구운것, 양파, 데친것, 간장, 개량, 양조, 물엿, 고춧가루, 참기름, 발효주, 청주, 알코올 16%, 마늘, 생것, 생강, 뿌리줄기, 생것, 후추, 검은색, 가루","메뉴명: 불고기(닭고기)
메뉴 대분류: 볶음류
메뉴 소분류: 육류 및 난류볶음
식재료: 닭고기, 구운것, 양파, 데친것, 간장, 개량, 양조, 물엿, 고춧가루, 참기름, 발효주, 청주, 알코올 16%, 마늘, 생것, 생강, 뿌리줄기, 생것, 후추, 검은색, 가루"
D102012,불고기(돼지고기),볶음류,육류 및 난류볶음,"돼지고기, 등심, 구운것(팬), 양파, 데친것, 간장, 개량, 양조, 설탕, 백설탕, 파, 대파, 생것, 마늘, 생것, 참기름, 생강, 뿌리줄기, 생것, 후추, 검은색, 가루","메뉴명: 불고기(돼지고기)
메뉴 대분류: 볶음류
메뉴 소분류: 육류 및 난류볶음
식재료: 돼지고기, 등심, 구운것(팬), 양파, 데친것, 간장, 개량, 양조, 설탕, 백설탕, 파, 대파, 생것, 마늘, 생것, 참기름, 생강, 뿌리줄기, 생것, 후추, 검은색, 가루"
D102013,"불고기(돼지고기, 고추장)",볶음류,육류 및 난류볶음,"돼지고기, 등심, 구운것(팬), 고추장, 개량, 양파, 데친것, 파, 대파, 생것, 간장, 개량, 양조, 설탕, 백설탕, 마늘, 생것, 참기름, 후추, 검은색, 가루","메뉴명: 불고기(돼지고기, 고추장)
메뉴 대분류: 볶음류
메뉴 소분류: 육류 및 난류볶음
식재료: 돼지고기, 등심, 구운것(팬), 고추장, 개량, 양파, 데친것, 파, 대파, 생것, 간장, 개량, 양조, 설탕, 백설탕, 마늘, 생것, 참기름, 후추, 검은색, 가루"
D102014,"불고기(돼지고기, 고추장, 청주)",볶음류,육류 및 난류볶음,"돼지고기, 등심, 구운것(팬), 고추장, 개량, 발효주, 청주, 알코올 16%, 양파, 데친것, 고추, 풋고추, 생것, 파, 쪽파, 생것, 간장, 개량, 양조, 설탕, 백설탕, 마늘, 생것, 고춧가루, 참기름, 생강, 뿌리줄기, 생것, 후추, 검은색, 가루","메뉴명: 불고기(돼지고기, 고추장, 청주)
메뉴 대분류: 볶음류
메뉴 소분류: 육류 및 난류볶음
식재료: 돼지고기, 등심, 구운것(팬), 고추장, 개량, 발효주, 청주, 알코올 16%, 양파, 데친것, 고추, 풋고추, 생것, 파, 쪽파, 생것, 간장, 개량, 양조, 설탕, 백설탕, 마늘, 생것, 고춧가루, 참기름, 생강, 뿌리줄기, 생것, 후추, 검은색, 가루"
D102015,불고기(소고기),볶음류,육류 및 난류볶음,"소고기, 한우, 등심, 구운것(팬), 파, 대파, 생것, 설탕, 백설탕, 간장, 개량, 양조, 참깨, 흰색, 볶은것, 마늘, 생것, 참기름, 후추, 검은색, 가루","메뉴명: 불고기(소고기)
메뉴 대분류: 볶음류
메뉴 소분류: 육류 및 난류볶음
식재료: 소고기, 한우, 등심, 구운것(팬), 파, 대파, 생것, 설탕, 백설탕, 간장, 개량, 양조, 참깨, 흰색, 볶은것, 마늘, 생것, 참기름, 후추, 검은색, 가루"
D102016,"불고기(소고기, 배)",볶음류,육류 및 난류볶음,"소고기, 한우, 등심, 구운것(팬), 배, 신고, 생것, 양파, 데친것, 간장, 개량, 양조, 설탕, 백설탕, 파, 쪽파, 생것, 참기름, 마늘, 생것, 후추, 검은색, 가루","메뉴명: 불고기(소고기, 배)
메뉴 대분류: 볶음류
메뉴 소분류: 육류 및 난류볶음
식재료: 소고기, 한우, 등심, 구운것(팬), 배, 신고, 생것, 양파, 데친것, 간장, 개량, 양조, 설탕, 백설탕, 파, 쪽파, 생것, 참기름, 마늘, 생것, 후추, 검은색, 가루"
D102017,"불고기(소고기, 오징어)",볶음류,육류 및 난류볶음,"소고기, 한우, 등심, 구운것(팬), 오징어, 구운것, 배, 신고, 생것, 양파, 데친것, 간장, 개량, 양조, 설탕, 백설탕, 파, 쪽파, 생것, 참기름, 마늘, 생것, 후추, 검은색, 가루","메뉴명: 불고기(소고기, 오징어)
메뉴 대분류: 볶음류
메뉴 소분류: 육류 및 난류볶음
식재료: 소고기, 한우, 등심, 구운것(팬), 오징어, 구운것, 배, 신고, 생것, 양파, 데친것, 간장, 개량, 양조, 설탕, 백설탕, 파, 쪽파, 생것, 참기름, 마늘, 생것, 후추, 검은색, 가루"
D102018,소고기볶음,볶음류,육류 및 난류볶음,"소고기, 한우, 등심, 구운것(팬), 양파, 데친것, 간장, 개량, 양조, 파, 대파, 생것, 참깨, 흰색, 볶은것, 마늘, 생것, 물엿, 설탕, 백설탕, 콩기름, 후추, 검은색, 가루","메뉴명: 소고기볶음
메뉴 대분류: 볶음류
메뉴 소분류: 육류 및 난류볶음
식재료: 소고기, 한우, 등심, 구운것(팬), 양파, 데친것, 간장, 개량, 양조, 파, 대파, 생것, 참깨, 흰색, 볶은것, 마늘, 생것, 물엿, 설탕, 백설탕, 콩기름, 후추, 검은색, 가루"
D102019,소고기볶음(가지),볶음류,육류 및 난류볶음,"소고기, 한우, 등심, 구운것(팬), 양파, 데친것, 가지, 데친것, 간장, 개량, 양조, 파, 대파, 생것, 참깨, 흰색, 볶은것, 마늘, 생것, 물엿, 설탕, 백설탕, 콩기름, 후추, 검은색, 가루","메뉴명: 소고기볶음(가지)
메뉴 대분류: 볶음류
메뉴 소분류: 육류 및 난류볶음
식재료: 소고기, 한우, 등심, 구운것(팬), 양파, 데친것, 가지, 데친것, 간장, 개량, 양조, 파, 대파, 생것, 참깨, 흰색, 볶은것, 마늘, 생것, 물엿, 설탕, 백설탕, 콩기름, 후추, 검은색, 가루"
D102020,소고기볶음(느타리버섯),볶음류,육류 및 난류볶음,"소고기, 한우, 등심, 구운것(팬), 느타리버섯, 데친것, 콩기름, 당근, 뿌리, 데친것, 양파, 데친것, 간장, 재래, 고추, 풋고추, 생것, 마늘, 생것, 설탕, 백설탕, 참기름, 후추, 검은색, 가루","메뉴명: 소고기볶음(느타리버섯)
메뉴 대분류: 볶음류
메뉴 소분류: 육류 및 난류볶음
식재료: 소고기, 한우, 등심, 구운것(팬), 느타리버섯, 데친것, 콩기름, 당근, 뿌리, 데친것, 양파, 데친것, 간장, 재래, 고추, 풋고추, 생것, 마늘, 생것, 설탕, 백설탕, 참기름, 후추, 검은색, 가루"
D102021,소고기볶음(양배추),볶음류,육류 및 난류볶음,"소고기, 한우, 등심, 구운것(팬), 양파, 데친것, 양배추, 데친것, 간장, 개량, 양조, 파, 대파, 생것, 참깨, 흰색, 볶은것, 마늘, 생것, 물엿, 설탕, 백설탕, 콩기름, 후추, 검은색, 가루","메뉴명: 소고기볶음(양배추)
메뉴 대분류: 볶음류
메뉴 소분류: 육류 및 난류볶음
식재료: 소고기, 한우, 등심, 구운것(팬), 양파, 데친것, 양배추, 데친것, 간장, 개량, 양조, 파, 대파, 생것, 참깨, 흰색, 볶은것, 마늘, 생것, 물엿, 설탕, 백설탕, 콩기름, 후추, 검은색, 가루"
D102022,소고기볶음(표고버섯),볶음류,육류 및 난류볶음,"소고기, 한우, 등심, 구운것(팬), 표고버섯, 참나무재배, 말린것, 삶은것, 양파, 데친것, 간장, 개량, 양조, 콩기름, 파, 쪽파, 생것, 마늘, 생것, 참기름, 참깨, 흰색, 볶은것","메뉴명: 소고기볶음(표고버섯)
메뉴 대분류: 볶음류
메뉴 소분류: 육류 및 난류볶음
식재료: 소고기, 한우, 등심, 구운것(팬), 표고버섯, 참나무재배, 말린것, 삶은것, 양파, 데친것, 간장, 개량, 양조, 콩기름, 파, 쪽파, 생것, 마늘, 생것, 참기름, 참깨, 흰색, 볶은것"
D102023,소시지볶음,볶음류,육류 및 난류볶음,"소시지, 위너(비엔나)소시지, 마늘, 생것, 설탕, 백설탕, 소금, 천일염, 가는소금, 콩기름","메뉴명: 소시지볶음
메뉴 대분류: 볶음류
메뉴 소분류: 육류 및 난류볶음
식재료: 소시지, 위너(비엔나)소시지, 마늘, 생것, 설탕, 백설탕, 소금, 천일염, 가는소금, 콩기름"
D102024,소시지볶음(토마토케첩),볶음류,육류 및 난류볶음,"소시지, 위너(비엔나)소시지, 토마토 케첩, 마늘, 생것, 설탕, 백설탕, 소금, 천일염, 가는소금, 콩기름","메뉴명: 소시지볶음(토마토케첩)
메뉴 대분류: 볶음류
메뉴 소분류: 육류 및 난류볶음
식재료: 소시지, 위너(비엔나)소시지, 토마토 케첩, 마늘, 생것, 설탕, 백설탕, 소금, 천일염, 가는소금, 콩기름"
D102025,"소시지볶음(토마토케첩, 야채)",볶음류,육류 및 난류볶음,"소시지, 프랑크푸르트소시지, 양배추, 데친것, 당근, 뿌리, 데친것, 토마토 케첩, 콩기름, 고춧가루, 마늘, 생것, 소금, 천일염, 가는소금, 파, 쪽파, 생것","메뉴명: 소시지볶음(토마토케첩, 야채)
메뉴 대분류: 볶음류
메뉴 소분류: 육류 및 난류볶음
식재료: 소시지, 프랑크푸르트소시지, 양배추, 데친것, 당근, 뿌리, 데친것, 토마토 케첩, 콩기름, 고춧가루, 마늘, 생것, 소금, 천일염, 가는소금, 파, 쪽파, 생것"
D102026,순대볶음,볶음류,육류 및 난류볶음,"콩기름, 들깻잎, 데친것, 양배추, 데친것, 당근, 뿌리, 데친것, 양파, 데친것, 간장, 개량, 양조, 파, 대파, 생것, 고춧가루, 설탕, 백설탕, 참기름","메뉴명: 순대볶음
메뉴 대분류: 볶음류
메뉴 소분류: 육류 및 난류볶음
식재료: 콩기름, 들깻잎, 데친것, 양배추, 데친것, 당근, 뿌리, 데친것, 양파, 데친것, 간장, 개량, 양조, 파, 대파, 생것, 고춧가루, 설탕, 백설탕, 참기름"
D102027,햄볶음,볶음류,육류 및 난류볶음,"햄, 등심햄, 양파, 데친것, 콩기름, 피망, 초록색, 데친것, 소금, 천일염, 가는소금, 후추, 검은색, 가루","메뉴명: 햄볶음
메뉴 대분류: 볶음류
메뉴 소분류: 육류 및 난류볶음
식재료: 햄, 등심햄, 양파, 데친것, 콩기름, 피망, 초록색, 데친것, 소금, 천일염, 가는소금, 후추, 검은색, 가루"
D102028,햄볶음(감자),볶음류,육류 및 난류볶음,"햄, 등심햄, 감자, 대지, 구운것, 피망, 초록색, 데친것, 양파, 데친것, 콩기름, 소금, 천일염, 가는소금, 후추, 검은색, 가루","메뉴명: 햄볶음(감자)
메뉴 대분류: 볶음류
메뉴 소분류: 육류 및 난류볶음
식재료: 햄, 등심햄, 감자, 대지, 구운것, 피망, 초록색, 데친것, 양파, 데친것, 콩기름, 소금, 천일염, 가는소금, 후추, 검은색, 가루"
D102029,햄볶음(시금치),볶음류,육류 및 난류볶음,"햄, 등심햄, 시금치, 데친것, 양파, 데친것, 콩기름, 피망, 초록색, 데친것, 소금, 천일염, 가는소금, 후추, 검은색, 가루","메뉴명: 햄볶음(시금치)
메뉴 대분류: 볶음류
메뉴 소분류: 육류 및 난류볶음
식재료: 햄, 등심햄, 시금치, 데친것, 양파, 데친것, 콩기름, 피망, 초록색, 데친것, 소금, 천일염, 가는소금, 후추, 검은색, 가루"
D102035,언양불고기,볶음류,육류 및 난류볶음,"소고기, 한우, 등심, 구운것(팬), 배, 신고, 생것, 참깨, 흰색, 볶은것","메뉴명: 언양불고기
메뉴 대분류: 볶음류
메뉴 소분류: 육류 및 난류볶음
식재료: 소고기, 한우, 등심, 구운것(팬), 배, 신고, 생것, 참깨, 흰색, 볶은것"
D102040,불고기(소고기),볶음류,육류 및 난류볶음,"파, 대파, 생것, 설탕, 백설탕, 간장, 개량, 양조, 참깨, 흰색, 볶은것, 마늘, 생것, 참기름, 후추, 검은색, 가루, 느타리버섯, 생것, 소고기, 수입산, 안심(안심살), 구운것, 소고기, 한우, 등심, 구운것(팬)","메뉴명: 불고기(소고기)
메뉴 대분류: 볶음류
메뉴 소분류: 육류 및 난류볶음
식재료: 파, 대파, 생것, 설탕, 백설탕, 간장, 개량, 양조, 참깨, 흰색, 볶은것, 마늘, 생것, 참기름, 후추, 검은색, 가루, 느타리버섯, 생것, 소고기, 수입산, 안심(안심살), 구운것, 소고기, 한우, 등심, 구운것(팬)"
D102041,불고기(소고기),볶음류,육류 및 난류볶음,"파, 대파, 생것, 설탕, 백설탕, 간장, 개량, 양조, 참깨, 흰색, 볶은것, 마늘, 생것, 참기름, 후추, 검은색, 가루, 느타리버섯, 생것, 소고기, 수입산, 안심(안심살), 구운것","메뉴명: 불고기(소고기)
메뉴 대분류: 볶음류
메뉴 소분류: 육류 및 난류볶음
식재료: 파, 대파, 생것, 설탕, 백설탕, 간장, 개량, 양조, 참깨, 흰색, 볶은것, 마늘, 생것, 참기름, 후추, 검은색, 가루, 느타리버섯, 생것, 소고기, 수입산, 안심(안심살), 구운것"
D102042,닭불고기(고추장),볶음류,육류 및 난류볶음,"닭고기, 구운것, 양파, 데친것, 물엿, 고춧가루, 참기름, 발효주, 청주, 알코올 16%, 마늘, 생것, 생강, 뿌리줄기, 생것, 후추, 검은색, 가루, 고추장, 개량","메뉴명: 닭불고기(고추장)
메뉴 대분류: 볶음류
메뉴 소분류: 육류 및 난류볶음
식재료: 닭고기, 구운것, 양파, 데친것, 물엿, 고춧가루, 참기름, 발효주, 청주, 알코올 16%, 마늘, 생것, 생강, 뿌리줄기, 생것, 후추, 검은색, 가루, 고추장, 개량"
D102043,닭불고기(고추장),볶음류,육류 및 난류볶음,"닭고기, 구운것, 양파, 데친것, 물엿, 고춧가루, 참기름, 발효주, 청주, 알코올 16%, 마늘, 생것, 생강, 뿌리줄기, 생것, 후추, 검은색, 가루, 고추장, 개량","메뉴명: 닭불고기(고추장)
메뉴 대분류: 볶음류
메뉴 소분류: 육류 및 난류볶음
식재료: 닭고기, 구운것, 양파, 데친것, 물엿, 고춧가루, 참기름, 발효주, 청주, 알코올 16%, 마늘, 생것, 생강, 뿌리줄기, 생것, 후추, 검은색, 가루, 고추장, 개량"
D102044,불고기(소고기),볶음류,육류 및 난류볶음,"파, 대파, 생것, 설탕, 백설탕, 간장, 개량, 양조, 참깨, 흰색, 볶은것, 마늘, 생것, 참기름, 후추, 검은색, 가루, 느타리버섯, 생것, 소고기, 수입산, 안심(안심살), 구운것","메뉴명: 불고기(소고기)
메뉴 대분류: 볶음류
메뉴 소분류: 육류 및 난류볶음
식재료: 파, 대파, 생것, 설탕, 백설탕, 간장, 개량, 양조, 참깨, 흰색, 볶은것, 마늘, 생것, 참기름, 후추, 검은색, 가루, 느타리버섯, 생것, 소고기, 수입산, 안심(안심살), 구운것"
D102045,기장 난자완스,볶음류,육류 및 난류볶음,"기장, 도정, 생것, 표고버섯, 참나무재배, 말린것, 삶은것, 청경채, 생것, 파, 대파, 생것, 콩기름, 파프리카, 빨간색, 생것, 돼지고기, 등심, 생것, 달걀, 난황, 생것, 전분, 감자, 가루, 간장, 개량, 양조, 발효주, 청주, 알코올 16%, 생강, 가루, 후추, 검은색, 가루, 생수, 설탕, 백설탕","메뉴명: 기장 난자완스
메뉴 대분류: 볶음류
메뉴 소분류: 육류 및 난류볶음
식재료: 기장, 도정, 생것, 표고버섯, 참나무재배, 말린것, 삶은것, 청경채, 생것, 파, 대파, 생것, 콩기름, 파프리카, 빨간색, 생것, 돼지고기, 등심, 생것, 달걀, 난황, 생것, 전분, 감자, 가루, 간장, 개량, 양조, 발효주, 청주, 알코올 16%, 생강, 가루, 후추, 검은색, 가루, 생수, 설탕, 백설탕"
D102046,도라지불고기,볶음류,육류 및 난류볶음,"도라지, 뿌리, 생것, 양파, 생것, 파, 대파, 생것, 소고기, 한우, 등심, 생것, 소금, 천일염, 가는소금, 당근, 뿌리, 생것, 표고버섯, 참나무재배, 생것, 콩기름, 배, 생것, 설탕, 백설탕, 간장, 개량, 양조, 마늘, 생것, 참기름, 참깨, 흰색, 볶은것, 후추, 검은색, 가루","메뉴명: 도라지불고기
메뉴 대분류: 볶음류
메뉴 소분류: 육류 및 난류볶음
식재료: 도라지, 뿌리, 생것, 양파, 생것, 파, 대파, 생것, 소고기, 한우, 등심, 생것, 소금, 천일염, 가는소금, 당근, 뿌리, 생것, 표고버섯, 참나무재배, 생것, 콩기름, 배, 생것, 설탕, 백설탕, 간장, 개량, 양조, 마늘, 생것, 참기름, 참깨, 흰색, 볶은것, 후추, 검은색, 가루"
D102047,돈육채볶음,볶음류,육류 및 난류볶음,"돼지고기, 앞다리(앞다리살), 생것, 고추, 풋고추, 생것, 고추, 빨간색, 생것, 대나무순(죽순), 생것, 양파, 생것, 마늘, 생것, 생강, 뿌리줄기, 생것, 소금, 천일염, 가는소금, 후추, 검은색, 가루, 참기름, 발효주, 청주, 알코올 16%, 참깨, 흰색, 볶은것, 들깻잎, 생것, 상추, 잎상추, 치마상추, 녹색, 생것, 상추, 결구(양상추), 녹색, 생것, 치커리, 뿌리, 생것","메뉴명: 돈육채볶음
메뉴 대분류: 볶음류
메뉴 소분류: 육류 및 난류볶음
식재료: 돼지고기, 앞다리(앞다리살), 생것, 고추, 풋고추, 생것, 고추, 빨간색, 생것, 대나무순(죽순), 생것, 양파, 생것, 마늘, 생것, 생강, 뿌리줄기, 생것, 소금, 천일염, 가는소금, 후추, 검은색, 가루, 참기름, 발효주, 청주, 알코올 16%, 참깨, 흰색, 볶은것, 들깻잎, 생것, 상추, 잎상추, 치마상추, 녹색, 생것, 상추, 결구(양상추), 녹색, 생것, 치커리, 뿌리, 생것"
D102048,돼지고기 간장볶음,볶음류,육류 및 난류볶음,"돼지고기, 삼겹살, 생것, 마늘, 생것, 양파, 생것, 당근, 뿌리, 생것, 파, 대파, 생것, 간장, 개량, 양조, 조청, 쌀, 생수, 설탕, 백설탕, 생강, 뿌리줄기, 생것, 후추, 검은색, 가루","메뉴명: 돼지고기 간장볶음
메뉴 대분류: 볶음류
메뉴 소분류: 육류 및 난류볶음
식재료: 돼지고기, 삼겹살, 생것, 마늘, 생것, 양파, 생것, 당근, 뿌리, 생것, 파, 대파, 생것, 간장, 개량, 양조, 조청, 쌀, 생수, 설탕, 백설탕, 생강, 뿌리줄기, 생것, 후추, 검은색, 가루"
D102049,배 윙볶음,볶음류,육류 및 난류볶음,"배, 생것, 닭고기, 날개, 생것, 파슬리, 말린것, 올리브유, 간장, 개량, 양조, 식초, 발사믹, 마늘, 생것","메뉴명: 배 윙볶음
메뉴 대분류: 볶음류
메뉴 소분류: 육류 및 난류볶음
식재료: 배, 생것, 닭고기, 날개, 생것, 파슬리, 말린것, 올리브유, 간장, 개량, 양조, 식초, 발사믹, 마늘, 생것"
D102050,사과 닭고기 볶음,볶음류,육류 및 난류볶음,"닭고기, 가슴, 생것, 사과, 생것, 양파, 생것, 고추, 청양고추, 생것, 고추장, 개량, 마늘, 생것, 설탕, 백설탕, 생수, 고춧가루, 발효주, 청주, 알코올 16%, 올리브유, 소금, 천일염, 가는소금, 후추, 검은색, 가루","메뉴명: 사과 닭고기 볶음
메뉴 대분류: 볶음류
메뉴 소분류: 육류 및 난류볶음
식재료: 닭고기, 가슴, 생것, 사과, 생것, 양파, 생것, 고추, 청양고추, 생것, 고추장, 개량, 마늘, 생것, 설탕, 백설탕, 생수, 고춧가루, 발효주, 청주, 알코올 16%, 올리브유, 소금, 천일염, 가는소금, 후추, 검은색, 가루"
D102051,소고기무나물,볶음류,육류 및 난류볶음,"무, 조선무, 생것, 소고기, 한우(1등급), 우둔, 생것, 파, 쪽파, 생것, 간장, 개량, 양조, 고추, 빨간색, 생것, 콩기름, 참깨, 흰색, 볶은것, 설탕, 백설탕, 파, 대파, 생것, 마늘, 생것, 참기름, 후추, 검은색, 가루","메뉴명: 소고기무나물
메뉴 대분류: 볶음류
메뉴 소분류: 육류 및 난류볶음
식재료: 무, 조선무, 생것, 소고기, 한우(1등급), 우둔, 생것, 파, 쪽파, 생것, 간장, 개량, 양조, 고추, 빨간색, 생것, 콩기름, 참깨, 흰색, 볶은것, 설탕, 백설탕, 파, 대파, 생것, 마늘, 생것, 참기름, 후추, 검은색, 가루"
D102052,오리고기피망잡채,볶음류,육류 및 난류볶음,"오리고기, 생것, 껍질 포함, 피망, 초록색, 생것, 파프리카, 노란색, 생것, 파프리카, 주황색, 생것, 마늘, 생것, 소금, 천일염, 가는소금, 후추, 검은색, 가루, 생강, 뿌리줄기, 생것, 발효주, 청주, 알코올 16%, 설탕, 백설탕, 간장, 개량, 양조, 맛술, 참기름, 굴 소스, 참깨, 검은색, 볶은것","메뉴명: 오리고기피망잡채
메뉴 대분류: 볶음류
메뉴 소분류: 육류 및 난류볶음
식재료: 오리고기, 생것, 껍질 포함, 피망, 초록색, 생것, 파프리카, 노란색, 생것, 파프리카, 주황색, 생것, 마늘, 생것, 소금, 천일염, 가는소금, 후추, 검은색, 가루, 생강, 뿌리줄기, 생것, 발효주, 청주, 알코올 16%, 설탕, 백설탕, 간장, 개량, 양조, 맛술, 참기름, 굴 소스, 참깨, 검은색, 볶은것"
D102053,표고버섯 차돌박이 볶음,볶음류,육류 및 난류볶음,"표고버섯, 참나무재배, 생것, 소고기, 한우(1등급), 양지(차돌박이), 생것, 파프리카, 노란색, 생것, 피망, 초록색, 생것, 고추, 빨간색, 생것, 소금, 천일염, 가는소금, 후추, 검은색, 가루, 설탕, 가루, 발효주, 청주, 알코올 16%, 간장, 개량, 양조, 생강, 뿌리줄기, 생것, 마늘, 생것, 참깨, 흰색, 볶은것","메뉴명: 표고버섯 차돌박이 볶음
메뉴 대분류: 볶음류
메뉴 소분류: 육류 및 난류볶음
식재료: 표고버섯, 참나무재배, 생것, 소고기, 한우(1등급), 양지(차돌박이), 생것, 파프리카, 노란색, 생것, 피망, 초록색, 생것, 고추, 빨간색, 생것, 소금, 천일염, 가는소금, 후추, 검은색, 가루, 설탕, 가루, 발효주, 청주, 알코올 16%, 간장, 개량, 양조, 생강, 뿌리줄기, 생것, 마늘, 생것, 참깨, 흰색, 볶은것"
D102054,풋마늘불고기,볶음류,육류 및 난류볶음,"양파, 생것, 풋마늘, 잎줄기, 생것, 소고기, 한우, 등심, 생것, 설탕, 백설탕, 간장, 개량, 양조, 참기름, 참깨, 흰색, 볶은것, 배즙","메뉴명: 풋마늘불고기
메뉴 대분류: 볶음류
메뉴 소분류: 육류 및 난류볶음
식재료: 양파, 생것, 풋마늘, 잎줄기, 생것, 소고기, 한우, 등심, 생것, 설탕, 백설탕, 간장, 개량, 양조, 참기름, 참깨, 흰색, 볶은것, 배즙"
D102055,토마토오리볶음,볶음류,육류 및 난류볶음,"오리고기, 살코기, 생것, 가지, 생것, 양파, 생것, 파프리카, 노란색, 생것, 큰느타리버섯(새송이버섯), 생것, 브로콜리, 생것, 부추, 솔부추, 생것, 토마토, 방울토마토, 생것, 후추, 흰색, 가루, 맛술, 마늘, 다진것, 토마토, 생것, 고추, 풋고추, 생것, 고추장, 개량, 물엿","메뉴명: 토마토오리볶음
메뉴 대분류: 볶음류
메뉴 소분류: 육류 및 난류볶음
식재료: 오리고기, 살코기, 생것, 가지, 생것, 양파, 생것, 파프리카, 노란색, 생것, 큰느타리버섯(새송이버섯), 생것, 브로콜리, 생것, 부추, 솔부추, 생것, 토마토, 방울토마토, 생것, 후추, 흰색, 가루, 맛술, 마늘, 다진것, 토마토, 생것, 고추, 풋고추, 생것, 고추장, 개량, 물엿"
D102056,돈불고기 파인애플볶음,볶음류,육류 및 난류볶음,"돼지고기, 앞다리, 생것, 파인애플, 생것, 양배추, 생것, 양파, 생것, 당근, 뿌리, 생것, 파, 대파, 생것, 설탕, 가루, 부추, 솔부추, 생것, 마늘, 생것, 참기름, 간장, 개량, 양조","메뉴명: 돈불고기 파인애플볶음
메뉴 대분류: 볶음류
메뉴 소분류: 육류 및 난류볶음
식재료: 돼지고기, 앞다리, 생것, 파인애플, 생것, 양배추, 생것, 양파, 생것, 당근, 뿌리, 생것, 파, 대파, 생것, 설탕, 가루, 부추, 솔부추, 생것, 마늘, 생것, 참기름, 간장, 개량, 양조"
D103001,가지볶음,볶음류,채소 및 해조류볶음,"가지, 데친것, 간장, 개량, 양조, 마늘, 생것, 소금, 천일염, 가는소금, 참기름, 콩기름, 파, 쪽파, 생것, 참깨, 흰색, 볶은것","메뉴명: 가지볶음
메뉴 대분류: 볶음류
메뉴 소분류: 채소 및 해조류볶음
식재료: 가지, 데친것, 간장, 개량, 양조, 마늘, 생것, 소금, 천일염, 가는소금, 참기름, 콩기름, 파, 쪽파, 생것, 참깨, 흰색, 볶은것"
D103002,가지볶음(양파),볶음류,채소 및 해조류볶음,"가지, 데친것, 양파, 데친것, 간장, 개량, 양조, 마늘, 생것, 소금, 천일염, 가는소금, 참기름, 콩기름, 파, 쪽파, 생것, 참깨, 흰색, 볶은것","메뉴명: 가지볶음(양파)
메뉴 대분류: 볶음류
메뉴 소분류: 채소 및 해조류볶음
식재료: 가지, 데친것, 양파, 데친것, 간장, 개량, 양조, 마늘, 생것, 소금, 천일염, 가는소금, 참기름, 콩기름, 파, 쪽파, 생것, 참깨, 흰색, 볶은것"
D103003,감자볶음,볶음류,채소 및 해조류볶음,"감자, 대지, 구운것, 콩기름, 멸치, 중멸치, 삶아서 말린것, 파, 대파, 생것, 마늘, 생것, 소금, 천일염, 가는소금, 참깨, 흰색, 볶은것","메뉴명: 감자볶음
메뉴 대분류: 볶음류
메뉴 소분류: 채소 및 해조류볶음
식재료: 감자, 대지, 구운것, 콩기름, 멸치, 중멸치, 삶아서 말린것, 파, 대파, 생것, 마늘, 생것, 소금, 천일염, 가는소금, 참깨, 흰색, 볶은것"
D103004,감자볶음(간장),볶음류,채소 및 해조류볶음,"감자, 대지, 구운것, 참기름, 콩기름, 파, 대파, 생것, 간장, 개량, 양조, 참깨, 흰색, 볶은것, 마늘, 생것","메뉴명: 감자볶음(간장)
메뉴 대분류: 볶음류
메뉴 소분류: 채소 및 해조류볶음
식재료: 감자, 대지, 구운것, 참기름, 콩기름, 파, 대파, 생것, 간장, 개량, 양조, 참깨, 흰색, 볶은것, 마늘, 생것"
D103005,"감자볶음(간장, 어묵)",볶음류,채소 및 해조류볶음,"감자, 대지, 구운것, 어묵, 콩기름, 물엿, 간장, 개량, 양조, 파, 쪽파, 생것, 설탕, 백설탕","메뉴명: 감자볶음(간장, 어묵)
메뉴 대분류: 볶음류
메뉴 소분류: 채소 및 해조류볶음
식재료: 감자, 대지, 구운것, 어묵, 콩기름, 물엿, 간장, 개량, 양조, 파, 쪽파, 생것, 설탕, 백설탕"
D103006,감자볶음(당근),볶음류,채소 및 해조류볶음,"감자, 대지, 구운것, 당근, 뿌리, 데친것, 콩기름, 멸치, 중멸치, 삶아서 말린것, 파, 대파, 생것, 마늘, 생것, 소금, 천일염, 가는소금, 참깨, 흰색, 볶은것","메뉴명: 감자볶음(당근)
메뉴 대분류: 볶음류
메뉴 소분류: 채소 및 해조류볶음
식재료: 감자, 대지, 구운것, 당근, 뿌리, 데친것, 콩기름, 멸치, 중멸치, 삶아서 말린것, 파, 대파, 생것, 마늘, 생것, 소금, 천일염, 가는소금, 참깨, 흰색, 볶은것"
D103007,감자채볶음,볶음류,채소 및 해조류볶음,"감자, 대지, 구운것, 양파, 데친것, 고추, 풋고추, 생것, 당근, 뿌리, 데친것, 콩기름, 소금, 천일염, 가는소금","메뉴명: 감자채볶음
메뉴 대분류: 볶음류
메뉴 소분류: 채소 및 해조류볶음
식재료: 감자, 대지, 구운것, 양파, 데친것, 고추, 풋고추, 생것, 당근, 뿌리, 데친것, 콩기름, 소금, 천일염, 가는소금"
D103008,고구마볶음(고추장),볶음류,채소 및 해조류볶음,"고구마, 점질(호박) 고구마, 구운것, 양파, 데친것, 당근, 뿌리, 데친것, 고추장, 개량, 콩기름, 고추, 빨간색, 생것, 간장, 개량, 양조, 고춧가루, 설탕, 백설탕","메뉴명: 고구마볶음(고추장)
메뉴 대분류: 볶음류
메뉴 소분류: 채소 및 해조류볶음
식재료: 고구마, 점질(호박) 고구마, 구운것, 양파, 데친것, 당근, 뿌리, 데친것, 고추장, 개량, 콩기름, 고추, 빨간색, 생것, 간장, 개량, 양조, 고춧가루, 설탕, 백설탕"
D103009,고구마줄기볶음,볶음류,채소 및 해조류볶음,"고구마, 줄기, 데친것, 파, 쪽파, 생것, 소금, 천일염, 가는소금, 마늘, 생것, 참깨, 흰색, 볶은것, 콩기름, 고춧가루, 참기름","메뉴명: 고구마줄기볶음
메뉴 대분류: 볶음류
메뉴 소분류: 채소 및 해조류볶음
식재료: 고구마, 줄기, 데친것, 파, 쪽파, 생것, 소금, 천일염, 가는소금, 마늘, 생것, 참깨, 흰색, 볶은것, 콩기름, 고춧가루, 참기름"
D103010,고구마줄기볶음(말린것),볶음류,채소 및 해조류볶음,"고구마, 줄기, 삶아서 말린것, 삶은것, 간장, 개량, 양조, 콩기름, 참기름, 마늘, 생것, 소금, 천일염, 가는소금, 파, 대파, 생것","메뉴명: 고구마줄기볶음(말린것)
메뉴 대분류: 볶음류
메뉴 소분류: 채소 및 해조류볶음
식재료: 고구마, 줄기, 삶아서 말린것, 삶은것, 간장, 개량, 양조, 콩기름, 참기름, 마늘, 생것, 소금, 천일염, 가는소금, 파, 대파, 생것"
D103011,고비볶음,볶음류,채소 및 해조류볶음,"고비, 야생, 말린것, 삶은것, 콩기름, 양파, 데친것, 간장, 재래, 들기름, 마늘, 생것, 파, 쪽파, 생것, 참깨, 흰색, 볶은것, 소금, 천일염, 가는소금, 참기름","메뉴명: 고비볶음
메뉴 대분류: 볶음류
메뉴 소분류: 채소 및 해조류볶음
식재료: 고비, 야생, 말린것, 삶은것, 콩기름, 양파, 데친것, 간장, 재래, 들기름, 마늘, 생것, 파, 쪽파, 생것, 참깨, 흰색, 볶은것, 소금, 천일염, 가는소금, 참기름"
D103012,고사리나물,볶음류,채소 및 해조류볶음,"고사리, 데친것, 간장, 개량, 양조, 파, 쪽파, 생것, 마늘, 생것, 소금, 천일염, 가는소금, 콩기름, 참기름, 참깨, 흰색, 볶은것","메뉴명: 고사리나물
메뉴 대분류: 볶음류
메뉴 소분류: 채소 및 해조류볶음
식재료: 고사리, 데친것, 간장, 개량, 양조, 파, 쪽파, 생것, 마늘, 생것, 소금, 천일염, 가는소금, 콩기름, 참기름, 참깨, 흰색, 볶은것"
D103013,고사리나물(들깨),볶음류,채소 및 해조류볶음,"고사리, 데친것, 참기름, 콩기름, 파, 대파, 생것, 간장, 개량, 양조, 들깨, 볶은것, 마늘, 생것","메뉴명: 고사리나물(들깨)
메뉴 대분류: 볶음류
메뉴 소분류: 채소 및 해조류볶음
식재료: 고사리, 데친것, 참기름, 콩기름, 파, 대파, 생것, 간장, 개량, 양조, 들깨, 볶은것, 마늘, 생것"
D103014,고춧잎볶음,볶음류,채소 및 해조류볶음,"고춧잎, 데친것, 콩기름, 양파, 데친것, 간장, 재래, 들기름, 마늘, 생것, 참깨, 흰색, 볶은것, 소금, 천일염, 가는소금, 참기름","메뉴명: 고춧잎볶음
메뉴 대분류: 볶음류
메뉴 소분류: 채소 및 해조류볶음
식재료: 고춧잎, 데친것, 콩기름, 양파, 데친것, 간장, 재래, 들기름, 마늘, 생것, 참깨, 흰색, 볶은것, 소금, 천일염, 가는소금, 참기름"
D103015,근대볶음,볶음류,채소 및 해조류볶음,"근대, 데친것, 콩기름, 양파, 데친것, 간장, 재래, 들기름, 마늘, 생것, 소금, 천일염, 가는소금, 참기름","메뉴명: 근대볶음
메뉴 대분류: 볶음류
메뉴 소분류: 채소 및 해조류볶음
식재료: 근대, 데친것, 콩기름, 양파, 데친것, 간장, 재래, 들기름, 마늘, 생것, 소금, 천일염, 가는소금, 참기름"
D103016,김치볶음,볶음류,채소 및 해조류볶음,"김치, 배추 김치, 콩기름, 설탕, 백설탕, 마늘, 생것, 파, 대파, 생것, 참기름","메뉴명: 김치볶음
메뉴 대분류: 볶음류
메뉴 소분류: 채소 및 해조류볶음
식재료: 김치, 배추 김치, 콩기름, 설탕, 백설탕, 마늘, 생것, 파, 대파, 생것, 참기름"
D103017,김치볶음(돼지고기),볶음류,채소 및 해조류볶음,"김치, 배추 김치, 돼지고기, 등심, 구운것(팬), 양파, 데친것, 콩기름, 파, 쪽파, 생것, 마늘, 생것, 참기름","메뉴명: 김치볶음(돼지고기)
메뉴 대분류: 볶음류
메뉴 소분류: 채소 및 해조류볶음
식재료: 김치, 배추 김치, 돼지고기, 등심, 구운것(팬), 양파, 데친것, 콩기름, 파, 쪽파, 생것, 마늘, 생것, 참기름"
D103018,김치볶음(참치),볶음류,채소 및 해조류볶음,"김치, 배추 김치, 다랑어, 가다랑어, 통조림, 유지, 콩기름, 마늘, 생것, 파, 대파, 생것","메뉴명: 김치볶음(참치)
메뉴 대분류: 볶음류
메뉴 소분류: 채소 및 해조류볶음
식재료: 김치, 배추 김치, 다랑어, 가다랑어, 통조림, 유지, 콩기름, 마늘, 생것, 파, 대파, 생것"
D103019,깍두기볶음,볶음류,채소 및 해조류볶음,"김치, 깍두기, 콩기름, 설탕, 백설탕, 마늘, 생것, 파, 대파, 생것, 참기름","메뉴명: 깍두기볶음
메뉴 대분류: 볶음류
메뉴 소분류: 채소 및 해조류볶음
식재료: 김치, 깍두기, 콩기름, 설탕, 백설탕, 마늘, 생것, 파, 대파, 생것, 참기름"
D103020,깻잎볶음,볶음류,채소 및 해조류볶음,"들깻잎, 데친것, 콩기름, 양파, 데친것, 간장, 재래, 들기름, 마늘, 생것, 소금, 천일염, 가는소금, 참기름","메뉴명: 깻잎볶음
메뉴 대분류: 볶음류
메뉴 소분류: 채소 및 해조류볶음
식재료: 들깻잎, 데친것, 콩기름, 양파, 데친것, 간장, 재래, 들기름, 마늘, 생것, 소금, 천일염, 가는소금, 참기름"
D103021,깻잎볶음(멸치),볶음류,채소 및 해조류볶음,"들깻잎, 데친것, 멸치, 잔멸치, 삶아서 말린것, 콩기름, 설탕, 백설탕, 참기름, 간장, 재래, 마늘, 생것, 물엿","메뉴명: 깻잎볶음(멸치)
메뉴 대분류: 볶음류
메뉴 소분류: 채소 및 해조류볶음
식재료: 들깻잎, 데친것, 멸치, 잔멸치, 삶아서 말린것, 콩기름, 설탕, 백설탕, 참기름, 간장, 재래, 마늘, 생것, 물엿"
D103022,당근볶음,볶음류,채소 및 해조류볶음,"당근, 뿌리, 데친것, 콩기름, 파, 대파, 생것, 소금, 천일염, 가는소금, 마늘, 생것, 후추, 검은색, 가루","메뉴명: 당근볶음
메뉴 대분류: 볶음류
메뉴 소분류: 채소 및 해조류볶음
식재료: 당근, 뿌리, 데친것, 콩기름, 파, 대파, 생것, 소금, 천일염, 가는소금, 마늘, 생것, 후추, 검은색, 가루"
D103023,도라지볶음,볶음류,채소 및 해조류볶음,"도라지, 뿌리, 데친것, 콩기름, 파, 대파, 생것, 참깨, 흰색, 볶은것, 마늘, 생것, 소금, 천일염, 가는소금, 참기름","메뉴명: 도라지볶음
메뉴 대분류: 볶음류
메뉴 소분류: 채소 및 해조류볶음
식재료: 도라지, 뿌리, 데친것, 콩기름, 파, 대파, 생것, 참깨, 흰색, 볶은것, 마늘, 생것, 소금, 천일염, 가는소금, 참기름"
D103024,도라지볶음(간장),볶음류,채소 및 해조류볶음,"도라지, 뿌리, 데친것, 파, 쪽파, 생것, 콩기름, 간장, 재래, 마늘, 생것, 소금, 천일염, 가는소금, 참기름, 참깨, 흰색, 볶은것","메뉴명: 도라지볶음(간장)
메뉴 대분류: 볶음류
메뉴 소분류: 채소 및 해조류볶음
식재료: 도라지, 뿌리, 데친것, 파, 쪽파, 생것, 콩기름, 간장, 재래, 마늘, 생것, 소금, 천일염, 가는소금, 참기름, 참깨, 흰색, 볶은것"
D103025,마늘종볶음,볶음류,채소 및 해조류볶음,"마늘종, 꽃줄기, 데친것, 양파, 데친것, 간장, 개량, 양조, 파, 쪽파, 생것, 콩기름, 고춧가루, 마늘, 생것, 참깨, 흰색, 볶은것","메뉴명: 마늘종볶음
메뉴 대분류: 볶음류
메뉴 소분류: 채소 및 해조류볶음
식재료: 마늘종, 꽃줄기, 데친것, 양파, 데친것, 간장, 개량, 양조, 파, 쪽파, 생것, 콩기름, 고춧가루, 마늘, 생것, 참깨, 흰색, 볶은것"
D103026,명일엽볶음,볶음류,채소 및 해조류볶음,"신선초(명일엽), 생것, 콩기름, 양파, 데친것, 간장, 개량, 양조, 들기름, 마늘, 생것, 소금, 천일염, 가는소금, 참기름","메뉴명: 명일엽볶음
메뉴 대분류: 볶음류
메뉴 소분류: 채소 및 해조류볶음
식재료: 신선초(명일엽), 생것, 콩기름, 양파, 데친것, 간장, 개량, 양조, 들기름, 마늘, 생것, 소금, 천일염, 가는소금, 참기름"
D103027,무볶음,볶음류,채소 및 해조류볶음,"무, 조선무, 생것, 간장, 개량, 양조, 콩기름, 파, 대파, 생것, 고춧가루, 마늘, 생것, 설탕, 백설탕","메뉴명: 무볶음
메뉴 대분류: 볶음류
메뉴 소분류: 채소 및 해조류볶음
식재료: 무, 조선무, 생것, 간장, 개량, 양조, 콩기름, 파, 대파, 생것, 고춧가루, 마늘, 생것, 설탕, 백설탕"
D103028,무청볶음(된장),볶음류,채소 및 해조류볶음,"무청, 조선무, 생것, 된장, 재래, 파, 대파, 생것, 콩기름, 소금, 천일염, 가는소금, 참기름, 고춧가루, 마늘, 생것","메뉴명: 무청볶음(된장)
메뉴 대분류: 볶음류
메뉴 소분류: 채소 및 해조류볶음
식재료: 무청, 조선무, 생것, 된장, 재래, 파, 대파, 생것, 콩기름, 소금, 천일염, 가는소금, 참기름, 고춧가루, 마늘, 생것"
D103029,미역볶음,볶음류,채소 및 해조류볶음,"미역, 염장, 데친것, 양파, 데친것, 콩기름, 소금, 천일염, 가는소금, 참기름, 마늘, 생것","메뉴명: 미역볶음
메뉴 대분류: 볶음류
메뉴 소분류: 채소 및 해조류볶음
식재료: 미역, 염장, 데친것, 양파, 데친것, 콩기름, 소금, 천일염, 가는소금, 참기름, 마늘, 생것"
D103030,미역줄기볶음,볶음류,채소 및 해조류볶음,"미역, 줄기, 염장 후 탈염, 삶은것, 고추, 풋고추, 생것, 양파, 데친것, 콩기름, 소금, 천일염, 가는소금, 참기름, 마늘, 생것","메뉴명: 미역줄기볶음
메뉴 대분류: 볶음류
메뉴 소분류: 채소 및 해조류볶음
식재료: 미역, 줄기, 염장 후 탈염, 삶은것, 고추, 풋고추, 생것, 양파, 데친것, 콩기름, 소금, 천일염, 가는소금, 참기름, 마늘, 생것"
D103031,배추나물볶음,볶음류,채소 및 해조류볶음,"배추, 데친것, 콩기름, 파, 대파, 생것, 간장, 개량, 양조, 마늘, 생것, 설탕, 백설탕, 참기름, 후추, 검은색, 가루","메뉴명: 배추나물볶음
메뉴 대분류: 볶음류
메뉴 소분류: 채소 및 해조류볶음
식재료: 배추, 데친것, 콩기름, 파, 대파, 생것, 간장, 개량, 양조, 마늘, 생것, 설탕, 백설탕, 참기름, 후추, 검은색, 가루"
D103032,버섯볶음(느타리버섯),볶음류,채소 및 해조류볶음,"느타리버섯, 데친것, 당근, 뿌리, 데친것, 양파, 데친것, 콩기름, 간장, 재래, 마늘, 생것, 소금, 천일염, 가는소금, 파, 대파, 생것","메뉴명: 버섯볶음(느타리버섯)
메뉴 대분류: 볶음류
메뉴 소분류: 채소 및 해조류볶음
식재료: 느타리버섯, 데친것, 당근, 뿌리, 데친것, 양파, 데친것, 콩기름, 간장, 재래, 마늘, 생것, 소금, 천일염, 가는소금, 파, 대파, 생것"
D103033,"버섯볶음(느타리버섯, 부추)",볶음류,채소 및 해조류볶음,"느타리버섯, 데친것, 숙주나물, 데친것, 양파, 데친것, 당근, 뿌리, 데친것, 부추, 재래종, 데친것, 고추, 풋고추, 생것, 콩기름, 간장, 재래, 마늘, 생것, 소금, 천일염, 가는소금, 참기름","메뉴명: 버섯볶음(느타리버섯, 부추)
메뉴 대분류: 볶음류
메뉴 소분류: 채소 및 해조류볶음
식재료: 느타리버섯, 데친것, 숙주나물, 데친것, 양파, 데친것, 당근, 뿌리, 데친것, 부추, 재래종, 데친것, 고추, 풋고추, 생것, 콩기름, 간장, 재래, 마늘, 생것, 소금, 천일염, 가는소금, 참기름"
D103034,"버섯볶음(느타리버섯, 피망)",볶음류,채소 및 해조류볶음,"느타리버섯, 데친것, 당근, 뿌리, 데친것, 양파, 데친것, 피망, 초록색, 데친것, 콩기름, 간장, 재래, 마늘, 생것, 소금, 천일염, 가는소금, 파, 대파, 생것","메뉴명: 버섯볶음(느타리버섯, 피망)
메뉴 대분류: 볶음류
메뉴 소분류: 채소 및 해조류볶음
식재료: 느타리버섯, 데친것, 당근, 뿌리, 데친것, 양파, 데친것, 피망, 초록색, 데친것, 콩기름, 간장, 재래, 마늘, 생것, 소금, 천일염, 가는소금, 파, 대파, 생것"
D103035,"버섯볶음(양송이버섯, 소고기)",볶음류,채소 및 해조류볶음,"양송이버섯, 데친것, 소고기, 한우, 등심, 구운것(팬), 양파, 데친것, 당근, 뿌리, 데친것, 간장, 개량, 양조, 파, 쪽파, 생것, 콩기름, 마늘, 생것, 고춧가루, 소금, 천일염, 가는소금, 참깨, 흰색, 볶은것","메뉴명: 버섯볶음(양송이버섯, 소고기)
메뉴 대분류: 볶음류
메뉴 소분류: 채소 및 해조류볶음
식재료: 양송이버섯, 데친것, 소고기, 한우, 등심, 구운것(팬), 양파, 데친것, 당근, 뿌리, 데친것, 간장, 개량, 양조, 파, 쪽파, 생것, 콩기름, 마늘, 생것, 고춧가루, 소금, 천일염, 가는소금, 참깨, 흰색, 볶은것"
D103036,"버섯볶음(표고버섯, 소고기)",볶음류,채소 및 해조류볶음,"표고버섯, 참나무재배, 말린것, 삶은것, 소고기, 한우, 등심, 구운것(팬), 양파, 데친것, 당근, 뿌리, 데친것, 간장, 개량, 양조, 파, 쪽파, 생것, 콩기름, 마늘, 생것, 고춧가루, 소금, 천일염, 가는소금, 참깨, 흰색, 볶은것","메뉴명: 버섯볶음(표고버섯, 소고기)
메뉴 대분류: 볶음류
메뉴 소분류: 채소 및 해조류볶음
식재료: 표고버섯, 참나무재배, 말린것, 삶은것, 소고기, 한우, 등심, 구운것(팬), 양파, 데친것, 당근, 뿌리, 데친것, 간장, 개량, 양조, 파, 쪽파, 생것, 콩기름, 마늘, 생것, 고춧가루, 소금, 천일염, 가는소금, 참깨, 흰색, 볶은것"
D103037,부추볶음,볶음류,채소 및 해조류볶음,"부추, 재래종, 데친것, 파, 쪽파, 생것, 콩기름, 간장, 재래, 마늘, 생것, 참기름, 참깨, 흰색, 볶은것","메뉴명: 부추볶음
메뉴 대분류: 볶음류
메뉴 소분류: 채소 및 해조류볶음
식재료: 부추, 재래종, 데친것, 파, 쪽파, 생것, 콩기름, 간장, 재래, 마늘, 생것, 참기름, 참깨, 흰색, 볶은것"
D103038,부추볶음(계란),볶음류,채소 및 해조류볶음,"부추, 재래종, 데친것, 달걀, 부침(달걀프라이), 파, 쪽파, 생것, 콩기름, 간장, 재래, 마늘, 생것, 참기름, 참깨, 흰색, 볶은것","메뉴명: 부추볶음(계란)
메뉴 대분류: 볶음류
메뉴 소분류: 채소 및 해조류볶음
식재료: 부추, 재래종, 데친것, 달걀, 부침(달걀프라이), 파, 쪽파, 생것, 콩기름, 간장, 재래, 마늘, 생것, 참기름, 참깨, 흰색, 볶은것"
D103039,부추볶음(돼지고기),볶음류,채소 및 해조류볶음,"부추, 재래종, 데친것, 돼지고기, 등심, 구운것(팬), 파, 쪽파, 생것, 콩기름, 간장, 재래, 마늘, 생것, 참기름, 참깨, 흰색, 볶은것","메뉴명: 부추볶음(돼지고기)
메뉴 대분류: 볶음류
메뉴 소분류: 채소 및 해조류볶음
식재료: 부추, 재래종, 데친것, 돼지고기, 등심, 구운것(팬), 파, 쪽파, 생것, 콩기름, 간장, 재래, 마늘, 생것, 참기름, 참깨, 흰색, 볶은것"
D103040,야채볶음,볶음류,채소 및 해조류볶음,"호박, 애호박, 데친것, 양파, 데친것, 당근, 뿌리, 데친것, 참기름, 콩기름, 참깨, 흰색, 볶은것, 소금, 천일염, 가는소금","메뉴명: 야채볶음
메뉴 대분류: 볶음류
메뉴 소분류: 채소 및 해조류볶음
식재료: 호박, 애호박, 데친것, 양파, 데친것, 당근, 뿌리, 데친것, 참기름, 콩기름, 참깨, 흰색, 볶은것, 소금, 천일염, 가는소금"
D103041,야채볶음(닭고기),볶음류,채소 및 해조류볶음,"닭고기, 구운것, 양파, 데친것, 당근, 뿌리, 데친것, 피망, 초록색, 데친것, 고추, 빨간색, 생것, 콩기름, 파, 쪽파, 생것, 간장, 개량, 양조, 설탕, 백설탕, 마늘, 생것, 생강, 뿌리줄기, 생것, 발효주, 청주, 알코올 16%, 후추, 검은색, 가루","메뉴명: 야채볶음(닭고기)
메뉴 대분류: 볶음류
메뉴 소분류: 채소 및 해조류볶음
식재료: 닭고기, 구운것, 양파, 데친것, 당근, 뿌리, 데친것, 피망, 초록색, 데친것, 고추, 빨간색, 생것, 콩기름, 파, 쪽파, 생것, 간장, 개량, 양조, 설탕, 백설탕, 마늘, 생것, 생강, 뿌리줄기, 생것, 발효주, 청주, 알코올 16%, 후추, 검은색, 가루"
D103042,야채볶음(양송이버섯),볶음류,채소 및 해조류볶음,"호박, 애호박, 데친것, 양파, 데친것, 당근, 뿌리, 데친것, 양송이버섯, 데친것, 참기름, 콩기름, 참깨, 흰색, 볶은것, 소금, 천일염, 가는소금","메뉴명: 야채볶음(양송이버섯)
메뉴 대분류: 볶음류
메뉴 소분류: 채소 및 해조류볶음
식재료: 호박, 애호박, 데친것, 양파, 데친것, 당근, 뿌리, 데친것, 양송이버섯, 데친것, 참기름, 콩기름, 참깨, 흰색, 볶은것, 소금, 천일염, 가는소금"
D103043,야채볶음(어묵),볶음류,채소 및 해조류볶음,"어묵, 양파, 데친것, 호박, 애호박, 데친것, 당근, 뿌리, 데친것, 참기름, 콩기름, 참깨, 흰색, 볶은것, 소금, 천일염, 가는소금","메뉴명: 야채볶음(어묵)
메뉴 대분류: 볶음류
메뉴 소분류: 채소 및 해조류볶음
식재료: 어묵, 양파, 데친것, 호박, 애호박, 데친것, 당근, 뿌리, 데친것, 참기름, 콩기름, 참깨, 흰색, 볶은것, 소금, 천일염, 가는소금"
D103044,야채볶음(표고버섯),볶음류,채소 및 해조류볶음,"양파, 데친것, 호박, 애호박, 데친것, 당근, 뿌리, 데친것, 표고버섯, 참나무재배, 말린것, 삶은것, 참기름, 콩기름, 참깨, 흰색, 볶은것, 소금, 천일염, 가는소금","메뉴명: 야채볶음(표고버섯)
메뉴 대분류: 볶음류
메뉴 소분류: 채소 및 해조류볶음
식재료: 양파, 데친것, 호박, 애호박, 데친것, 당근, 뿌리, 데친것, 표고버섯, 참나무재배, 말린것, 삶은것, 참기름, 콩기름, 참깨, 흰색, 볶은것, 소금, 천일염, 가는소금"
D103045,양배추볶음,볶음류,채소 및 해조류볶음,"양배추, 적색, 생것, 양배추, 데친것, 콩기름, 소금, 천일염, 가는소금, 후추, 검은색, 가루","메뉴명: 양배추볶음
메뉴 대분류: 볶음류
메뉴 소분류: 채소 및 해조류볶음
식재료: 양배추, 적색, 생것, 양배추, 데친것, 콩기름, 소금, 천일염, 가는소금, 후추, 검은색, 가루"
D103046,양파볶음,볶음류,채소 및 해조류볶음,"양파, 데친것, 당근, 뿌리, 데친것, 콩기름, 소금, 천일염, 가는소금, 참깨, 흰색, 볶은것","메뉴명: 양파볶음
메뉴 대분류: 볶음류
메뉴 소분류: 채소 및 해조류볶음
식재료: 양파, 데친것, 당근, 뿌리, 데친것, 콩기름, 소금, 천일염, 가는소금, 참깨, 흰색, 볶은것"
D103047,오이볶음,볶음류,채소 및 해조류볶음,"오이, 다다기, 생것, 파, 쪽파, 생것, 콩기름, 마늘, 생것, 참기름, 소금, 천일염, 가는소금, 참깨, 흰색, 볶은것","메뉴명: 오이볶음
메뉴 대분류: 볶음류
메뉴 소분류: 채소 및 해조류볶음
식재료: 오이, 다다기, 생것, 파, 쪽파, 생것, 콩기름, 마늘, 생것, 참기름, 소금, 천일염, 가는소금, 참깨, 흰색, 볶은것"
D103048,우거지볶음,볶음류,채소 및 해조류볶음,"배추, 시래기, 말린것, 삶은것, 콩기름, 간장, 개량, 양조, 파, 대파, 생것, 마늘, 생것, 설탕, 백설탕, 참기름, 참깨, 흰색, 볶은것","메뉴명: 우거지볶음
메뉴 대분류: 볶음류
메뉴 소분류: 채소 및 해조류볶음
식재료: 배추, 시래기, 말린것, 삶은것, 콩기름, 간장, 개량, 양조, 파, 대파, 생것, 마늘, 생것, 설탕, 백설탕, 참기름, 참깨, 흰색, 볶은것"
D103049,우엉볶음,볶음류,채소 및 해조류볶음,"우엉, 생것, 간장, 개량, 양조, 콩기름, 파, 쪽파, 생것, 마늘, 생것, 참깨, 흰색, 볶은것, 고춧가루, 참기름","메뉴명: 우엉볶음
메뉴 대분류: 볶음류
메뉴 소분류: 채소 및 해조류볶음
식재료: 우엉, 생것, 간장, 개량, 양조, 콩기름, 파, 쪽파, 생것, 마늘, 생것, 참깨, 흰색, 볶은것, 고춧가루, 참기름"
D103050,죽순볶음,볶음류,채소 및 해조류볶음,"대나무순(죽순), 생것, 콩기름, 파, 쪽파, 생것, 간장, 개량, 양조, 마늘, 생것, 참깨, 흰색, 볶은것, 고춧가루, 참기름","메뉴명: 죽순볶음
메뉴 대분류: 볶음류
메뉴 소분류: 채소 및 해조류볶음
식재료: 대나무순(죽순), 생것, 콩기름, 파, 쪽파, 생것, 간장, 개량, 양조, 마늘, 생것, 참깨, 흰색, 볶은것, 고춧가루, 참기름"
D103051,취나물볶음,볶음류,채소 및 해조류볶음,"취나물, 참취, 데친것, 간장, 개량, 양조, 콩기름, 파, 대파, 생것, 참깨, 흰색, 볶은것, 마늘, 생것, 참기름","메뉴명: 취나물볶음
메뉴 대분류: 볶음류
메뉴 소분류: 채소 및 해조류볶음
식재료: 취나물, 참취, 데친것, 간장, 개량, 양조, 콩기름, 파, 대파, 생것, 참깨, 흰색, 볶은것, 마늘, 생것, 참기름"
D103052,취나물볶음(말린것),볶음류,채소 및 해조류볶음,"취나물, 참취, 삶아서 말린것, 데친것, 콩기름, 파, 쪽파, 생것, 간장, 개량, 양조, 마늘, 생것, 참기름, 참깨, 흰색, 볶은것","메뉴명: 취나물볶음(말린것)
메뉴 대분류: 볶음류
메뉴 소분류: 채소 및 해조류볶음
식재료: 취나물, 참취, 삶아서 말린것, 데친것, 콩기름, 파, 쪽파, 생것, 간장, 개량, 양조, 마늘, 생것, 참기름, 참깨, 흰색, 볶은것"
D103053,콩나물볶음,볶음류,채소 및 해조류볶음,"콩나물, 삶은것, 햄, 프레스햄, 구운것(팬), 미나리, 물미나리, 데친것, 콩기름, 고춧가루, 파, 대파, 생것, 마늘, 생것, 소금, 천일염, 가는소금, 참기름, 참깨, 흰색, 볶은것","메뉴명: 콩나물볶음
메뉴 대분류: 볶음류
메뉴 소분류: 채소 및 해조류볶음
식재료: 콩나물, 삶은것, 햄, 프레스햄, 구운것(팬), 미나리, 물미나리, 데친것, 콩기름, 고춧가루, 파, 대파, 생것, 마늘, 생것, 소금, 천일염, 가는소금, 참기름, 참깨, 흰색, 볶은것"
D103054,풋고추볶음,볶음류,채소 및 해조류볶음,"고추, 풋고추, 생것, 콩기름, 간장, 개량, 양조, 파, 대파, 생것, 참깨, 흰색, 볶은것, 마늘, 생것, 설탕, 백설탕","메뉴명: 풋고추볶음
메뉴 대분류: 볶음류
메뉴 소분류: 채소 및 해조류볶음
식재료: 고추, 풋고추, 생것, 콩기름, 간장, 개량, 양조, 파, 대파, 생것, 참깨, 흰색, 볶은것, 마늘, 생것, 설탕, 백설탕"
D103055,호박볶음,볶음류,채소 및 해조류볶음,"호박, 애호박, 데친것, 콩기름, 양파, 데친것, 담치, 참담치(홍합), 생것, 파, 대파, 생것, 마늘, 생것, 소금, 천일염, 가는소금, 참기름, 참깨, 흰색, 볶은것","메뉴명: 호박볶음
메뉴 대분류: 볶음류
메뉴 소분류: 채소 및 해조류볶음
식재료: 호박, 애호박, 데친것, 콩기름, 양파, 데친것, 담치, 참담치(홍합), 생것, 파, 대파, 생것, 마늘, 생것, 소금, 천일염, 가는소금, 참기름, 참깨, 흰색, 볶은것"
D103056,호박볶음(새우젓),볶음류,채소 및 해조류볶음,"호박, 애호박, 데친것, 콩기름, 새우, 젓갈, 토굴육젓, 양파, 데친것, 담치, 참담치(홍합), 생것, 파, 대파, 생것, 마늘, 생것, 소금, 천일염, 가는소금, 참기름, 참깨, 흰색, 볶은것","메뉴명: 호박볶음(새우젓)
메뉴 대분류: 볶음류
메뉴 소분류: 채소 및 해조류볶음
식재료: 호박, 애호박, 데친것, 콩기름, 새우, 젓갈, 토굴육젓, 양파, 데친것, 담치, 참담치(홍합), 생것, 파, 대파, 생것, 마늘, 생것, 소금, 천일염, 가는소금, 참기름, 참깨, 흰색, 볶은것"
D103065,청각볶음(청각조갯살볶음),볶음류,채소 및 해조류볶음,"청각, 생것, 새우, 대하, 생것, 고추, 풋고추, 생것, 고추, 빨간색, 생것, 간장, 재래, 마늘, 생것, 참깨, 흰색, 볶은것","메뉴명: 청각볶음(청각조갯살볶음)
메뉴 대분류: 볶음류
메뉴 소분류: 채소 및 해조류볶음
식재료: 청각, 생것, 새우, 대하, 생것, 고추, 풋고추, 생것, 고추, 빨간색, 생것, 간장, 재래, 마늘, 생것, 참깨, 흰색, 볶은것"
D103068,가지볶음(양파),볶음류,채소 및 해조류볶음,"가지, 데친것, 양파, 데친것, 간장, 개량, 양조, 마늘, 생것, 소금, 천일염, 가는소금, 참기름, 콩기름, 파, 쪽파, 생것, 참깨, 흰색, 볶은것","메뉴명: 가지볶음(양파)
메뉴 대분류: 볶음류
메뉴 소분류: 채소 및 해조류볶음
식재료: 가지, 데친것, 양파, 데친것, 간장, 개량, 양조, 마늘, 생것, 소금, 천일염, 가는소금, 참기름, 콩기름, 파, 쪽파, 생것, 참깨, 흰색, 볶은것"
D103070,무청볶음(된장),볶음류,채소 및 해조류볶음,"무청, 조선무, 생것, 된장, 재래, 파, 대파, 생것, 콩기름, 소금, 천일염, 가는소금, 참기름, 고춧가루, 마늘, 생것","메뉴명: 무청볶음(된장)
메뉴 대분류: 볶음류
메뉴 소분류: 채소 및 해조류볶음
식재료: 무청, 조선무, 생것, 된장, 재래, 파, 대파, 생것, 콩기름, 소금, 천일염, 가는소금, 참기름, 고춧가루, 마늘, 생것"
D103071,고구마줄기볶음,볶음류,채소 및 해조류볶음,"고구마, 줄기, 데친것, 파, 쪽파, 생것, 소금, 천일염, 가는소금, 마늘, 생것, 참깨, 흰색, 볶은것, 콩기름, 고춧가루, 참기름","메뉴명: 고구마줄기볶음
메뉴 대분류: 볶음류
메뉴 소분류: 채소 및 해조류볶음
식재료: 고구마, 줄기, 데친것, 파, 쪽파, 생것, 소금, 천일염, 가는소금, 마늘, 생것, 참깨, 흰색, 볶은것, 콩기름, 고춧가루, 참기름"
D103072,무청볶음(된장),볶음류,채소 및 해조류볶음,"무청, 조선무, 생것, 된장, 재래, 파, 대파, 생것, 콩기름, 소금, 천일염, 가는소금, 참기름, 고춧가루, 마늘, 생것","메뉴명: 무청볶음(된장)
메뉴 대분류: 볶음류
메뉴 소분류: 채소 및 해조류볶음
식재료: 무청, 조선무, 생것, 된장, 재래, 파, 대파, 생것, 콩기름, 소금, 천일염, 가는소금, 참기름, 고춧가루, 마늘, 생것"
D103073,미역자반,볶음류,채소 및 해조류볶음,"미역, 생것, 콩기름, 설탕, 백설탕, 참깨, 흰색, 볶은것","메뉴명: 미역자반
메뉴 대분류: 볶음류
메뉴 소분류: 채소 및 해조류볶음
식재료: 미역, 생것, 콩기름, 설탕, 백설탕, 참깨, 흰색, 볶은것"
D103074,건곤드레해물볶음,볶음류,채소 및 해조류볶음,"고려엉겅퀴(곤드레), 말린것, 새우, 중하, 생것, 담치, 참담치(홍합), 생것, 양파, 생것, 마늘, 생것, 고추, 빨간색, 생것, 파, 쪽파, 생것, 콩기름, 두반장, 굴 소스, 생수","메뉴명: 건곤드레해물볶음
메뉴 대분류: 볶음류
메뉴 소분류: 채소 및 해조류볶음
식재료: 고려엉겅퀴(곤드레), 말린것, 새우, 중하, 생것, 담치, 참담치(홍합), 생것, 양파, 생것, 마늘, 생것, 고추, 빨간색, 생것, 파, 쪽파, 생것, 콩기름, 두반장, 굴 소스, 생수"
D103075,고춧잎지짐이,볶음류,채소 및 해조류볶음,"고춧잎, 말린것, 멸치, 대멸치, 삶아서 말린것, 파, 대파, 생것, 고추, 풋고추, 생것, 고추, 빨간색, 생것, 두부, 생수, 고춧가루, 매실청, 된장, 개량, 간장, 개량, 양조, 마늘, 생것, 참기름, 참깨, 흰색, 볶은것","메뉴명: 고춧잎지짐이
메뉴 대분류: 볶음류
메뉴 소분류: 채소 및 해조류볶음
식재료: 고춧잎, 말린것, 멸치, 대멸치, 삶아서 말린것, 파, 대파, 생것, 고추, 풋고추, 생것, 고추, 빨간색, 생것, 두부, 생수, 고춧가루, 매실청, 된장, 개량, 간장, 개량, 양조, 마늘, 생것, 참기름, 참깨, 흰색, 볶은것"
D103076,돼지고기 죽순채 볶음,볶음류,채소 및 해조류볶음,"소고기, 한우(1등급), 우둔, 생것, 대나무순(죽순), 삶은것, 표고버섯, 참나무재배, 말린것, 미나리, 돌미나리, 생것, 숙주나물, 생것, 고추, 빨간색, 생것, 콩기름, 간장, 개량, 양조, 파, 대파, 생것, 마늘, 생것, 설탕, 백설탕, 참기름, 참깨, 흰색, 볶은것","메뉴명: 돼지고기 죽순채 볶음
메뉴 대분류: 볶음류
메뉴 소분류: 채소 및 해조류볶음
식재료: 소고기, 한우(1등급), 우둔, 생것, 대나무순(죽순), 삶은것, 표고버섯, 참나무재배, 말린것, 미나리, 돌미나리, 생것, 숙주나물, 생것, 고추, 빨간색, 생것, 콩기름, 간장, 개량, 양조, 파, 대파, 생것, 마늘, 생것, 설탕, 백설탕, 참기름, 참깨, 흰색, 볶은것"
D103077,무매운볶음,볶음류,채소 및 해조류볶음,"무, 조선무, 생것, 고추, 청양고추, 생것, 찹쌀, 백미, 가루, 콩기름, 소금, 천일염, 가는소금, 고추, 빨간색, 말린것, 치커리, 잎, 생것, 고추기름, 참깨, 검은색, 볶은것, 설탕, 백설탕, 고춧가루, 간장, 개량, 양조, 생수, 물엿, 후추, 검은색, 가루","메뉴명: 무매운볶음
메뉴 대분류: 볶음류
메뉴 소분류: 채소 및 해조류볶음
식재료: 무, 조선무, 생것, 고추, 청양고추, 생것, 찹쌀, 백미, 가루, 콩기름, 소금, 천일염, 가는소금, 고추, 빨간색, 말린것, 치커리, 잎, 생것, 고추기름, 참깨, 검은색, 볶은것, 설탕, 백설탕, 고춧가루, 간장, 개량, 양조, 생수, 물엿, 후추, 검은색, 가루"
D103078,소고기머위순들깨볶음,볶음류,채소 및 해조류볶음,"머위, 생것, 소고기, 한우, 등심, 생것, 콩기름, 고추, 빨간색, 말린것, 소금, 천일염, 가는소금, 생수, 발효주, 청주, 알코올 16%, 후추, 검은색, 가루, 설탕, 백설탕, 간장, 개량, 양조, 참기름, 들깨, 볶은것","메뉴명: 소고기머위순들깨볶음
메뉴 대분류: 볶음류
메뉴 소분류: 채소 및 해조류볶음
식재료: 머위, 생것, 소고기, 한우, 등심, 생것, 콩기름, 고추, 빨간색, 말린것, 소금, 천일염, 가는소금, 생수, 발효주, 청주, 알코올 16%, 후추, 검은색, 가루, 설탕, 백설탕, 간장, 개량, 양조, 참기름, 들깨, 볶은것"
D103079,시래기멸치지짐,볶음류,채소 및 해조류볶음,"무청, 시래기, 말린것, 삶은것, 양파, 생것, 호박, 애호박, 생것, 멸치, 대멸치, 삶아서 말린것, 생수, 된장, 개량, 고추장, 개량, 참기름, 참깨, 흰색, 볶은것","메뉴명: 시래기멸치지짐
메뉴 대분류: 볶음류
메뉴 소분류: 채소 및 해조류볶음
식재료: 무청, 시래기, 말린것, 삶은것, 양파, 생것, 호박, 애호박, 생것, 멸치, 대멸치, 삶아서 말린것, 생수, 된장, 개량, 고추장, 개량, 참기름, 참깨, 흰색, 볶은것"
D103080,열무버섯볶음,볶음류,채소 및 해조류볶음,"열무, 생것, 느타리버섯, 생것, 표고버섯, 참나무재배, 생것, 마늘, 생것, 파프리카, 빨간색, 생것, 소금, 천일염, 가는소금, 콩기름, 후추, 검은색, 가루, 간장, 개량, 양조, 참기름, 참깨, 흰색, 볶은것","메뉴명: 열무버섯볶음
메뉴 대분류: 볶음류
메뉴 소분류: 채소 및 해조류볶음
식재료: 열무, 생것, 느타리버섯, 생것, 표고버섯, 참나무재배, 생것, 마늘, 생것, 파프리카, 빨간색, 생것, 소금, 천일염, 가는소금, 콩기름, 후추, 검은색, 가루, 간장, 개량, 양조, 참기름, 참깨, 흰색, 볶은것"
D103081,월과채,볶음류,채소 및 해조류볶음,"호박, 애호박, 생것, 표고버섯, 참나무재배, 말린것, 삶은것, 소고기, 한우(1등급), 앞다리(부채살), 생것, 생수, 찹쌀, 백미, 생것, 고추, 빨간색, 생것, 달걀, 생것, 설탕, 백설탕, 간장, 개량, 양조, 발효주, 청주, 알코올 16%, 마늘, 생것, 파, 대파, 생것, 참기름, 후추, 검은색, 가루, 소금, 천일염, 가는소금, 콩기름","메뉴명: 월과채
메뉴 대분류: 볶음류
메뉴 소분류: 채소 및 해조류볶음
식재료: 호박, 애호박, 생것, 표고버섯, 참나무재배, 말린것, 삶은것, 소고기, 한우(1등급), 앞다리(부채살), 생것, 생수, 찹쌀, 백미, 생것, 고추, 빨간색, 생것, 달걀, 생것, 설탕, 백설탕, 간장, 개량, 양조, 발효주, 청주, 알코올 16%, 마늘, 생것, 파, 대파, 생것, 참기름, 후추, 검은색, 가루, 소금, 천일염, 가는소금, 콩기름"
D103082,콩카레,볶음류,채소 및 해조류볶음,"대두, 검은색, 서리태, 말린것, 양파, 생것, 당근, 뿌리, 생것, 연근, 생것, 카레 소스, 가루, 꿀, 생수, 콩기름","메뉴명: 콩카레
메뉴 대분류: 볶음류
메뉴 소분류: 채소 및 해조류볶음
식재료: 대두, 검은색, 서리태, 말린것, 양파, 생것, 당근, 뿌리, 생것, 연근, 생것, 카레 소스, 가루, 꿀, 생수, 콩기름"
D103083,토마토가지볶음,볶음류,채소 및 해조류볶음,"가지, 생것, 토마토, 생것, 파, 대파, 생것, 소고기, 한우(1등급), 우둔(홍두깨살), 생것, 콩기름, 설탕, 백설탕, 간장, 개량, 양조, 두반장","메뉴명: 토마토가지볶음
메뉴 대분류: 볶음류
메뉴 소분류: 채소 및 해조류볶음
식재료: 가지, 생것, 토마토, 생것, 파, 대파, 생것, 소고기, 한우(1등급), 우둔(홍두깨살), 생것, 콩기름, 설탕, 백설탕, 간장, 개량, 양조, 두반장"
D103084,풋고추볶음과 밀쌈,볶음류,채소 및 해조류볶음,"고추, 풋고추, 생것, 고추, 빨간색, 생것, 대나무순(죽순), 생것, 소고기, 한우(1등급), 우둔, 생것, 양파, 생것, 소금, 천일염, 가는소금, 마늘, 생것, 후추, 검은색, 가루, 참기름, 발효주, 청주, 알코올 16%, 참깨, 흰색, 볶은것, 밀, 중력밀가루, 생수","메뉴명: 풋고추볶음과 밀쌈
메뉴 대분류: 볶음류
메뉴 소분류: 채소 및 해조류볶음
식재료: 고추, 풋고추, 생것, 고추, 빨간색, 생것, 대나무순(죽순), 생것, 소고기, 한우(1등급), 우둔, 생것, 양파, 생것, 소금, 천일염, 가는소금, 마늘, 생것, 후추, 검은색, 가루, 참기름, 발효주, 청주, 알코올 16%, 참깨, 흰색, 볶은것, 밀, 중력밀가루, 생수"
D103085,곤약냉잡채,볶음류,채소 및 해조류볶음,"곤약(구약나물), 국수형, 생것, 당근, 뿌리, 생것, 오이, 다다기, 생것, 양파, 생것, 팽이버섯, 생것, 고추, 초록색, 녹광, 생것, 고추, 빨간색, 생것, 부추, 솔부추, 생것, 달걀, 생것, 참기름, 참깨, 흰색, 볶은것, 설탕, 흑설탕, 레몬 착즙, 간장, 개량, 양조, 마늘, 다진것, 파, 대파, 생것, 후추, 흰색, 가루","메뉴명: 곤약냉잡채
메뉴 대분류: 볶음류
메뉴 소분류: 채소 및 해조류볶음
식재료: 곤약(구약나물), 국수형, 생것, 당근, 뿌리, 생것, 오이, 다다기, 생것, 양파, 생것, 팽이버섯, 생것, 고추, 초록색, 녹광, 생것, 고추, 빨간색, 생것, 부추, 솔부추, 생것, 달걀, 생것, 참기름, 참깨, 흰색, 볶은것, 설탕, 흑설탕, 레몬 착즙, 간장, 개량, 양조, 마늘, 다진것, 파, 대파, 생것, 후추, 흰색, 가루"
D103086,브로콜리견과류볶음,볶음류,채소 및 해조류볶음,"브로콜리, 생것, 아몬드, 볶은것, 캐슈너트, 조미, 볶은것, 버터, 무가염, 소금, 천일염, 가는소금","메뉴명: 브로콜리견과류볶음
메뉴 대분류: 볶음류
메뉴 소분류: 채소 및 해조류볶음
식재료: 브로콜리, 생것, 아몬드, 볶은것, 캐슈너트, 조미, 볶은것, 버터, 무가염, 소금, 천일염, 가는소금"
D104001,두부볶음,볶음류,곡류 및 두류볶음,"두부, 콩기름, 소금, 천일염, 가는소금","메뉴명: 두부볶음
메뉴 대분류: 볶음류
메뉴 소분류: 곡류 및 두류볶음
식재료: 두부, 콩기름, 소금, 천일염, 가는소금"
D104002,두부볶음(김치),볶음류,곡류 및 두류볶음,"두부, 김치, 배추 김치, 콩기름, 소금, 천일염, 가는소금","메뉴명: 두부볶음(김치)
메뉴 대분류: 볶음류
메뉴 소분류: 곡류 및 두류볶음
식재료: 두부, 김치, 배추 김치, 콩기름, 소금, 천일염, 가는소금"
D104003,"떡볶이(간장, 돼지고기)",볶음류,곡류 및 두류볶음,"멥쌀떡, 가래떡, 돼지고기, 등심, 구운것(팬), 간장, 개량, 양조, 양파, 데친것, 물엿, 당근, 뿌리, 데친것, 파, 대파, 생것, 마늘, 생것, 설탕, 백설탕, 참기름, 참깨, 흰색, 볶은것, 후추, 검은색, 가루","메뉴명: 떡볶이(간장, 돼지고기)
메뉴 대분류: 볶음류
메뉴 소분류: 곡류 및 두류볶음
식재료: 멥쌀떡, 가래떡, 돼지고기, 등심, 구운것(팬), 간장, 개량, 양조, 양파, 데친것, 물엿, 당근, 뿌리, 데친것, 파, 대파, 생것, 마늘, 생것, 설탕, 백설탕, 참기름, 참깨, 흰색, 볶은것, 후추, 검은색, 가루"
D104004,떡볶이(고추장),볶음류,곡류 및 두류볶음,"멥쌀떡, 가래떡, 고추장, 개량, 양파, 데친것, 당근, 뿌리, 데친것, 양배추, 데친것, 설탕, 백설탕, 간장, 개량, 양조, 마늘, 생것, 파, 쪽파, 생것, 고춧가루, 참기름","메뉴명: 떡볶이(고추장)
메뉴 대분류: 볶음류
메뉴 소분류: 곡류 및 두류볶음
식재료: 멥쌀떡, 가래떡, 고추장, 개량, 양파, 데친것, 당근, 뿌리, 데친것, 양배추, 데친것, 설탕, 백설탕, 간장, 개량, 양조, 마늘, 생것, 파, 쪽파, 생것, 고춧가루, 참기름"
D104005,"떡볶이(고추장, 어묵)",볶음류,곡류 및 두류볶음,"멥쌀떡, 가래떡, 어묵, 고추장, 개량, 양파, 데친것, 물엿, 당근, 뿌리, 데친것, 파, 대파, 생것, 마늘, 생것, 설탕, 백설탕, 참기름, 참깨, 흰색, 볶은것","메뉴명: 떡볶이(고추장, 어묵)
메뉴 대분류: 볶음류
메뉴 소분류: 곡류 및 두류볶음
식재료: 멥쌀떡, 가래떡, 어묵, 고추장, 개량, 양파, 데친것, 물엿, 당근, 뿌리, 데친것, 파, 대파, 생것, 마늘, 생것, 설탕, 백설탕, 참기름, 참깨, 흰색, 볶은것"
D104006,라면볶음(고추장),볶음류,곡류 및 두류볶음,"라면, 말린것, 삶은것, 고추장, 개량, 양배추, 데친것, 당근, 뿌리, 데친것, 양파, 데친것, 파, 쪽파, 생것, 콩기름, 참기름","메뉴명: 라면볶음(고추장)
메뉴 대분류: 볶음류
메뉴 소분류: 곡류 및 두류볶음
식재료: 라면, 말린것, 삶은것, 고추장, 개량, 양배추, 데친것, 당근, 뿌리, 데친것, 양파, 데친것, 파, 쪽파, 생것, 콩기름, 참기름"
D104007,마파두부,볶음류,곡류 및 두류볶음,"파, 대파, 생것, 두부, 소고기, 한우, 등심, 구운것(팬), 양송이버섯, 데친것, 콩기름, 양파, 데친것, 고춧가루, 피망, 초록색, 생것, 간장, 재래, 물엿, 설탕, 백설탕, 전분, 감자, 가루, 발효주, 청주, 알코올 16%, 마늘, 생것, 생강, 뿌리줄기, 생것","메뉴명: 마파두부
메뉴 대분류: 볶음류
메뉴 소분류: 곡류 및 두류볶음
식재료: 파, 대파, 생것, 두부, 소고기, 한우, 등심, 구운것(팬), 양송이버섯, 데친것, 콩기름, 양파, 데친것, 고춧가루, 피망, 초록색, 생것, 간장, 재래, 물엿, 설탕, 백설탕, 전분, 감자, 가루, 발효주, 청주, 알코올 16%, 마늘, 생것, 생강, 뿌리줄기, 생것"
D104008,콩볶음(간장),볶음류,곡류 및 두류볶음,"대두, 검은색, 흑태, 말린것, 콩기름, 설탕, 백설탕, 간장, 개량, 양조","메뉴명: 콩볶음(간장)
메뉴 대분류: 볶음류
메뉴 소분류: 곡류 및 두류볶음
식재료: 대두, 검은색, 흑태, 말린것, 콩기름, 설탕, 백설탕, 간장, 개량, 양조"
D104013,궁중떡볶이,볶음류,곡류 및 두류볶음,"멥쌀떡, 가래떡, 소고기, 한우, 등심, 구운것(팬), 표고버섯, 참나무재배, 말린것, 삶은것, 오이, 다다기, 생것, 당근, 뿌리, 데친것, 양파, 데친것, 달걀, 부침(달걀프라이), 간장, 개량, 양조, 참기름, 콩기름","메뉴명: 궁중떡볶이
메뉴 대분류: 볶음류
메뉴 소분류: 곡류 및 두류볶음
식재료: 멥쌀떡, 가래떡, 소고기, 한우, 등심, 구운것(팬), 표고버섯, 참나무재배, 말린것, 삶은것, 오이, 다다기, 생것, 당근, 뿌리, 데친것, 양파, 데친것, 달걀, 부침(달걀프라이), 간장, 개량, 양조, 참기름, 콩기름"
D104016,떡볶이,볶음류,곡류 및 두류볶음,"멥쌀떡, 가래떡, 양배추, 데친것, 어묵, 양파, 데친것, 파, 대파, 생것, 물엿","메뉴명: 떡볶이
메뉴 대분류: 볶음류
메뉴 소분류: 곡류 및 두류볶음
식재료: 멥쌀떡, 가래떡, 양배추, 데친것, 어묵, 양파, 데친것, 파, 대파, 생것, 물엿"
D104027,두부소보로청경채볶음,볶음류,곡류 및 두류볶음,"두부, 청경채, 생것, 콩기름, 소금, 천일염, 가는소금, 후추, 검은색, 가루, 참기름, 설탕, 백설탕, 굴 소스, 마늘, 생것, 참깨, 흰색, 볶은것","메뉴명: 두부소보로청경채볶음
메뉴 대분류: 볶음류
메뉴 소분류: 곡류 및 두류볶음
식재료: 두부, 청경채, 생것, 콩기름, 소금, 천일염, 가는소금, 후추, 검은색, 가루, 참기름, 설탕, 백설탕, 굴 소스, 마늘, 생것, 참깨, 흰색, 볶은것"
D104028,오리고기 궁중떡볶이,볶음류,곡류 및 두류볶음,"양파, 생것, 당근, 뿌리, 생것, 파, 대파, 생것, 오리고기, 생것, 껍질 포함, 멥쌀떡, 가래떡, 땅콩, 볶은것, 마늘, 생것, 설탕, 백설탕, 발효주, 청주, 알코올 16%, 생강, 뿌리줄기, 생것, 배즙, 간장, 개량, 양조, 후추, 검은색, 가루, 참기름, 콩기름, 참깨, 흰색, 볶은것","메뉴명: 오리고기 궁중떡볶이
메뉴 대분류: 볶음류
메뉴 소분류: 곡류 및 두류볶음
식재료: 양파, 생것, 당근, 뿌리, 생것, 파, 대파, 생것, 오리고기, 생것, 껍질 포함, 멥쌀떡, 가래떡, 땅콩, 볶은것, 마늘, 생것, 설탕, 백설탕, 발효주, 청주, 알코올 16%, 생강, 뿌리줄기, 생것, 배즙, 간장, 개량, 양조, 후추, 검은색, 가루, 참기름, 콩기름, 참깨, 흰색, 볶은것"
D104029,팥리소토,볶음류,곡류 및 두류볶음,"팥, 적색, 말린것, 생수, 율무, 도정, 생것, 찹쌀, 백미, 생것, 양파, 생것, 두유, 대두, 파, 쪽파, 생것, 대추, 말린것, 콩기름, 마늘, 생것, 소금, 천일염, 가는소금, 후추, 검은색, 가루","메뉴명: 팥리소토
메뉴 대분류: 볶음류
메뉴 소분류: 곡류 및 두류볶음
식재료: 팥, 적색, 말린것, 생수, 율무, 도정, 생것, 찹쌀, 백미, 생것, 양파, 생것, 두유, 대두, 파, 쪽파, 생것, 대추, 말린것, 콩기름, 마늘, 생것, 소금, 천일염, 가는소금, 후추, 검은색, 가루"
D105001,구절판,볶음류,기타 볶음류,"소고기, 한우, 등심, 구운것(팬), 달걀, 부침(달걀프라이), 오이, 다다기, 생것, 당근, 뿌리, 데친것, 밀, 중력밀가루, 표고버섯, 참나무재배, 말린것, 삶은것, 소금, 천일염, 가는소금, 참기름, 콩기름","메뉴명: 구절판
메뉴 대분류: 볶음류
메뉴 소분류: 기타 볶음류
식재료: 소고기, 한우, 등심, 구운것(팬), 달걀, 부침(달걀프라이), 오이, 다다기, 생것, 당근, 뿌리, 데친것, 밀, 중력밀가루, 표고버섯, 참나무재배, 말린것, 삶은것, 소금, 천일염, 가는소금, 참기름, 콩기름"
D105002,메뚜기볶음(고추장),볶음류,기타 볶음류,"메뚜기, 성충, 생것, 물엿, 고추장, 개량, 콩기름, 간장, 개량, 양조, 마늘, 생것, 참기름","메뉴명: 메뚜기볶음(고추장)
메뉴 대분류: 볶음류
메뉴 소분류: 기타 볶음류
식재료: 메뚜기, 성충, 생것, 물엿, 고추장, 개량, 콩기름, 간장, 개량, 양조, 마늘, 생것, 참기름"
D105003,부추잡채,볶음류,기타 볶음류,"부추, 재래종, 데친것, 돼지고기, 등심, 구운것(팬), 당근, 뿌리, 데친것, 양파, 데친것, 간장, 재래, 콩기름, 생강, 뿌리줄기, 생것, 설탕, 백설탕, 참기름, 마늘, 생것, 발효주, 청주, 알코올 16%","메뉴명: 부추잡채
메뉴 대분류: 볶음류
메뉴 소분류: 기타 볶음류
식재료: 부추, 재래종, 데친것, 돼지고기, 등심, 구운것(팬), 당근, 뿌리, 데친것, 양파, 데친것, 간장, 재래, 콩기름, 생강, 뿌리줄기, 생것, 설탕, 백설탕, 참기름, 마늘, 생것, 발효주, 청주, 알코올 16%"
D105004,"잡채(돼지고기, 느타리)",볶음류,기타 볶음류,"당면, 고구마, 삶은것, 시금치, 데친것, 돼지고기, 등심, 구운것(팬), 간장, 개량, 양조, 느타리버섯, 데친것, 당근, 뿌리, 데친것, 콩기름, 양파, 데친것, 마늘, 생것, 참기름, 파, 대파, 생것, 소금, 천일염, 가는소금, 후추, 검은색, 가루","메뉴명: 잡채(돼지고기, 느타리)
메뉴 대분류: 볶음류
메뉴 소분류: 기타 볶음류
식재료: 당면, 고구마, 삶은것, 시금치, 데친것, 돼지고기, 등심, 구운것(팬), 간장, 개량, 양조, 느타리버섯, 데친것, 당근, 뿌리, 데친것, 콩기름, 양파, 데친것, 마늘, 생것, 참기름, 파, 대파, 생것, 소금, 천일염, 가는소금, 후추, 검은색, 가루"
D105005,"잡채(돼지고기, 표고)",볶음류,기타 볶음류,"당면, 고구마, 삶은것, 시금치, 데친것, 돼지고기, 등심, 구운것(팬), 당근, 뿌리, 데친것, 표고버섯, 참나무재배, 말린것, 삶은것, 간장, 개량, 양조, 콩기름, 양파, 데친것, 마늘, 생것, 파, 대파, 생것, 소금, 천일염, 가는소금, 참기름, 후추, 검은색, 가루","메뉴명: 잡채(돼지고기, 표고)
메뉴 대분류: 볶음류
메뉴 소분류: 기타 볶음류
식재료: 당면, 고구마, 삶은것, 시금치, 데친것, 돼지고기, 등심, 구운것(팬), 당근, 뿌리, 데친것, 표고버섯, 참나무재배, 말린것, 삶은것, 간장, 개량, 양조, 콩기름, 양파, 데친것, 마늘, 생것, 파, 대파, 생것, 소금, 천일염, 가는소금, 참기름, 후추, 검은색, 가루"
D105006,"잡채(소고기, 느타리)",볶음류,기타 볶음류,"당면, 고구마, 삶은것, 양파, 데친것, 소고기, 한우, 양지, 구운것(팬), 시금치, 데친것, 느타리버섯, 데친것, 당근, 뿌리, 데친것, 콩기름, 간장, 개량, 양조, 설탕, 흑설탕, 참기름, 마늘, 생것, 소금, 천일염, 가는소금","메뉴명: 잡채(소고기, 느타리)
메뉴 대분류: 볶음류
메뉴 소분류: 기타 볶음류
식재료: 당면, 고구마, 삶은것, 양파, 데친것, 소고기, 한우, 양지, 구운것(팬), 시금치, 데친것, 느타리버섯, 데친것, 당근, 뿌리, 데친것, 콩기름, 간장, 개량, 양조, 설탕, 흑설탕, 참기름, 마늘, 생것, 소금, 천일염, 가는소금"
D105007,"잡채(소고기, 목이)",볶음류,기타 볶음류,"당면, 고구마, 삶은것, 시금치, 데친것, 소고기, 한우, 등심, 구운것(팬), 간장, 개량, 양조, 당근, 뿌리, 데친것, 목이버섯, 데친것, 콩기름, 양파, 데친것, 마늘, 생것, 참기름, 소금, 천일염, 가는소금, 파, 대파, 생것, 후추, 검은색, 가루","메뉴명: 잡채(소고기, 목이)
메뉴 대분류: 볶음류
메뉴 소분류: 기타 볶음류
식재료: 당면, 고구마, 삶은것, 시금치, 데친것, 소고기, 한우, 등심, 구운것(팬), 간장, 개량, 양조, 당근, 뿌리, 데친것, 목이버섯, 데친것, 콩기름, 양파, 데친것, 마늘, 생것, 참기름, 소금, 천일염, 가는소금, 파, 대파, 생것, 후추, 검은색, 가루"
D105008,"잡채(소고기, 표고)",볶음류,기타 볶음류,"당면, 고구마, 삶은것, 시금치, 데친것, 소고기, 한우, 등심, 구운것(팬), 간장, 개량, 양조, 당근, 뿌리, 데친것, 표고버섯, 참나무재배, 말린것, 삶은것, 마늘, 생것, 양파, 데친것, 콩기름, 소금, 천일염, 가는소금, 참기름, 파, 대파, 생것, 후추, 검은색, 가루","메뉴명: 잡채(소고기, 표고)
메뉴 대분류: 볶음류
메뉴 소분류: 기타 볶음류
식재료: 당면, 고구마, 삶은것, 시금치, 데친것, 소고기, 한우, 등심, 구운것(팬), 간장, 개량, 양조, 당근, 뿌리, 데친것, 표고버섯, 참나무재배, 말린것, 삶은것, 마늘, 생것, 양파, 데친것, 콩기름, 소금, 천일염, 가는소금, 참기름, 파, 대파, 생것, 후추, 검은색, 가루"
D105009,짜장볶음,볶음류,기타 볶음류,"돼지고기, 등심, 구운것(팬), 감자, 대지, 구운것, 양배추, 데친것, 당근, 뿌리, 데친것, 양파, 데친것, 콩기름","메뉴명: 짜장볶음
메뉴 대분류: 볶음류
메뉴 소분류: 기타 볶음류
식재료: 돼지고기, 등심, 구운것(팬), 감자, 대지, 구운것, 양배추, 데친것, 당근, 뿌리, 데친것, 양파, 데친것, 콩기름"
D105010,팔보채,볶음류,기타 볶음류,"오징어, 구운것, 새우, 대하, 생것, 소고기, 한우, 등심, 구운것(팬), 양파, 데친것, 해삼, 생것, 콩기름, 참기름, 발효주, 청주, 알코올 16%, 파, 쪽파, 생것, 마늘, 생것, 표고버섯, 참나무재배, 말린것, 삶은것, 간장, 개량, 양조, 소금, 천일염, 가는소금","메뉴명: 팔보채
메뉴 대분류: 볶음류
메뉴 소분류: 기타 볶음류
식재료: 오징어, 구운것, 새우, 대하, 생것, 소고기, 한우, 등심, 구운것(팬), 양파, 데친것, 해삼, 생것, 콩기름, 참기름, 발효주, 청주, 알코올 16%, 파, 쪽파, 생것, 마늘, 생것, 표고버섯, 참나무재배, 말린것, 삶은것, 간장, 개량, 양조, 소금, 천일염, 가는소금"
D105019,콩나물잡채,볶음류,기타 볶음류,"콩나물, 삶은것, 무, 조선무, 생것, 고사리, 데친것, 당근, 뿌리, 데친것, 미나리, 물미나리, 데친것, 다시마, 생것, 고춧가루, 소금, 천일염, 가는소금","메뉴명: 콩나물잡채
메뉴 대분류: 볶음류
메뉴 소분류: 기타 볶음류
식재료: 콩나물, 삶은것, 무, 조선무, 생것, 고사리, 데친것, 당근, 뿌리, 데친것, 미나리, 물미나리, 데친것, 다시마, 생것, 고춧가루, 소금, 천일염, 가는소금"
D105020,우엉튀김과 버섯볶음,볶음류,기타 볶음류,"우엉, 생것, 느타리버섯, 생것, 양송이버섯, 생것, 표고버섯, 참나무재배, 생것, 목이버섯, 생것, 큰느타리버섯(새송이버섯), 생것, 파, 쪽파, 생것, 마늘, 생것, 생강, 뿌리줄기, 생것, 고추, 빨간색, 말린것, 전분, 감자, 가루, 콩기름, 굴 소스, 생수, 간장, 개량, 양조, 설탕, 백설탕, 발효주, 청주, 알코올 16%, 식초, 감식초, 물엿, 참기름, 후추, 검은색, 가루","메뉴명: 우엉튀김과 버섯볶음
메뉴 대분류: 볶음류
메뉴 소분류: 기타 볶음류
식재료: 우엉, 생것, 느타리버섯, 생것, 양송이버섯, 생것, 표고버섯, 참나무재배, 생것, 목이버섯, 생것, 큰느타리버섯(새송이버섯), 생것, 파, 쪽파, 생것, 마늘, 생것, 생강, 뿌리줄기, 생것, 고추, 빨간색, 말린것, 전분, 감자, 가루, 콩기름, 굴 소스, 생수, 간장, 개량, 양조, 설탕, 백설탕, 발효주, 청주, 알코올 16%, 식초, 감식초, 물엿, 참기름, 후추, 검은색, 가루"
D105021,호박고지잡채,볶음류,기타 볶음류,"호박, 애호박, 말린것, 당근, 뿌리, 생것, 양파, 생것, 소고기, 한우, 등심, 생것, 느타리버섯, 데친것, 당면, 고구마, 말린것, 간장, 개량, 양조, 파, 대파, 생것, 마늘, 생것, 참기름, 후추, 검은색, 가루","메뉴명: 호박고지잡채
메뉴 대분류: 볶음류
메뉴 소분류: 기타 볶음류
식재료: 호박, 애호박, 말린것, 당근, 뿌리, 생것, 양파, 생것, 소고기, 한우, 등심, 생것, 느타리버섯, 데친것, 당면, 고구마, 말린것, 간장, 개량, 양조, 파, 대파, 생것, 마늘, 생것, 참기름, 후추, 검은색, 가루"
D105022,삼합잡채,볶음류,기타 볶음류,"주꾸미, 생것, 바지락, 생것, 소고기, 한우(1++등급), 우둔, 생것, 닭고기, 가슴, 생것, 양파, 생것, 고추, 초록색, 녹광, 생것, 고추, 빨간색, 생것, 당근, 뿌리, 생것, 미나리, 물미나리, 생것, 간장, 개량, 양조, 콩기름, 마늘, 다진것, 참깨, 흰색, 볶은것, 참기름","메뉴명: 삼합잡채
메뉴 대분류: 볶음류
메뉴 소분류: 기타 볶음류
식재료: 주꾸미, 생것, 바지락, 생것, 소고기, 한우(1++등급), 우둔, 생것, 닭고기, 가슴, 생것, 양파, 생것, 고추, 초록색, 녹광, 생것, 고추, 빨간색, 생것, 당근, 뿌리, 생것, 미나리, 물미나리, 생것, 간장, 개량, 양조, 콩기름, 마늘, 다진것, 참깨, 흰색, 볶은것, 참기름"
D105023,김치양배추볶음,볶음류,기타 볶음류,"김치, 배추 김치, 양배추, 생것, 양파, 생것, 파, 대파, 생것, 간장, 개량, 양조, 새우, 보리새우, 생것, 마늘, 생것, 참깨, 검은색, 볶은것, 들기름","메뉴명: 김치양배추볶음
메뉴 대분류: 볶음류
메뉴 소분류: 기타 볶음류
식재료: 김치, 배추 김치, 양배추, 생것, 양파, 생것, 파, 대파, 생것, 간장, 개량, 양조, 새우, 보리새우, 생것, 마늘, 생것, 참깨, 검은색, 볶은것, 들기름"
D105024,유부 우엉 잡채,볶음류,기타 볶음류,"우엉, 생것, 두부, 유부, 양파, 생것, 당근, 뿌리, 생것, 올리브유, 과당, 간장, 개량, 양조, 설탕, 가루, 참깨, 흰색, 볶은것, 참기름","메뉴명: 유부 우엉 잡채
메뉴 대분류: 볶음류
메뉴 소분류: 기타 볶음류
식재료: 우엉, 생것, 두부, 유부, 양파, 생것, 당근, 뿌리, 생것, 올리브유, 과당, 간장, 개량, 양조, 설탕, 가루, 참깨, 흰색, 볶은것, 참기름"
D111001,가자미조림,조림류,어패류조림,"가자미, 생것, 무, 조선무, 생것, 간장, 개량, 양조, 양파, 데친것, 파, 쪽파, 생것, 마늘, 생것, 고춧가루, 참깨, 흰색, 볶은것, 후추, 검은색, 가루","메뉴명: 가자미조림
메뉴 대분류: 조림류
메뉴 소분류: 어패류조림
식재료: 가자미, 생것, 무, 조선무, 생것, 간장, 개량, 양조, 양파, 데친것, 파, 쪽파, 생것, 마늘, 생것, 고춧가루, 참깨, 흰색, 볶은것, 후추, 검은색, 가루"
D111002,갈치조림,조림류,어패류조림,"갈치, 생것, 무, 조선무, 생것, 양파, 데친것, 간장, 개량, 양조, 고추, 풋고추, 생것, 발효주, 청주, 알코올 16%, 설탕, 백설탕, 마늘, 생것, 고추, 빨간색, 생것","메뉴명: 갈치조림
메뉴 대분류: 조림류
메뉴 소분류: 어패류조림
식재료: 갈치, 생것, 무, 조선무, 생것, 양파, 데친것, 간장, 개량, 양조, 고추, 풋고추, 생것, 발효주, 청주, 알코올 16%, 설탕, 백설탕, 마늘, 생것, 고추, 빨간색, 생것"
D111003,건꼴뚜기조림,조림류,어패류조림,"꼴뚜기, 참꼴뚜기, 삶아서 말린것, 간장, 개량, 양조, 고추, 빨간색, 생것, 고춧가루, 파, 쪽파, 생것, 설탕, 백설탕, 소금, 천일염, 가는소금","메뉴명: 건꼴뚜기조림
메뉴 대분류: 조림류
메뉴 소분류: 어패류조림
식재료: 꼴뚜기, 참꼴뚜기, 삶아서 말린것, 간장, 개량, 양조, 고추, 빨간색, 생것, 고춧가루, 파, 쪽파, 생것, 설탕, 백설탕, 소금, 천일염, 가는소금"
D111004,게조림,조림류,어패류조림,"게, 꽃게, 찐것, 무, 조선무, 생것, 간장, 개량, 양조, 파, 대파, 생것, 설탕, 백설탕, 마늘, 생것, 고춧가루, 소금, 천일염, 가는소금, 들기름, 후추, 검은색, 가루","메뉴명: 게조림
메뉴 대분류: 조림류
메뉴 소분류: 어패류조림
식재료: 게, 꽃게, 찐것, 무, 조선무, 생것, 간장, 개량, 양조, 파, 대파, 생것, 설탕, 백설탕, 마늘, 생것, 고춧가루, 소금, 천일염, 가는소금, 들기름, 후추, 검은색, 가루"
D111005,고등어조림(고추장),조림류,어패류조림,"고등어, 삶은것, 무, 조선무, 생것, 고추, 풋고추, 생것, 고추장, 개량, 설탕, 백설탕, 간장, 개량, 양조, 마늘, 생것, 파, 대파, 생것, 고춧가루","메뉴명: 고등어조림(고추장)
메뉴 대분류: 조림류
메뉴 소분류: 어패류조림
식재료: 고등어, 삶은것, 무, 조선무, 생것, 고추, 풋고추, 생것, 고추장, 개량, 설탕, 백설탕, 간장, 개량, 양조, 마늘, 생것, 파, 대파, 생것, 고춧가루"
D111006,광어조림(고추장),조림류,어패류조림,"넙치(광어), 생것, 무, 조선무, 생것, 고추, 풋고추, 생것, 고추장, 개량, 설탕, 백설탕, 간장, 개량, 양조, 마늘, 생것, 파, 대파, 생것, 고춧가루","메뉴명: 광어조림(고추장)
메뉴 대분류: 조림류
메뉴 소분류: 어패류조림
식재료: 넙치(광어), 생것, 무, 조선무, 생것, 고추, 풋고추, 생것, 고추장, 개량, 설탕, 백설탕, 간장, 개량, 양조, 마늘, 생것, 파, 대파, 생것, 고춧가루"
D111007,꼴뚜기조림,조림류,어패류조림,"꼴뚜기, 불똥꼴뚜기, 삶은것, 간장, 개량, 양조, 콩기름, 마늘, 생것, 설탕, 백설탕, 참깨, 흰색, 볶은것","메뉴명: 꼴뚜기조림
메뉴 대분류: 조림류
메뉴 소분류: 어패류조림
식재료: 꼴뚜기, 불똥꼴뚜기, 삶은것, 간장, 개량, 양조, 콩기름, 마늘, 생것, 설탕, 백설탕, 참깨, 흰색, 볶은것"
D111008,꽁치조림,조림류,어패류조림,"꽁치, 구운것, 설탕, 백설탕, 간장, 개량, 양조, 마늘, 생것, 파, 대파, 생것, 고춧가루","메뉴명: 꽁치조림
메뉴 대분류: 조림류
메뉴 소분류: 어패류조림
식재료: 꽁치, 구운것, 설탕, 백설탕, 간장, 개량, 양조, 마늘, 생것, 파, 대파, 생것, 고춧가루"
D111009,꽁치조림(물엿),조림류,어패류조림,"꽁치, 구운것, 물엿, 설탕, 백설탕, 간장, 개량, 양조, 마늘, 생것, 파, 대파, 생것, 고춧가루","메뉴명: 꽁치조림(물엿)
메뉴 대분류: 조림류
메뉴 소분류: 어패류조림
식재료: 꽁치, 구운것, 물엿, 설탕, 백설탕, 간장, 개량, 양조, 마늘, 생것, 파, 대파, 생것, 고춧가루"
D111010,꽁치조림(통조림),조림류,어패류조림,"꽁치, 통조림, 조미, 간장, 개량, 양조, 무, 조선무, 생것, 양파, 데친것, 고추, 풋고추, 생것, 발효주, 청주, 알코올 16%, 고춧가루, 마늘, 생것, 파, 쪽파, 생것, 고추, 빨간색, 생것","메뉴명: 꽁치조림(통조림)
메뉴 대분류: 조림류
메뉴 소분류: 어패류조림
식재료: 꽁치, 통조림, 조미, 간장, 개량, 양조, 무, 조선무, 생것, 양파, 데친것, 고추, 풋고추, 생것, 발효주, 청주, 알코올 16%, 고춧가루, 마늘, 생것, 파, 쪽파, 생것, 고추, 빨간색, 생것"
D111011,노가리조림,조림류,어패류조림,"명태, 노가리, 말린것, 고추, 풋고추, 생것, 간장, 개량, 양조, 설탕, 백설탕, 참깨, 흰색, 볶은것","메뉴명: 노가리조림
메뉴 대분류: 조림류
메뉴 소분류: 어패류조림
식재료: 명태, 노가리, 말린것, 고추, 풋고추, 생것, 간장, 개량, 양조, 설탕, 백설탕, 참깨, 흰색, 볶은것"
D111012,대구포조림(고추장),조림류,어패류조림,"대구, 포, 말린것, 고추장, 개량, 파, 대파, 생것, 간장, 개량, 양조, 마늘, 생것, 참기름, 참깨, 흰색, 볶은것","메뉴명: 대구포조림(고추장)
메뉴 대분류: 조림류
메뉴 소분류: 어패류조림
식재료: 대구, 포, 말린것, 고추장, 개량, 파, 대파, 생것, 간장, 개량, 양조, 마늘, 생것, 참기름, 참깨, 흰색, 볶은것"
D111013,동태조림,조림류,어패류조림,"명태, 동태, 냉동, 무, 조선무, 생것, 간장, 개량, 양조, 파, 대파, 생것, 설탕, 백설탕, 마늘, 생것, 고춧가루, 소금, 천일염, 가는소금, 참깨, 흰색, 볶은것, 들기름, 후추, 검은색, 가루","메뉴명: 동태조림
메뉴 대분류: 조림류
메뉴 소분류: 어패류조림
식재료: 명태, 동태, 냉동, 무, 조선무, 생것, 간장, 개량, 양조, 파, 대파, 생것, 설탕, 백설탕, 마늘, 생것, 고춧가루, 소금, 천일염, 가는소금, 참깨, 흰색, 볶은것, 들기름, 후추, 검은색, 가루"
D111014,멸치조림(고추장),조림류,어패류조림,"멸치, 중멸치, 삶아서 말린것, 고추, 풋고추, 생것, 고추장, 개량, 물엿, 간장, 개량, 양조, 참기름, 참깨, 흰색, 볶은것","메뉴명: 멸치조림(고추장)
메뉴 대분류: 조림류
메뉴 소분류: 어패류조림
식재료: 멸치, 중멸치, 삶아서 말린것, 고추, 풋고추, 생것, 고추장, 개량, 물엿, 간장, 개량, 양조, 참기름, 참깨, 흰색, 볶은것"
D111015,"멸치조림(고추장, 풋고추)",조림류,어패류조림,"멸치, 중멸치, 삶아서 말린것, 고추, 풋고추, 생것, 고추장, 개량, 물엿, 간장, 개량, 양조, 참기름, 참깨, 흰색, 볶은것","메뉴명: 멸치조림(고추장, 풋고추)
메뉴 대분류: 조림류
메뉴 소분류: 어패류조림
식재료: 멸치, 중멸치, 삶아서 말린것, 고추, 풋고추, 생것, 고추장, 개량, 물엿, 간장, 개량, 양조, 참기름, 참깨, 흰색, 볶은것"
D111016,바지락조림,조림류,어패류조림,"바지락, 생것, 무, 조선무, 생것, 간장, 개량, 양조, 고추, 풋고추, 생것, 마늘, 생것, 파, 대파, 생것, 고춧가루, 소금, 천일염, 가는소금, 후추, 검은색, 가루","메뉴명: 바지락조림
메뉴 대분류: 조림류
메뉴 소분류: 어패류조림
식재료: 바지락, 생것, 무, 조선무, 생것, 간장, 개량, 양조, 고추, 풋고추, 생것, 마늘, 생것, 파, 대파, 생것, 고춧가루, 소금, 천일염, 가는소금, 후추, 검은색, 가루"
D111017,방어조림,조림류,어패류조림,"방어, 생것, 설탕, 백설탕, 간장, 개량, 양조, 마늘, 생것, 파, 대파, 생것, 고춧가루","메뉴명: 방어조림
메뉴 대분류: 조림류
메뉴 소분류: 어패류조림
식재료: 방어, 생것, 설탕, 백설탕, 간장, 개량, 양조, 마늘, 생것, 파, 대파, 생것, 고춧가루"
D111018,뱅어포조림,조림류,어패류조림,"뱅어, 포, 말린것, 설탕, 백설탕, 간장, 개량, 양조, 마늘, 생것, 파, 대파, 생것, 고춧가루","메뉴명: 뱅어포조림
메뉴 대분류: 조림류
메뉴 소분류: 어패류조림
식재료: 뱅어, 포, 말린것, 설탕, 백설탕, 간장, 개량, 양조, 마늘, 생것, 파, 대파, 생것, 고춧가루"
D111019,병어조림,조림류,어패류조림,"병어, 생것, 무, 조선무, 생것, 간장, 개량, 양조, 고추, 풋고추, 생것, 마늘, 생것, 파, 쪽파, 생것, 고춧가루, 소금, 천일염, 가는소금, 후추, 검은색, 가루","메뉴명: 병어조림
메뉴 대분류: 조림류
메뉴 소분류: 어패류조림
식재료: 병어, 생것, 무, 조선무, 생것, 간장, 개량, 양조, 고추, 풋고추, 생것, 마늘, 생것, 파, 쪽파, 생것, 고춧가루, 소금, 천일염, 가는소금, 후추, 검은색, 가루"
D111020,북어조림,조림류,어패류조림,"명태, 북어, 말린것, 간장, 개량, 양조, 파, 쪽파, 생것, 마늘, 생것, 참기름","메뉴명: 북어조림
메뉴 대분류: 조림류
메뉴 소분류: 어패류조림
식재료: 명태, 북어, 말린것, 간장, 개량, 양조, 파, 쪽파, 생것, 마늘, 생것, 참기름"
D111021,붕어조림,조림류,어패류조림,"붕어, 생것, 설탕, 백설탕, 간장, 개량, 양조, 마늘, 생것, 파, 대파, 생것, 고춧가루","메뉴명: 붕어조림
메뉴 대분류: 조림류
메뉴 소분류: 어패류조림
식재료: 붕어, 생것, 설탕, 백설탕, 간장, 개량, 양조, 마늘, 생것, 파, 대파, 생것, 고춧가루"
D111022,삼치조림,조림류,어패류조림,"삼치, 생것, 무, 조선무, 생것, 양파, 데친것, 발효주, 청주, 알코올 16%, 간장, 개량, 양조, 참깨, 흰색, 볶은것, 파, 쪽파, 생것, 고춧가루, 마늘, 생것","메뉴명: 삼치조림
메뉴 대분류: 조림류
메뉴 소분류: 어패류조림
식재료: 삼치, 생것, 무, 조선무, 생것, 양파, 데친것, 발효주, 청주, 알코올 16%, 간장, 개량, 양조, 참깨, 흰색, 볶은것, 파, 쪽파, 생것, 고춧가루, 마늘, 생것"
D111023,새우조림,조림류,어패류조림,"새우, 중하, 삶아서 말린것, 간장, 개량, 양조, 콩기름, 설탕, 백설탕, 마늘, 생것, 참기름","메뉴명: 새우조림
메뉴 대분류: 조림류
메뉴 소분류: 어패류조림
식재료: 새우, 중하, 삶아서 말린것, 간장, 개량, 양조, 콩기름, 설탕, 백설탕, 마늘, 생것, 참기름"
D111024,서대조림,조림류,어패류조림,"서대, 참서대, 생것, 설탕, 백설탕, 간장, 개량, 양조, 마늘, 생것, 파, 대파, 생것, 고춧가루","메뉴명: 서대조림
메뉴 대분류: 조림류
메뉴 소분류: 어패류조림
식재료: 서대, 참서대, 생것, 설탕, 백설탕, 간장, 개량, 양조, 마늘, 생것, 파, 대파, 생것, 고춧가루"
D111025,양미리조림,조림류,어패류조림,"무, 조선무, 생것, 양미리, 말린것, 양파, 데친것, 간장, 재래, 발효주, 청주, 알코올 16%, 물엿, 고추, 풋고추, 생것, 마늘, 생것, 고춧가루","메뉴명: 양미리조림
메뉴 대분류: 조림류
메뉴 소분류: 어패류조림
식재료: 무, 조선무, 생것, 양미리, 말린것, 양파, 데친것, 간장, 재래, 발효주, 청주, 알코올 16%, 물엿, 고추, 풋고추, 생것, 마늘, 생것, 고춧가루"
D111026,어묵조림(감자),조림류,어패류조림,"어묵, 감자, 대지, 삶은것, 간장, 개량, 양조, 파, 쪽파, 생것, 설탕, 백설탕","메뉴명: 어묵조림(감자)
메뉴 대분류: 조림류
메뉴 소분류: 어패류조림
식재료: 어묵, 감자, 대지, 삶은것, 간장, 개량, 양조, 파, 쪽파, 생것, 설탕, 백설탕"
D111027,"어묵조림(감자, 햄)",조림류,어패류조림,"어묵, 감자, 대지, 삶은것, 간장, 개량, 양조, 햄, 등심햄, 파, 쪽파, 생것, 설탕, 백설탕","메뉴명: 어묵조림(감자, 햄)
메뉴 대분류: 조림류
메뉴 소분류: 어패류조림
식재료: 어묵, 감자, 대지, 삶은것, 간장, 개량, 양조, 햄, 등심햄, 파, 쪽파, 생것, 설탕, 백설탕"
D111028,오징어조림,조림류,어패류조림,"오징어, 구운것, 무, 조선무, 생것, 간장, 재래, 물엿, 양파, 데친것, 파, 쪽파, 생것, 고춧가루, 마늘, 생것","메뉴명: 오징어조림
메뉴 대분류: 조림류
메뉴 소분류: 어패류조림
식재료: 오징어, 구운것, 무, 조선무, 생것, 간장, 재래, 물엿, 양파, 데친것, 파, 쪽파, 생것, 고춧가루, 마늘, 생것"
D111029,오징어채조림(간장),조림류,어패류조림,"고추, 풋고추, 생것, 오징어, 포, 조미하여 말린것, 물엿, 간장, 개량, 양조, 고춧가루, 참깨, 흰색, 볶은것, 마늘, 생것","메뉴명: 오징어채조림(간장)
메뉴 대분류: 조림류
메뉴 소분류: 어패류조림
식재료: 고추, 풋고추, 생것, 오징어, 포, 조미하여 말린것, 물엿, 간장, 개량, 양조, 고춧가루, 참깨, 흰색, 볶은것, 마늘, 생것"
D111030,오징어채조림(고추장),조림류,어패류조림,"오징어, 포, 조미하여 말린것, 설탕, 백설탕, 고추장, 개량, 콩기름","메뉴명: 오징어채조림(고추장)
메뉴 대분류: 조림류
메뉴 소분류: 어패류조림
식재료: 오징어, 포, 조미하여 말린것, 설탕, 백설탕, 고추장, 개량, 콩기름"
D111031,임연수어조림,조림류,어패류조림,"임연수어, 생것, 설탕, 백설탕, 간장, 개량, 양조, 마늘, 생것, 파, 대파, 생것, 고춧가루","메뉴명: 임연수어조림
메뉴 대분류: 조림류
메뉴 소분류: 어패류조림
식재료: 임연수어, 생것, 설탕, 백설탕, 간장, 개량, 양조, 마늘, 생것, 파, 대파, 생것, 고춧가루"
D111032,장어조림(고추장),조림류,어패류조림,"장어, 뱀장어, 생것, 간장, 개량, 양조, 고춧가루, 양파, 데친것, 고추장, 개량, 물엿, 발효주, 청주, 알코올 16%, 고추, 빨간색, 생것, 고추, 풋고추, 생것, 마늘, 생것, 파, 쪽파, 생것","메뉴명: 장어조림(고추장)
메뉴 대분류: 조림류
메뉴 소분류: 어패류조림
식재료: 장어, 뱀장어, 생것, 간장, 개량, 양조, 고춧가루, 양파, 데친것, 고추장, 개량, 물엿, 발효주, 청주, 알코올 16%, 고추, 빨간색, 생것, 고추, 풋고추, 생것, 마늘, 생것, 파, 쪽파, 생것"
D111033,전어조림,조림류,어패류조림,"전어, 생것, 무, 조선무, 생것, 양파, 데친것, 발효주, 청주, 알코올 16%, 간장, 개량, 양조, 고추, 풋고추, 생것, 마늘, 생것","메뉴명: 전어조림
메뉴 대분류: 조림류
메뉴 소분류: 어패류조림
식재료: 전어, 생것, 무, 조선무, 생것, 양파, 데친것, 발효주, 청주, 알코올 16%, 간장, 개량, 양조, 고추, 풋고추, 생것, 마늘, 생것"
D111034,정어리조림,조림류,어패류조림,"정어리, 생것, 무, 조선무, 생것, 간장, 개량, 양조, 고추, 풋고추, 생것, 고춧가루, 마늘, 생것, 설탕, 백설탕, 생강, 뿌리줄기, 생것","메뉴명: 정어리조림
메뉴 대분류: 조림류
메뉴 소분류: 어패류조림
식재료: 정어리, 생것, 무, 조선무, 생것, 간장, 개량, 양조, 고추, 풋고추, 생것, 고춧가루, 마늘, 생것, 설탕, 백설탕, 생강, 뿌리줄기, 생것"
D111035,조기조림,조림류,어패류조림,"조기(참조기), 생것, 무, 조선무, 생것, 간장, 개량, 양조, 고추, 풋고추, 생것, 고춧가루, 마늘, 생것, 생강, 뿌리줄기, 생것, 설탕, 백설탕","메뉴명: 조기조림
메뉴 대분류: 조림류
메뉴 소분류: 어패류조림
식재료: 조기(참조기), 생것, 무, 조선무, 생것, 간장, 개량, 양조, 고추, 풋고추, 생것, 고춧가루, 마늘, 생것, 생강, 뿌리줄기, 생것, 설탕, 백설탕"
D111036,쥐포조림,조림류,어패류조림,"쥐치, 포, 말린것, 물엿, 간장, 개량, 양조","메뉴명: 쥐포조림
메뉴 대분류: 조림류
메뉴 소분류: 어패류조림
식재료: 쥐치, 포, 말린것, 물엿, 간장, 개량, 양조"
D111037,청어조림,조림류,어패류조림,"청어, 생것, 무, 조선무, 생것, 양파, 데친것, 간장, 개량, 양조, 발효주, 청주, 알코올 16%, 파, 쪽파, 생것, 마늘, 생것, 고춧가루, 참깨, 흰색, 볶은것, 생강, 뿌리줄기, 생것, 후추, 검은색, 가루","메뉴명: 청어조림
메뉴 대분류: 조림류
메뉴 소분류: 어패류조림
식재료: 청어, 생것, 무, 조선무, 생것, 양파, 데친것, 간장, 개량, 양조, 발효주, 청주, 알코올 16%, 파, 쪽파, 생것, 마늘, 생것, 고춧가루, 참깨, 흰색, 볶은것, 생강, 뿌리줄기, 생것, 후추, 검은색, 가루"
D111038,코다리조림,조림류,어패류조림,"명태, 코다리, 반건조, 구운것, 무, 조선무, 생것, 간장, 개량, 양조, 고추, 풋고추, 생것, 파, 대파, 생것, 마늘, 생것, 생강, 뿌리줄기, 생것, 설탕, 백설탕","메뉴명: 코다리조림
메뉴 대분류: 조림류
메뉴 소분류: 어패류조림
식재료: 명태, 코다리, 반건조, 구운것, 무, 조선무, 생것, 간장, 개량, 양조, 고추, 풋고추, 생것, 파, 대파, 생것, 마늘, 생것, 생강, 뿌리줄기, 생것, 설탕, 백설탕"
D111039,홍합조림,조림류,어패류조림,"담치, 참담치(홍합), 생것, 간장, 개량, 양조, 물엿, 피망, 초록색, 데친것, 마늘, 생것, 참기름, 후추, 검은색, 가루","메뉴명: 홍합조림
메뉴 대분류: 조림류
메뉴 소분류: 어패류조림
식재료: 담치, 참담치(홍합), 생것, 간장, 개량, 양조, 물엿, 피망, 초록색, 데친것, 마늘, 생것, 참기름, 후추, 검은색, 가루"
D111049,홍합초,조림류,어패류조림,"담치, 참담치(홍합), 생것, 소고기, 한우(1등급), 우둔(우둔살), 생것, 꿀, 참기름, 전분, 감자, 가루, 잣, 볶은것, 파, 대파, 생것, 마늘, 생것, 생강, 뿌리줄기, 생것","메뉴명: 홍합초
메뉴 대분류: 조림류
메뉴 소분류: 어패류조림
식재료: 담치, 참담치(홍합), 생것, 소고기, 한우(1등급), 우둔(우둔살), 생것, 꿀, 참기름, 전분, 감자, 가루, 잣, 볶은것, 파, 대파, 생것, 마늘, 생것, 생강, 뿌리줄기, 생것"
D111052,가자미조림,조림류,어패류조림,"가자미, 생것, 무, 조선무, 생것, 간장, 개량, 양조, 양파, 데친것, 파, 쪽파, 생것, 마늘, 생것, 고춧가루, 참깨, 흰색, 볶은것, 후추, 검은색, 가루, 쌀겨기름(미강유)","메뉴명: 가자미조림
메뉴 대분류: 조림류
메뉴 소분류: 어패류조림
식재료: 가자미, 생것, 무, 조선무, 생것, 간장, 개량, 양조, 양파, 데친것, 파, 쪽파, 생것, 마늘, 생것, 고춧가루, 참깨, 흰색, 볶은것, 후추, 검은색, 가루, 쌀겨기름(미강유)"
D111053,고등어조림(고추장),조림류,어패류조림,"고등어, 삶은것, 무, 조선무, 생것, 고추, 풋고추, 생것, 고추장, 개량, 설탕, 백설탕, 간장, 개량, 양조, 마늘, 생것, 파, 대파, 생것, 고춧가루","메뉴명: 고등어조림(고추장)
메뉴 대분류: 조림류
메뉴 소분류: 어패류조림
식재료: 고등어, 삶은것, 무, 조선무, 생것, 고추, 풋고추, 생것, 고추장, 개량, 설탕, 백설탕, 간장, 개량, 양조, 마늘, 생것, 파, 대파, 생것, 고춧가루"
D111054,단호박갈치조림,조림류,어패류조림,"호박, 단호박, 생것, 갈치, 생것, 양파, 생것, 고사리, 생것, 파, 대파, 생것, 고추, 빨간색, 생것, 설탕, 백설탕, 고춧가루, 마늘, 생것, 생강, 뿌리줄기, 생것, 간장, 개량, 양조, 고추장, 개량, 후추, 검은색, 가루","메뉴명: 단호박갈치조림
메뉴 대분류: 조림류
메뉴 소분류: 어패류조림
식재료: 호박, 단호박, 생것, 갈치, 생것, 양파, 생것, 고사리, 생것, 파, 대파, 생것, 고추, 빨간색, 생것, 설탕, 백설탕, 고춧가루, 마늘, 생것, 생강, 뿌리줄기, 생것, 간장, 개량, 양조, 고추장, 개량, 후추, 검은색, 가루"
D111055,생강코다리조림,조림류,어패류조림,"명태, 코다리, 반건조, 생강, 뿌리줄기, 생것, 마늘, 생것, 파, 대파, 생것, 양파, 생것, 다시마, 말린것, 고추, 빨간색, 생것, 콩기름, 생수, 설탕, 백설탕, 맛술, 간장, 개량, 양조","메뉴명: 생강코다리조림
메뉴 대분류: 조림류
메뉴 소분류: 어패류조림
식재료: 명태, 코다리, 반건조, 생강, 뿌리줄기, 생것, 마늘, 생것, 파, 대파, 생것, 양파, 생것, 다시마, 말린것, 고추, 빨간색, 생것, 콩기름, 생수, 설탕, 백설탕, 맛술, 간장, 개량, 양조"
D111056,장어조림,조림류,어패류조림,"장어, 뱀장어, 생것, 들깻잎, 생것, 고추, 초록색, 녹광, 생것, 고추, 빨간색, 생것, 양파, 생것, 생강, 뿌리줄기, 생것, 간장, 개량, 양조, 과당, 발효주, 청주, 알코올 16%, 참기름, 후추, 흰색, 가루, 참깨, 흰색, 볶은것, 마늘, 생것, 파, 대파, 생것","메뉴명: 장어조림
메뉴 대분류: 조림류
메뉴 소분류: 어패류조림
식재료: 장어, 뱀장어, 생것, 들깻잎, 생것, 고추, 초록색, 녹광, 생것, 고추, 빨간색, 생것, 양파, 생것, 생강, 뿌리줄기, 생것, 간장, 개량, 양조, 과당, 발효주, 청주, 알코올 16%, 참기름, 후추, 흰색, 가루, 참깨, 흰색, 볶은것, 마늘, 생것, 파, 대파, 생것"
D112001,계란장조림,조림류,육류 및 난류조림,"간장, 개량, 양조, 달걀, 삶은것, 마늘, 생것, 물엿, 생강, 뿌리줄기, 생것, 참기름","메뉴명: 계란장조림
메뉴 대분류: 조림류
메뉴 소분류: 육류 및 난류조림
식재료: 간장, 개량, 양조, 달걀, 삶은것, 마늘, 생것, 물엿, 생강, 뿌리줄기, 생것, 참기름"
D112002,계란장조림(소고기),조림류,육류 및 난류조림,"소고기, 한우, 양지, 삶은것, 달걀, 삶은것, 간장, 개량, 양조, 물엿, 마늘, 생것, 생강, 뿌리줄기, 생것, 참기름, 설탕, 백설탕","메뉴명: 계란장조림(소고기)
메뉴 대분류: 조림류
메뉴 소분류: 육류 및 난류조림
식재료: 소고기, 한우, 양지, 삶은것, 달걀, 삶은것, 간장, 개량, 양조, 물엿, 마늘, 생것, 생강, 뿌리줄기, 생것, 참기름, 설탕, 백설탕"
D112003,닭고기조림,조림류,육류 및 난류조림,"닭고기, 영계, 삶은것, 감자, 대지, 삶은것, 양파, 데친것, 당근, 뿌리, 데친것, 옥수수, 통조림, 가당, 물엿, 발효주, 청주, 알코올 16%, 토마토 케첩, 간장, 개량, 양조, 마늘, 생것","메뉴명: 닭고기조림
메뉴 대분류: 조림류
메뉴 소분류: 육류 및 난류조림
식재료: 닭고기, 영계, 삶은것, 감자, 대지, 삶은것, 양파, 데친것, 당근, 뿌리, 데친것, 옥수수, 통조림, 가당, 물엿, 발효주, 청주, 알코올 16%, 토마토 케첩, 간장, 개량, 양조, 마늘, 생것"
D112004,닭고기조림(고추장),조림류,육류 및 난류조림,"닭고기, 영계, 삶은것, 감자, 대지, 삶은것, 양파, 데친것, 당근, 뿌리, 데친것, 물엿, 발효주, 청주, 알코올 16%, 토마토 케첩, 고추장, 개량, 간장, 개량, 양조, 마늘, 생것","메뉴명: 닭고기조림(고추장)
메뉴 대분류: 조림류
메뉴 소분류: 육류 및 난류조림
식재료: 닭고기, 영계, 삶은것, 감자, 대지, 삶은것, 양파, 데친것, 당근, 뿌리, 데친것, 물엿, 발효주, 청주, 알코올 16%, 토마토 케첩, 고추장, 개량, 간장, 개량, 양조, 마늘, 생것"
D112005,닭다리조림,조림류,육류 및 난류조림,"닭고기, 다리(아랫다리), 삶은것, 당근, 뿌리, 데친것, 양파, 데친것, 물엿, 간장, 개량, 양조, 고춧가루, 마늘, 생것, 참깨, 흰색, 볶은것","메뉴명: 닭다리조림
메뉴 대분류: 조림류
메뉴 소분류: 육류 및 난류조림
식재료: 닭고기, 다리(아랫다리), 삶은것, 당근, 뿌리, 데친것, 양파, 데친것, 물엿, 간장, 개량, 양조, 고춧가루, 마늘, 생것, 참깨, 흰색, 볶은것"
D112006,닭볶음탕(고추장),조림류,육류 및 난류조림,"닭고기, 영계, 삶은것, 감자, 대지, 삶은것, 당근, 뿌리, 데친것, 양파, 데친것, 고추장, 개량, 물엿, 발효주, 청주, 알코올 16%, 파, 쪽파, 생것, 간장, 개량, 양조, 마늘, 생것","메뉴명: 닭볶음탕(고추장)
메뉴 대분류: 조림류
메뉴 소분류: 육류 및 난류조림
식재료: 닭고기, 영계, 삶은것, 감자, 대지, 삶은것, 당근, 뿌리, 데친것, 양파, 데친것, 고추장, 개량, 물엿, 발효주, 청주, 알코올 16%, 파, 쪽파, 생것, 간장, 개량, 양조, 마늘, 생것"
D112007,돼지고기장조림(감자),조림류,육류 및 난류조림,"돼지고기, 사태, 삶은것, 감자, 대지, 삶은것, 간장, 개량, 양조, 물엿, 발효주, 청주, 알코올 16%, 마늘, 생것, 생강, 뿌리줄기, 생것","메뉴명: 돼지고기장조림(감자)
메뉴 대분류: 조림류
메뉴 소분류: 육류 및 난류조림
식재료: 돼지고기, 사태, 삶은것, 감자, 대지, 삶은것, 간장, 개량, 양조, 물엿, 발효주, 청주, 알코올 16%, 마늘, 생것, 생강, 뿌리줄기, 생것"
D112008,돼지고기장조림(메추리알),조림류,육류 및 난류조림,"돼지고기, 사태, 삶은것, 메추리알, 삶은것, 간장, 개량, 양조, 고추, 풋고추, 생것, 양파, 데친것, 발효주, 청주, 알코올 16%, 마늘, 생것, 생강, 뿌리줄기, 생것, 물엿","메뉴명: 돼지고기장조림(메추리알)
메뉴 대분류: 조림류
메뉴 소분류: 육류 및 난류조림
식재료: 돼지고기, 사태, 삶은것, 메추리알, 삶은것, 간장, 개량, 양조, 고추, 풋고추, 생것, 양파, 데친것, 발효주, 청주, 알코올 16%, 마늘, 생것, 생강, 뿌리줄기, 생것, 물엿"
D112009,메추리알장조림,조림류,육류 및 난류조림,"메추리알, 삶은것, 간장, 개량, 양조, 파, 쪽파, 생것, 마늘, 생것, 물엿, 소금, 천일염, 가는소금, 설탕, 백설탕, 양파, 데친것","메뉴명: 메추리알장조림
메뉴 대분류: 조림류
메뉴 소분류: 육류 및 난류조림
식재료: 메추리알, 삶은것, 간장, 개량, 양조, 파, 쪽파, 생것, 마늘, 생것, 물엿, 소금, 천일염, 가는소금, 설탕, 백설탕, 양파, 데친것"
D112010,소고기장조림,조림류,육류 및 난류조림,"소고기, 한우, 양지, 삶은것, 간장, 개량, 양조, 마늘, 생것, 생강, 뿌리줄기, 생것, 참기름","메뉴명: 소고기장조림
메뉴 대분류: 조림류
메뉴 소분류: 육류 및 난류조림
식재료: 소고기, 한우, 양지, 삶은것, 간장, 개량, 양조, 마늘, 생것, 생강, 뿌리줄기, 생것, 참기름"
D112011,소고기장조림(감자),조림류,육류 및 난류조림,"소고기, 한우, 양지, 삶은것, 간장, 개량, 양조, 감자, 대지, 삶은것, 마늘, 생것, 생강, 뿌리줄기, 생것, 참기름, 후추, 검은색, 가루","메뉴명: 소고기장조림(감자)
메뉴 대분류: 조림류
메뉴 소분류: 육류 및 난류조림
식재료: 소고기, 한우, 양지, 삶은것, 간장, 개량, 양조, 감자, 대지, 삶은것, 마늘, 생것, 생강, 뿌리줄기, 생것, 참기름, 후추, 검은색, 가루"
D112012,소고기장조림(메추리알),조림류,육류 및 난류조림,"소고기, 한우, 양지, 삶은것, 메추리알, 삶은것, 간장, 개량, 양조, 마늘, 생것, 생강, 뿌리줄기, 생것, 참기름","메뉴명: 소고기장조림(메추리알)
메뉴 대분류: 조림류
메뉴 소분류: 육류 및 난류조림
식재료: 소고기, 한우, 양지, 삶은것, 메추리알, 삶은것, 간장, 개량, 양조, 마늘, 생것, 생강, 뿌리줄기, 생것, 참기름"
D112013,소고기조림,조림류,육류 및 난류조림,"소고기, 한우, 양지, 삶은것, 간장, 개량, 양조, 고추, 풋고추, 생것, 콩기름, 파, 대파, 생것, 고춧가루, 설탕, 백설탕, 마늘, 생것, 참깨, 흰색, 볶은것","메뉴명: 소고기조림
메뉴 대분류: 조림류
메뉴 소분류: 육류 및 난류조림
식재료: 소고기, 한우, 양지, 삶은것, 간장, 개량, 양조, 고추, 풋고추, 생것, 콩기름, 파, 대파, 생것, 고춧가루, 설탕, 백설탕, 마늘, 생것, 참깨, 흰색, 볶은것"
D112014,소시지조림,조림류,육류 및 난류조림,"소시지, 위너(비엔나)소시지, 간장, 개량, 양조, 양파, 데친것, 파, 쪽파, 생것, 마늘, 생것, 소금, 천일염, 가는소금, 설탕, 백설탕","메뉴명: 소시지조림
메뉴 대분류: 조림류
메뉴 소분류: 육류 및 난류조림
식재료: 소시지, 위너(비엔나)소시지, 간장, 개량, 양조, 양파, 데친것, 파, 쪽파, 생것, 마늘, 생것, 소금, 천일염, 가는소금, 설탕, 백설탕"
D112015,완자조림(돼지고기),조림류,육류 및 난류조림,"돼지고기, 사태, 삶은것, 토마토 케첩, 간장, 개량, 양조, 물엿, 콩기름, 설탕, 백설탕, 참깨, 흰색, 볶은것, 파, 대파, 생것, 마늘, 생것","메뉴명: 완자조림(돼지고기)
메뉴 대분류: 조림류
메뉴 소분류: 육류 및 난류조림
식재료: 돼지고기, 사태, 삶은것, 토마토 케첩, 간장, 개량, 양조, 물엿, 콩기름, 설탕, 백설탕, 참깨, 흰색, 볶은것, 파, 대파, 생것, 마늘, 생것"
D112016,"완자조림(돼지고기, 고추장)",조림류,육류 및 난류조림,"돼지고기, 사태, 삶은것, 달걀, 삶은것, 두부, 밀, 중력밀가루, 양파, 데친것, 물엿, 토마토 케첩, 고추장, 개량, 콩기름","메뉴명: 완자조림(돼지고기, 고추장)
메뉴 대분류: 조림류
메뉴 소분류: 육류 및 난류조림
식재료: 돼지고기, 사태, 삶은것, 달걀, 삶은것, 두부, 밀, 중력밀가루, 양파, 데친것, 물엿, 토마토 케첩, 고추장, 개량, 콩기름"
D112017,폭찹,조림류,육류 및 난류조림,"돼지고기, 등심, 구운것(팬), 양파, 데친것, 콩기름, 당근, 뿌리, 데친것, 밀, 중력밀가루, 피망, 초록색, 데친것, 토마토 케첩, 우스터 소스, 소금, 천일염, 가는소금, 후추, 검은색, 가루","메뉴명: 폭찹
메뉴 대분류: 조림류
메뉴 소분류: 육류 및 난류조림
식재료: 돼지고기, 등심, 구운것(팬), 양파, 데친것, 콩기름, 당근, 뿌리, 데친것, 밀, 중력밀가루, 피망, 초록색, 데친것, 토마토 케첩, 우스터 소스, 소금, 천일염, 가는소금, 후추, 검은색, 가루"
D112018,햄조림,조림류,육류 및 난류조림,"햄, 등심햄, 간장, 개량, 양조, 양파, 데친것, 파, 쪽파, 생것, 마늘, 생것, 소금, 천일염, 가는소금, 설탕, 백설탕","메뉴명: 햄조림
메뉴 대분류: 조림류
메뉴 소분류: 육류 및 난류조림
식재료: 햄, 등심햄, 간장, 개량, 양조, 양파, 데친것, 파, 쪽파, 생것, 마늘, 생것, 소금, 천일염, 가는소금, 설탕, 백설탕"
D112026,돼지고기장조림(메추리알),조림류,육류 및 난류조림,"돼지고기, 사태, 삶은것, 메추리알, 삶은것, 간장, 개량, 양조, 고추, 풋고추, 생것, 양파, 데친것, 발효주, 청주, 알코올 16%, 마늘, 생것, 생강, 뿌리줄기, 생것, 물엿","메뉴명: 돼지고기장조림(메추리알)
메뉴 대분류: 조림류
메뉴 소분류: 육류 및 난류조림
식재료: 돼지고기, 사태, 삶은것, 메추리알, 삶은것, 간장, 개량, 양조, 고추, 풋고추, 생것, 양파, 데친것, 발효주, 청주, 알코올 16%, 마늘, 생것, 생강, 뿌리줄기, 생것, 물엿"
D112028,소고기장조림,조림류,육류 및 난류조림,"소고기, 한우, 양지, 삶은것, 간장, 개량, 양조, 마늘, 생것, 생강, 뿌리줄기, 생것, 참기름","메뉴명: 소고기장조림
메뉴 대분류: 조림류
메뉴 소분류: 육류 및 난류조림
식재료: 소고기, 한우, 양지, 삶은것, 간장, 개량, 양조, 마늘, 생것, 생강, 뿌리줄기, 생것, 참기름"
D112029,메추리알장조림,조림류,육류 및 난류조림,"메추리알, 삶은것, 간장, 개량, 양조, 파, 쪽파, 생것, 마늘, 생것, 물엿, 소금, 천일염, 가는소금, 설탕, 백설탕, 양파, 데친것","메뉴명: 메추리알장조림
메뉴 대분류: 조림류
메뉴 소분류: 육류 및 난류조림
식재료: 메추리알, 삶은것, 간장, 개량, 양조, 파, 쪽파, 생것, 마늘, 생것, 물엿, 소금, 천일염, 가는소금, 설탕, 백설탕, 양파, 데친것"
D112030,닭 버섯 조림,조림류,육류 및 난류조림,"닭고기, 다리(넓적다리), 생것, 큰느타리버섯(새송이버섯), 생것, 표고버섯, 참나무재배, 생것, 양송이버섯, 생것, 마늘, 생것, 전분, 감자, 가루, 소금, 천일염, 가는소금, 후추, 검은색, 가루, 간장, 개량, 양조, 생수, 발효주, 청주, 알코올 16%, 파, 대파, 생것, 생강, 뿌리줄기, 생것, 다시마, 말린것, 고추, 빨간색, 생것","메뉴명: 닭 버섯 조림
메뉴 대분류: 조림류
메뉴 소분류: 육류 및 난류조림
식재료: 닭고기, 다리(넓적다리), 생것, 큰느타리버섯(새송이버섯), 생것, 표고버섯, 참나무재배, 생것, 양송이버섯, 생것, 마늘, 생것, 전분, 감자, 가루, 소금, 천일염, 가는소금, 후추, 검은색, 가루, 간장, 개량, 양조, 생수, 발효주, 청주, 알코올 16%, 파, 대파, 생것, 생강, 뿌리줄기, 생것, 다시마, 말린것, 고추, 빨간색, 생것"
D112031,닭가슴살 채소조림,조림류,육류 및 난류조림,"닭고기, 가슴, 생것, 양파, 생것, 피망, 초록색, 생것, 파프리카, 노란색, 생것, 파프리카, 빨간색, 생것, 마늘, 생것, 생강, 뿌리줄기, 생것, 발효주, 청주, 알코올 16%, 간장, 개량, 양조, 설탕, 백설탕, 참기름, 참깨, 흰색, 볶은것, 매실청, 후추, 검은색, 가루, 소금, 천일염, 가는소금","메뉴명: 닭가슴살 채소조림
메뉴 대분류: 조림류
메뉴 소분류: 육류 및 난류조림
식재료: 닭고기, 가슴, 생것, 양파, 생것, 피망, 초록색, 생것, 파프리카, 노란색, 생것, 파프리카, 빨간색, 생것, 마늘, 생것, 생강, 뿌리줄기, 생것, 발효주, 청주, 알코올 16%, 간장, 개량, 양조, 설탕, 백설탕, 참기름, 참깨, 흰색, 볶은것, 매실청, 후추, 검은색, 가루, 소금, 천일염, 가는소금"
D112032,돼지고기 채소조림,조림류,육류 및 난류조림,"돼지고기, 안심, 생것, 소금, 천일염, 가는소금, 후추, 검은색, 가루, 발효주, 청주, 알코올 16%, 생강, 뿌리줄기, 생것, 마늘, 생것, 전분, 감자, 가루, 콩기름, 양파, 생것, 당근, 뿌리, 생것, 표고버섯, 참나무재배, 생것, 고추, 빨간색, 생것, 고추, 초록색, 녹광, 생것, 파, 대파, 생것, 간장, 개량, 양조, 설탕, 백설탕, 생수, 들깻잎, 생것, 상추, 잎상추, 치마상추, 녹색, 생것, 상추, 결구(양상추), 녹색, 생것, 치커리, 뿌리, 생것","메뉴명: 돼지고기 채소조림
메뉴 대분류: 조림류
메뉴 소분류: 육류 및 난류조림
식재료: 돼지고기, 안심, 생것, 소금, 천일염, 가는소금, 후추, 검은색, 가루, 발효주, 청주, 알코올 16%, 생강, 뿌리줄기, 생것, 마늘, 생것, 전분, 감자, 가루, 콩기름, 양파, 생것, 당근, 뿌리, 생것, 표고버섯, 참나무재배, 생것, 고추, 빨간색, 생것, 고추, 초록색, 녹광, 생것, 파, 대파, 생것, 간장, 개량, 양조, 설탕, 백설탕, 생수, 들깻잎, 생것, 상추, 잎상추, 치마상추, 녹색, 생것, 상추, 결구(양상추), 녹색, 생것, 치커리, 뿌리, 생것"
D112033,수삼돈육조림,조림류,육류 및 난류조림,"인삼, 수삼, 생것, 돼지고기, 삼겹살, 생것, 꿀, 고춧가루, 마늘, 생것, 맛술, 고추장, 개량, 간장, 개량, 양조, 생수","메뉴명: 수삼돈육조림
메뉴 대분류: 조림류
메뉴 소분류: 육류 및 난류조림
식재료: 인삼, 수삼, 생것, 돼지고기, 삼겹살, 생것, 꿀, 고춧가루, 마늘, 생것, 맛술, 고추장, 개량, 간장, 개량, 양조, 생수"
D112034,시래기 등갈비 조림,조림류,육류 및 난류조림,"무청, 시래기, 말린것, 삶은것, 돼지고기, 삼겹살(등갈비), 생것, 무, 조선무, 생것, 양파, 생것, 고추, 빨간색, 생것, 고추, 초록색, 녹광, 생것, 파, 대파, 생것, 간장, 개량, 양조, 고춧가루, 고추장, 개량, 마늘, 생것, 생강, 뿌리줄기, 생것, 참깨, 흰색, 볶은것, 참기름, 후추, 검은색, 가루","메뉴명: 시래기 등갈비 조림
메뉴 대분류: 조림류
메뉴 소분류: 육류 및 난류조림
식재료: 무청, 시래기, 말린것, 삶은것, 돼지고기, 삼겹살(등갈비), 생것, 무, 조선무, 생것, 양파, 생것, 고추, 빨간색, 생것, 고추, 초록색, 녹광, 생것, 파, 대파, 생것, 간장, 개량, 양조, 고춧가루, 고추장, 개량, 마늘, 생것, 생강, 뿌리줄기, 생것, 참깨, 흰색, 볶은것, 참기름, 후추, 검은색, 가루"
D112035,오리고기장조림,조림류,육류 및 난류조림,"오리고기, 생것, 껍질 포함, 달걀, 생것, 고추, 꽈리고추, 생것, 파, 대파, 생것, 양파, 생것, 마늘, 생것, 간장, 개량, 양조, 설탕, 백설탕, 후추, 검은색, 가루","메뉴명: 오리고기장조림
메뉴 대분류: 조림류
메뉴 소분류: 육류 및 난류조림
식재료: 오리고기, 생것, 껍질 포함, 달걀, 생것, 고추, 꽈리고추, 생것, 파, 대파, 생것, 양파, 생것, 마늘, 생것, 간장, 개량, 양조, 설탕, 백설탕, 후추, 검은색, 가루"
D112036,육장(장조림),조림류,육류 및 난류조림,"소고기, 한우(1등급), 우둔(홍두깨살), 생것, 파, 대파, 생것, 마늘, 생것, 생강, 뿌리줄기, 생것, 후추, 검은색, 가루, 메추리알, 삶은것, 고추, 꽈리고추, 생것, 고추, 빨간색, 말린것, 간장, 개량, 양조, 설탕, 백설탕, 다시마, 말린것","메뉴명: 육장(장조림)
메뉴 대분류: 조림류
메뉴 소분류: 육류 및 난류조림
식재료: 소고기, 한우(1등급), 우둔(홍두깨살), 생것, 파, 대파, 생것, 마늘, 생것, 생강, 뿌리줄기, 생것, 후추, 검은색, 가루, 메추리알, 삶은것, 고추, 꽈리고추, 생것, 고추, 빨간색, 말린것, 간장, 개량, 양조, 설탕, 백설탕, 다시마, 말린것"
D112037,타콤소스닭조림,조림류,육류 및 난류조림,"양파, 생것, 당근, 뿌리, 생것, 사과, 생것, 양송이버섯, 생것, 큰느타리버섯(새송이버섯), 생것, 가지, 생것, 토마토, 생것, 호박, 단호박, 생것, 브로콜리, 생것, 닭고기, 가슴, 생것, 닭 육수, 마늘, 다진것, 생강, 뿌리줄기, 생것, 후추, 흰색, 가루, 월계수, 잎, 말린것, 오레가노, 말린것, 바질, 잎, 생것, 파슬리, 생것","메뉴명: 타콤소스닭조림
메뉴 대분류: 조림류
메뉴 소분류: 육류 및 난류조림
식재료: 양파, 생것, 당근, 뿌리, 생것, 사과, 생것, 양송이버섯, 생것, 큰느타리버섯(새송이버섯), 생것, 가지, 생것, 토마토, 생것, 호박, 단호박, 생것, 브로콜리, 생것, 닭고기, 가슴, 생것, 닭 육수, 마늘, 다진것, 생강, 뿌리줄기, 생것, 후추, 흰색, 가루, 월계수, 잎, 말린것, 오레가노, 말린것, 바질, 잎, 생것, 파슬리, 생것"
D112038,토마토소고기장조림,조림류,육류 및 난류조림,"소고기, 한우(1++등급), 우둔, 생것, 메추리알, 삶은것, 토마토, 방울토마토, 생것, 마늘, 생것, 고추, 꽈리고추, 생것, 양파, 생것, 간장, 개량, 양조, 후추, 흰색, 가루, 설탕, 가루","메뉴명: 토마토소고기장조림
메뉴 대분류: 조림류
메뉴 소분류: 육류 및 난류조림
식재료: 소고기, 한우(1++등급), 우둔, 생것, 메추리알, 삶은것, 토마토, 방울토마토, 생것, 마늘, 생것, 고추, 꽈리고추, 생것, 양파, 생것, 간장, 개량, 양조, 후추, 흰색, 가루, 설탕, 가루"
D113001,가지조림,조림류,채소류조림,"가지, 데친것, 소고기, 한우, 양지, 삶은것, 양파, 데친것, 간장, 개량, 양조, 파, 대파, 생것, 설탕, 백설탕, 소금, 천일염, 가는소금, 참기름, 후추, 검은색, 가루","메뉴명: 가지조림
메뉴 대분류: 조림류
메뉴 소분류: 채소류조림
식재료: 가지, 데친것, 소고기, 한우, 양지, 삶은것, 양파, 데친것, 간장, 개량, 양조, 파, 대파, 생것, 설탕, 백설탕, 소금, 천일염, 가는소금, 참기름, 후추, 검은색, 가루"
D113002,감자조림,조림류,채소류조림,"감자, 대지, 삶은것, 간장, 개량, 양조, 물엿, 설탕, 백설탕","메뉴명: 감자조림
메뉴 대분류: 조림류
메뉴 소분류: 채소류조림
식재료: 감자, 대지, 삶은것, 간장, 개량, 양조, 물엿, 설탕, 백설탕"
D113003,감자조림(어묵),조림류,채소류조림,"감자, 대지, 삶은것, 어묵, 게맛살 첨가, 양파, 데친것, 파, 대파, 생것, 간장, 개량, 양조, 설탕, 백설탕, 참깨, 흰색, 볶은것","메뉴명: 감자조림(어묵)
메뉴 대분류: 조림류
메뉴 소분류: 채소류조림
식재료: 감자, 대지, 삶은것, 어묵, 게맛살 첨가, 양파, 데친것, 파, 대파, 생것, 간장, 개량, 양조, 설탕, 백설탕, 참깨, 흰색, 볶은것"
D113004,고구마조림,조림류,채소류조림,"고구마, 점질(호박) 고구마, 찐것, 간장, 개량, 양조, 당근, 뿌리, 데친것, 양파, 데친것, 고추, 풋고추, 생것, 물엿, 고춧가루, 파, 쪽파, 생것, 참깨, 흰색, 볶은것, 설탕, 백설탕, 소금, 천일염, 가는소금","메뉴명: 고구마조림
메뉴 대분류: 조림류
메뉴 소분류: 채소류조림
식재료: 고구마, 점질(호박) 고구마, 찐것, 간장, 개량, 양조, 당근, 뿌리, 데친것, 양파, 데친것, 고추, 풋고추, 생것, 물엿, 고춧가루, 파, 쪽파, 생것, 참깨, 흰색, 볶은것, 설탕, 백설탕, 소금, 천일염, 가는소금"
D113005,깻잎조림,조림류,채소류조림,"들깻잎, 데친것, 간장, 개량, 양조, 파, 대파, 생것, 들기름, 마늘, 생것, 설탕, 백설탕, 고춧가루, 참깨, 흰색, 볶은것","메뉴명: 깻잎조림
메뉴 대분류: 조림류
메뉴 소분류: 채소류조림
식재료: 들깻잎, 데친것, 간장, 개량, 양조, 파, 대파, 생것, 들기름, 마늘, 생것, 설탕, 백설탕, 고춧가루, 참깨, 흰색, 볶은것"
D113006,당근조림,조림류,채소류조림,"당근, 뿌리, 데친것, 간장, 재래, 양파, 데친것, 물엿, 콩기름, 파, 쪽파, 생것","메뉴명: 당근조림
메뉴 대분류: 조림류
메뉴 소분류: 채소류조림
식재료: 당근, 뿌리, 데친것, 간장, 재래, 양파, 데친것, 물엿, 콩기름, 파, 쪽파, 생것"
D113007,마늘종조림,조림류,채소류조림,"마늘종, 꽃줄기, 데친것, 간장, 개량, 양조, 물엿, 파, 쪽파, 생것, 고춧가루, 참깨, 흰색, 볶은것, 설탕, 백설탕, 소금, 천일염, 가는소금","메뉴명: 마늘종조림
메뉴 대분류: 조림류
메뉴 소분류: 채소류조림
식재료: 마늘종, 꽃줄기, 데친것, 간장, 개량, 양조, 물엿, 파, 쪽파, 생것, 고춧가루, 참깨, 흰색, 볶은것, 설탕, 백설탕, 소금, 천일염, 가는소금"
D113008,마늘종조림(멸치),조림류,채소류조림,"마늘종, 꽃줄기, 데친것, 간장, 개량, 양조, 멸치, 중멸치, 삶아서 말린것, 물엿, 파, 쪽파, 생것, 고춧가루, 참깨, 흰색, 볶은것, 설탕, 백설탕, 소금, 천일염, 가는소금","메뉴명: 마늘종조림(멸치)
메뉴 대분류: 조림류
메뉴 소분류: 채소류조림
식재료: 마늘종, 꽃줄기, 데친것, 간장, 개량, 양조, 멸치, 중멸치, 삶아서 말린것, 물엿, 파, 쪽파, 생것, 고춧가루, 참깨, 흰색, 볶은것, 설탕, 백설탕, 소금, 천일염, 가는소금"
D113009,무조림,조림류,채소류조림,"무, 조선무, 생것, 간장, 개량, 양조, 파, 쪽파, 생것, 고춧가루, 참깨, 흰색, 볶은것, 설탕, 백설탕, 소금, 천일염, 가는소금","메뉴명: 무조림
메뉴 대분류: 조림류
메뉴 소분류: 채소류조림
식재료: 무, 조선무, 생것, 간장, 개량, 양조, 파, 쪽파, 생것, 고춧가루, 참깨, 흰색, 볶은것, 설탕, 백설탕, 소금, 천일염, 가는소금"
D113010,버섯조림(양송이버섯),조림류,채소류조림,"양송이버섯, 데친것, 느타리버섯, 데친것, 간장, 개량, 양조, 파, 쪽파, 생것, 고춧가루, 참깨, 흰색, 볶은것, 설탕, 백설탕, 소금, 천일염, 가는소금","메뉴명: 버섯조림(양송이버섯)
메뉴 대분류: 조림류
메뉴 소분류: 채소류조림
식재료: 양송이버섯, 데친것, 느타리버섯, 데친것, 간장, 개량, 양조, 파, 쪽파, 생것, 고춧가루, 참깨, 흰색, 볶은것, 설탕, 백설탕, 소금, 천일염, 가는소금"
D113011,연근조림,조림류,채소류조림,"연근, 생것, 물엿, 간장, 개량, 양조, 설탕, 백설탕, 참깨, 흰색, 볶은것","메뉴명: 연근조림
메뉴 대분류: 조림류
메뉴 소분류: 채소류조림
식재료: 연근, 생것, 물엿, 간장, 개량, 양조, 설탕, 백설탕, 참깨, 흰색, 볶은것"
D113012,우엉조림,조림류,채소류조림,"우엉, 생것, 간장, 개량, 양조, 물엿, 콩기름, 소금, 천일염, 가는소금, 참깨, 흰색, 볶은것","메뉴명: 우엉조림
메뉴 대분류: 조림류
메뉴 소분류: 채소류조림
식재료: 우엉, 생것, 간장, 개량, 양조, 물엿, 콩기름, 소금, 천일염, 가는소금, 참깨, 흰색, 볶은것"
D113013,우엉조림(소고기),조림류,채소류조림,"우엉, 생것, 소고기, 한우, 양지, 삶은것, 간장, 개량, 양조, 물엿, 소금, 천일염, 가는소금","메뉴명: 우엉조림(소고기)
메뉴 대분류: 조림류
메뉴 소분류: 채소류조림
식재료: 우엉, 생것, 소고기, 한우, 양지, 삶은것, 간장, 개량, 양조, 물엿, 소금, 천일염, 가는소금"
D113014,우엉조림(어묵),조림류,채소류조림,"우엉, 생것, 어묵, 물엿, 간장, 재래, 참기름, 마늘, 생것","메뉴명: 우엉조림(어묵)
메뉴 대분류: 조림류
메뉴 소분류: 채소류조림
식재료: 우엉, 생것, 어묵, 물엿, 간장, 재래, 참기름, 마늘, 생것"
D113015,토란조림,조림류,채소류조림,"토란, 생것, 간장, 개량, 양조, 고추, 풋고추, 생것, 고추, 빨간색, 생것, 물엿, 마늘, 생것, 설탕, 백설탕, 파, 쪽파, 생것, 참깨, 흰색, 볶은것","메뉴명: 토란조림
메뉴 대분류: 조림류
메뉴 소분류: 채소류조림
식재료: 토란, 생것, 간장, 개량, 양조, 고추, 풋고추, 생것, 고추, 빨간색, 생것, 물엿, 마늘, 생것, 설탕, 백설탕, 파, 쪽파, 생것, 참깨, 흰색, 볶은것"
D113016,풋고추조림,조림류,채소류조림,"고추, 풋고추, 생것, 간장, 개량, 양조, 고춧가루, 파, 쪽파, 생것, 참깨, 흰색, 볶은것, 설탕, 백설탕, 소금, 천일염, 가는소금","메뉴명: 풋고추조림
메뉴 대분류: 조림류
메뉴 소분류: 채소류조림
식재료: 고추, 풋고추, 생것, 간장, 개량, 양조, 고춧가루, 파, 쪽파, 생것, 참깨, 흰색, 볶은것, 설탕, 백설탕, 소금, 천일염, 가는소금"
D113017,호박조림,조림류,채소류조림,"호박, 애호박, 데친것, 간장, 개량, 양조, 물엿, 고춧가루, 파, 쪽파, 생것, 참깨, 흰색, 볶은것, 소금, 천일염, 가는소금","메뉴명: 호박조림
메뉴 대분류: 조림류
메뉴 소분류: 채소류조림
식재료: 호박, 애호박, 데친것, 간장, 개량, 양조, 물엿, 고춧가루, 파, 쪽파, 생것, 참깨, 흰색, 볶은것, 소금, 천일염, 가는소금"
D113020,가지조림,조림류,채소류조림,"후추, 검은색, 가루, 소금, 천일염, 가는소금, 간장, 개량, 양조, 참기름, 소고기, 한우, 양지, 삶은것, 파, 대파, 생것, 양파, 데친것, 가지, 데친것, 설탕, 백설탕","메뉴명: 가지조림
메뉴 대분류: 조림류
메뉴 소분류: 채소류조림
식재료: 후추, 검은색, 가루, 소금, 천일염, 가는소금, 간장, 개량, 양조, 참기름, 소고기, 한우, 양지, 삶은것, 파, 대파, 생것, 양파, 데친것, 가지, 데친것, 설탕, 백설탕"
D113021,가지조림,조림류,채소류조림,"후추, 검은색, 가루, 소금, 천일염, 가는소금, 간장, 개량, 양조, 참기름, 소고기, 한우, 양지, 삶은것, 파, 대파, 생것, 양파, 데친것, 가지, 데친것, 설탕, 백설탕","메뉴명: 가지조림
메뉴 대분류: 조림류
메뉴 소분류: 채소류조림
식재료: 후추, 검은색, 가루, 소금, 천일염, 가는소금, 간장, 개량, 양조, 참기름, 소고기, 한우, 양지, 삶은것, 파, 대파, 생것, 양파, 데친것, 가지, 데친것, 설탕, 백설탕"
D113022,고춧잎두부조림,조림류,채소류조림,"고춧잎, 말린것, 두부, 고추, 빨간색, 생것, 파, 대파, 생것, 양파, 생것, 참기름, 참깨, 흰색, 볶은것, 설탕, 백설탕, 고춧가루, 간장, 개량, 양조, 마늘, 생것","메뉴명: 고춧잎두부조림
메뉴 대분류: 조림류
메뉴 소분류: 채소류조림
식재료: 고춧잎, 말린것, 두부, 고추, 빨간색, 생것, 파, 대파, 생것, 양파, 생것, 참기름, 참깨, 흰색, 볶은것, 설탕, 백설탕, 고춧가루, 간장, 개량, 양조, 마늘, 생것"
D113023,보리열무지짐,조림류,채소류조림,"보리, 쌀보리, 도정, 생것, 김치, 열무 김치, 다시마, 말린것, 멸치, 대멸치, 삶아서 말린것, 생수, 마늘, 생것, 된장, 개량, 들기름","메뉴명: 보리열무지짐
메뉴 대분류: 조림류
메뉴 소분류: 채소류조림
식재료: 보리, 쌀보리, 도정, 생것, 김치, 열무 김치, 다시마, 말린것, 멸치, 대멸치, 삶아서 말린것, 생수, 마늘, 생것, 된장, 개량, 들기름"
D113024,토마토콩조림,조림류,채소류조림,"대두, 노란색, 말린것, 양파, 생것, 양송이버섯, 생것, 토마토, 생것, 설탕, 가루, 후추, 흰색, 가루, 파슬리, 생것","메뉴명: 토마토콩조림
메뉴 대분류: 조림류
메뉴 소분류: 채소류조림
식재료: 대두, 노란색, 말린것, 양파, 생것, 양송이버섯, 생것, 토마토, 생것, 설탕, 가루, 후추, 흰색, 가루, 파슬리, 생것"
D113025,곤약 감자조림,조림류,채소류조림,"곤약(구약나물), 판형, 생것, 감자, 대지, 생것, 고추, 풋고추, 생것, 고추, 빨간색, 생것, 다시마, 생것, 간장, 개량, 양조, 설탕, 가루, 맛술, 참기름, 식초, 사과식초, 생수","메뉴명: 곤약 감자조림
메뉴 대분류: 조림류
메뉴 소분류: 채소류조림
식재료: 곤약(구약나물), 판형, 생것, 감자, 대지, 생것, 고추, 풋고추, 생것, 고추, 빨간색, 생것, 다시마, 생것, 간장, 개량, 양조, 설탕, 가루, 맛술, 참기름, 식초, 사과식초, 생수"
D114001,곤약조림,조림류,기타 조림류,"곤약(구약나물), 판형, 생것, 소고기, 한우, 양지, 삶은것, 양파, 데친것, 간장, 개량, 양조, 파, 대파, 생것, 마늘, 생것, 설탕, 백설탕","메뉴명: 곤약조림
메뉴 대분류: 조림류
메뉴 소분류: 기타 조림류
식재료: 곤약(구약나물), 판형, 생것, 소고기, 한우, 양지, 삶은것, 양파, 데친것, 간장, 개량, 양조, 파, 대파, 생것, 마늘, 생것, 설탕, 백설탕"
D114002,두부조림(고추장),조림류,기타 조림류,"두부, 고추장, 개량, 파, 대파, 생것, 콩기름, 마늘, 생것, 간장, 개량, 양조, 고춧가루, 참깨, 흰색, 볶은것, 참기름","메뉴명: 두부조림(고추장)
메뉴 대분류: 조림류
메뉴 소분류: 기타 조림류
식재료: 두부, 고추장, 개량, 파, 대파, 생것, 콩기름, 마늘, 생것, 간장, 개량, 양조, 고춧가루, 참깨, 흰색, 볶은것, 참기름"
D114003,"두부조림(고추장, 물엿)",조림류,기타 조림류,"두부, 물엿, 고추장, 개량, 파, 대파, 생것, 콩기름, 마늘, 생것, 간장, 개량, 양조, 고춧가루, 참깨, 흰색, 볶은것, 참기름","메뉴명: 두부조림(고추장, 물엿)
메뉴 대분류: 조림류
메뉴 소분류: 기타 조림류
식재료: 두부, 물엿, 고추장, 개량, 파, 대파, 생것, 콩기름, 마늘, 생것, 간장, 개량, 양조, 고춧가루, 참깨, 흰색, 볶은것, 참기름"
D114004,두부조림(돼지고기),조림류,기타 조림류,"두부, 돼지고기, 사태, 삶은것, 간장, 개량, 양조, 마늘, 생것, 콩기름, 참깨, 흰색, 볶은것, 고춧가루, 파, 쪽파, 생것","메뉴명: 두부조림(돼지고기)
메뉴 대분류: 조림류
메뉴 소분류: 기타 조림류
식재료: 두부, 돼지고기, 사태, 삶은것, 간장, 개량, 양조, 마늘, 생것, 콩기름, 참깨, 흰색, 볶은것, 고춧가루, 파, 쪽파, 생것"
D114005,땅콩조림,조림류,기타 조림류,"간장, 개량, 양조, 땅콩, 볶은것, 물엿, 파, 대파, 생것, 마늘, 생것, 설탕, 백설탕, 참기름, 참깨, 흰색, 볶은것","메뉴명: 땅콩조림
메뉴 대분류: 조림류
메뉴 소분류: 기타 조림류
식재료: 간장, 개량, 양조, 땅콩, 볶은것, 물엿, 파, 대파, 생것, 마늘, 생것, 설탕, 백설탕, 참기름, 참깨, 흰색, 볶은것"
D114006,떡조림(고추장),조림류,기타 조림류,"멥쌀떡, 가래떡, 고추장, 개량, 파, 대파, 생것, 콩기름, 마늘, 생것, 간장, 개량, 양조, 고춧가루, 참깨, 흰색, 볶은것, 참기름","메뉴명: 떡조림(고추장)
메뉴 대분류: 조림류
메뉴 소분류: 기타 조림류
식재료: 멥쌀떡, 가래떡, 고추장, 개량, 파, 대파, 생것, 콩기름, 마늘, 생것, 간장, 개량, 양조, 고춧가루, 참깨, 흰색, 볶은것, 참기름"
D114007,만두조림(고추장),조림류,기타 조림류,"만두, 고기 만두, 고추장, 개량, 파, 대파, 생것, 콩기름, 마늘, 생것, 간장, 개량, 양조, 고춧가루, 참깨, 흰색, 볶은것, 참기름","메뉴명: 만두조림(고추장)
메뉴 대분류: 조림류
메뉴 소분류: 기타 조림류
식재료: 만두, 고기 만두, 고추장, 개량, 파, 대파, 생것, 콩기름, 마늘, 생것, 간장, 개량, 양조, 고춧가루, 참깨, 흰색, 볶은것, 참기름"
D114008,밤초,조림류,기타 조림류,"밤, 생것, 물엿, 간장, 개량, 양조, 참기름, 설탕, 백설탕","메뉴명: 밤초
메뉴 대분류: 조림류
메뉴 소분류: 기타 조림류
식재료: 밤, 생것, 물엿, 간장, 개량, 양조, 참기름, 설탕, 백설탕"
D114009,유부조림,조림류,기타 조림류,"두부, 유부, 간장, 개량, 양조, 설탕, 백설탕, 참깨, 흰색, 볶은것, 콩기름, 파, 쪽파, 생것","메뉴명: 유부조림
메뉴 대분류: 조림류
메뉴 소분류: 기타 조림류
식재료: 두부, 유부, 간장, 개량, 양조, 설탕, 백설탕, 참깨, 흰색, 볶은것, 콩기름, 파, 쪽파, 생것"
D114010,콩조림,조림류,기타 조림류,"대두, 검은색, 흑태, 말린것, 간장, 개량, 양조, 설탕, 백설탕, 참깨, 흰색, 볶은것","메뉴명: 콩조림
메뉴 대분류: 조림류
메뉴 소분류: 기타 조림류
식재료: 대두, 검은색, 흑태, 말린것, 간장, 개량, 양조, 설탕, 백설탕, 참깨, 흰색, 볶은것"
D114013,두부조림,조림류,기타 조림류,"두부, 파, 대파, 생것, 콩기름","메뉴명: 두부조림
메뉴 대분류: 조림류
메뉴 소분류: 기타 조림류
식재료: 두부, 파, 대파, 생것, 콩기름"
D114019,찰옥수수 알감자 조림,조림류,기타 조림류,"옥수수, 찰옥수수, 삶은것, 감자, 대지, 삶은것, 고추, 꽈리고추, 생것, 마늘, 생것, 콩기름, 설탕, 백설탕, 맛술, 간장, 개량, 양조, 물엿, 후추, 검은색, 가루, 참깨, 흰색, 볶은것","메뉴명: 찰옥수수 알감자 조림
메뉴 대분류: 조림류
메뉴 소분류: 기타 조림류
식재료: 옥수수, 찰옥수수, 삶은것, 감자, 대지, 삶은것, 고추, 꽈리고추, 생것, 마늘, 생것, 콩기름, 설탕, 백설탕, 맛술, 간장, 개량, 양조, 물엿, 후추, 검은색, 가루, 참깨, 흰색, 볶은것"
D114020,콩자반,조림류,기타 조림류,"대두, 검은색, 서리태, 삶은것, 간장, 개량, 양조, 설탕, 백설탕, 물엿, 참깨, 흰색, 볶은것","메뉴명: 콩자반
메뉴 대분류: 조림류
메뉴 소분류: 기타 조림류
식재료: 대두, 검은색, 서리태, 삶은것, 간장, 개량, 양조, 설탕, 백설탕, 물엿, 참깨, 흰색, 볶은것"
D114022,껍질콩두부조림,조림류,기타 조림류,"완두, 생것, 두부, 전분, 감자, 가루, 설탕, 흑설탕, 간장, 개량, 양조, 맛술, 발효주, 청주, 알코올 16%, 생강, 뿌리줄기, 생것, 마늘, 생것, 참기름, 후추, 검은색, 가루, 소금, 천일염, 가는소금, 콩기름","메뉴명: 껍질콩두부조림
메뉴 대분류: 조림류
메뉴 소분류: 기타 조림류
식재료: 완두, 생것, 두부, 전분, 감자, 가루, 설탕, 흑설탕, 간장, 개량, 양조, 맛술, 발효주, 청주, 알코올 16%, 생강, 뿌리줄기, 생것, 마늘, 생것, 참기름, 후추, 검은색, 가루, 소금, 천일염, 가는소금, 콩기름"
D121001,가자미튀김,튀김류,어패류튀김,"가자미, 생것, 밀, 중력밀가루, 콩기름, 소금, 천일염, 가는소금","메뉴명: 가자미튀김
메뉴 대분류: 튀김류
메뉴 소분류: 어패류튀김
식재료: 가자미, 생것, 밀, 중력밀가루, 콩기름, 소금, 천일염, 가는소금"
D121002,갈치튀김,튀김류,어패류튀김,"갈치, 생것, 밀, 튀김가루, 콩기름, 소금, 천일염, 가는소금","메뉴명: 갈치튀김
메뉴 대분류: 튀김류
메뉴 소분류: 어패류튀김
식재료: 갈치, 생것, 밀, 튀김가루, 콩기름, 소금, 천일염, 가는소금"
D121003,게맛살튀김,튀김류,어패류튀김,"게맛살, 어육함량이 낮은것, 밀, 튀김가루, 콩기름, 밀, 중력밀가루","메뉴명: 게맛살튀김
메뉴 대분류: 튀김류
메뉴 소분류: 어패류튀김
식재료: 게맛살, 어육함량이 낮은것, 밀, 튀김가루, 콩기름, 밀, 중력밀가루"
D121004,고등어튀김,튀김류,어패류튀김,"고등어, 구운것, 달걀, 부침(달걀프라이), 밀, 튀김가루, 콩기름, 소금, 천일염, 가는소금","메뉴명: 고등어튀김
메뉴 대분류: 튀김류
메뉴 소분류: 어패류튀김
식재료: 고등어, 구운것, 달걀, 부침(달걀프라이), 밀, 튀김가루, 콩기름, 소금, 천일염, 가는소금"
D121005,광어튀김,튀김류,어패류튀김,"넙치(광어), 생것, 달걀, 부침(달걀프라이), 밀, 튀김가루, 콩기름, 소금, 천일염, 가는소금","메뉴명: 광어튀김
메뉴 대분류: 튀김류
메뉴 소분류: 어패류튀김
식재료: 넙치(광어), 생것, 달걀, 부침(달걀프라이), 밀, 튀김가루, 콩기름, 소금, 천일염, 가는소금"
D121006,굴비튀김,튀김류,어패류튀김,"조기(참조기), 굴비, 소금에 절여 말린것, 밀, 튀김가루, 달걀, 부침(달걀프라이), 콩기름","메뉴명: 굴비튀김
메뉴 대분류: 튀김류
메뉴 소분류: 어패류튀김
식재료: 조기(참조기), 굴비, 소금에 절여 말린것, 밀, 튀김가루, 달걀, 부침(달걀프라이), 콩기름"
D121007,꽁치튀김,튀김류,어패류튀김,"꽁치, 구운것, 밀, 튀김가루, 달걀, 부침(달걀프라이), 콩기름, 소금, 천일염, 가는소금","메뉴명: 꽁치튀김
메뉴 대분류: 튀김류
메뉴 소분류: 어패류튀김
식재료: 꽁치, 구운것, 밀, 튀김가루, 달걀, 부침(달걀프라이), 콩기름, 소금, 천일염, 가는소금"
D121008,농어튀김,튀김류,어패류튀김,"농어, 구운것, 밀, 튀김가루, 콩기름, 밀, 중력밀가루","메뉴명: 농어튀김
메뉴 대분류: 튀김류
메뉴 소분류: 어패류튀김
식재료: 농어, 구운것, 밀, 튀김가루, 콩기름, 밀, 중력밀가루"
D121009,대구튀김,튀김류,어패류튀김,"대구, 구운것, 밀, 튀김가루, 달걀, 부침(달걀프라이), 콩기름, 소금, 천일염, 가는소금","메뉴명: 대구튀김
메뉴 대분류: 튀김류
메뉴 소분류: 어패류튀김
식재료: 대구, 구운것, 밀, 튀김가루, 달걀, 부침(달걀프라이), 콩기름, 소금, 천일염, 가는소금"
D121010,도미튀김,튀김류,어패류튀김,"돔, 참돔, 구운것, 밀, 튀김가루, 달걀, 부침(달걀프라이), 콩기름, 소금, 천일염, 가는소금","메뉴명: 도미튀김
메뉴 대분류: 튀김류
메뉴 소분류: 어패류튀김
식재료: 돔, 참돔, 구운것, 밀, 튀김가루, 달걀, 부침(달걀프라이), 콩기름, 소금, 천일염, 가는소금"
D121011,동태튀김(녹말가루),튀김류,어패류튀김,"명태, 동태, 냉동, 콩기름, 전분, 감자, 가루, 소금, 천일염, 가는소금, 후추, 검은색, 가루","메뉴명: 동태튀김(녹말가루)
메뉴 대분류: 튀김류
메뉴 소분류: 어패류튀김
식재료: 명태, 동태, 냉동, 콩기름, 전분, 감자, 가루, 소금, 천일염, 가는소금, 후추, 검은색, 가루"
D121012,동태튀김(튀김옷),튀김류,어패류튀김,"명태, 동태, 냉동, 달걀, 부침(달걀프라이), 밀, 중력밀가루, 콩기름, 소금, 천일염, 가는소금, 후추, 검은색, 가루","메뉴명: 동태튀김(튀김옷)
메뉴 대분류: 튀김류
메뉴 소분류: 어패류튀김
식재료: 명태, 동태, 냉동, 달걀, 부침(달걀프라이), 밀, 중력밀가루, 콩기름, 소금, 천일염, 가는소금, 후추, 검은색, 가루"
D121013,망둑어튀김,튀김류,어패류튀김,"문절망둑, 생것, 밀, 튀김가루, 콩기름, 밀, 중력밀가루","메뉴명: 망둑어튀김
메뉴 대분류: 튀김류
메뉴 소분류: 어패류튀김
식재료: 문절망둑, 생것, 밀, 튀김가루, 콩기름, 밀, 중력밀가루"
D121014,멸치튀김,튀김류,어패류튀김,"멸치, 생것, 밀, 중력밀가루, 콩기름, 소금, 천일염, 가는소금","메뉴명: 멸치튀김
메뉴 대분류: 튀김류
메뉴 소분류: 어패류튀김
식재료: 멸치, 생것, 밀, 중력밀가루, 콩기름, 소금, 천일염, 가는소금"
D121015,민어튀김,튀김류,어패류튀김,"민어, 생것, 달걀, 부침(달걀프라이), 밀, 튀김가루, 콩기름, 소금, 천일염, 가는소금","메뉴명: 민어튀김
메뉴 대분류: 튀김류
메뉴 소분류: 어패류튀김
식재료: 민어, 생것, 달걀, 부침(달걀프라이), 밀, 튀김가루, 콩기름, 소금, 천일염, 가는소금"
D121016,방게튀김,튀김류,어패류튀김,"게, 방게, 생것, 밀, 튀김가루, 콩기름, 밀, 중력밀가루","메뉴명: 방게튀김
메뉴 대분류: 튀김류
메뉴 소분류: 어패류튀김
식재료: 게, 방게, 생것, 밀, 튀김가루, 콩기름, 밀, 중력밀가루"
D121017,방어튀김,튀김류,어패류튀김,"방어, 생것, 밀, 튀김가루, 콩기름, 밀, 중력밀가루","메뉴명: 방어튀김
메뉴 대분류: 튀김류
메뉴 소분류: 어패류튀김
식재료: 방어, 생것, 밀, 튀김가루, 콩기름, 밀, 중력밀가루"
D121018,뱅어포튀김,튀김류,어패류튀김,"뱅어, 포, 말린것, 밀, 중력밀가루, 콩기름","메뉴명: 뱅어포튀김
메뉴 대분류: 튀김류
메뉴 소분류: 어패류튀김
식재료: 뱅어, 포, 말린것, 밀, 중력밀가루, 콩기름"
D121019,병어튀김,튀김류,어패류튀김,"병어, 생것, 밀, 중력밀가루, 콩기름, 소금, 천일염, 가는소금","메뉴명: 병어튀김
메뉴 대분류: 튀김류
메뉴 소분류: 어패류튀김
식재료: 병어, 생것, 밀, 중력밀가루, 콩기름, 소금, 천일염, 가는소금"
D121020,볼락튀김,튀김류,어패류튀김,"볼락, 생것, 밀, 튀김가루, 콩기름, 밀, 중력밀가루","메뉴명: 볼락튀김
메뉴 대분류: 튀김류
메뉴 소분류: 어패류튀김
식재료: 볼락, 생것, 밀, 튀김가루, 콩기름, 밀, 중력밀가루"
D121021,볼락튀김(불볼락),튀김류,어패류튀김,"볼락, 불볼락, 생것, 밀, 튀김가루, 콩기름, 밀, 중력밀가루","메뉴명: 볼락튀김(불볼락)
메뉴 대분류: 튀김류
메뉴 소분류: 어패류튀김
식재료: 볼락, 불볼락, 생것, 밀, 튀김가루, 콩기름, 밀, 중력밀가루"
D121022,볼락튀김(장문볼락),튀김류,어패류튀김,"장문볼락, 생것, 밀, 튀김가루, 콩기름, 밀, 중력밀가루","메뉴명: 볼락튀김(장문볼락)
메뉴 대분류: 튀김류
메뉴 소분류: 어패류튀김
식재료: 장문볼락, 생것, 밀, 튀김가루, 콩기름, 밀, 중력밀가루"
D121023,북어강정,튀김류,어패류튀김,"명태, 북어, 말린것, 밀, 중력밀가루, 고추장, 개량, 물엿, 콩기름, 소금, 천일염, 가는소금, 참기름, 고춧가루","메뉴명: 북어강정
메뉴 대분류: 튀김류
메뉴 소분류: 어패류튀김
식재료: 명태, 북어, 말린것, 밀, 중력밀가루, 고추장, 개량, 물엿, 콩기름, 소금, 천일염, 가는소금, 참기름, 고춧가루"
D121024,북어튀김,튀김류,어패류튀김,"명태, 북어, 말린것, 밀, 튀김가루, 콩기름, 밀, 중력밀가루","메뉴명: 북어튀김
메뉴 대분류: 튀김류
메뉴 소분류: 어패류튀김
식재료: 명태, 북어, 말린것, 밀, 튀김가루, 콩기름, 밀, 중력밀가루"
D121025,삼치튀김,튀김류,어패류튀김,"삼치, 생것, 밀, 중력밀가루, 콩기름, 소금, 천일염, 가는소금","메뉴명: 삼치튀김
메뉴 대분류: 튀김류
메뉴 소분류: 어패류튀김
식재료: 삼치, 생것, 밀, 중력밀가루, 콩기름, 소금, 천일염, 가는소금"
D121026,새우튀김,튀김류,어패류튀김,"새우, 꽃새우, 튀긴것(빵가루)","메뉴명: 새우튀김
메뉴 대분류: 튀김류
메뉴 소분류: 어패류튀김
식재료: 새우, 꽃새우, 튀긴것(빵가루)"
D121027,새치튀김,튀김류,어패류튀김,"황새치, 구운것, 밀, 튀김가루, 콩기름, 밀, 중력밀가루","메뉴명: 새치튀김
메뉴 대분류: 튀김류
메뉴 소분류: 어패류튀김
식재료: 황새치, 구운것, 밀, 튀김가루, 콩기름, 밀, 중력밀가루"
D121028,생선가스,튀김류,어패류튀김,"대구, 구운것, 밀, 중력밀가루, 콩기름","메뉴명: 생선가스
메뉴 대분류: 튀김류
메뉴 소분류: 어패류튀김
식재료: 대구, 구운것, 밀, 중력밀가루, 콩기름"
D121029,생선뼈튀김(장어),튀김류,어패류튀김,"장어, 붕장어, 뼈, 튀긴것, 콩기름","메뉴명: 생선뼈튀김(장어)
메뉴 대분류: 튀김류
메뉴 소분류: 어패류튀김
식재료: 장어, 붕장어, 뼈, 튀긴것, 콩기름"
D121030,어묵튀김,튀김류,어패류튀김,"어묵, 달걀, 부침(달걀프라이), 콩기름, 밀, 튀김가루","메뉴명: 어묵튀김
메뉴 대분류: 튀김류
메뉴 소분류: 어패류튀김
식재료: 어묵, 달걀, 부침(달걀프라이), 콩기름, 밀, 튀김가루"
D121031,연어튀김,튀김류,어패류튀김,"연어, 생것, 밀, 튀김가루, 달걀, 부침(달걀프라이), 콩기름, 소금, 천일염, 가는소금","메뉴명: 연어튀김
메뉴 대분류: 튀김류
메뉴 소분류: 어패류튀김
식재료: 연어, 생것, 밀, 튀김가루, 달걀, 부침(달걀프라이), 콩기름, 소금, 천일염, 가는소금"
D121032,오징어탕수,튀김류,어패류튀김,"오징어, 구운것, 달걀, 부침(달걀프라이), 양파, 데친것, 오이, 다다기, 생것, 파인애플, 통조림, 고형물, 당근, 뿌리, 데친것, 전분, 감자, 가루, 콩기름, 토마토 케첩, 참기름, 설탕, 백설탕, 소금, 천일염, 가는소금, 식초, 양조, 간장, 개량, 양조","메뉴명: 오징어탕수
메뉴 대분류: 튀김류
메뉴 소분류: 어패류튀김
식재료: 오징어, 구운것, 달걀, 부침(달걀프라이), 양파, 데친것, 오이, 다다기, 생것, 파인애플, 통조림, 고형물, 당근, 뿌리, 데친것, 전분, 감자, 가루, 콩기름, 토마토 케첩, 참기름, 설탕, 백설탕, 소금, 천일염, 가는소금, 식초, 양조, 간장, 개량, 양조"
D121033,오징어튀김,튀김류,어패류튀김,"오징어, 구운것, 달걀, 부침(달걀프라이), 밀, 튀김가루, 콩기름, 소금, 천일염, 가는소금","메뉴명: 오징어튀김
메뉴 대분류: 튀김류
메뉴 소분류: 어패류튀김
식재료: 오징어, 구운것, 달걀, 부침(달걀프라이), 밀, 튀김가루, 콩기름, 소금, 천일염, 가는소금"
D121034,우럭튀김,튀김류,어패류튀김,"볼락, 조피볼락(우럭), 생것, 밀, 튀김가루, 달걀, 부침(달걀프라이), 콩기름, 소금, 천일염, 가는소금","메뉴명: 우럭튀김
메뉴 대분류: 튀김류
메뉴 소분류: 어패류튀김
식재료: 볼락, 조피볼락(우럭), 생것, 밀, 튀김가루, 달걀, 부침(달걀프라이), 콩기름, 소금, 천일염, 가는소금"
D121035,임연수어튀김,튀김류,어패류튀김,"임연수어, 생것, 밀, 튀김가루, 달걀, 부침(달걀프라이), 콩기름, 소금, 천일염, 가는소금","메뉴명: 임연수어튀김
메뉴 대분류: 튀김류
메뉴 소분류: 어패류튀김
식재료: 임연수어, 생것, 밀, 튀김가루, 달걀, 부침(달걀프라이), 콩기름, 소금, 천일염, 가는소금"
D121036,장어튀김,튀김류,어패류튀김,"장어, 뱀장어, 생것, 밀, 튀김가루, 콩기름, 밀, 중력밀가루","메뉴명: 장어튀김
메뉴 대분류: 튀김류
메뉴 소분류: 어패류튀김
식재료: 장어, 뱀장어, 생것, 밀, 튀김가루, 콩기름, 밀, 중력밀가루"
D121037,조기튀김,튀김류,어패류튀김,"조기(참조기), 생것, 달걀, 부침(달걀프라이), 밀, 튀김가루, 콩기름, 소금, 천일염, 가는소금","메뉴명: 조기튀김
메뉴 대분류: 튀김류
메뉴 소분류: 어패류튀김
식재료: 조기(참조기), 생것, 달걀, 부침(달걀프라이), 밀, 튀김가루, 콩기름, 소금, 천일염, 가는소금"
D121038,쥐포튀김,튀김류,어패류튀김,"쥐치, 포, 말린것, 밀, 튀김가루, 콩기름, 당근, 뿌리, 데친것, 파, 쪽파, 생것","메뉴명: 쥐포튀김
메뉴 대분류: 튀김류
메뉴 소분류: 어패류튀김
식재료: 쥐치, 포, 말린것, 밀, 튀김가루, 콩기름, 당근, 뿌리, 데친것, 파, 쪽파, 생것"
D121039,참치강정,튀김류,어패류튀김,"다랑어, 참다랑어, 구운것, 밀, 중력밀가루, 고추장, 개량, 물엿, 콩기름, 소금, 천일염, 가는소금, 참기름, 고춧가루","메뉴명: 참치강정
메뉴 대분류: 튀김류
메뉴 소분류: 어패류튀김
식재료: 다랑어, 참다랑어, 구운것, 밀, 중력밀가루, 고추장, 개량, 물엿, 콩기름, 소금, 천일염, 가는소금, 참기름, 고춧가루"
D121040,참치튀김,튀김류,어패류튀김,"다랑어, 참다랑어, 구운것, 밀, 튀김가루, 달걀, 부침(달걀프라이), 콩기름, 소금, 천일염, 가는소금","메뉴명: 참치튀김
메뉴 대분류: 튀김류
메뉴 소분류: 어패류튀김
식재료: 다랑어, 참다랑어, 구운것, 밀, 튀김가루, 달걀, 부침(달걀프라이), 콩기름, 소금, 천일염, 가는소금"
D121041,청어튀김,튀김류,어패류튀김,"청어, 생것, 밀, 튀김가루, 달걀, 부침(달걀프라이), 콩기름, 소금, 천일염, 가는소금","메뉴명: 청어튀김
메뉴 대분류: 튀김류
메뉴 소분류: 어패류튀김
식재료: 청어, 생것, 밀, 튀김가루, 달걀, 부침(달걀프라이), 콩기름, 소금, 천일염, 가는소금"
D121042,황새치튀김,튀김류,어패류튀김,"조기(참조기), 생것, 밀, 튀김가루, 달걀, 부침(달걀프라이), 콩기름, 소금, 천일염, 가는소금","메뉴명: 황새치튀김
메뉴 대분류: 튀김류
메뉴 소분류: 어패류튀김
식재료: 조기(참조기), 생것, 밀, 튀김가루, 달걀, 부침(달걀프라이), 콩기름, 소금, 천일염, 가는소금"
D121043,다시마튀각,튀김류,어패류튀김,"다시마, 말린것, 설탕, 백설탕, 참깨, 흰색, 볶은것, 콩기름","메뉴명: 다시마튀각
메뉴 대분류: 튀김류
메뉴 소분류: 어패류튀김
식재료: 다시마, 말린것, 설탕, 백설탕, 참깨, 흰색, 볶은것, 콩기름"
D121044,두부해물완자,튀김류,어패류튀김,"두부, 오징어, 생것, 새우, 흰다리새우, 생것, 전분, 감자, 가루, 밀, 부침가루, 달걀, 생것, 꿀, 새우, 꽃새우, 삶아서 말린것, 마늘, 생것, 파, 생것, 양파, 생것, 간장, 개량, 양조","메뉴명: 두부해물완자
메뉴 대분류: 튀김류
메뉴 소분류: 어패류튀김
식재료: 두부, 오징어, 생것, 새우, 흰다리새우, 생것, 전분, 감자, 가루, 밀, 부침가루, 달걀, 생것, 꿀, 새우, 꽃새우, 삶아서 말린것, 마늘, 생것, 파, 생것, 양파, 생것, 간장, 개량, 양조"
D121045,고등어카레탕수,튀김류,어패류튀김,"고등어, 생것, 전분, 감자, 가루, 콩기름, 우유, 카레 소스, 가루, 감자, 대지, 생것, 호박, 애호박, 생것, 토마토, 방울토마토, 생것, 양파, 생것, 사과, 생것, 꿀","메뉴명: 고등어카레탕수
메뉴 대분류: 튀김류
메뉴 소분류: 어패류튀김
식재료: 고등어, 생것, 전분, 감자, 가루, 콩기름, 우유, 카레 소스, 가루, 감자, 대지, 생것, 호박, 애호박, 생것, 토마토, 방울토마토, 생것, 양파, 생것, 사과, 생것, 꿀"
D122001,깐풍기,튀김류,육류튀김,"닭고기, 살코기, 튀긴것(튀김옷), 달걀, 부침(달걀프라이), 물엿, 전분, 감자, 가루, 토마토 케첩, 고추, 풋고추, 생것, 고추장, 개량, 발효주, 청주, 알코올 16%, 콩기름, 땅콩, 볶은것, 마늘, 생것, 고추, 빨간색, 생것, 후추, 검은색, 가루","메뉴명: 깐풍기
메뉴 대분류: 튀김류
메뉴 소분류: 육류튀김
식재료: 닭고기, 살코기, 튀긴것(튀김옷), 달걀, 부침(달걀프라이), 물엿, 전분, 감자, 가루, 토마토 케첩, 고추, 풋고추, 생것, 고추장, 개량, 발효주, 청주, 알코올 16%, 콩기름, 땅콩, 볶은것, 마늘, 생것, 고추, 빨간색, 생것, 후추, 검은색, 가루"
D122002,닭강정,튀김류,육류튀김,"닭고기, 살코기, 튀긴것(튀김옷), 달걀, 부침(달걀프라이), 물엿, 전분, 감자, 가루, 고추장, 개량, 발효주, 청주, 알코올 16%, 콩기름, 소금, 천일염, 가는소금, 마늘, 생것, 생강, 뿌리줄기, 생것, 설탕, 백설탕, 후추, 검은색, 가루","메뉴명: 닭강정
메뉴 대분류: 튀김류
메뉴 소분류: 육류튀김
식재료: 닭고기, 살코기, 튀긴것(튀김옷), 달걀, 부침(달걀프라이), 물엿, 전분, 감자, 가루, 고추장, 개량, 발효주, 청주, 알코올 16%, 콩기름, 소금, 천일염, 가는소금, 마늘, 생것, 생강, 뿌리줄기, 생것, 설탕, 백설탕, 후추, 검은색, 가루"
D122003,닭튀김,튀김류,육류튀김,"닭고기, 살코기, 튀긴것(튀김옷), 달걀, 부침(달걀프라이), 밀, 빵가루, 밀, 중력밀가루, 콩기름, 소금, 천일염, 가는소금, 후추, 검은색, 가루","메뉴명: 닭튀김
메뉴 대분류: 튀김류
메뉴 소분류: 육류튀김
식재료: 닭고기, 살코기, 튀긴것(튀김옷), 달걀, 부침(달걀프라이), 밀, 빵가루, 밀, 중력밀가루, 콩기름, 소금, 천일염, 가는소금, 후추, 검은색, 가루"
D122004,돈가스,튀김류,육류튀김,"돼지고기, 등심, 구운것(팬), 밀, 중력밀가루, 달걀, 부침(달걀프라이), 밀, 빵가루, 콩기름, 소금, 천일염, 가는소금, 마늘, 생것, 후추, 검은색, 가루","메뉴명: 돈가스
메뉴 대분류: 튀김류
메뉴 소분류: 육류튀김
식재료: 돼지고기, 등심, 구운것(팬), 밀, 중력밀가루, 달걀, 부침(달걀프라이), 밀, 빵가루, 콩기름, 소금, 천일염, 가는소금, 마늘, 생것, 후추, 검은색, 가루"
D122005,돈저냐,튀김류,육류튀김,"돼지고기, 등심, 구운것(팬), 달걀, 부침(달걀프라이), 두부, 밀, 중력밀가루, 콩기름, 양파, 데친것, 당근, 뿌리, 데친것, 마늘, 생것, 소금, 천일염, 가는소금, 파, 대파, 생것, 참기름, 후추, 검은색, 가루","메뉴명: 돈저냐
메뉴 대분류: 튀김류
메뉴 소분류: 육류튀김
식재료: 돼지고기, 등심, 구운것(팬), 달걀, 부침(달걀프라이), 두부, 밀, 중력밀가루, 콩기름, 양파, 데친것, 당근, 뿌리, 데친것, 마늘, 생것, 소금, 천일염, 가는소금, 파, 대파, 생것, 참기름, 후추, 검은색, 가루"
D122006,돼지고기강정,튀김류,육류튀김,"돼지고기, 등심, 구운것(팬), 밀, 중력밀가루, 달걀, 부침(달걀프라이), 콩기름, 간장, 개량, 양조, 생강, 뿌리줄기, 생것, 후추, 검은색, 가루","메뉴명: 돼지고기강정
메뉴 대분류: 튀김류
메뉴 소분류: 육류튀김
식재료: 돼지고기, 등심, 구운것(팬), 밀, 중력밀가루, 달걀, 부침(달걀프라이), 콩기름, 간장, 개량, 양조, 생강, 뿌리줄기, 생것, 후추, 검은색, 가루"
D122007,돼지고기튀김,튀김류,육류튀김,"돼지고기, 등심, 구운것(팬), 달걀, 부침(달걀프라이), 전분, 감자, 가루, 콩기름, 소금, 천일염, 가는소금, 후추, 검은색, 가루","메뉴명: 돼지고기튀김
메뉴 대분류: 튀김류
메뉴 소분류: 육류튀김
식재료: 돼지고기, 등심, 구운것(팬), 달걀, 부침(달걀프라이), 전분, 감자, 가루, 콩기름, 소금, 천일염, 가는소금, 후추, 검은색, 가루"
D122008,라조기,튀김류,육류튀김,"닭고기, 살코기, 튀긴것(튀김옷), 달걀, 부침(달걀프라이), 물엿, 전분, 감자, 가루, 토마토 케첩, 고추, 풋고추, 생것, 고추장, 개량, 발효주, 청주, 알코올 16%, 콩기름, 땅콩, 볶은것, 마늘, 생것, 고추, 빨간색, 생것, 후추, 검은색, 가루","메뉴명: 라조기
메뉴 대분류: 튀김류
메뉴 소분류: 육류튀김
식재료: 닭고기, 살코기, 튀긴것(튀김옷), 달걀, 부침(달걀프라이), 물엿, 전분, 감자, 가루, 토마토 케첩, 고추, 풋고추, 생것, 고추장, 개량, 발효주, 청주, 알코올 16%, 콩기름, 땅콩, 볶은것, 마늘, 생것, 고추, 빨간색, 생것, 후추, 검은색, 가루"
D122009,베이컨튀김,튀김류,육류튀김,"베이컨, 달걀, 부침(달걀프라이), 전분, 감자, 가루, 콩기름, 소금, 천일염, 가는소금, 후추, 검은색, 가루","메뉴명: 베이컨튀김
메뉴 대분류: 튀김류
메뉴 소분류: 육류튀김
식재료: 베이컨, 달걀, 부침(달걀프라이), 전분, 감자, 가루, 콩기름, 소금, 천일염, 가는소금, 후추, 검은색, 가루"
D122010,비프커틀릿,튀김류,육류튀김,"소고기, 한우, 등심, 구운것(팬), 달걀, 부침(달걀프라이), 밀, 빵가루, 밀, 중력밀가루, 콩기름, 소금, 천일염, 가는소금, 후추, 검은색, 가루","메뉴명: 비프커틀릿
메뉴 대분류: 튀김류
메뉴 소분류: 육류튀김
식재료: 소고기, 한우, 등심, 구운것(팬), 달걀, 부침(달걀프라이), 밀, 빵가루, 밀, 중력밀가루, 콩기름, 소금, 천일염, 가는소금, 후추, 검은색, 가루"
D122011,소고기튀김,튀김류,육류튀김,"소고기, 한우, 등심, 구운것(팬), 달걀, 부침(달걀프라이), 밀, 중력밀가루, 토마토 케첩, 콩기름, 소금, 천일염, 가는소금, 후추, 검은색, 가루","메뉴명: 소고기튀김
메뉴 대분류: 튀김류
메뉴 소분류: 육류튀김
식재료: 소고기, 한우, 등심, 구운것(팬), 달걀, 부침(달걀프라이), 밀, 중력밀가루, 토마토 케첩, 콩기름, 소금, 천일염, 가는소금, 후추, 검은색, 가루"
D122012,소시지튀김,튀김류,육류튀김,"소시지, 위너(비엔나)소시지, 달걀, 부침(달걀프라이), 밀, 빵가루, 전분, 감자, 가루, 밀, 중력밀가루, 콩기름, 소금, 천일염, 가는소금, 후추, 검은색, 가루","메뉴명: 소시지튀김
메뉴 대분류: 튀김류
메뉴 소분류: 육류튀김
식재료: 소시지, 위너(비엔나)소시지, 달걀, 부침(달걀프라이), 밀, 빵가루, 전분, 감자, 가루, 밀, 중력밀가루, 콩기름, 소금, 천일염, 가는소금, 후추, 검은색, 가루"
D122013,양념통닭,튀김류,육류튀김,"닭고기, 전체, 튀긴것, 달걀, 부침(달걀프라이), 물엿, 전분, 감자, 가루, 토마토 소스, 고추, 풋고추, 생것, 고추장, 개량, 발효주, 청주, 알코올 16%, 콩기름, 땅콩, 볶은것, 마늘, 생것, 고추, 빨간색, 생것, 생강, 뿌리줄기, 생것, 후추, 검은색, 가루","메뉴명: 양념통닭
메뉴 대분류: 튀김류
메뉴 소분류: 육류튀김
식재료: 닭고기, 전체, 튀긴것, 달걀, 부침(달걀프라이), 물엿, 전분, 감자, 가루, 토마토 소스, 고추, 풋고추, 생것, 고추장, 개량, 발효주, 청주, 알코올 16%, 콩기름, 땅콩, 볶은것, 마늘, 생것, 고추, 빨간색, 생것, 생강, 뿌리줄기, 생것, 후추, 검은색, 가루"
D122014,탕수육,튀김류,육류튀김,"돼지고기, 등심, 구운것(팬), 오이, 다다기, 생것, 전분, 감자, 가루, 달걀, 부침(달걀프라이), 당근, 뿌리, 데친것, 양파, 데친것, 설탕, 백설탕, 콩기름, 토마토 케첩, 간장, 개량, 양조, 마늘, 생것, 후추, 검은색, 가루","메뉴명: 탕수육
메뉴 대분류: 튀김류
메뉴 소분류: 육류튀김
식재료: 돼지고기, 등심, 구운것(팬), 오이, 다다기, 생것, 전분, 감자, 가루, 달걀, 부침(달걀프라이), 당근, 뿌리, 데친것, 양파, 데친것, 설탕, 백설탕, 콩기름, 토마토 케첩, 간장, 개량, 양조, 마늘, 생것, 후추, 검은색, 가루"
D122015,햄커틀릿,튀김류,육류튀김,"햄, 등심햄, 달걀, 부침(달걀프라이), 밀, 빵가루, 밀, 중력밀가루, 콩기름, 소금, 천일염, 가는소금, 후추, 검은색, 가루","메뉴명: 햄커틀릿
메뉴 대분류: 튀김류
메뉴 소분류: 육류튀김
식재료: 햄, 등심햄, 달걀, 부침(달걀프라이), 밀, 빵가루, 밀, 중력밀가루, 콩기름, 소금, 천일염, 가는소금, 후추, 검은색, 가루"
D122017,새우유자마요,튀김류,육류튀김,"파인애플, 생것, 브로콜리, 생것, 상추, 결구(양상추), 녹색, 생것, 새우, 중하, 생것, 소금, 천일염, 가는소금, 달걀, 난백, 생것, 전분, 감자, 가루, 콩기름, 마요네즈, 유자청, 우유, 땅콩, 볶은것","메뉴명: 새우유자마요
메뉴 대분류: 튀김류
메뉴 소분류: 육류튀김
식재료: 파인애플, 생것, 브로콜리, 생것, 상추, 결구(양상추), 녹색, 생것, 새우, 중하, 생것, 소금, 천일염, 가는소금, 달걀, 난백, 생것, 전분, 감자, 가루, 콩기름, 마요네즈, 유자청, 우유, 땅콩, 볶은것"
D122018,쌀 치킨텐더,튀김류,육류튀김,"멥쌀, 백미, 밥, 닭고기, 가슴, 생것, 콩기름, 전분, 감자, 가루, 달걀, 생것, 간장, 개량, 양조, 발효주, 청주, 알코올 16%, 할라페뇨, 통조림, 마요네즈, 겨자 페이스트, 꿀, 식초, 감식초, 유자청","메뉴명: 쌀 치킨텐더
메뉴 대분류: 튀김류
메뉴 소분류: 육류튀김
식재료: 멥쌀, 백미, 밥, 닭고기, 가슴, 생것, 콩기름, 전분, 감자, 가루, 달걀, 생것, 간장, 개량, 양조, 발효주, 청주, 알코올 16%, 할라페뇨, 통조림, 마요네즈, 겨자 페이스트, 꿀, 식초, 감식초, 유자청"
D122019,움파목살강정,튀김류,육류튀김,"파, 대파, 생것, 돼지고기, 목심, 생것, 전분, 감자, 가루, 콩기름, 간장, 개량, 양조, 맛술, 마늘, 생것, 후추, 검은색, 가루, 설탕, 백설탕, 간장, 개량, 산분해, 물엿, 참깨, 흰색, 볶은것","메뉴명: 움파목살강정
메뉴 대분류: 튀김류
메뉴 소분류: 육류튀김
식재료: 파, 대파, 생것, 돼지고기, 목심, 생것, 전분, 감자, 가루, 콩기름, 간장, 개량, 양조, 맛술, 마늘, 생것, 후추, 검은색, 가루, 설탕, 백설탕, 간장, 개량, 산분해, 물엿, 참깨, 흰색, 볶은것"
D122020,불고기미니볼,튀김류,육류튀김,"소고기, 한우(1++등급), 양지, 생것, 양파, 생것, 밀, 빵가루, 달걀, 생것, 밀, 중력밀가루, 콩기름, 호박, 단호박, 생것, 감자, 대지, 생것, 로즈메리, 말린것, 참기름, 간장, 개량, 양조, 생강청, 후추, 흰색, 가루, 마늘, 다진것, 참깨, 흰색, 볶은것, 딸기, 잼, 오미자청, 생수","메뉴명: 불고기미니볼
메뉴 대분류: 튀김류
메뉴 소분류: 육류튀김
식재료: 소고기, 한우(1++등급), 양지, 생것, 양파, 생것, 밀, 빵가루, 달걀, 생것, 밀, 중력밀가루, 콩기름, 호박, 단호박, 생것, 감자, 대지, 생것, 로즈메리, 말린것, 참기름, 간장, 개량, 양조, 생강청, 후추, 흰색, 가루, 마늘, 다진것, 참깨, 흰색, 볶은것, 딸기, 잼, 오미자청, 생수"
D122021,아몬드치킨볼,튀김류,육류튀김,"양송이버섯, 생것, 버터, 무가염, 닭고기, 다리(넓적다리), 생것, 닭고기, 가슴, 생것, 아몬드, 볶은것, 밀, 중력밀가루, 우유, 들깨, 볶은것, 브로콜리, 생것, 마늘, 생것, 닭뼈 육수, 양파, 생것","메뉴명: 아몬드치킨볼
메뉴 대분류: 튀김류
메뉴 소분류: 육류튀김
식재료: 양송이버섯, 생것, 버터, 무가염, 닭고기, 다리(넓적다리), 생것, 닭고기, 가슴, 생것, 아몬드, 볶은것, 밀, 중력밀가루, 우유, 들깨, 볶은것, 브로콜리, 생것, 마늘, 생것, 닭뼈 육수, 양파, 생것"
D122022,과일먹은 닭탕수,튀김류,육류튀김,"닭고기, 다리(넓적다리), 생것, 포도, 캠벨얼리, 생것, 사과, 생것, 파인애플, 생것, 전분, 감자, 가루, 설탕, 가루, 레몬, 생것, 발효주, 청주, 알코올 16%, 후추, 흰색, 가루, 소금, 천일염, 가는소금, 생수, 간장, 개량, 양조","메뉴명: 과일먹은 닭탕수
메뉴 대분류: 튀김류
메뉴 소분류: 육류튀김
식재료: 닭고기, 다리(넓적다리), 생것, 포도, 캠벨얼리, 생것, 사과, 생것, 파인애플, 생것, 전분, 감자, 가루, 설탕, 가루, 레몬, 생것, 발효주, 청주, 알코올 16%, 후추, 흰색, 가루, 소금, 천일염, 가는소금, 생수, 간장, 개량, 양조"
D122023,단호박 생선탕수,튀김류,육류튀김,"명태, 동태, 냉동, 호박, 단호박, 생것, 당근, 뿌리, 생것, 오이, 다다기, 생것, 양파, 생것, 전분, 감자, 가루, 달걀, 생것, 밀, 튀김가루, 생수, 목이버섯, 생것, 식초, 사과식초","메뉴명: 단호박 생선탕수
메뉴 대분류: 튀김류
메뉴 소분류: 육류튀김
식재료: 명태, 동태, 냉동, 호박, 단호박, 생것, 당근, 뿌리, 생것, 오이, 다다기, 생것, 양파, 생것, 전분, 감자, 가루, 달걀, 생것, 밀, 튀김가루, 생수, 목이버섯, 생것, 식초, 사과식초"
D123001,가지튀김,튀김류,채소류튀김,"가지, 데친것, 돼지고기, 등심, 구운것(팬), 두부, 콩기름, 밀, 중력밀가루, 전분, 감자, 가루, 소금, 천일염, 가는소금, 마늘, 생것, 파, 대파, 생것","메뉴명: 가지튀김
메뉴 대분류: 튀김류
메뉴 소분류: 채소류튀김
식재료: 가지, 데친것, 돼지고기, 등심, 구운것(팬), 두부, 콩기름, 밀, 중력밀가루, 전분, 감자, 가루, 소금, 천일염, 가는소금, 마늘, 생것, 파, 대파, 생것"
D123002,고추튀김,튀김류,채소류튀김,"고추, 풋고추, 생것, 밀, 중력밀가루, 콩기름, 소금, 천일염, 가는소금, 설탕, 백설탕","메뉴명: 고추튀김
메뉴 대분류: 튀김류
메뉴 소분류: 채소류튀김
식재료: 고추, 풋고추, 생것, 밀, 중력밀가루, 콩기름, 소금, 천일염, 가는소금, 설탕, 백설탕"
D123003,깻잎튀김,튀김류,채소류튀김,"들깻잎, 데친것, 밀, 튀김가루, 콩기름, 소금, 천일염, 가는소금","메뉴명: 깻잎튀김
메뉴 대분류: 튀김류
메뉴 소분류: 채소류튀김
식재료: 들깻잎, 데친것, 밀, 튀김가루, 콩기름, 소금, 천일염, 가는소금"
D123004,도라지튀김,튀김류,채소류튀김,"도라지, 뿌리, 데친것, 달걀, 부침(달걀프라이), 밀, 튀김가루, 콩기름, 소금, 천일염, 가는소금","메뉴명: 도라지튀김
메뉴 대분류: 튀김류
메뉴 소분류: 채소류튀김
식재료: 도라지, 뿌리, 데친것, 달걀, 부침(달걀프라이), 밀, 튀김가루, 콩기름, 소금, 천일염, 가는소금"
D123005,연근튀김,튀김류,채소류튀김,"연근, 생것, 달걀, 부침(달걀프라이), 밀, 튀김가루, 콩기름, 소금, 천일염, 가는소금","메뉴명: 연근튀김
메뉴 대분류: 튀김류
메뉴 소분류: 채소류튀김
식재료: 연근, 생것, 달걀, 부침(달걀프라이), 밀, 튀김가루, 콩기름, 소금, 천일염, 가는소금"
D123006,오이튀김,튀김류,채소류튀김,"오이, 취청, 생것, 달걀, 부침(달걀프라이), 밀, 튀김가루, 콩기름, 소금, 천일염, 가는소금","메뉴명: 오이튀김
메뉴 대분류: 튀김류
메뉴 소분류: 채소류튀김
식재료: 오이, 취청, 생것, 달걀, 부침(달걀프라이), 밀, 튀김가루, 콩기름, 소금, 천일염, 가는소금"
D123007,가죽부각(가죽자반튀김),튀김류,채소류튀김,"참죽나물, 순, 데친것, 찹쌀, 백미, 가루, 들깨, 말린것, 간장, 재래, 고춧가루, 고추장, 개량, 소금, 천일염, 가는소금, 콩기름","메뉴명: 가죽부각(가죽자반튀김)
메뉴 대분류: 튀김류
메뉴 소분류: 채소류튀김
식재료: 참죽나물, 순, 데친것, 찹쌀, 백미, 가루, 들깨, 말린것, 간장, 재래, 고춧가루, 고추장, 개량, 소금, 천일염, 가는소금, 콩기름"
D123015,고추부각,튀김류,채소류튀김,"고추, 풋고추, 생것, 밀, 중력밀가루, 소금, 천일염, 가는소금, 콩기름","메뉴명: 고추부각
메뉴 대분류: 튀김류
메뉴 소분류: 채소류튀김
식재료: 고추, 풋고추, 생것, 밀, 중력밀가루, 소금, 천일염, 가는소금, 콩기름"
D123016,깻잎 부각,튀김류,채소류튀김,"들깻잎, 생것, 찹쌀, 백미, 생것, 생수, 소금, 천일염, 가는소금, 참깨, 흰색, 말린것, 콩기름","메뉴명: 깻잎 부각
메뉴 대분류: 튀김류
메뉴 소분류: 채소류튀김
식재료: 들깻잎, 생것, 찹쌀, 백미, 생것, 생수, 소금, 천일염, 가는소금, 참깨, 흰색, 말린것, 콩기름"
D123017,단호박고기튀김,튀김류,채소류튀김,"호박, 단호박, 생것, 베이컨, 양배추, 생것, 밀, 박력밀가루, 달걀, 생것, 밀, 빵가루, 콩기름, 소금, 천일염, 가는소금, 후추, 검은색, 가루, 겨자 페이스트, 물엿","메뉴명: 단호박고기튀김
메뉴 대분류: 튀김류
메뉴 소분류: 채소류튀김
식재료: 호박, 단호박, 생것, 베이컨, 양배추, 생것, 밀, 박력밀가루, 달걀, 생것, 밀, 빵가루, 콩기름, 소금, 천일염, 가는소금, 후추, 검은색, 가루, 겨자 페이스트, 물엿"
D123018,참깨소스를 곁들인 찹쌀더덕튀김,튀김류,채소류튀김,"더덕, 뿌리, 생것, 찹쌀, 백미, 생것, 밀, 튀김가루, 콩기름, 참깨, 흰색, 볶은것, 소금, 천일염, 가는소금, 간장, 개량, 양조, 두유, 대두, 마요네즈, 꿀","메뉴명: 참깨소스를 곁들인 찹쌀더덕튀김
메뉴 대분류: 튀김류
메뉴 소분류: 채소류튀김
식재료: 더덕, 뿌리, 생것, 찹쌀, 백미, 생것, 밀, 튀김가루, 콩기름, 참깨, 흰색, 볶은것, 소금, 천일염, 가는소금, 간장, 개량, 양조, 두유, 대두, 마요네즈, 꿀"
D123019,풋고추 새우살 튀김,튀김류,채소류튀김,"고추, 풋고추, 생것, 새우, 중하, 생것, 밀, 튀김가루, 생수, 밀, 빵가루, 양파, 생것, 파, 쪽파, 생것, 전분, 감자, 가루, 소금, 천일염, 가는소금, 후추, 검은색, 가루, 콩기름, 설탕, 백설탕, 식초, 감식초, 간장, 개량, 양조","메뉴명: 풋고추 새우살 튀김
메뉴 대분류: 튀김류
메뉴 소분류: 채소류튀김
식재료: 고추, 풋고추, 생것, 새우, 중하, 생것, 밀, 튀김가루, 생수, 밀, 빵가루, 양파, 생것, 파, 쪽파, 생것, 전분, 감자, 가루, 소금, 천일염, 가는소금, 후추, 검은색, 가루, 콩기름, 설탕, 백설탕, 식초, 감식초, 간장, 개량, 양조"
D124001,감자튀김,튀김류,기타 튀김류,"감자 튀김, 튀긴것, 콩기름, 소금, 천일염, 가는소금","메뉴명: 감자튀김
메뉴 대분류: 튀김류
메뉴 소분류: 기타 튀김류
식재료: 감자 튀김, 튀긴것, 콩기름, 소금, 천일염, 가는소금"
D124002,고구마맛탕,튀김류,기타 튀김류,"고구마, 점질(호박) 고구마, 구운것, 설탕, 백설탕, 콩기름, 물엿, 참깨, 흰색, 볶은것","메뉴명: 고구마맛탕
메뉴 대분류: 튀김류
메뉴 소분류: 기타 튀김류
식재료: 고구마, 점질(호박) 고구마, 구운것, 설탕, 백설탕, 콩기름, 물엿, 참깨, 흰색, 볶은것"
D124003,고구마튀김,튀김류,기타 튀김류,"고구마, 점질(호박) 고구마, 구운것, 전분, 감자, 가루, 콩기름","메뉴명: 고구마튀김
메뉴 대분류: 튀김류
메뉴 소분류: 기타 튀김류
식재료: 고구마, 점질(호박) 고구마, 구운것, 전분, 감자, 가루, 콩기름"
D124004,고구마튀김(당근),튀김류,기타 튀김류,"밀, 중력밀가루, 고구마, 점질(호박) 고구마, 구운것, 당근, 뿌리, 데친것, 콩기름","메뉴명: 고구마튀김(당근)
메뉴 대분류: 튀김류
메뉴 소분류: 기타 튀김류
식재료: 밀, 중력밀가루, 고구마, 점질(호박) 고구마, 구운것, 당근, 뿌리, 데친것, 콩기름"
D124005,두부튀김(간장포함),튀김류,기타 튀김류,"두부, 전분, 감자, 가루, 간장, 개량, 양조, 콩기름, 설탕, 백설탕, 고춧가루, 마늘, 생것","메뉴명: 두부튀김(간장포함)
메뉴 대분류: 튀김류
메뉴 소분류: 기타 튀김류
식재료: 두부, 전분, 감자, 가루, 간장, 개량, 양조, 콩기름, 설탕, 백설탕, 고춧가루, 마늘, 생것"
D124006,두부튀김(소고기),튀김류,기타 튀김류,"소고기, 한우, 등심, 구운것(팬), 달걀, 부침(달걀프라이), 두부, 밀, 튀김가루, 양파, 데친것, 콩기름, 밀, 중력밀가루, 파슬리, 생것, 소금, 천일염, 가는소금, 후추, 검은색, 가루","메뉴명: 두부튀김(소고기)
메뉴 대분류: 튀김류
메뉴 소분류: 기타 튀김류
식재료: 소고기, 한우, 등심, 구운것(팬), 달걀, 부침(달걀프라이), 두부, 밀, 튀김가루, 양파, 데친것, 콩기름, 밀, 중력밀가루, 파슬리, 생것, 소금, 천일염, 가는소금, 후추, 검은색, 가루"
D124007,만두탕수,튀김류,기타 튀김류,"만두, 군만두, 양파, 데친것, 옥수수, 통조림, 가당, 완두, 삶은것, 전분, 감자, 가루, 콩기름, 당근, 뿌리, 데친것, 설탕, 백설탕, 소금, 천일염, 가는소금, 식초, 감식초","메뉴명: 만두탕수
메뉴 대분류: 튀김류
메뉴 소분류: 기타 튀김류
식재료: 만두, 군만두, 양파, 데친것, 옥수수, 통조림, 가당, 완두, 삶은것, 전분, 감자, 가루, 콩기름, 당근, 뿌리, 데친것, 설탕, 백설탕, 소금, 천일염, 가는소금, 식초, 감식초"
D124008,만두튀김,튀김류,기타 튀김류,"두부, 밀, 중력밀가루, 돼지고기, 등심, 구운것(팬), 숙주나물, 데친것, 당면, 고구마, 삶은것, 파, 쪽파, 생것, 콩기름, 마늘, 생것, 소금, 천일염, 가는소금","메뉴명: 만두튀김
메뉴 대분류: 튀김류
메뉴 소분류: 기타 튀김류
식재료: 두부, 밀, 중력밀가루, 돼지고기, 등심, 구운것(팬), 숙주나물, 데친것, 당면, 고구마, 삶은것, 파, 쪽파, 생것, 콩기름, 마늘, 생것, 소금, 천일염, 가는소금"
D124009,메추리알튀김,튀김류,기타 튀김류,"메추리알, 삶은것, 달걀, 부침(달걀프라이), 밀, 튀김가루, 콩기름, 소금, 천일염, 가는소금","메뉴명: 메추리알튀김
메뉴 대분류: 튀김류
메뉴 소분류: 기타 튀김류
식재료: 메추리알, 삶은것, 달걀, 부침(달걀프라이), 밀, 튀김가루, 콩기름, 소금, 천일염, 가는소금"
D124010,밤튀김,튀김류,기타 튀김류,"밤, 생것, 달걀, 부침(달걀프라이), 밀, 튀김가루, 콩기름, 소금, 천일염, 가는소금","메뉴명: 밤튀김
메뉴 대분류: 튀김류
메뉴 소분류: 기타 튀김류
식재료: 밤, 생것, 달걀, 부침(달걀프라이), 밀, 튀김가루, 콩기름, 소금, 천일염, 가는소금"
D124011,사과튀김,튀김류,기타 튀김류,"사과, 아오리, 생것, 달걀, 부침(달걀프라이), 밀, 튀김가루, 콩기름, 소금, 천일염, 가는소금","메뉴명: 사과튀김
메뉴 대분류: 튀김류
메뉴 소분류: 기타 튀김류
식재료: 사과, 아오리, 생것, 달걀, 부침(달걀프라이), 밀, 튀김가루, 콩기름, 소금, 천일염, 가는소금"
D124012,스카치에크,튀김류,기타 튀김류,"달걀, 부침(달걀프라이), 밀, 빵가루, 소고기, 한우, 등심, 구운것(팬), 양파, 데친것, 콩기름, 밀, 중력밀가루, 버터, 가염, 우유, 소금, 천일염, 가는소금, 후추, 검은색, 가루","메뉴명: 스카치에크
메뉴 대분류: 튀김류
메뉴 소분류: 기타 튀김류
식재료: 달걀, 부침(달걀프라이), 밀, 빵가루, 소고기, 한우, 등심, 구운것(팬), 양파, 데친것, 콩기름, 밀, 중력밀가루, 버터, 가염, 우유, 소금, 천일염, 가는소금, 후추, 검은색, 가루"
D124013,식빵튀김,튀김류,기타 튀김류,"빵, 식빵, 버터 첨가, 콩기름, 설탕, 백설탕","메뉴명: 식빵튀김
메뉴 대분류: 튀김류
메뉴 소분류: 기타 튀김류
식재료: 빵, 식빵, 버터 첨가, 콩기름, 설탕, 백설탕"
D124014,옥수수튀김,튀김류,기타 튀김류,"옥수수, 통조림, 가당, 밀, 중력밀가루, 양파, 데친것, 피망, 초록색, 데친것, 밀, 튀김가루, 콩기름, 표고버섯, 참나무재배, 말린것, 삶은것","메뉴명: 옥수수튀김
메뉴 대분류: 튀김류
메뉴 소분류: 기타 튀김류
식재료: 옥수수, 통조림, 가당, 밀, 중력밀가루, 양파, 데친것, 피망, 초록색, 데친것, 밀, 튀김가루, 콩기름, 표고버섯, 참나무재배, 말린것, 삶은것"
D124015,인절미튀김,튀김류,기타 튀김류,"찹쌀떡, 인절미, 콩고물, 콩기름","메뉴명: 인절미튀김
메뉴 대분류: 튀김류
메뉴 소분류: 기타 튀김류
식재료: 찹쌀떡, 인절미, 콩고물, 콩기름"
D124016,콩튀김,튀김류,기타 튀김류,"콩기름, 옥수수, 통조림, 가당, 밀, 튀김가루, 대두, 검은색, 흑태, 말린것, 감자 튀김, 튀긴것, 달걀, 부침(달걀프라이), 당근, 뿌리, 데친것, 밀, 중력밀가루","메뉴명: 콩튀김
메뉴 대분류: 튀김류
메뉴 소분류: 기타 튀김류
식재료: 콩기름, 옥수수, 통조림, 가당, 밀, 튀김가루, 대두, 검은색, 흑태, 말린것, 감자 튀김, 튀긴것, 달걀, 부침(달걀프라이), 당근, 뿌리, 데친것, 밀, 중력밀가루"
D124019,소시지강정,튀김류,기타 튀김류,"멥쌀떡, 가래떡, 소시지, 위너(비엔나)소시지, 땅콩, 볶은것, 콩기름, 간장, 개량, 양조, 물엿, 생수","메뉴명: 소시지강정
메뉴 대분류: 튀김류
메뉴 소분류: 기타 튀김류
식재료: 멥쌀떡, 가래떡, 소시지, 위너(비엔나)소시지, 땅콩, 볶은것, 콩기름, 간장, 개량, 양조, 물엿, 생수"
D124020,옥수수맛탕,튀김류,기타 튀김류,"옥수수, 단옥수수, 생것, 전분, 감자, 가루, 밀, 중력밀가루, 달걀, 생것, 콩기름, 땅콩, 볶은것, 물엿, 설탕, 백설탕, 소금, 천일염, 가는소금","메뉴명: 옥수수맛탕
메뉴 대분류: 튀김류
메뉴 소분류: 기타 튀김류
식재료: 옥수수, 단옥수수, 생것, 전분, 감자, 가루, 밀, 중력밀가루, 달걀, 생것, 콩기름, 땅콩, 볶은것, 물엿, 설탕, 백설탕, 소금, 천일염, 가는소금"
D124021,연어주먹밥튀김,튀김류,기타 튀김류,"당근, 뿌리, 생것, 피망, 빨간색, 생것, 양파, 생것, 멥쌀, 백미, 신동진, 밥, 마요네즈, 연어, 통조림, 식초, 사과식초, 데리야끼 소스, 달걀, 생것, 밀, 빵가루, 비타민채(다채), 어린잎, 생것, 레몬 착즙, 간장, 개량, 양조, 마늘, 다진것, 꿀, 올리브유, 참깨, 흰색, 볶은것","메뉴명: 연어주먹밥튀김
메뉴 대분류: 튀김류
메뉴 소분류: 기타 튀김류
식재료: 당근, 뿌리, 생것, 피망, 빨간색, 생것, 양파, 생것, 멥쌀, 백미, 신동진, 밥, 마요네즈, 연어, 통조림, 식초, 사과식초, 데리야끼 소스, 달걀, 생것, 밀, 빵가루, 비타민채(다채), 어린잎, 생것, 레몬 착즙, 간장, 개량, 양조, 마늘, 다진것, 꿀, 올리브유, 참깨, 흰색, 볶은것"
D124022,검은깨라면크로켓,튀김류,기타 튀김류,"참깨, 검은색, 볶은것, 밀, 빵가루, 라면, 말린것, 달걀, 생것, 전분, 감자, 가루, 소고기, 한우(1++등급), 안심, 생것, 땅콩, 볶은것, 비타민채(다채), 어린잎, 생것, 토마토, 방울토마토, 생것, 계피, 가루, 생강, 뿌리줄기, 생것, 조청, 쌀, 물엿, 설탕, 흑설탕, 식초, 발사믹, 올리브유","메뉴명: 검은깨라면크로켓
메뉴 대분류: 튀김류
메뉴 소분류: 기타 튀김류
식재료: 참깨, 검은색, 볶은것, 밀, 빵가루, 라면, 말린것, 달걀, 생것, 전분, 감자, 가루, 소고기, 한우(1++등급), 안심, 생것, 땅콩, 볶은것, 비타민채(다채), 어린잎, 생것, 토마토, 방울토마토, 생것, 계피, 가루, 생강, 뿌리줄기, 생것, 조청, 쌀, 물엿, 설탕, 흑설탕, 식초, 발사믹, 올리브유"
D125001,김말이튀김,튀김류,해조류튀김,"어묵, 게맛살 첨가, 밀, 중력밀가루, 달걀, 부침(달걀프라이), 콩기름, 당면, 고구마, 삶은것, 고추, 빨간색, 생것, 김, 참김, 구운것, 소금, 천일염, 가는소금","메뉴명: 김말이튀김
메뉴 대분류: 튀김류
메뉴 소분류: 해조류튀김
식재료: 어묵, 게맛살 첨가, 밀, 중력밀가루, 달걀, 부침(달걀프라이), 콩기름, 당면, 고구마, 삶은것, 고추, 빨간색, 생것, 김, 참김, 구운것, 소금, 천일염, 가는소금"
D125002,김부각,튀김류,해조류튀김,"찹쌀, 백미, 가루, 설탕, 백설탕, 콩기름, 김, 참김, 구운것, 참깨, 흰색, 볶은것","메뉴명: 김부각
메뉴 대분류: 튀김류
메뉴 소분류: 해조류튀김
식재료: 찹쌀, 백미, 가루, 설탕, 백설탕, 콩기름, 김, 참김, 구운것, 참깨, 흰색, 볶은것"
D125003,다시마부각,튀김류,해조류튀김,"다시마 튀각, 설탕, 백설탕, 콩기름, 찹쌀, 백미, 가루, 참깨, 흰색, 볶은것","메뉴명: 다시마부각
메뉴 대분류: 튀김류
메뉴 소분류: 해조류튀김
식재료: 다시마 튀각, 설탕, 백설탕, 콩기름, 찹쌀, 백미, 가루, 참깨, 흰색, 볶은것"
D125004,다시마튀김,튀김류,해조류튀김,"다시마 튀각, 설탕, 백설탕, 콩기름","메뉴명: 다시마튀김
메뉴 대분류: 튀김류
메뉴 소분류: 해조류튀김
식재료: 다시마 튀각, 설탕, 백설탕, 콩기름"
D125005,미역부각,튀김류,해조류튀김,"미역 튀각, 설탕, 백설탕, 콩기름, 찹쌀, 백미, 가루, 참깨, 흰색, 볶은것","메뉴명: 미역부각
메뉴 대분류: 튀김류
메뉴 소분류: 해조류튀김
식재료: 미역 튀각, 설탕, 백설탕, 콩기름, 찹쌀, 백미, 가루, 참깨, 흰색, 볶은것"
D125006,미역튀김,튀김류,해조류튀김,"콩기름, 미역 튀각, 소금, 천일염, 가는소금, 설탕, 백설탕","메뉴명: 미역튀김
메뉴 대분류: 튀김류
메뉴 소분류: 해조류튀김
식재료: 콩기름, 미역 튀각, 소금, 천일염, 가는소금, 설탕, 백설탕"
D125007,파래튀김,튀김류,해조류튀김,"달걀, 부침(달걀프라이), 밀, 튀김가루, 콩기름, 소금, 천일염, 가는소금, 파래, 말린것","메뉴명: 파래튀김
메뉴 대분류: 튀김류
메뉴 소분류: 해조류튀김
식재료: 달걀, 부침(달걀프라이), 밀, 튀김가루, 콩기름, 소금, 천일염, 가는소금, 파래, 말린것"
D132002,고비나물,무침류,숙채,"고비, 야생, 말린것, 삶은것, 들기름, 간장, 개량, 양조, 소금, 천일염, 가는소금, 파, 대파, 생것, 마늘, 생것","메뉴명: 고비나물
메뉴 대분류: 무침류
메뉴 소분류: 숙채
식재료: 고비, 야생, 말린것, 삶은것, 들기름, 간장, 개량, 양조, 소금, 천일염, 가는소금, 파, 대파, 생것, 마늘, 생것"
D132003,고춧잎나물,무침류,숙채,"고춧잎, 데친것, 소금, 천일염, 가는소금, 참기름, 참깨, 흰색, 볶은것, 마늘, 생것, 파, 대파, 생것","메뉴명: 고춧잎나물
메뉴 대분류: 무침류
메뉴 소분류: 숙채
식재료: 고춧잎, 데친것, 소금, 천일염, 가는소금, 참기름, 참깨, 흰색, 볶은것, 마늘, 생것, 파, 대파, 생것"
D132004,근대나물(고추장),무침류,숙채,"근대, 데친것, 간장, 재래, 고추장, 개량, 파, 쪽파, 생것, 마늘, 생것, 소금, 천일염, 가는소금, 참깨, 흰색, 볶은것, 조미료, 쇠고기맛, 가루, 참기름","메뉴명: 근대나물(고추장)
메뉴 대분류: 무침류
메뉴 소분류: 숙채
식재료: 근대, 데친것, 간장, 재래, 고추장, 개량, 파, 쪽파, 생것, 마늘, 생것, 소금, 천일염, 가는소금, 참깨, 흰색, 볶은것, 조미료, 쇠고기맛, 가루, 참기름"
D132005,깻잎나물,무침류,숙채,"들깻잎, 데친것, 간장, 개량, 양조, 파, 대파, 생것, 설탕, 백설탕, 참기름, 마늘, 생것, 참깨, 흰색, 볶은것","메뉴명: 깻잎나물
메뉴 대분류: 무침류
메뉴 소분류: 숙채
식재료: 들깻잎, 데친것, 간장, 개량, 양조, 파, 대파, 생것, 설탕, 백설탕, 참기름, 마늘, 생것, 참깨, 흰색, 볶은것"
D132006,냉이나물(고추장),무침류,숙채,"냉이, 데친것, 고추장, 개량, 파, 쪽파, 생것, 마늘, 생것, 소금, 천일염, 가는소금, 간장, 개량, 양조, 설탕, 백설탕, 참기름, 참깨, 흰색, 볶은것","메뉴명: 냉이나물(고추장)
메뉴 대분류: 무침류
메뉴 소분류: 숙채
식재료: 냉이, 데친것, 고추장, 개량, 파, 쪽파, 생것, 마늘, 생것, 소금, 천일염, 가는소금, 간장, 개량, 양조, 설탕, 백설탕, 참기름, 참깨, 흰색, 볶은것"
D132007,두릅나물(고추장),무침류,숙채,"두릅, 참두릅, 데친것, 고추장, 개량, 파, 쪽파, 생것, 마늘, 생것, 소금, 천일염, 가는소금, 간장, 개량, 양조, 설탕, 백설탕, 참기름, 참깨, 흰색, 볶은것","메뉴명: 두릅나물(고추장)
메뉴 대분류: 무침류
메뉴 소분류: 숙채
식재료: 두릅, 참두릅, 데친것, 고추장, 개량, 파, 쪽파, 생것, 마늘, 생것, 소금, 천일염, 가는소금, 간장, 개량, 양조, 설탕, 백설탕, 참기름, 참깨, 흰색, 볶은것"
D132008,뜸부기나물,무침류,숙채,"뜸부기, 말린것, 간장, 개량, 양조, 마늘, 생것, 소금, 천일염, 가는소금, 참깨, 흰색, 볶은것, 참기름, 파, 대파, 생것","메뉴명: 뜸부기나물
메뉴 대분류: 무침류
메뉴 소분류: 숙채
식재료: 뜸부기, 말린것, 간장, 개량, 양조, 마늘, 생것, 소금, 천일염, 가는소금, 참깨, 흰색, 볶은것, 참기름, 파, 대파, 생것"
D132009,머위나물(고추장),무침류,숙채,"머위, 데친것, 고추장, 개량, 파, 쪽파, 생것, 마늘, 생것, 소금, 천일염, 가는소금, 간장, 재래, 설탕, 백설탕, 참기름, 참깨, 흰색, 볶은것","메뉴명: 머위나물(고추장)
메뉴 대분류: 무침류
메뉴 소분류: 숙채
식재료: 머위, 데친것, 고추장, 개량, 파, 쪽파, 생것, 마늘, 생것, 소금, 천일염, 가는소금, 간장, 재래, 설탕, 백설탕, 참기름, 참깨, 흰색, 볶은것"
D132010,메밀나물,무침류,숙채,"메밀, 싹, 생것, 참기름, 파, 대파, 생것, 간장, 개량, 양조, 참깨, 흰색, 볶은것, 마늘, 생것","메뉴명: 메밀나물
메뉴 대분류: 무침류
메뉴 소분류: 숙채
식재료: 메밀, 싹, 생것, 참기름, 파, 대파, 생것, 간장, 개량, 양조, 참깨, 흰색, 볶은것, 마늘, 생것"
D132011,무나물(들깨),무침류,숙채,"무, 조선무, 생것, 들깨, 볶은것, 마늘, 생것, 소금, 천일염, 가는소금, 참기름, 파, 대파, 생것","메뉴명: 무나물(들깨)
메뉴 대분류: 무침류
메뉴 소분류: 숙채
식재료: 무, 조선무, 생것, 들깨, 볶은것, 마늘, 생것, 소금, 천일염, 가는소금, 참기름, 파, 대파, 생것"
D132012,무나물(소고기),무침류,숙채,"무, 조선무, 생것, 소고기, 한우, 등심, 구운것(팬), 파, 쪽파, 생것, 참기름, 참깨, 흰색, 볶은것, 마늘, 생것, 소금, 천일염, 가는소금","메뉴명: 무나물(소고기)
메뉴 대분류: 무침류
메뉴 소분류: 숙채
식재료: 무, 조선무, 생것, 소고기, 한우, 등심, 구운것(팬), 파, 쪽파, 생것, 참기름, 참깨, 흰색, 볶은것, 마늘, 생것, 소금, 천일염, 가는소금"
D132013,무청무침,무침류,숙채,"무청, 조선무, 생것, 간장, 개량, 양조, 마늘, 생것, 소금, 천일염, 가는소금, 참깨, 흰색, 볶은것, 참기름, 파, 대파, 생것","메뉴명: 무청무침
메뉴 대분류: 무침류
메뉴 소분류: 숙채
식재료: 무청, 조선무, 생것, 간장, 개량, 양조, 마늘, 생것, 소금, 천일염, 가는소금, 참깨, 흰색, 볶은것, 참기름, 파, 대파, 생것"
D132014,미나리나물(어묵),무침류,숙채,"미나리, 물미나리, 데친것, 어묵, 간장, 재래, 마늘, 생것, 소금, 천일염, 가는소금, 참기름","메뉴명: 미나리나물(어묵)
메뉴 대분류: 무침류
메뉴 소분류: 숙채
식재료: 미나리, 물미나리, 데친것, 어묵, 간장, 재래, 마늘, 생것, 소금, 천일염, 가는소금, 참기름"
D132015,미나리나물(초고추장),무침류,숙채,"미나리, 물미나리, 데친것, 고추장, 개량, 간장, 재래, 파, 쪽파, 생것, 참깨, 흰색, 볶은것, 마늘, 생것, 식초, 감식초","메뉴명: 미나리나물(초고추장)
메뉴 대분류: 무침류
메뉴 소분류: 숙채
식재료: 미나리, 물미나리, 데친것, 고추장, 개량, 간장, 재래, 파, 쪽파, 생것, 참깨, 흰색, 볶은것, 마늘, 생것, 식초, 감식초"
D132016,미역나물(식초),무침류,숙채,"미역, 염장, 데친것, 식초, 감식초, 오이, 다다기, 생것, 마늘, 생것, 참기름, 간장, 재래, 고춧가루, 소금, 천일염, 가는소금, 파, 쪽파, 생것","메뉴명: 미역나물(식초)
메뉴 대분류: 무침류
메뉴 소분류: 숙채
식재료: 미역, 염장, 데친것, 식초, 감식초, 오이, 다다기, 생것, 마늘, 생것, 참기름, 간장, 재래, 고춧가루, 소금, 천일염, 가는소금, 파, 쪽파, 생것"
D132017,배추나물(고추장),무침류,숙채,"배추, 데친것, 고추장, 개량, 파, 쪽파, 생것, 간장, 개량, 양조, 고춧가루, 마늘, 생것, 설탕, 백설탕, 소금, 천일염, 가는소금, 참깨, 흰색, 볶은것","메뉴명: 배추나물(고추장)
메뉴 대분류: 무침류
메뉴 소분류: 숙채
식재료: 배추, 데친것, 고추장, 개량, 파, 쪽파, 생것, 간장, 개량, 양조, 고춧가루, 마늘, 생것, 설탕, 백설탕, 소금, 천일염, 가는소금, 참깨, 흰색, 볶은것"
D132018,버섯무침(팽이버섯),무침류,숙채,"팽이버섯, 데친것, 부추, 재래종, 생것, 고추, 빨간색, 생것, 식초, 양조, 참깨, 흰색, 볶은것, 고춧가루, 멸치, 액젓, 설탕, 백설탕, 참기름","메뉴명: 버섯무침(팽이버섯)
메뉴 대분류: 무침류
메뉴 소분류: 숙채
식재료: 팽이버섯, 데친것, 부추, 재래종, 생것, 고추, 빨간색, 생것, 식초, 양조, 참깨, 흰색, 볶은것, 고춧가루, 멸치, 액젓, 설탕, 백설탕, 참기름"
D132019,비름나물,무침류,숙채,"비름, 데친것, 참깨, 흰색, 볶은것, 마늘, 생것, 파, 쪽파, 생것, 고춧가루, 소금, 천일염, 가는소금, 참기름","메뉴명: 비름나물
메뉴 대분류: 무침류
메뉴 소분류: 숙채
식재료: 비름, 데친것, 참깨, 흰색, 볶은것, 마늘, 생것, 파, 쪽파, 생것, 고춧가루, 소금, 천일염, 가는소금, 참기름"
D132020,숙주나물,무침류,숙채,"숙주나물, 데친것, 파, 대파, 생것, 마늘, 생것, 소금, 천일염, 가는소금, 참기름","메뉴명: 숙주나물
메뉴 대분류: 무침류
메뉴 소분류: 숙채
식재료: 숙주나물, 데친것, 파, 대파, 생것, 마늘, 생것, 소금, 천일염, 가는소금, 참기름"
D132021,숙주나물(게맛살),무침류,숙채,"숙주나물, 데친것, 게맛살, 어육함량이 낮은것, 파, 쪽파, 생것, 마늘, 생것, 소금, 천일염, 가는소금, 참기름","메뉴명: 숙주나물(게맛살)
메뉴 대분류: 무침류
메뉴 소분류: 숙채
식재료: 숙주나물, 데친것, 게맛살, 어육함량이 낮은것, 파, 쪽파, 생것, 마늘, 생것, 소금, 천일염, 가는소금, 참기름"
D132022,숙주나물(미나리),무침류,숙채,"숙주나물, 데친것, 미나리, 물미나리, 데친것, 간장, 재래, 마늘, 생것, 소금, 천일염, 가는소금, 참기름","메뉴명: 숙주나물(미나리)
메뉴 대분류: 무침류
메뉴 소분류: 숙채
식재료: 숙주나물, 데친것, 미나리, 물미나리, 데친것, 간장, 재래, 마늘, 생것, 소금, 천일염, 가는소금, 참기름"
D132023,시금치나물,무침류,숙채,"시금치, 데친것, 소금, 천일염, 가는소금, 마늘, 생것, 참깨, 흰색, 볶은것, 참기름, 파, 대파, 생것","메뉴명: 시금치나물
메뉴 대분류: 무침류
메뉴 소분류: 숙채
식재료: 시금치, 데친것, 소금, 천일염, 가는소금, 마늘, 생것, 참깨, 흰색, 볶은것, 참기름, 파, 대파, 생것"
D132024,시금치나물(간장),무침류,숙채,"시금치, 데친것, 파, 쪽파, 생것, 간장, 재래, 참깨, 흰색, 볶은것, 마늘, 생것, 소금, 천일염, 가는소금, 참기름","메뉴명: 시금치나물(간장)
메뉴 대분류: 무침류
메뉴 소분류: 숙채
식재료: 시금치, 데친것, 파, 쪽파, 생것, 간장, 재래, 참깨, 흰색, 볶은것, 마늘, 생것, 소금, 천일염, 가는소금, 참기름"
D132025,시금치나물(된장),무침류,숙채,"시금치, 데친것, 된장, 개량, 소금, 천일염, 가는소금, 마늘, 생것, 참기름, 참깨, 흰색, 볶은것, 파, 대파, 생것","메뉴명: 시금치나물(된장)
메뉴 대분류: 무침류
메뉴 소분류: 숙채
식재료: 시금치, 데친것, 된장, 개량, 소금, 천일염, 가는소금, 마늘, 생것, 참기름, 참깨, 흰색, 볶은것, 파, 대파, 생것"
D132026,시래기나물,무침류,숙채,"무청, 시래기, 말린것, 삶은것, 소금, 천일염, 가는소금, 파, 대파, 생것, 참깨, 흰색, 볶은것, 마늘, 생것, 참기름","메뉴명: 시래기나물
메뉴 대분류: 무침류
메뉴 소분류: 숙채
식재료: 무청, 시래기, 말린것, 삶은것, 소금, 천일염, 가는소금, 파, 대파, 생것, 참깨, 흰색, 볶은것, 마늘, 생것, 참기름"
D132027,쑥갓나물,무침류,숙채,"쑥갓, 데친것, 간장, 개량, 양조, 마늘, 생것, 파, 쪽파, 생것, 고춧가루, 참기름, 참깨, 흰색, 볶은것, 소금, 천일염, 가는소금","메뉴명: 쑥갓나물
메뉴 대분류: 무침류
메뉴 소분류: 숙채
식재료: 쑥갓, 데친것, 간장, 개량, 양조, 마늘, 생것, 파, 쪽파, 생것, 고춧가루, 참기름, 참깨, 흰색, 볶은것, 소금, 천일염, 가는소금"
D132028,쑥갓나물(유부),무침류,숙채,"쑥갓, 데친것, 두부, 유부, 간장, 개량, 양조, 마늘, 생것, 파, 쪽파, 생것, 고춧가루, 참기름, 참깨, 흰색, 볶은것, 소금, 천일염, 가는소금","메뉴명: 쑥갓나물(유부)
메뉴 대분류: 무침류
메뉴 소분류: 숙채
식재료: 쑥갓, 데친것, 두부, 유부, 간장, 개량, 양조, 마늘, 생것, 파, 쪽파, 생것, 고춧가루, 참기름, 참깨, 흰색, 볶은것, 소금, 천일염, 가는소금"
D132029,씀바귀나물(초고추장),무침류,숙채,"씀바귀, 데친것, 고추장, 개량, 참깨, 흰색, 볶은것, 마늘, 생것, 식초, 감식초, 설탕, 백설탕, 참기름","메뉴명: 씀바귀나물(초고추장)
메뉴 대분류: 무침류
메뉴 소분류: 숙채
식재료: 씀바귀, 데친것, 고추장, 개량, 참깨, 흰색, 볶은것, 마늘, 생것, 식초, 감식초, 설탕, 백설탕, 참기름"
D132030,오이나물,무침류,숙채,"오이, 취청, 생것, 양파, 데친것, 마늘, 생것, 참깨, 흰색, 볶은것, 소금, 천일염, 가는소금, 참기름","메뉴명: 오이나물
메뉴 대분류: 무침류
메뉴 소분류: 숙채
식재료: 오이, 취청, 생것, 양파, 데친것, 마늘, 생것, 참깨, 흰색, 볶은것, 소금, 천일염, 가는소금, 참기름"
D132031,우거지나물,무침류,숙채,"배추, 시래기, 말린것, 삶은것, 참기름, 파, 대파, 생것, 간장, 개량, 양조, 참깨, 흰색, 볶은것, 마늘, 생것","메뉴명: 우거지나물
메뉴 대분류: 무침류
메뉴 소분류: 숙채
식재료: 배추, 시래기, 말린것, 삶은것, 참기름, 파, 대파, 생것, 간장, 개량, 양조, 참깨, 흰색, 볶은것, 마늘, 생것"
D132032,유채나물,무침류,숙채,"유채, 잎, 데친것, 간장, 개량, 양조, 마늘, 생것, 소금, 천일염, 가는소금, 참깨, 흰색, 볶은것, 참기름, 파, 대파, 생것","메뉴명: 유채나물
메뉴 대분류: 무침류
메뉴 소분류: 숙채
식재료: 유채, 잎, 데친것, 간장, 개량, 양조, 마늘, 생것, 소금, 천일염, 가는소금, 참깨, 흰색, 볶은것, 참기름, 파, 대파, 생것"
D132033,질경이나물,무침류,숙채,"질경이, 데친것, 간장, 개량, 양조, 마늘, 생것, 소금, 천일염, 가는소금, 참깨, 흰색, 볶은것, 참기름, 파, 대파, 생것","메뉴명: 질경이나물
메뉴 대분류: 무침류
메뉴 소분류: 숙채
식재료: 질경이, 데친것, 간장, 개량, 양조, 마늘, 생것, 소금, 천일염, 가는소금, 참깨, 흰색, 볶은것, 참기름, 파, 대파, 생것"
D132034,취나물무침(된장),무침류,숙채,"취나물, 참취, 데친것, 된장, 개량, 간장, 개량, 양조, 파, 대파, 생것, 참깨, 흰색, 볶은것, 마늘, 생것, 참기름","메뉴명: 취나물무침(된장)
메뉴 대분류: 무침류
메뉴 소분류: 숙채
식재료: 취나물, 참취, 데친것, 된장, 개량, 간장, 개량, 양조, 파, 대파, 생것, 참깨, 흰색, 볶은것, 마늘, 생것, 참기름"
D132035,"취나물무침(말린것, 된장)",무침류,숙채,"취나물, 참취, 삶아서 말린것, 데친것, 된장, 개량, 고춧가루, 마늘, 생것, 참기름, 파, 쪽파, 생것","메뉴명: 취나물무침(말린것, 된장)
메뉴 대분류: 무침류
메뉴 소분류: 숙채
식재료: 취나물, 참취, 삶아서 말린것, 데친것, 된장, 개량, 고춧가루, 마늘, 생것, 참기름, 파, 쪽파, 생것"
D132036,콩나물무침,무침류,숙채,"콩나물, 삶은것, 마늘, 생것, 소금, 천일염, 가는소금, 파, 쪽파, 생것, 참기름","메뉴명: 콩나물무침
메뉴 대분류: 무침류
메뉴 소분류: 숙채
식재료: 콩나물, 삶은것, 마늘, 생것, 소금, 천일염, 가는소금, 파, 쪽파, 생것, 참기름"
D132037,"콩나물무침(겨자, 미나리)",무침류,숙채,"콩나물, 삶은것, 무, 조선무, 생것, 미나리, 물미나리, 데친것, 양파, 생것, 마늘, 생것, 식초, 감식초, 설탕, 백설탕, 파, 대파, 생것, 겨자, 가루, 소금, 천일염, 가는소금","메뉴명: 콩나물무침(겨자, 미나리)
메뉴 대분류: 무침류
메뉴 소분류: 숙채
식재료: 콩나물, 삶은것, 무, 조선무, 생것, 미나리, 물미나리, 데친것, 양파, 생것, 마늘, 생것, 식초, 감식초, 설탕, 백설탕, 파, 대파, 생것, 겨자, 가루, 소금, 천일염, 가는소금"
D132038,콩나물무침(고춧가루),무침류,숙채,"콩나물, 삶은것, 파, 대파, 생것, 고춧가루, 마늘, 생것, 소금, 천일염, 가는소금, 참기름","메뉴명: 콩나물무침(고춧가루)
메뉴 대분류: 무침류
메뉴 소분류: 숙채
식재료: 콩나물, 삶은것, 파, 대파, 생것, 고춧가루, 마늘, 생것, 소금, 천일염, 가는소금, 참기름"
D132039,"콩나물무침(고춧가루, 어묵)",무침류,숙채,"어묵, 콩나물, 삶은것, 간장, 재래, 설탕, 백설탕, 참기름, 후추, 검은색, 가루, 고춧가루, 마늘, 생것","메뉴명: 콩나물무침(고춧가루, 어묵)
메뉴 대분류: 무침류
메뉴 소분류: 숙채
식재료: 어묵, 콩나물, 삶은것, 간장, 재래, 설탕, 백설탕, 참기름, 후추, 검은색, 가루, 고춧가루, 마늘, 생것"
D132040,콩나물무침(무),무침류,숙채,"콩나물, 삶은것, 무, 조선무, 생것, 파, 대파, 생것, 마늘, 생것, 소금, 천일염, 가는소금, 참기름, 참깨, 흰색, 볶은것","메뉴명: 콩나물무침(무)
메뉴 대분류: 무침류
메뉴 소분류: 숙채
식재료: 콩나물, 삶은것, 무, 조선무, 생것, 파, 대파, 생것, 마늘, 생것, 소금, 천일염, 가는소금, 참기름, 참깨, 흰색, 볶은것"
D132041,토란대무침(고추장),무침류,숙채,"토란대, 줄기, 말린것, 데친것, 고추장, 개량, 파, 쪽파, 생것, 마늘, 생것, 소금, 천일염, 가는소금, 간장, 개량, 양조, 설탕, 백설탕, 참기름, 참깨, 흰색, 볶은것","메뉴명: 토란대무침(고추장)
메뉴 대분류: 무침류
메뉴 소분류: 숙채
식재료: 토란대, 줄기, 말린것, 데친것, 고추장, 개량, 파, 쪽파, 생것, 마늘, 생것, 소금, 천일염, 가는소금, 간장, 개량, 양조, 설탕, 백설탕, 참기름, 참깨, 흰색, 볶은것"
D132042,호박나물(새우젓),무침류,숙채,"호박, 애호박, 데친것, 참기름, 소금, 천일염, 가는소금, 참깨, 흰색, 볶은것, 마늘, 생것, 새우, 젓새우, 생것, 파, 대파, 생것","메뉴명: 호박나물(새우젓)
메뉴 대분류: 무침류
메뉴 소분류: 숙채
식재료: 호박, 애호박, 데친것, 참기름, 소금, 천일염, 가는소금, 참깨, 흰색, 볶은것, 마늘, 생것, 새우, 젓새우, 생것, 파, 대파, 생것"
D132044,가지나물,무침류,숙채,"가지, 데친것, 간장, 개량, 양조, 마늘, 생것, 파, 대파, 생것, 참기름, 참깨, 흰색, 볶은것","메뉴명: 가지나물
메뉴 대분류: 무침류
메뉴 소분류: 숙채
식재료: 가지, 데친것, 간장, 개량, 양조, 마늘, 생것, 파, 대파, 생것, 참기름, 참깨, 흰색, 볶은것"
D132055,양하꽃대무침(양애깐무침),무침류,숙채,"양하, 생것","메뉴명: 양하꽃대무침(양애깐무침)
메뉴 대분류: 무침류
메뉴 소분류: 숙채
식재료: 양하, 생것"
D132060,죽순채,무침류,숙채,"소고기, 한우(1등급), 우둔(우둔살), 생것, 미나리, 물미나리, 데친것, 숙주나물, 데친것, 대나무순(죽순), 삶은것, 고추, 빨간색, 말린것, 표고버섯, 참나무재배, 말린것, 삶은것, 고추, 빨간색, 생것, 달걀, 부침(달걀프라이)","메뉴명: 죽순채
메뉴 대분류: 무침류
메뉴 소분류: 숙채
식재료: 소고기, 한우(1등급), 우둔(우둔살), 생것, 미나리, 물미나리, 데친것, 숙주나물, 데친것, 대나무순(죽순), 삶은것, 고추, 빨간색, 말린것, 표고버섯, 참나무재배, 말린것, 삶은것, 고추, 빨간색, 생것, 달걀, 부침(달걀프라이)"
D132066,탕평채,무침류,숙채,"녹두묵, 소고기, 한우, 등심, 구운것(팬), 숙주나물, 데친것, 미나리, 물미나리, 생것, 당근, 뿌리, 데친것, 김, 참김, 구운것, 소금, 천일염, 가는소금, 참기름, 콩기름","메뉴명: 탕평채
메뉴 대분류: 무침류
메뉴 소분류: 숙채
식재료: 녹두묵, 소고기, 한우, 등심, 구운것(팬), 숙주나물, 데친것, 미나리, 물미나리, 생것, 당근, 뿌리, 데친것, 김, 참김, 구운것, 소금, 천일염, 가는소금, 참기름, 콩기름"
D132070,호박나물(호박탕쉬),무침류,숙채,"호박, 늙은호박, 삶은것, 파, 대파, 생것, 소금, 천일염, 가는소금, 참깨, 흰색, 볶은것, 참기름","메뉴명: 호박나물(호박탕쉬)
메뉴 대분류: 무침류
메뉴 소분류: 숙채
식재료: 호박, 늙은호박, 삶은것, 파, 대파, 생것, 소금, 천일염, 가는소금, 참깨, 흰색, 볶은것, 참기름"
D132072,"콩나물무침(겨자, 미나리)",무침류,숙채,"콩나물, 삶은것, 무, 조선무, 생것, 미나리, 물미나리, 데친것, 양파, 생것, 마늘, 생것, 식초, 감식초, 설탕, 백설탕, 파, 대파, 생것, 겨자, 가루, 소금, 천일염, 가는소금","메뉴명: 콩나물무침(겨자, 미나리)
메뉴 대분류: 무침류
메뉴 소분류: 숙채
식재료: 콩나물, 삶은것, 무, 조선무, 생것, 미나리, 물미나리, 데친것, 양파, 생것, 마늘, 생것, 식초, 감식초, 설탕, 백설탕, 파, 대파, 생것, 겨자, 가루, 소금, 천일염, 가는소금"
D132073,오이무침,무침류,숙채,"오이, 취청, 생것, 마늘, 생것, 참깨, 흰색, 볶은것, 소금, 천일염, 가는소금, 참기름, 양파, 생것, 초고추장","메뉴명: 오이무침
메뉴 대분류: 무침류
메뉴 소분류: 숙채
식재료: 오이, 취청, 생것, 마늘, 생것, 참깨, 흰색, 볶은것, 소금, 천일염, 가는소금, 참기름, 양파, 생것, 초고추장"
D132074,"콩나물무침(겨자, 미나리)",무침류,숙채,"콩나물, 삶은것, 무, 조선무, 생것, 미나리, 물미나리, 데친것, 양파, 생것, 마늘, 생것, 식초, 감식초, 설탕, 백설탕, 파, 대파, 생것, 겨자, 가루, 소금, 천일염, 가는소금, 참기름","메뉴명: 콩나물무침(겨자, 미나리)
메뉴 대분류: 무침류
메뉴 소분류: 숙채
식재료: 콩나물, 삶은것, 무, 조선무, 생것, 미나리, 물미나리, 데친것, 양파, 생것, 마늘, 생것, 식초, 감식초, 설탕, 백설탕, 파, 대파, 생것, 겨자, 가루, 소금, 천일염, 가는소금, 참기름"
D132075,오이무침,무침류,숙채,"소금, 천일염, 가는소금, 참깨, 흰색, 볶은것, 오이, 취청, 생것, 마늘, 생것, 초고추장, 양파, 생것","메뉴명: 오이무침
메뉴 대분류: 무침류
메뉴 소분류: 숙채
식재료: 소금, 천일염, 가는소금, 참깨, 흰색, 볶은것, 오이, 취청, 생것, 마늘, 생것, 초고추장, 양파, 생것"
D132077,무나물(들깨),무침류,숙채,"무, 조선무, 생것, 들깨, 볶은것, 마늘, 생것, 소금, 천일염, 가는소금, 참기름, 파, 대파, 생것","메뉴명: 무나물(들깨)
메뉴 대분류: 무침류
메뉴 소분류: 숙채
식재료: 무, 조선무, 생것, 들깨, 볶은것, 마늘, 생것, 소금, 천일염, 가는소금, 참기름, 파, 대파, 생것"
D132078,참나물무침(된장),무침류,숙채,"된장, 개량, 간장, 개량, 양조, 파, 대파, 생것, 참깨, 흰색, 볶은것, 마늘, 생것, 참기름, 참나물, 재배, 생것","메뉴명: 참나물무침(된장)
메뉴 대분류: 무침류
메뉴 소분류: 숙채
식재료: 된장, 개량, 간장, 개량, 양조, 파, 대파, 생것, 참깨, 흰색, 볶은것, 마늘, 생것, 참기름, 참나물, 재배, 생것"
D132080,버섯무침(팽이버섯),무침류,숙채,"팽이버섯, 데친것, 부추, 재래종, 생것, 고추, 빨간색, 생것, 식초, 양조, 참깨, 흰색, 볶은것, 고춧가루, 멸치, 액젓, 설탕, 백설탕, 참기름","메뉴명: 버섯무침(팽이버섯)
메뉴 대분류: 무침류
메뉴 소분류: 숙채
식재료: 팽이버섯, 데친것, 부추, 재래종, 생것, 고추, 빨간색, 생것, 식초, 양조, 참깨, 흰색, 볶은것, 고춧가루, 멸치, 액젓, 설탕, 백설탕, 참기름"
D132081,무나물(들깨),무침류,숙채,"무, 조선무, 생것, 들깨, 볶은것, 마늘, 생것, 소금, 천일염, 가는소금, 참기름, 파, 대파, 생것","메뉴명: 무나물(들깨)
메뉴 대분류: 무침류
메뉴 소분류: 숙채
식재료: 무, 조선무, 생것, 들깨, 볶은것, 마늘, 생것, 소금, 천일염, 가는소금, 참기름, 파, 대파, 생것"
D132082,유채나물,무침류,숙채,"간장, 개량, 양조, 마늘, 생것, 소금, 천일염, 가는소금, 참깨, 흰색, 볶은것, 참기름, 파, 대파, 생것, 열무, 생것","메뉴명: 유채나물
메뉴 대분류: 무침류
메뉴 소분류: 숙채
식재료: 간장, 개량, 양조, 마늘, 생것, 소금, 천일염, 가는소금, 참깨, 흰색, 볶은것, 참기름, 파, 대파, 생것, 열무, 생것"
D132083,숙주나물,무침류,숙채,"숙주나물, 데친것, 파, 대파, 생것, 마늘, 생것, 소금, 천일염, 가는소금, 참기름","메뉴명: 숙주나물
메뉴 대분류: 무침류
메뉴 소분류: 숙채
식재료: 숙주나물, 데친것, 파, 대파, 생것, 마늘, 생것, 소금, 천일염, 가는소금, 참기름"
D132084,쑥갓나물,무침류,숙채,"쑥갓, 데친것, 마늘, 생것, 파, 쪽파, 생것, 참기름, 간장, 개량, 양조, 고춧가루, 참깨, 흰색, 볶은것, 소금, 천일염, 가는소금","메뉴명: 쑥갓나물
메뉴 대분류: 무침류
메뉴 소분류: 숙채
식재료: 쑥갓, 데친것, 마늘, 생것, 파, 쪽파, 생것, 참기름, 간장, 개량, 양조, 고춧가루, 참깨, 흰색, 볶은것, 소금, 천일염, 가는소금"
D132085,탕평채,무침류,숙채,"녹두묵, 소고기, 한우, 등심, 구운것(팬), 숙주나물, 데친것, 미나리, 물미나리, 생것, 당근, 뿌리, 데친것, 김, 참김, 구운것, 소금, 천일염, 가는소금, 참기름, 콩기름","메뉴명: 탕평채
메뉴 대분류: 무침류
메뉴 소분류: 숙채
식재료: 녹두묵, 소고기, 한우, 등심, 구운것(팬), 숙주나물, 데친것, 미나리, 물미나리, 생것, 당근, 뿌리, 데친것, 김, 참김, 구운것, 소금, 천일염, 가는소금, 참기름, 콩기름"
D132086,호박나물(새우젓),무침류,숙채,"호박, 애호박, 데친것, 참기름, 소금, 천일염, 가는소금, 참깨, 흰색, 볶은것, 마늘, 생것, 새우, 젓새우, 생것, 파, 대파, 생것","메뉴명: 호박나물(새우젓)
메뉴 대분류: 무침류
메뉴 소분류: 숙채
식재료: 호박, 애호박, 데친것, 참기름, 소금, 천일염, 가는소금, 참깨, 흰색, 볶은것, 마늘, 생것, 새우, 젓새우, 생것, 파, 대파, 생것"
D132087,버섯무침(팽이버섯),무침류,숙채,"팽이버섯, 데친것, 부추, 재래종, 생것, 고추, 빨간색, 생것, 식초, 양조, 참깨, 흰색, 볶은것, 고춧가루, 멸치, 액젓, 설탕, 백설탕, 참기름","메뉴명: 버섯무침(팽이버섯)
메뉴 대분류: 무침류
메뉴 소분류: 숙채
식재료: 팽이버섯, 데친것, 부추, 재래종, 생것, 고추, 빨간색, 생것, 식초, 양조, 참깨, 흰색, 볶은것, 고춧가루, 멸치, 액젓, 설탕, 백설탕, 참기름"
D132088,유채나물,무침류,숙채,"간장, 개량, 양조, 마늘, 생것, 소금, 천일염, 가는소금, 참깨, 흰색, 볶은것, 참기름, 파, 대파, 생것, 삼채, 잎줄기, 생것","메뉴명: 유채나물
메뉴 대분류: 무침류
메뉴 소분류: 숙채
식재료: 간장, 개량, 양조, 마늘, 생것, 소금, 천일염, 가는소금, 참깨, 흰색, 볶은것, 참기름, 파, 대파, 생것, 삼채, 잎줄기, 생것"
D132090,메밀나물,무침류,숙채,"메밀, 싹, 생것, 참기름, 파, 대파, 생것, 간장, 개량, 양조, 참깨, 흰색, 볶은것, 마늘, 생것","메뉴명: 메밀나물
메뉴 대분류: 무침류
메뉴 소분류: 숙채
식재료: 메밀, 싹, 생것, 참기름, 파, 대파, 생것, 간장, 개량, 양조, 참깨, 흰색, 볶은것, 마늘, 생것"
D132091,건파래무침,무침류,숙채,"파래, 말린것, 무, 조선무, 생것, 참기름, 간장, 개량, 양조, 식초, 감식초, 고춧가루, 파, 대파, 생것, 마늘, 생것, 설탕, 백설탕","메뉴명: 건파래무침
메뉴 대분류: 무침류
메뉴 소분류: 숙채
식재료: 파래, 말린것, 무, 조선무, 생것, 참기름, 간장, 개량, 양조, 식초, 감식초, 고춧가루, 파, 대파, 생것, 마늘, 생것, 설탕, 백설탕"
D132092,노각생채,무침류,숙채,"오이, 늙은오이, 생것, 소금, 천일염, 가는소금, 참깨, 흰색, 볶은것, 고추장, 개량, 간장, 개량, 양조, 참기름, 식초, 감식초, 파, 대파, 생것, 마늘, 생것","메뉴명: 노각생채
메뉴 대분류: 무침류
메뉴 소분류: 숙채
식재료: 오이, 늙은오이, 생것, 소금, 천일염, 가는소금, 참깨, 흰색, 볶은것, 고추장, 개량, 간장, 개량, 양조, 참기름, 식초, 감식초, 파, 대파, 생것, 마늘, 생것"
D132093,달래생채,무침류,숙채,"달래, 생것, 설탕, 백설탕, 고춧가루, 마늘, 생것, 참기름, 소금, 천일염, 가는소금, 식초, 감식초","메뉴명: 달래생채
메뉴 대분류: 무침류
메뉴 소분류: 숙채
식재료: 달래, 생것, 설탕, 백설탕, 고춧가루, 마늘, 생것, 참기름, 소금, 천일염, 가는소금, 식초, 감식초"
D132094,더덕무침,무침류,숙채,"더덕, 뿌리, 생것, 고춧가루, 식초, 감식초, 소금, 천일염, 가는소금, 고추장, 개량, 마늘, 생것, 파, 대파, 생것, 설탕, 백설탕, 참깨, 흰색, 볶은것, 참기름","메뉴명: 더덕무침
메뉴 대분류: 무침류
메뉴 소분류: 숙채
식재료: 더덕, 뿌리, 생것, 고춧가루, 식초, 감식초, 소금, 천일염, 가는소금, 고추장, 개량, 마늘, 생것, 파, 대파, 생것, 설탕, 백설탕, 참깨, 흰색, 볶은것, 참기름"
D132095,도라지생채,무침류,숙채,"도라지, 뿌리, 생것, 고춧가루, 파, 대파, 생것, 마늘, 생것, 설탕, 백설탕, 식초, 감식초, 소금, 천일염, 가는소금, 참깨, 흰색, 볶은것","메뉴명: 도라지생채
메뉴 대분류: 무침류
메뉴 소분류: 숙채
식재료: 도라지, 뿌리, 생것, 고춧가루, 파, 대파, 생것, 마늘, 생것, 설탕, 백설탕, 식초, 감식초, 소금, 천일염, 가는소금, 참깨, 흰색, 볶은것"
D132096,도라지오이무침,무침류,숙채,"오이, 취청, 생것, 도라지, 뿌리, 생것, 소금, 천일염, 가는소금, 파, 대파, 생것, 마늘, 생것, 고추장, 개량, 식초, 감식초, 고춧가루, 설탕, 백설탕, 참깨, 흰색, 볶은것","메뉴명: 도라지오이무침
메뉴 대분류: 무침류
메뉴 소분류: 숙채
식재료: 오이, 취청, 생것, 도라지, 뿌리, 생것, 소금, 천일염, 가는소금, 파, 대파, 생것, 마늘, 생것, 고추장, 개량, 식초, 감식초, 고춧가루, 설탕, 백설탕, 참깨, 흰색, 볶은것"
D132097,도토리묵무침,무침류,숙채,"도토리묵, 오이, 다다기, 생것, 고추, 풋고추, 생것, 간장, 개량, 양조, 고춧가루, 파, 대파, 생것, 마늘, 생것, 설탕, 백설탕, 참기름","메뉴명: 도토리묵무침
메뉴 대분류: 무침류
메뉴 소분류: 숙채
식재료: 도토리묵, 오이, 다다기, 생것, 고추, 풋고추, 생것, 간장, 개량, 양조, 고춧가루, 파, 대파, 생것, 마늘, 생것, 설탕, 백설탕, 참기름"
D132098,마늘종무침,무침류,숙채,"마늘종, 꽃줄기, 생것, 소금, 천일염, 가는소금, 간장, 개량, 양조, 고춧가루, 참기름, 참깨, 흰색, 볶은것, 설탕, 백설탕, 마늘, 생것","메뉴명: 마늘종무침
메뉴 대분류: 무침류
메뉴 소분류: 숙채
식재료: 마늘종, 꽃줄기, 생것, 소금, 천일염, 가는소금, 간장, 개량, 양조, 고춧가루, 참기름, 참깨, 흰색, 볶은것, 설탕, 백설탕, 마늘, 생것"
D132099,마른김무침,무침류,숙채,"김, 참김, 생것, 소고기, 한우(1등급), 우둔, 생것, 간장, 개량, 양조, 설탕, 백설탕, 파, 대파, 생것, 마늘, 생것, 후추, 검은색, 가루, 참기름, 참깨, 흰색, 볶은것","메뉴명: 마른김무침
메뉴 대분류: 무침류
메뉴 소분류: 숙채
식재료: 김, 참김, 생것, 소고기, 한우(1등급), 우둔, 생것, 간장, 개량, 양조, 설탕, 백설탕, 파, 대파, 생것, 마늘, 생것, 후추, 검은색, 가루, 참기름, 참깨, 흰색, 볶은것"
D132100,메밀묵무침,무침류,숙채,"메밀묵, 김치, 배추 김치, 참깨, 흰색, 볶은것, 간장, 개량, 양조, 파, 대파, 생것, 마늘, 생것, 참기름","메뉴명: 메밀묵무침
메뉴 대분류: 무침류
메뉴 소분류: 숙채
식재료: 메밀묵, 김치, 배추 김치, 참깨, 흰색, 볶은것, 간장, 개량, 양조, 파, 대파, 생것, 마늘, 생것, 참기름"
D132101,무숙채,무침류,숙채,"무, 조선무, 생것, 콩기름, 소금, 천일염, 가는소금, 파, 대파, 생것, 마늘, 생것, 참깨, 흰색, 볶은것, 참기름","메뉴명: 무숙채
메뉴 대분류: 무침류
메뉴 소분류: 숙채
식재료: 무, 조선무, 생것, 콩기름, 소금, 천일염, 가는소금, 파, 대파, 생것, 마늘, 생것, 참깨, 흰색, 볶은것, 참기름"
D132102,부추무침,무침류,숙채,"부추, 재래종, 생것, 참깨, 흰색, 볶은것, 고춧가루, 마늘, 생것, 파, 대파, 생것, 멸치, 액젓, 참기름","메뉴명: 부추무침
메뉴 대분류: 무침류
메뉴 소분류: 숙채
식재료: 부추, 재래종, 생것, 참깨, 흰색, 볶은것, 고춧가루, 마늘, 생것, 파, 대파, 생것, 멸치, 액젓, 참기름"
D132103,상추겉절이,무침류,숙채,"상추, 잎상추, 축면상추, 적색, 생것, 고춧가루, 파, 대파, 생것, 마늘, 생것, 설탕, 백설탕, 간장, 개량, 양조, 참기름, 참깨, 흰색, 볶은것","메뉴명: 상추겉절이
메뉴 대분류: 무침류
메뉴 소분류: 숙채
식재료: 상추, 잎상추, 축면상추, 적색, 생것, 고춧가루, 파, 대파, 생것, 마늘, 생것, 설탕, 백설탕, 간장, 개량, 양조, 참기름, 참깨, 흰색, 볶은것"
D132104,오이생채,무침류,숙채,"오이, 다다기, 생것, 양파, 생것, 고추장, 개량, 고춧가루, 식초, 감식초, 마늘, 생것, 파, 대파, 생것, 참깨, 흰색, 볶은것, 설탕, 백설탕, 소금, 천일염, 가는소금, 간장, 개량, 양조","메뉴명: 오이생채
메뉴 대분류: 무침류
메뉴 소분류: 숙채
식재료: 오이, 다다기, 생것, 양파, 생것, 고추장, 개량, 고춧가루, 식초, 감식초, 마늘, 생것, 파, 대파, 생것, 참깨, 흰색, 볶은것, 설탕, 백설탕, 소금, 천일염, 가는소금, 간장, 개량, 양조"
D132105,오이지무침,무침류,숙채,"오이지, 염절임, 참깨, 흰색, 볶은것, 파, 대파, 생것, 마늘, 생것, 고춧가루, 설탕, 백설탕, 참기름","메뉴명: 오이지무침
메뉴 대분류: 무침류
메뉴 소분류: 숙채
식재료: 오이지, 염절임, 참깨, 흰색, 볶은것, 파, 대파, 생것, 마늘, 생것, 고춧가루, 설탕, 백설탕, 참기름"
D132106,절임고추무침,무침류,숙채,"고추장아찌, 물엿, 참깨, 흰색, 볶은것, 파, 대파, 생것, 참기름, 간장, 개량, 양조, 고춧가루","메뉴명: 절임고추무침
메뉴 대분류: 무침류
메뉴 소분류: 숙채
식재료: 고추장아찌, 물엿, 참깨, 흰색, 볶은것, 파, 대파, 생것, 참기름, 간장, 개량, 양조, 고춧가루"
D132107,감자우엉버무림,무침류,숙채,"감자, 대지, 생것, 우엉, 생것, 호두, 말린것, 아몬드, 말린것, 잣, 생것, 식초, 감식초, 참깨, 흰색, 볶은것, 된장, 개량, 식초, 현미식초, 맛술","메뉴명: 감자우엉버무림
메뉴 대분류: 무침류
메뉴 소분류: 숙채
식재료: 감자, 대지, 생것, 우엉, 생것, 호두, 말린것, 아몬드, 말린것, 잣, 생것, 식초, 감식초, 참깨, 흰색, 볶은것, 된장, 개량, 식초, 현미식초, 맛술"
D132108,고사리나물,무침류,숙채,"고사리, 데친것, 간장, 개량, 양조, 파, 대파, 생것, 마늘, 생것, 생수, 참깨, 흰색, 볶은것, 참기름, 후추, 검은색, 가루","메뉴명: 고사리나물
메뉴 대분류: 무침류
메뉴 소분류: 숙채
식재료: 고사리, 데친것, 간장, 개량, 양조, 파, 대파, 생것, 마늘, 생것, 생수, 참깨, 흰색, 볶은것, 참기름, 후추, 검은색, 가루"
D132109,냉이나물,무침류,숙채,"냉이, 생것, 참깨, 흰색, 말린것, 고추장, 개량, 쌈장, 간장, 재래, 설탕, 백설탕, 파, 생것, 마늘, 생것, 참기름, 식초, 감식초","메뉴명: 냉이나물
메뉴 대분류: 무침류
메뉴 소분류: 숙채
식재료: 냉이, 생것, 참깨, 흰색, 말린것, 고추장, 개량, 쌈장, 간장, 재래, 설탕, 백설탕, 파, 생것, 마늘, 생것, 참기름, 식초, 감식초"
D132110,냉이파강회,무침류,숙채,"냉이, 생것, 파, 쪽파, 생것, 고추, 빨간색, 녹광, 생것, 달걀, 생것, 잣, 생것, 콩기름, 소금, 천일염, 가는소금, 소고기, 한우(1등급), 앞다리(부채살), 생것, 생수, 고추장, 개량, 식초, 감식초, 설탕, 백설탕","메뉴명: 냉이파강회
메뉴 대분류: 무침류
메뉴 소분류: 숙채
식재료: 냉이, 생것, 파, 쪽파, 생것, 고추, 빨간색, 녹광, 생것, 달걀, 생것, 잣, 생것, 콩기름, 소금, 천일염, 가는소금, 소고기, 한우(1등급), 앞다리(부채살), 생것, 생수, 고추장, 개량, 식초, 감식초, 설탕, 백설탕"
D132111,녹두 취나물 무침,무침류,숙채,"녹두, 말린것, 취나물, 참취, 생것, 잣, 생것, 파, 대파, 생것, 마늘, 생것, 간장, 개량, 양조, 유자청, 소금, 천일염, 가는소금, 참기름","메뉴명: 녹두 취나물 무침
메뉴 대분류: 무침류
메뉴 소분류: 숙채
식재료: 녹두, 말린것, 취나물, 참취, 생것, 잣, 생것, 파, 대파, 생것, 마늘, 생것, 간장, 개량, 양조, 유자청, 소금, 천일염, 가는소금, 참기름"
D132112,도라지나물,무침류,숙채,"도라지, 뿌리, 생것, 소금, 천일염, 가는소금, 콩기름, 파, 대파, 생것, 마늘, 생것, 설탕, 백설탕, 생수, 참깨, 흰색, 볶은것, 참기름","메뉴명: 도라지나물
메뉴 대분류: 무침류
메뉴 소분류: 숙채
식재료: 도라지, 뿌리, 생것, 소금, 천일염, 가는소금, 콩기름, 파, 대파, 생것, 마늘, 생것, 설탕, 백설탕, 생수, 참깨, 흰색, 볶은것, 참기름"
D132113,머위순나물,무침류,숙채,"머위, 생것, 된장, 개량, 매실청, 참기름, 마늘, 생것, 참깨, 흰색, 볶은것","메뉴명: 머위순나물
메뉴 대분류: 무침류
메뉴 소분류: 숙채
식재료: 머위, 생것, 된장, 개량, 매실청, 참기름, 마늘, 생것, 참깨, 흰색, 볶은것"
D132114,부추수수가루무침,무침류,숙채,"부추, 재래종, 생것, 수수, 도정, 생것, 고춧가루, 간장, 개량, 양조, 파, 대파, 생것, 마늘, 생것, 참기름, 참깨, 흰색, 볶은것","메뉴명: 부추수수가루무침
메뉴 대분류: 무침류
메뉴 소분류: 숙채
식재료: 부추, 재래종, 생것, 수수, 도정, 생것, 고춧가루, 간장, 개량, 양조, 파, 대파, 생것, 마늘, 생것, 참기름, 참깨, 흰색, 볶은것"
D132115,우리밀 고추찜무침,무침류,숙채,"고추, 풋고추, 생것, 밀, 중력밀가루, 고춧가루, 참깨, 흰색, 볶은것, 간장, 개량, 양조, 마늘, 생것, 매실청, 참기름","메뉴명: 우리밀 고추찜무침
메뉴 대분류: 무침류
메뉴 소분류: 숙채
식재료: 고추, 풋고추, 생것, 밀, 중력밀가루, 고춧가루, 참깨, 흰색, 볶은것, 간장, 개량, 양조, 마늘, 생것, 매실청, 참기름"
D132116,참나물깨즙무침,무침류,숙채,"참나물, 야생, 생것, 참깨, 흰색, 볶은것, 두부, 설탕, 백설탕, 맛술, 간장, 개량, 양조, 소금, 천일염, 가는소금, 참기름","메뉴명: 참나물깨즙무침
메뉴 대분류: 무침류
메뉴 소분류: 숙채
식재료: 참나물, 야생, 생것, 참깨, 흰색, 볶은것, 두부, 설탕, 백설탕, 맛술, 간장, 개량, 양조, 소금, 천일염, 가는소금, 참기름"
D132117,"콩가루나물(고사리, 부추, 생표고)",무침류,숙채,"표고버섯, 참나무재배, 생것, 고춧가루, 참기름, 참깨, 흰색, 볶은것, 고사리, 생것, 부추, 재래종, 생것, 대두, 콩가루, 간장, 재래, 간장, 개량, 양조, 마늘, 생것, 물엿","메뉴명: 콩가루나물(고사리, 부추, 생표고)
메뉴 대분류: 무침류
메뉴 소분류: 숙채
식재료: 표고버섯, 참나무재배, 생것, 고춧가루, 참기름, 참깨, 흰색, 볶은것, 고사리, 생것, 부추, 재래종, 생것, 대두, 콩가루, 간장, 재래, 간장, 개량, 양조, 마늘, 생것, 물엿"
D132118,풋마늘김무침,무침류,숙채,"풋마늘, 잎줄기, 생것, 김, 김밥용김, 말린것, 설탕, 백설탕, 간장, 개량, 양조, 참기름, 참깨, 흰색, 볶은것","메뉴명: 풋마늘김무침
메뉴 대분류: 무침류
메뉴 소분류: 숙채
식재료: 풋마늘, 잎줄기, 생것, 김, 김밥용김, 말린것, 설탕, 백설탕, 간장, 개량, 양조, 참기름, 참깨, 흰색, 볶은것"
D132119,호박오가리나물,무침류,숙채,"호박, 애호박, 말린것, 간장, 개량, 양조, 파, 대파, 생것, 마늘, 생것, 설탕, 백설탕, 생수, 참깨, 흰색, 볶은것, 참기름","메뉴명: 호박오가리나물
메뉴 대분류: 무침류
메뉴 소분류: 숙채
식재료: 호박, 애호박, 말린것, 간장, 개량, 양조, 파, 대파, 생것, 마늘, 생것, 설탕, 백설탕, 생수, 참깨, 흰색, 볶은것, 참기름"
D132120,연근초무침,무침류,숙채,"연근, 생것, 양파, 생것, 오이, 다다기, 생것, 밤, 생것, 유자청, 강황, 가루, 잣, 볶은것, 설탕, 가루, 식초, 양조","메뉴명: 연근초무침
메뉴 대분류: 무침류
메뉴 소분류: 숙채
식재료: 연근, 생것, 양파, 생것, 오이, 다다기, 생것, 밤, 생것, 유자청, 강황, 가루, 잣, 볶은것, 설탕, 가루, 식초, 양조"
D132121,미역줄기두부무침,무침류,숙채,"미역, 줄기, 생것, 두부, 로즈메리, 말린것, 아몬드, 볶은것, 간장, 개량, 양조, 양파, 생것, 마늘, 다진것, 후추, 흰색, 가루, 참깨, 흰색, 볶은것, 식초, 양조","메뉴명: 미역줄기두부무침
메뉴 대분류: 무침류
메뉴 소분류: 숙채
식재료: 미역, 줄기, 생것, 두부, 로즈메리, 말린것, 아몬드, 볶은것, 간장, 개량, 양조, 양파, 생것, 마늘, 다진것, 후추, 흰색, 가루, 참깨, 흰색, 볶은것, 식초, 양조"
D132122,삼색나물과 토마토양념장,무침류,숙채,"토마토, 생것, 마늘, 생것, 양파, 생것, 꿀, 식초, 사과식초, 도라지, 뿌리, 생것, 시금치, 생것, 고사리, 삶아서 말린것, 고추장, 개량, 소금, 천일염, 가는소금, 참기름","메뉴명: 삼색나물과 토마토양념장
메뉴 대분류: 무침류
메뉴 소분류: 숙채
식재료: 토마토, 생것, 마늘, 생것, 양파, 생것, 꿀, 식초, 사과식초, 도라지, 뿌리, 생것, 시금치, 생것, 고사리, 삶아서 말린것, 고추장, 개량, 소금, 천일염, 가는소금, 참기름"
D132123,비름나물 된장무침,무침류,숙채,"비름, 생것, 양파, 생것, 된장, 개량, 고추장, 개량, 다시마, 말린것, 마요네즈, 마늘, 생것, 생강, 뿌리줄기, 생것, 참깨, 흰색, 볶은것, 참기름","메뉴명: 비름나물 된장무침
메뉴 대분류: 무침류
메뉴 소분류: 숙채
식재료: 비름, 생것, 양파, 생것, 된장, 개량, 고추장, 개량, 다시마, 말린것, 마요네즈, 마늘, 생것, 생강, 뿌리줄기, 생것, 참깨, 흰색, 볶은것, 참기름"
D132124,톳나물 두부무침,무침류,숙채,"톳, 생것, 두부, 소금, 천일염, 가는소금, 참깨, 흰색, 볶은것, 참기름, 마늘, 생것","메뉴명: 톳나물 두부무침
메뉴 대분류: 무침류
메뉴 소분류: 숙채
식재료: 톳, 생것, 두부, 소금, 천일염, 가는소금, 참깨, 흰색, 볶은것, 참기름, 마늘, 생것"
D132125,무염 겉절이,무침류,숙채,"양배추, 생것, 양파, 적색, 생것, 파, 대파, 생것, 고추, 풋고추, 생것, 마늘, 생것, 무청, 조선무, 생것, 고춧가루, 매실청, 식초, 사과식초, 사과, 생것","메뉴명: 무염 겉절이
메뉴 대분류: 무침류
메뉴 소분류: 숙채
식재료: 양배추, 생것, 양파, 적색, 생것, 파, 대파, 생것, 고추, 풋고추, 생것, 마늘, 생것, 무청, 조선무, 생것, 고춧가루, 매실청, 식초, 사과식초, 사과, 생것"
D132126,저염 겉절이,무침류,숙채,"김치, 배추 김치, 봄 재배, 파, 쪽파, 생것, 생강, 뿌리줄기, 생것, 마늘, 생것, 고춧가루, 양파, 생것, 참깨, 흰색, 볶은것, 설탕, 가루, 새우, 젓갈","메뉴명: 저염 겉절이
메뉴 대분류: 무침류
메뉴 소분류: 숙채
식재료: 김치, 배추 김치, 봄 재배, 파, 쪽파, 생것, 생강, 뿌리줄기, 생것, 마늘, 생것, 고춧가루, 양파, 생것, 참깨, 흰색, 볶은것, 설탕, 가루, 새우, 젓갈"
D132127,아욱 된장무침,무침류,숙채,"아욱, 생것, 된장, 개량, 마늘, 생것, 간장, 개량, 양조, 참기름, 참깨, 흰색, 볶은것, 소금, 천일염, 가는소금","메뉴명: 아욱 된장무침
메뉴 대분류: 무침류
메뉴 소분류: 숙채
식재료: 아욱, 생것, 된장, 개량, 마늘, 생것, 간장, 개량, 양조, 참기름, 참깨, 흰색, 볶은것, 소금, 천일염, 가는소금"
D133001,게맛살무침(고추장),무침류,어패류무침,"게맛살, 어육함량이 낮은것, 오이, 다다기, 생것, 고추장, 개량, 참기름, 간장, 개량, 양조, 설탕, 백설탕, 파, 쪽파, 생것","메뉴명: 게맛살무침(고추장)
메뉴 대분류: 무침류
메뉴 소분류: 어패류무침
식재료: 게맛살, 어육함량이 낮은것, 오이, 다다기, 생것, 고추장, 개량, 참기름, 간장, 개량, 양조, 설탕, 백설탕, 파, 쪽파, 생것"
D133002,골뱅이무침(초고추장),무침류,어패류무침,"오이, 다다기, 생것, 양배추, 생것, 당근, 뿌리, 생것, 오징어, 포, 조미하여 말린것, 고추장, 개량, 고추, 풋고추, 생것, 고춧가루, 설탕, 백설탕, 식초, 감식초","메뉴명: 골뱅이무침(초고추장)
메뉴 대분류: 무침류
메뉴 소분류: 어패류무침
식재료: 오이, 다다기, 생것, 양배추, 생것, 당근, 뿌리, 생것, 오징어, 포, 조미하여 말린것, 고추장, 개량, 고추, 풋고추, 생것, 고춧가루, 설탕, 백설탕, 식초, 감식초"
D133003,굴무침,무침류,어패류무침,"굴, 참굴, 양식, 생것, 파, 쪽파, 생것, 고춧가루, 마늘, 생것, 소금, 천일염, 가는소금, 참기름","메뉴명: 굴무침
메뉴 대분류: 무침류
메뉴 소분류: 어패류무침
식재료: 굴, 참굴, 양식, 생것, 파, 쪽파, 생것, 고춧가루, 마늘, 생것, 소금, 천일염, 가는소금, 참기름"
D133004,굴무침(무),무침류,어패류무침,"굴, 참굴, 양식, 생것, 무, 조선무, 생것, 파, 쪽파, 생것, 고춧가루, 설탕, 백설탕, 소금, 천일염, 가는소금, 식초, 양조, 마늘, 생것","메뉴명: 굴무침(무)
메뉴 대분류: 무침류
메뉴 소분류: 어패류무침
식재료: 굴, 참굴, 양식, 생것, 무, 조선무, 생것, 파, 쪽파, 생것, 고춧가루, 설탕, 백설탕, 소금, 천일염, 가는소금, 식초, 양조, 마늘, 생것"
D133006,꼴뚜기무침(초고추장),무침류,어패류무침,"꼴뚜기, 불똥꼴뚜기, 삶은것, 무, 조선무, 생것, 오이, 취청, 생것, 미나리, 물미나리, 데친것, 양파, 생것, 파, 쪽파, 생것, 고추장, 개량, 식초, 감식초, 간장, 재래, 고춧가루, 마늘, 생것, 소금, 천일염, 가는소금","메뉴명: 꼴뚜기무침(초고추장)
메뉴 대분류: 무침류
메뉴 소분류: 어패류무침
식재료: 꼴뚜기, 불똥꼴뚜기, 삶은것, 무, 조선무, 생것, 오이, 취청, 생것, 미나리, 물미나리, 데친것, 양파, 생것, 파, 쪽파, 생것, 고추장, 개량, 식초, 감식초, 간장, 재래, 고춧가루, 마늘, 생것, 소금, 천일염, 가는소금"
D133007,낙지무침(초고추장),무침류,어패류무침,"낙지, 세발낙지, 생것, 무, 조선무, 생것, 오이, 취청, 생것, 미나리, 물미나리, 생것, 양파, 생것, 파, 쪽파, 생것, 고추장, 개량, 식초, 감식초, 간장, 재래, 고춧가루, 마늘, 생것, 소금, 천일염, 가는소금","메뉴명: 낙지무침(초고추장)
메뉴 대분류: 무침류
메뉴 소분류: 어패류무침
식재료: 낙지, 세발낙지, 생것, 무, 조선무, 생것, 오이, 취청, 생것, 미나리, 물미나리, 생것, 양파, 생것, 파, 쪽파, 생것, 고추장, 개량, 식초, 감식초, 간장, 재래, 고춧가루, 마늘, 생것, 소금, 천일염, 가는소금"
D133008,노가리채무침(고추장),무침류,어패류무침,"명태, 노가리, 말린것, 고추장, 개량, 참기름, 간장, 재래, 고춧가루, 마늘, 생것, 설탕, 백설탕, 파, 쪽파, 생것","메뉴명: 노가리채무침(고추장)
메뉴 대분류: 무침류
메뉴 소분류: 어패류무침
식재료: 명태, 노가리, 말린것, 고추장, 개량, 참기름, 간장, 재래, 고춧가루, 마늘, 생것, 설탕, 백설탕, 파, 쪽파, 생것"
D133009,대구포무침(고추장),무침류,어패류무침,"대구, 포, 말린것, 고추장, 개량, 참기름, 간장, 재래, 고춧가루, 마늘, 생것, 설탕, 백설탕, 파, 쪽파, 생것","메뉴명: 대구포무침(고추장)
메뉴 대분류: 무침류
메뉴 소분류: 어패류무침
식재료: 대구, 포, 말린것, 고추장, 개량, 참기름, 간장, 재래, 고춧가루, 마늘, 생것, 설탕, 백설탕, 파, 쪽파, 생것"
D133010,멸치무침(고추장),무침류,어패류무침,"멸치, 중멸치, 삶아서 말린것, 고추장, 개량, 참기름, 간장, 개량, 양조, 고춧가루, 마늘, 생것, 설탕, 백설탕, 파, 대파, 생것","메뉴명: 멸치무침(고추장)
메뉴 대분류: 무침류
메뉴 소분류: 어패류무침
식재료: 멸치, 중멸치, 삶아서 말린것, 고추장, 개량, 참기름, 간장, 개량, 양조, 고춧가루, 마늘, 생것, 설탕, 백설탕, 파, 대파, 생것"
D133011,문어무침(고추장),무침류,어패류무침,"문어, 삶은것, 무, 조선무, 생것, 오이, 취청, 생것, 미나리, 물미나리, 생것, 양파, 생것, 고추장, 개량, 참기름, 파, 쪽파, 생것, 간장, 재래, 고춧가루, 마늘, 생것, 소금, 천일염, 가는소금","메뉴명: 문어무침(고추장)
메뉴 대분류: 무침류
메뉴 소분류: 어패류무침
식재료: 문어, 삶은것, 무, 조선무, 생것, 오이, 취청, 생것, 미나리, 물미나리, 생것, 양파, 생것, 고추장, 개량, 참기름, 파, 쪽파, 생것, 간장, 재래, 고춧가루, 마늘, 생것, 소금, 천일염, 가는소금"
D133012,북어채무침(고추장),무침류,어패류무침,"명태, 북어, 말린것, 고추장, 개량, 참기름, 고춧가루, 설탕, 백설탕, 파, 쪽파, 생것","메뉴명: 북어채무침(고추장)
메뉴 대분류: 무침류
메뉴 소분류: 어패류무침
식재료: 명태, 북어, 말린것, 고추장, 개량, 참기름, 고춧가루, 설탕, 백설탕, 파, 쪽파, 생것"
D133013,새우무침(고추장),무침류,어패류무침,"새우, 중하, 삶아서 말린것, 고추장, 개량, 간장, 개량, 양조, 참기름, 설탕, 백설탕, 파, 쪽파, 생것","메뉴명: 새우무침(고추장)
메뉴 대분류: 무침류
메뉴 소분류: 어패류무침
식재료: 새우, 중하, 삶아서 말린것, 고추장, 개량, 간장, 개량, 양조, 참기름, 설탕, 백설탕, 파, 쪽파, 생것"
D133014,소라무침(초고추장),무침류,어패류무침,"소라, 생것, 간장, 개량, 양조, 고추장, 개량, 마늘, 생것, 설탕, 백설탕, 식초, 감식초, 고추냉이, 페이스트, 고춧가루, 탄산 음료, 사이다, 파, 쪽파, 생것","메뉴명: 소라무침(초고추장)
메뉴 대분류: 무침류
메뉴 소분류: 어패류무침
식재료: 소라, 생것, 간장, 개량, 양조, 고추장, 개량, 마늘, 생것, 설탕, 백설탕, 식초, 감식초, 고추냉이, 페이스트, 고춧가루, 탄산 음료, 사이다, 파, 쪽파, 생것"
D133015,오징어무침(초고추장),무침류,어패류무침,"오징어, 구운것, 고추장, 개량, 파, 대파, 생것, 설탕, 백설탕, 식초, 감식초, 마늘, 생것, 참깨, 흰색, 볶은것, 생강, 뿌리줄기, 생것, 참기름","메뉴명: 오징어무침(초고추장)
메뉴 대분류: 무침류
메뉴 소분류: 어패류무침
식재료: 오징어, 구운것, 고추장, 개량, 파, 대파, 생것, 설탕, 백설탕, 식초, 감식초, 마늘, 생것, 참깨, 흰색, 볶은것, 생강, 뿌리줄기, 생것, 참기름"
D133016,"오징어무침(초고추장, 어묵)",무침류,어패류무침,"오징어, 구운것, 고추장, 개량, 어묵, 파, 대파, 생것, 설탕, 백설탕, 식초, 감식초, 마늘, 생것, 참깨, 흰색, 볶은것, 생강, 뿌리줄기, 생것, 참기름","메뉴명: 오징어무침(초고추장, 어묵)
메뉴 대분류: 무침류
메뉴 소분류: 어패류무침
식재료: 오징어, 구운것, 고추장, 개량, 어묵, 파, 대파, 생것, 설탕, 백설탕, 식초, 감식초, 마늘, 생것, 참깨, 흰색, 볶은것, 생강, 뿌리줄기, 생것, 참기름"
D133017,"오징어무침(초고추장, 파)",무침류,어패류무침,"오징어, 구운것, 고추장, 개량, 파, 쪽파, 생것, 설탕, 백설탕, 식초, 감식초, 마늘, 생것, 참깨, 흰색, 볶은것, 생강, 뿌리줄기, 생것, 참기름","메뉴명: 오징어무침(초고추장, 파)
메뉴 대분류: 무침류
메뉴 소분류: 어패류무침
식재료: 오징어, 구운것, 고추장, 개량, 파, 쪽파, 생것, 설탕, 백설탕, 식초, 감식초, 마늘, 생것, 참깨, 흰색, 볶은것, 생강, 뿌리줄기, 생것, 참기름"
D133018,"오징어무침(초고추장, 풋마늘)",무침류,어패류무침,"오징어, 구운것, 풋마늘, 잎줄기, 생것, 고춧가루, 고추장, 개량, 설탕, 백설탕, 식초, 양조, 파, 쪽파, 생것, 마늘, 생것","메뉴명: 오징어무침(초고추장, 풋마늘)
메뉴 대분류: 무침류
메뉴 소분류: 어패류무침
식재료: 오징어, 구운것, 풋마늘, 잎줄기, 생것, 고춧가루, 고추장, 개량, 설탕, 백설탕, 식초, 양조, 파, 쪽파, 생것, 마늘, 생것"
D133019,오징어채무침(고추장),무침류,어패류무침,"오징어, 포, 조미하여 말린것, 고추장, 개량, 간장, 개량, 양조, 참기름, 참깨, 흰색, 볶은것","메뉴명: 오징어채무침(고추장)
메뉴 대분류: 무침류
메뉴 소분류: 어패류무침
식재료: 오징어, 포, 조미하여 말린것, 고추장, 개량, 간장, 개량, 양조, 참기름, 참깨, 흰색, 볶은것"
D133020,"오징어채무침(고추장, 물엿)",무침류,어패류무침,"오징어, 포, 조미하여 말린것, 물엿, 고추장, 개량, 간장, 개량, 양조, 참기름, 참깨, 흰색, 볶은것","메뉴명: 오징어채무침(고추장, 물엿)
메뉴 대분류: 무침류
메뉴 소분류: 어패류무침
식재료: 오징어, 포, 조미하여 말린것, 물엿, 고추장, 개량, 간장, 개량, 양조, 참기름, 참깨, 흰색, 볶은것"
D133021,오징어채무침(초고추장),무침류,어패류무침,"오징어, 포, 조미하여 말린것, 고추장, 개량, 설탕, 백설탕, 식초, 감식초, 마늘, 생것, 참깨, 흰색, 볶은것, 생강, 뿌리줄기, 생것, 참기름","메뉴명: 오징어채무침(초고추장)
메뉴 대분류: 무침류
메뉴 소분류: 어패류무침
식재료: 오징어, 포, 조미하여 말린것, 고추장, 개량, 설탕, 백설탕, 식초, 감식초, 마늘, 생것, 참깨, 흰색, 볶은것, 생강, 뿌리줄기, 생것, 참기름"
D133022,쥐포무침(고추장),무침류,어패류무침,"쥐치, 포, 말린것, 고추장, 개량, 간장, 개량, 양조, 참기름, 마늘, 생것, 설탕, 백설탕, 파, 쪽파, 생것","메뉴명: 쥐포무침(고추장)
메뉴 대분류: 무침류
메뉴 소분류: 어패류무침
식재료: 쥐치, 포, 말린것, 고추장, 개량, 간장, 개량, 양조, 참기름, 마늘, 생것, 설탕, 백설탕, 파, 쪽파, 생것"
D133023,피조개무침(초고추장),무침류,어패류무침,"조개, 피조개, 양식, 생것, 오이, 다다기, 생것, 양배추, 생것, 당근, 뿌리, 생것, 고추장, 개량, 고추, 풋고추, 생것, 마늘, 생것, 식초, 양조, 설탕, 백설탕, 파, 쪽파, 생것, 간장, 재래, 고춧가루","메뉴명: 피조개무침(초고추장)
메뉴 대분류: 무침류
메뉴 소분류: 어패류무침
식재료: 조개, 피조개, 양식, 생것, 오이, 다다기, 생것, 양배추, 생것, 당근, 뿌리, 생것, 고추장, 개량, 고추, 풋고추, 생것, 마늘, 생것, 식초, 양조, 설탕, 백설탕, 파, 쪽파, 생것, 간장, 재래, 고춧가루"
D133024,해파리냉채,무침류,어패류무침,"해파리, 생것, 게맛살, 어육함량이 낮은것, 오이, 취청, 생것, 당근, 뿌리, 생것, 설탕, 백설탕, 참기름, 마늘, 생것, 겨자, 가루, 소금, 천일염, 가는소금, 식초, 감식초","메뉴명: 해파리냉채
메뉴 대분류: 무침류
메뉴 소분류: 어패류무침
식재료: 해파리, 생것, 게맛살, 어육함량이 낮은것, 오이, 취청, 생것, 당근, 뿌리, 생것, 설탕, 백설탕, 참기름, 마늘, 생것, 겨자, 가루, 소금, 천일염, 가는소금, 식초, 감식초"
D133025,홍어회무침(초고추장),무침류,어패류무침,"홍어, 생것, 무, 조선무, 생것, 오이, 다다기, 생것, 미나리, 물미나리, 생것, 양파, 생것, 파, 쪽파, 생것, 고추장, 개량, 식초, 감식초, 간장, 개량, 양조, 고춧가루, 마늘, 생것, 소금, 천일염, 가는소금","메뉴명: 홍어회무침(초고추장)
메뉴 대분류: 무침류
메뉴 소분류: 어패류무침
식재료: 홍어, 생것, 무, 조선무, 생것, 오이, 다다기, 생것, 미나리, 물미나리, 생것, 양파, 생것, 파, 쪽파, 생것, 고추장, 개량, 식초, 감식초, 간장, 개량, 양조, 고춧가루, 마늘, 생것, 소금, 천일염, 가는소금"
D133026,홍합무침(초고추장),무침류,어패류무침,"담치, 참담치(홍합), 생것, 오이, 다다기, 생것, 양배추, 생것, 당근, 뿌리, 생것, 고추장, 개량, 고추, 풋고추, 생것, 마늘, 생것, 식초, 양조, 설탕, 백설탕, 파, 쪽파, 생것, 간장, 재래, 고춧가루","메뉴명: 홍합무침(초고추장)
메뉴 대분류: 무침류
메뉴 소분류: 어패류무침
식재료: 담치, 참담치(홍합), 생것, 오이, 다다기, 생것, 양배추, 생것, 당근, 뿌리, 생것, 고추장, 개량, 고추, 풋고추, 생것, 마늘, 생것, 식초, 양조, 설탕, 백설탕, 파, 쪽파, 생것, 간장, 재래, 고춧가루"
D133028,꼬막무침,무침류,어패류무침,"꼬막, 생것, 소금, 천일염, 가는소금, 간장, 개량, 양조, 고춧가루, 파, 대파, 생것, 마늘, 생것, 생강, 뿌리줄기, 생것, 설탕, 백설탕, 참기름, 참깨, 흰색, 볶은것, 고추, 빨간색, 말린것","메뉴명: 꼬막무침
메뉴 대분류: 무침류
메뉴 소분류: 어패류무침
식재료: 꼬막, 생것, 소금, 천일염, 가는소금, 간장, 개량, 양조, 고춧가루, 파, 대파, 생것, 마늘, 생것, 생강, 뿌리줄기, 생것, 설탕, 백설탕, 참기름, 참깨, 흰색, 볶은것, 고추, 빨간색, 말린것"
D133033,대하잣즙무침,무침류,어패류무침,"새우, 대하, 생것, 소고기, 한우(1등급), 사태(뒷사태), 생것, 오이, 다다기, 생것, 대나무순(죽순), 삶은것, 콩기름, 소금, 천일염, 가는소금","메뉴명: 대하잣즙무침
메뉴 대분류: 무침류
메뉴 소분류: 어패류무침
식재료: 새우, 대하, 생것, 소고기, 한우(1등급), 사태(뒷사태), 생것, 오이, 다다기, 생것, 대나무순(죽순), 삶은것, 콩기름, 소금, 천일염, 가는소금"
D133040,북어보푸라기(3가지색),무침류,어패류무침,"명태, 북어, 말린것, 간장, 개량, 양조, 설탕, 백설탕, 참기름, 참깨, 흰색, 볶은것, 후추, 검은색, 가루, 소금, 천일염, 가는소금","메뉴명: 북어보푸라기(3가지색)
메뉴 대분류: 무침류
메뉴 소분류: 어패류무침
식재료: 명태, 북어, 말린것, 간장, 개량, 양조, 설탕, 백설탕, 참기름, 참깨, 흰색, 볶은것, 후추, 검은색, 가루, 소금, 천일염, 가는소금"
D133041,깻잎꼬막무침,무침류,어패류무침,"꼬막, 새꼬막, 생것, 들깻잎, 생것, 양파, 생것, 부추, 두메부추, 생것, 멥쌀, 백미, 밥, 소금, 천일염, 가는소금, 참기름, 설탕, 백설탕, 고춧가루, 식초, 감식초, 마늘, 생것, 까나리, 액젓, 참깨, 흰색, 볶은것","메뉴명: 깻잎꼬막무침
메뉴 대분류: 무침류
메뉴 소분류: 어패류무침
식재료: 꼬막, 새꼬막, 생것, 들깻잎, 생것, 양파, 생것, 부추, 두메부추, 생것, 멥쌀, 백미, 밥, 소금, 천일염, 가는소금, 참기름, 설탕, 백설탕, 고춧가루, 식초, 감식초, 마늘, 생것, 까나리, 액젓, 참깨, 흰색, 볶은것"
D133042,더덕해물냉채,무침류,어패류무침,"더덕, 뿌리, 생것, 오이, 취청, 생것, 미나리, 돌미나리, 생것, 새우, 중하, 생것, 문어, 삶은것, 대나무순(죽순), 삶은것, 배, 생것, 토마토, 방울토마토, 생것, 무순, 싹, 생것, 양파, 생것, 식초, 양조, 간장, 개량, 양조, 고추장, 개량, 유자청, 마늘, 생것, 참기름, 소금, 천일염, 가는소금","메뉴명: 더덕해물냉채
메뉴 대분류: 무침류
메뉴 소분류: 어패류무침
식재료: 더덕, 뿌리, 생것, 오이, 취청, 생것, 미나리, 돌미나리, 생것, 새우, 중하, 생것, 문어, 삶은것, 대나무순(죽순), 삶은것, 배, 생것, 토마토, 방울토마토, 생것, 무순, 싹, 생것, 양파, 생것, 식초, 양조, 간장, 개량, 양조, 고추장, 개량, 유자청, 마늘, 생것, 참기름, 소금, 천일염, 가는소금"
D133043,도라지냉채,무침류,어패류무침,"도라지, 뿌리, 생것, 오이, 취청, 생것, 파프리카, 노란색, 생것, 파프리카, 빨간색, 생것, 소금, 천일염, 가는소금, 새우, 중하, 생것, 사과, 생것, 설탕, 백설탕, 들깨, 볶은것, 식초, 감식초, 겨자 페이스트","메뉴명: 도라지냉채
메뉴 대분류: 무침류
메뉴 소분류: 어패류무침
식재료: 도라지, 뿌리, 생것, 오이, 취청, 생것, 파프리카, 노란색, 생것, 파프리카, 빨간색, 생것, 소금, 천일염, 가는소금, 새우, 중하, 생것, 사과, 생것, 설탕, 백설탕, 들깨, 볶은것, 식초, 감식초, 겨자 페이스트"
D133044,미나리오징어젓갈무침과 쌈,무침류,어패류무침,"미나리, 돌미나리, 생것, 오이, 취청, 생것, 양파, 생것, 무, 조선무, 생것, 오징어, 양념젓갈, 김, 김밥용김, 말린것, 들깻잎, 생것, 배추, 생것, 설탕, 백설탕, 소금, 천일염, 가는소금, 식초, 감식초, 고춧가루, 마늘, 생것, 물엿, 마요네즈, 참기름, 참깨, 흰색, 볶은것","메뉴명: 미나리오징어젓갈무침과 쌈
메뉴 대분류: 무침류
메뉴 소분류: 어패류무침
식재료: 미나리, 돌미나리, 생것, 오이, 취청, 생것, 양파, 생것, 무, 조선무, 생것, 오징어, 양념젓갈, 김, 김밥용김, 말린것, 들깻잎, 생것, 배추, 생것, 설탕, 백설탕, 소금, 천일염, 가는소금, 식초, 감식초, 고춧가루, 마늘, 생것, 물엿, 마요네즈, 참기름, 참깨, 흰색, 볶은것"
D133045,미나리황태무침,무침류,어패류무침,"양파, 생것, 미나리, 돌미나리, 생것, 명태, 황태, 포, 말린것, 설탕, 백설탕, 고추장, 개량, 식초, 감식초, 매실청, 간장, 개량, 양조, 참기름, 참깨, 흰색, 볶은것","메뉴명: 미나리황태무침
메뉴 대분류: 무침류
메뉴 소분류: 어패류무침
식재료: 양파, 생것, 미나리, 돌미나리, 생것, 명태, 황태, 포, 말린것, 설탕, 백설탕, 고추장, 개량, 식초, 감식초, 매실청, 간장, 개량, 양조, 참기름, 참깨, 흰색, 볶은것"
D133046,새싹 주꾸미 겨자무침,무침류,어패류무침,"비타민채(다채), 어린잎, 생것, 미나리, 돌미나리, 생것, 양파, 생것, 주꾸미, 생것, 파프리카, 빨간색, 생것, 파프리카, 노란색, 생것, 밀, 중력밀가루, 소금, 천일염, 가는소금, 생강, 뿌리줄기, 생것, 간장, 개량, 양조, 식초, 감식초, 배즙, 물엿, 겨자 페이스트, 후추, 검은색, 가루, 다랑어, 가다랑어, 생것","메뉴명: 새싹 주꾸미 겨자무침
메뉴 대분류: 무침류
메뉴 소분류: 어패류무침
식재료: 비타민채(다채), 어린잎, 생것, 미나리, 돌미나리, 생것, 양파, 생것, 주꾸미, 생것, 파프리카, 빨간색, 생것, 파프리카, 노란색, 생것, 밀, 중력밀가루, 소금, 천일염, 가는소금, 생강, 뿌리줄기, 생것, 간장, 개량, 양조, 식초, 감식초, 배즙, 물엿, 겨자 페이스트, 후추, 검은색, 가루, 다랑어, 가다랑어, 생것"
D133047,잣가루 냉채,무침류,어패류무침,"새우, 중하, 생것, 오이, 다다기, 생것, 인삼, 수삼, 생것, 대추, 말린것, 호두, 볶은것, 잣, 생것, 설탕, 백설탕, 식초, 감식초, 생수, 간장, 개량, 양조, 겨자 페이스트, 소금, 천일염, 가는소금, 후추, 검은색, 가루","메뉴명: 잣가루 냉채
메뉴 대분류: 무침류
메뉴 소분류: 어패류무침
식재료: 새우, 중하, 생것, 오이, 다다기, 생것, 인삼, 수삼, 생것, 대추, 말린것, 호두, 볶은것, 잣, 생것, 설탕, 백설탕, 식초, 감식초, 생수, 간장, 개량, 양조, 겨자 페이스트, 소금, 천일염, 가는소금, 후추, 검은색, 가루"
D134001,닭무침,무침류,육류무침,"닭고기, 가슴, 삶은것, 양배추, 생것, 고춧가루, 양파, 생것, 마늘, 생것, 간장, 개량, 양조, 파, 대파, 생것, 소금, 천일염, 가는소금, 참기름, 꿀","메뉴명: 닭무침
메뉴 대분류: 무침류
메뉴 소분류: 육류무침
식재료: 닭고기, 가슴, 삶은것, 양배추, 생것, 고춧가루, 양파, 생것, 마늘, 생것, 간장, 개량, 양조, 파, 대파, 생것, 소금, 천일염, 가는소금, 참기름, 꿀"
D134002,편육무침(소고기),무침류,육류무침,"소고기, 한우(1등급), 사태(뒷사태), 생것, 식초, 양조, 파, 쪽파, 생것, 소금, 천일염, 가는소금, 간장, 개량, 양조, 고춧가루, 마늘, 생것, 참기름","메뉴명: 편육무침(소고기)
메뉴 대분류: 무침류
메뉴 소분류: 육류무침
식재료: 소고기, 한우(1등급), 사태(뒷사태), 생것, 식초, 양조, 파, 쪽파, 생것, 소금, 천일염, 가는소금, 간장, 개량, 양조, 고춧가루, 마늘, 생것, 참기름"
D134003,닭고기냉채,무침류,육류무침,"양배추, 생것, 당근, 뿌리, 생것, 오이, 취청, 생것, 닭고기, 가슴, 삶은것, 전복, 둥근전복, 생것, 배, 생것, 대나무순(죽순), 생것, 달걀, 생것, 밤, 생것, 잣, 볶은것, 연유, 점성이 높은것, 겨자, 가루, 식초, 감식초, 설탕, 백설탕, 소금, 천일염, 가는소금","메뉴명: 닭고기냉채
메뉴 대분류: 무침류
메뉴 소분류: 육류무침
식재료: 양배추, 생것, 당근, 뿌리, 생것, 오이, 취청, 생것, 닭고기, 가슴, 삶은것, 전복, 둥근전복, 생것, 배, 생것, 대나무순(죽순), 생것, 달걀, 생것, 밤, 생것, 잣, 볶은것, 연유, 점성이 높은것, 겨자, 가루, 식초, 감식초, 설탕, 백설탕, 소금, 천일염, 가는소금"
D134004,닭고기채소무침,무침류,육류무침,"닭고기, 가슴, 생것, 닭고기, 다리(넓적다리), 생것, 감자, 대지, 생것, 부추, 재래종, 생것, 소금, 천일염, 가는소금, 고춧가루, 간장, 개량, 양조, 참기름, 참깨, 흰색, 볶은것","메뉴명: 닭고기채소무침
메뉴 대분류: 무침류
메뉴 소분류: 육류무침
식재료: 닭고기, 가슴, 생것, 닭고기, 다리(넓적다리), 생것, 감자, 대지, 생것, 부추, 재래종, 생것, 소금, 천일염, 가는소금, 고춧가루, 간장, 개량, 양조, 참기름, 참깨, 흰색, 볶은것"
D134005,배냉채,무침류,육류무침,"소고기, 한우(1등급), 사태(아롱사태), 생것, 배, 생것, 밤, 생것, 대추, 말린것, 파, 대파, 생것, 마늘, 생것, 생강, 뿌리줄기, 생것, 발효주, 청주, 알코올 16%, 설탕, 백설탕, 겨자 페이스트, 식초, 감식초, 간장, 개량, 양조, 마요네즈","메뉴명: 배냉채
메뉴 대분류: 무침류
메뉴 소분류: 육류무침
식재료: 소고기, 한우(1등급), 사태(아롱사태), 생것, 배, 생것, 밤, 생것, 대추, 말린것, 파, 대파, 생것, 마늘, 생것, 생강, 뿌리줄기, 생것, 발효주, 청주, 알코올 16%, 설탕, 백설탕, 겨자 페이스트, 식초, 감식초, 간장, 개량, 양조, 마요네즈"
D134006,소고기참나물겉절이,무침류,육류무침,"참나물, 재배, 생것, 소고기, 한우(1등급), 우둔, 생것, 콩기름, 간장, 개량, 양조, 마늘, 생것, 참기름, 참깨, 흰색, 볶은것, 후추, 검은색, 가루, 고춧가루","메뉴명: 소고기참나물겉절이
메뉴 대분류: 무침류
메뉴 소분류: 육류무침
식재료: 참나물, 재배, 생것, 소고기, 한우(1등급), 우둔, 생것, 콩기름, 간장, 개량, 양조, 마늘, 생것, 참기름, 참깨, 흰색, 볶은것, 후추, 검은색, 가루, 고춧가루"
D135001,노각무침(고추장),무침류,생채(샐러드),"오이, 늙은오이, 생것, 고추장, 개량, 파, 쪽파, 생것, 들깨, 볶은것, 소금, 천일염, 가는소금, 간장, 개량, 양조, 마늘, 생것, 설탕, 백설탕, 참기름","메뉴명: 노각무침(고추장)
메뉴 대분류: 무침류
메뉴 소분류: 생채(샐러드)
식재료: 오이, 늙은오이, 생것, 고추장, 개량, 파, 쪽파, 생것, 들깨, 볶은것, 소금, 천일염, 가는소금, 간장, 개량, 양조, 마늘, 생것, 설탕, 백설탕, 참기름"
D135002,도라지무침(고추장),무침류,생채(샐러드),"도라지, 뿌리, 생것, 고추장, 개량, 파, 쪽파, 생것, 간장, 재래, 마늘, 생것, 소금, 천일염, 가는소금, 참기름, 참깨, 흰색, 볶은것","메뉴명: 도라지무침(고추장)
메뉴 대분류: 무침류
메뉴 소분류: 생채(샐러드)
식재료: 도라지, 뿌리, 생것, 고추장, 개량, 파, 쪽파, 생것, 간장, 재래, 마늘, 생것, 소금, 천일염, 가는소금, 참기름, 참깨, 흰색, 볶은것"
D135003,메쉬드포테이토,무침류,생채(샐러드),"감자, 대지, 삶은것, 달걀, 삶은것, 당근, 뿌리, 생것, 마요네즈, 오이, 다다기, 생것, 옥수수, 통조림, 가당, 포도, 건포도, 소금, 천일염, 가는소금, 설탕, 백설탕","메뉴명: 메쉬드포테이토
메뉴 대분류: 무침류
메뉴 소분류: 생채(샐러드)
식재료: 감자, 대지, 삶은것, 달걀, 삶은것, 당근, 뿌리, 생것, 마요네즈, 오이, 다다기, 생것, 옥수수, 통조림, 가당, 포도, 건포도, 소금, 천일염, 가는소금, 설탕, 백설탕"
D135004,삼무침(고추장),무침류,생채(샐러드),"인삼, 수삼, 생것, 오징어, 구운것, 마늘, 생것, 미나리, 물미나리, 데친것, 파, 쪽파, 생것, 고추장, 개량, 설탕, 백설탕, 고추, 풋고추, 생것, 간장, 개량, 양조, 고추, 빨간색, 생것, 소금, 천일염, 가는소금, 참기름, 참깨, 흰색, 볶은것","메뉴명: 삼무침(고추장)
메뉴 대분류: 무침류
메뉴 소분류: 생채(샐러드)
식재료: 인삼, 수삼, 생것, 오징어, 구운것, 마늘, 생것, 미나리, 물미나리, 데친것, 파, 쪽파, 생것, 고추장, 개량, 설탕, 백설탕, 고추, 풋고추, 생것, 간장, 개량, 양조, 고추, 빨간색, 생것, 소금, 천일염, 가는소금, 참기름, 참깨, 흰색, 볶은것"
D135005,샐러드(감자),무침류,생채(샐러드),감자 샐러드,"메뉴명: 샐러드(감자)
메뉴 대분류: 무침류
메뉴 소분류: 생채(샐러드)
식재료: 감자 샐러드"
D135006,샐러드(참치),무침류,생채(샐러드),"다랑어, 가다랑어, 통조림, 유지, 양배추, 생것, 마요네즈, 양파, 생것, 당근, 뿌리, 생것, 피망, 초록색, 생것, 설탕, 백설탕, 소금, 천일염, 가는소금","메뉴명: 샐러드(참치)
메뉴 대분류: 무침류
메뉴 소분류: 생채(샐러드)
식재료: 다랑어, 가다랑어, 통조림, 유지, 양배추, 생것, 마요네즈, 양파, 생것, 당근, 뿌리, 생것, 피망, 초록색, 생것, 설탕, 백설탕, 소금, 천일염, 가는소금"
D135020,삼채 샐러드,무침류,생채(샐러드),"삼채, 뿌리, 생것, 상추, 결구(양상추), 녹색, 생것, 무순, 싹, 생것","메뉴명: 삼채 샐러드
메뉴 대분류: 무침류
메뉴 소분류: 생채(샐러드)
식재료: 삼채, 뿌리, 생것, 상추, 결구(양상추), 녹색, 생것, 무순, 싹, 생것"
D135027,호두고추장무침,무침류,생채(샐러드),"호두, 볶은것, 참기름, 고추장, 개량, 꿀, 설탕, 백설탕, 참깨, 흰색, 볶은것","메뉴명: 호두고추장무침
메뉴 대분류: 무침류
메뉴 소분류: 생채(샐러드)
식재료: 호두, 볶은것, 참기름, 고추장, 개량, 꿀, 설탕, 백설탕, 참깨, 흰색, 볶은것"
D135028,로메인 감자샐러드,무침류,생채(샐러드),"들깻잎, 생것, 상추, 결구(양상추), 녹색, 생것, 올리브유, 상추, 반결구, 로메인, 녹색, 생것, 감자, 대지, 삶은것","메뉴명: 로메인 감자샐러드
메뉴 대분류: 무침류
메뉴 소분류: 생채(샐러드)
식재료: 들깻잎, 생것, 상추, 결구(양상추), 녹색, 생것, 올리브유, 상추, 반결구, 로메인, 녹색, 생것, 감자, 대지, 삶은것"
D135031,노각무침(고추장),무침류,생채(샐러드),"오이, 늙은오이, 생것, 고추장, 개량, 파, 쪽파, 생것, 들깨, 볶은것, 소금, 천일염, 가는소금, 간장, 개량, 양조, 마늘, 생것, 설탕, 백설탕, 참기름","메뉴명: 노각무침(고추장)
메뉴 대분류: 무침류
메뉴 소분류: 생채(샐러드)
식재료: 오이, 늙은오이, 생것, 고추장, 개량, 파, 쪽파, 생것, 들깨, 볶은것, 소금, 천일염, 가는소금, 간장, 개량, 양조, 마늘, 생것, 설탕, 백설탕, 참기름"
D135032,삼채 샐러드,무침류,생채(샐러드),"무순, 싹, 생것, 삼채, 뿌리, 생것, 상추, 결구(양상추), 녹색, 생것, 올리브유, 소금, 천일염, 가는소금","메뉴명: 삼채 샐러드
메뉴 대분류: 무침류
메뉴 소분류: 생채(샐러드)
식재료: 무순, 싹, 생것, 삼채, 뿌리, 생것, 상추, 결구(양상추), 녹색, 생것, 올리브유, 소금, 천일염, 가는소금"
D135033,메쉬드포테이토,무침류,생채(샐러드),"감자, 대지, 삶은것, 달걀, 삶은것, 당근, 뿌리, 생것, 마요네즈, 오이, 다다기, 생것, 옥수수, 통조림, 가당, 포도, 건포도, 소금, 천일염, 가는소금, 설탕, 백설탕","메뉴명: 메쉬드포테이토
메뉴 대분류: 무침류
메뉴 소분류: 생채(샐러드)
식재료: 감자, 대지, 삶은것, 달걀, 삶은것, 당근, 뿌리, 생것, 마요네즈, 오이, 다다기, 생것, 옥수수, 통조림, 가당, 포도, 건포도, 소금, 천일염, 가는소금, 설탕, 백설탕"
D135034,강낭콩샐러드,무침류,생채(샐러드),"강낭콩, 생것, 스파게티면, 말린것, 생수, 토마토, 생것, 양파, 적색, 생것, 비타민채(다채), 어린잎, 생것, 소금, 천일염, 가는소금, 치즈, 파르메산(파마산), 꿀, 레몬 착즙, 올리브유","메뉴명: 강낭콩샐러드
메뉴 대분류: 무침류
메뉴 소분류: 생채(샐러드)
식재료: 강낭콩, 생것, 스파게티면, 말린것, 생수, 토마토, 생것, 양파, 적색, 생것, 비타민채(다채), 어린잎, 생것, 소금, 천일염, 가는소금, 치즈, 파르메산(파마산), 꿀, 레몬 착즙, 올리브유"
D135035,건과일조샐러드,무침류,생채(샐러드),"조, 메조, 도정, 생것, 블루베리, 말린것, 딸기, 말린것, 사과, 동결건조, 상추, 결구(양상추), 녹색, 생것, 딸기, 생것, 과자, 크래커, 아몬드, 말린것, 요구르트, 액상(농후), 플레인, 마요네즈, 물엿, 소금, 천일염, 가는소금, 후추, 검은색, 가루","메뉴명: 건과일조샐러드
메뉴 대분류: 무침류
메뉴 소분류: 생채(샐러드)
식재료: 조, 메조, 도정, 생것, 블루베리, 말린것, 딸기, 말린것, 사과, 동결건조, 상추, 결구(양상추), 녹색, 생것, 딸기, 생것, 과자, 크래커, 아몬드, 말린것, 요구르트, 액상(농후), 플레인, 마요네즈, 물엿, 소금, 천일염, 가는소금, 후추, 검은색, 가루"
D135036,껍질콩모둠샐러드,무침류,생채(샐러드),"감자, 대지, 생것, 완두, 생것, 새우, 중하, 생것, 올리브 절임, 미숙, 초록색, 올리브 절임, 완숙, 검은색, 토마토, 방울토마토, 생것, 양파, 생것, 마요네즈, 고추냉이, 뿌리, 생것, 설탕, 백설탕, 식초, 감식초, 소금, 천일염, 가는소금, 후추, 검은색, 가루, 파슬리, 말린것","메뉴명: 껍질콩모둠샐러드
메뉴 대분류: 무침류
메뉴 소분류: 생채(샐러드)
식재료: 감자, 대지, 생것, 완두, 생것, 새우, 중하, 생것, 올리브 절임, 미숙, 초록색, 올리브 절임, 완숙, 검은색, 토마토, 방울토마토, 생것, 양파, 생것, 마요네즈, 고추냉이, 뿌리, 생것, 설탕, 백설탕, 식초, 감식초, 소금, 천일염, 가는소금, 후추, 검은색, 가루, 파슬리, 말린것"
D135037,닭가슴살 수삼냉채,무침류,생채(샐러드),"닭고기, 가슴, 생것, 생수, 인삼, 수삼, 생것, 오이, 늙은오이, 생것, 배, 돌배, 생것, 달걀, 생것, 새우, 꽃새우, 생것, 잣, 생것, 겨자, 적색, 생것, 식초, 감식초, 설탕, 백설탕, 소금, 천일염, 가는소금, 멸치 육수, 꿀, 간장, 개량, 양조","메뉴명: 닭가슴살 수삼냉채
메뉴 대분류: 무침류
메뉴 소분류: 생채(샐러드)
식재료: 닭고기, 가슴, 생것, 생수, 인삼, 수삼, 생것, 오이, 늙은오이, 생것, 배, 돌배, 생것, 달걀, 생것, 새우, 꽃새우, 생것, 잣, 생것, 겨자, 적색, 생것, 식초, 감식초, 설탕, 백설탕, 소금, 천일염, 가는소금, 멸치 육수, 꿀, 간장, 개량, 양조"
D135038,동부소스를 곁들인 참다래샐러드,무침류,생채(샐러드),"동부, 생것, 다래, 생것, 호박, 단호박, 생것, 브로콜리, 생것, 파프리카, 빨간색, 생것, 파프리카, 노란색, 생것, 느타리버섯, 생것, 소금, 천일염, 가는소금, 후추, 검은색, 가루, 올리브유, 참깨, 흰색, 볶은것, 마늘, 생것, 레몬 착즙","메뉴명: 동부소스를 곁들인 참다래샐러드
메뉴 대분류: 무침류
메뉴 소분류: 생채(샐러드)
식재료: 동부, 생것, 다래, 생것, 호박, 단호박, 생것, 브로콜리, 생것, 파프리카, 빨간색, 생것, 파프리카, 노란색, 생것, 느타리버섯, 생것, 소금, 천일염, 가는소금, 후추, 검은색, 가루, 올리브유, 참깨, 흰색, 볶은것, 마늘, 생것, 레몬 착즙"
D135039,동치미 사과 샐러드,무침류,생채(샐러드),"무 절임, 단무지, 사과, 생것, 상추, 결구(양상추), 녹색, 생것, 치커리, 잎, 생것, 호두, 말린것, 김치, 동치미, 설탕, 백설탕, 포도씨유, 파슬리, 말린것, 후추, 검은색, 가루","메뉴명: 동치미 사과 샐러드
메뉴 대분류: 무침류
메뉴 소분류: 생채(샐러드)
식재료: 무 절임, 단무지, 사과, 생것, 상추, 결구(양상추), 녹색, 생것, 치커리, 잎, 생것, 호두, 말린것, 김치, 동치미, 설탕, 백설탕, 포도씨유, 파슬리, 말린것, 후추, 검은색, 가루"
D135040,딸기 두부카프레제,무침류,생채(샐러드),"딸기, 생것, 들깻잎, 생것, 두부, 순두부, 소금, 천일염, 가는소금, 올리브유, 레몬 착즙, 꿀","메뉴명: 딸기 두부카프레제
메뉴 대분류: 무침류
메뉴 소분류: 생채(샐러드)
식재료: 딸기, 생것, 들깻잎, 생것, 두부, 순두부, 소금, 천일염, 가는소금, 올리브유, 레몬 착즙, 꿀"
D135041,딸기샐러드,무침류,생채(샐러드),"시금치, 생것, 딸기, 생것, 새우, 중하, 생것, 잣, 생것, 양파, 생것, 식초, 발사믹, 올리브유, 소금, 천일염, 가는소금, 후추, 검은색, 가루, 유채씨기름, 식초, 감식초, 꿀","메뉴명: 딸기샐러드
메뉴 대분류: 무침류
메뉴 소분류: 생채(샐러드)
식재료: 시금치, 생것, 딸기, 생것, 새우, 중하, 생것, 잣, 생것, 양파, 생것, 식초, 발사믹, 올리브유, 소금, 천일염, 가는소금, 후추, 검은색, 가루, 유채씨기름, 식초, 감식초, 꿀"
D135042,미삼샐러드,무침류,생채(샐러드),"인삼, 수삼, 생것, 양배추, 적색, 생것, 부추, 재래종, 생것, 비타민채(다채), 어린잎, 생것, 대두, 콩가루, 꿀, 레몬 착즙, 배, 생것, 파인애플, 생것, 요구르트, 호상, 플레인","메뉴명: 미삼샐러드
메뉴 대분류: 무침류
메뉴 소분류: 생채(샐러드)
식재료: 인삼, 수삼, 생것, 양배추, 적색, 생것, 부추, 재래종, 생것, 비타민채(다채), 어린잎, 생것, 대두, 콩가루, 꿀, 레몬 착즙, 배, 생것, 파인애플, 생것, 요구르트, 호상, 플레인"
D135043,봄동두부무침,무침류,생채(샐러드),"두부, 배추, 봄동, 생것, 양파, 생것, 당근, 뿌리, 생것, 고추, 빨간색, 생것, 소금, 천일염, 가는소금, 고춧가루, 간장, 개량, 양조, 까나리, 액젓, 매실청, 참기름, 참깨, 흰색, 볶은것","메뉴명: 봄동두부무침
메뉴 대분류: 무침류
메뉴 소분류: 생채(샐러드)
식재료: 두부, 배추, 봄동, 생것, 양파, 생것, 당근, 뿌리, 생것, 고추, 빨간색, 생것, 소금, 천일염, 가는소금, 고춧가루, 간장, 개량, 양조, 까나리, 액젓, 매실청, 참기름, 참깨, 흰색, 볶은것"
D135044,"상추나물(소금, 고추장, 된장)",무침류,생채(샐러드),"상추, 잎상추, 치마상추, 녹색, 생것, 양파, 생것, 당근, 뿌리, 생것, 고추, 빨간색, 생것, 소금, 천일염, 가는소금, 참깨, 흰색, 볶은것, 참기름, 고추장, 개량, 들기름, 파, 대파, 생것, 고춧가루, 된장, 개량, 마늘, 생것","메뉴명: 상추나물(소금, 고추장, 된장)
메뉴 대분류: 무침류
메뉴 소분류: 생채(샐러드)
식재료: 상추, 잎상추, 치마상추, 녹색, 생것, 양파, 생것, 당근, 뿌리, 생것, 고추, 빨간색, 생것, 소금, 천일염, 가는소금, 참깨, 흰색, 볶은것, 참기름, 고추장, 개량, 들기름, 파, 대파, 생것, 고춧가루, 된장, 개량, 마늘, 생것"
D135045,상추토마토샐러드,무침류,생채(샐러드),"토마토, 생것, 상추, 잎상추, 치마상추, 녹색, 생것, 고추장아찌, 땅콩, 볶은것, 양배추, 적색, 싹, 생것, 당근, 뿌리, 생것, 김치, 동치미, 식초, 감식초, 올리브유","메뉴명: 상추토마토샐러드
메뉴 대분류: 무침류
메뉴 소분류: 생채(샐러드)
식재료: 토마토, 생것, 상추, 잎상추, 치마상추, 녹색, 생것, 고추장아찌, 땅콩, 볶은것, 양배추, 적색, 싹, 생것, 당근, 뿌리, 생것, 김치, 동치미, 식초, 감식초, 올리브유"
D135046,오이과일채말이,무침류,생채(샐러드),"오이, 취청, 생것, 파프리카, 노란색, 생것, 파프리카, 빨간색, 생것, 배, 생것, 팽이버섯, 생것, 비타민채(다채), 어린잎, 생것, 생수, 식초, 감식초, 설탕, 백설탕, 소금, 천일염, 가는소금","메뉴명: 오이과일채말이
메뉴 대분류: 무침류
메뉴 소분류: 생채(샐러드)
식재료: 오이, 취청, 생것, 파프리카, 노란색, 생것, 파프리카, 빨간색, 생것, 배, 생것, 팽이버섯, 생것, 비타민채(다채), 어린잎, 생것, 생수, 식초, 감식초, 설탕, 백설탕, 소금, 천일염, 가는소금"
D135047,율무샐러드1,무침류,생채(샐러드),"오이, 취청, 생것, 토마토, 생것, 율무, 도정, 생것, 생수, 옥수수, 찰옥수수, 삶은것, 소금, 천일염, 가는소금, 설탕, 백설탕, 콩기름, 양파, 생것, 간장, 개량, 양조, 참깨, 흰색, 볶은것, 참기름, 올리브유","메뉴명: 율무샐러드1
메뉴 대분류: 무침류
메뉴 소분류: 생채(샐러드)
식재료: 오이, 취청, 생것, 토마토, 생것, 율무, 도정, 생것, 생수, 옥수수, 찰옥수수, 삶은것, 소금, 천일염, 가는소금, 설탕, 백설탕, 콩기름, 양파, 생것, 간장, 개량, 양조, 참깨, 흰색, 볶은것, 참기름, 올리브유"
D135048,율무샐러드2,무침류,생채(샐러드),"율무, 도정, 생것, 토마토, 방울토마토, 생것, 파프리카, 노란색, 생것, 파프리카, 주황색, 생것, 치커리, 잎, 생것, 올리브 절임, 완숙, 검은색, 옥수수, 통조림, 가당, 양파, 생것, 간장, 개량, 양조, 식초, 발사믹, 꿀, 올리브유, 소금, 천일염, 가는소금","메뉴명: 율무샐러드2
메뉴 대분류: 무침류
메뉴 소분류: 생채(샐러드)
식재료: 율무, 도정, 생것, 토마토, 방울토마토, 생것, 파프리카, 노란색, 생것, 파프리카, 주황색, 생것, 치커리, 잎, 생것, 올리브 절임, 완숙, 검은색, 옥수수, 통조림, 가당, 양파, 생것, 간장, 개량, 양조, 식초, 발사믹, 꿀, 올리브유, 소금, 천일염, 가는소금"
D135049,참외생채,무침류,생채(샐러드),"참외, 생것, 씨 제거, 파, 쪽파, 생것, 소금, 천일염, 가는소금, 고춧가루, 참깨, 흰색, 볶은것, 설탕, 백설탕, 생강, 뿌리줄기, 생것, 마늘, 생것, 새우, 젓새우, 생것, 멸치, 액젓, 물엿","메뉴명: 참외생채
메뉴 대분류: 무침류
메뉴 소분류: 생채(샐러드)
식재료: 참외, 생것, 씨 제거, 파, 쪽파, 생것, 소금, 천일염, 가는소금, 고춧가루, 참깨, 흰색, 볶은것, 설탕, 백설탕, 생강, 뿌리줄기, 생것, 마늘, 생것, 새우, 젓새우, 생것, 멸치, 액젓, 물엿"
D135050,표고버섯 토마토 샐러드,무침류,생채(샐러드),"표고버섯, 배지재배, 생것, 양파, 생것, 토마토, 생것, 셀러리, 생것, 무순, 싹, 생것, 파프리카, 빨간색, 생것, 레몬 착즙, 생수, 까나리, 액젓, 설탕, 백설탕, 소금, 천일염, 가는소금, 마늘, 생것","메뉴명: 표고버섯 토마토 샐러드
메뉴 대분류: 무침류
메뉴 소분류: 생채(샐러드)
식재료: 표고버섯, 배지재배, 생것, 양파, 생것, 토마토, 생것, 셀러리, 생것, 무순, 싹, 생것, 파프리카, 빨간색, 생것, 레몬 착즙, 생수, 까나리, 액젓, 설탕, 백설탕, 소금, 천일염, 가는소금, 마늘, 생것"
D135051,홍시소스를 곁들인 구운채소샐러드,무침류,생채(샐러드),"감, 떫은감, 연시, 생것, 감, 떫은감, 곶감, 반건시, 대나무순(죽순), 생것, 양파, 생것, 호박, 애호박, 생것, 가지, 생것, 파프리카, 빨간색, 생것, 파프리카, 노란색, 생것, 식초, 감식초, 설탕, 백설탕, 유자청, 소금, 천일염, 가는소금","메뉴명: 홍시소스를 곁들인 구운채소샐러드
메뉴 대분류: 무침류
메뉴 소분류: 생채(샐러드)
식재료: 감, 떫은감, 연시, 생것, 감, 떫은감, 곶감, 반건시, 대나무순(죽순), 생것, 양파, 생것, 호박, 애호박, 생것, 가지, 생것, 파프리카, 빨간색, 생것, 파프리카, 노란색, 생것, 식초, 감식초, 설탕, 백설탕, 유자청, 소금, 천일염, 가는소금"
D135052,망고샐러드,무침류,생채(샐러드),"멥쌀떡, 증편, 망고, 생것, 상추, 결구(양상추), 녹색, 생것, 치커리, 잎, 생것, 토마토, 방울토마토, 생것, 양파, 생것, 올리브유, 유자청, 식초, 사과식초, 소금, 천일염, 가는소금, 후추, 흰색, 가루, 파프리카, 노란색, 생것, 피망, 초록색, 생것, 피망, 빨간색, 생것, 참깨, 흰색, 볶은것","메뉴명: 망고샐러드
메뉴 대분류: 무침류
메뉴 소분류: 생채(샐러드)
식재료: 멥쌀떡, 증편, 망고, 생것, 상추, 결구(양상추), 녹색, 생것, 치커리, 잎, 생것, 토마토, 방울토마토, 생것, 양파, 생것, 올리브유, 유자청, 식초, 사과식초, 소금, 천일염, 가는소금, 후추, 흰색, 가루, 파프리카, 노란색, 생것, 피망, 초록색, 생것, 피망, 빨간색, 생것, 참깨, 흰색, 볶은것"
D135053,초계샐러드,무침류,생채(샐러드),"닭고기, 가슴, 생것, 달걀, 생것, 오이, 다다기, 생것, 피망, 초록색, 생것, 파프리카, 빨간색, 생것, 시금치, 생것, 잣, 볶은것, 식초, 사과식초, 겨자 페이스트, 설탕, 가루, 참깨, 흰색, 볶은것, 후추, 흰색, 가루, 대추, 말린것","메뉴명: 초계샐러드
메뉴 대분류: 무침류
메뉴 소분류: 생채(샐러드)
식재료: 닭고기, 가슴, 생것, 달걀, 생것, 오이, 다다기, 생것, 피망, 초록색, 생것, 파프리카, 빨간색, 생것, 시금치, 생것, 잣, 볶은것, 식초, 사과식초, 겨자 페이스트, 설탕, 가루, 참깨, 흰색, 볶은것, 후추, 흰색, 가루, 대추, 말린것"
D135054,계란숙샐러드,무침류,생채(샐러드),"달걀, 생것, 소고기, 한우(1++등급), 양지, 생것, 게맛살, 어육함량이 낮은것, 감자, 대지, 생것, 조미료, 쇠고기맛, 가루, 생수, 브로콜리, 생것, 토마토, 방울토마토, 생것, 미니파프리카, 빨간색, 생것, 부추, 솔부추, 생것, 매실청, 식초, 발사믹, 올리브유, 후추, 흰색, 가루, 식초, 사과식초","메뉴명: 계란숙샐러드
메뉴 대분류: 무침류
메뉴 소분류: 생채(샐러드)
식재료: 달걀, 생것, 소고기, 한우(1++등급), 양지, 생것, 게맛살, 어육함량이 낮은것, 감자, 대지, 생것, 조미료, 쇠고기맛, 가루, 생수, 브로콜리, 생것, 토마토, 방울토마토, 생것, 미니파프리카, 빨간색, 생것, 부추, 솔부추, 생것, 매실청, 식초, 발사믹, 올리브유, 후추, 흰색, 가루, 식초, 사과식초"
D135055,연어롤샐러드,무침류,생채(샐러드),"연어, 생것, 호박, 단호박, 생것, 토마토, 방울토마토, 생것, 시금치, 생것, 부추, 솔부추, 생것, 잣, 볶은것, 더덕, 뿌리, 생것, 마늘, 생것, 식초, 사과식초, 올리브유, 고추, 빨간색, 생것","메뉴명: 연어롤샐러드
메뉴 대분류: 무침류
메뉴 소분류: 생채(샐러드)
식재료: 연어, 생것, 호박, 단호박, 생것, 토마토, 방울토마토, 생것, 시금치, 생것, 부추, 솔부추, 생것, 잣, 볶은것, 더덕, 뿌리, 생것, 마늘, 생것, 식초, 사과식초, 올리브유, 고추, 빨간색, 생것"
D135056,가지말이샐러드,무침류,생채(샐러드),"가지, 생것, 감자, 대지, 생것, 미니파프리카, 노란색, 생것, 양파, 생것, 마늘, 생것, 머스타드 소스, 씨겨자, 올리브유, 마늘, 다진것, 설탕, 가루, 과당, 발효주, 과실주, 포도주, 적포도주, 알코올 13%, 비타민채(다채), 어린잎, 생것, 치즈, 파르메산(파마산)","메뉴명: 가지말이샐러드
메뉴 대분류: 무침류
메뉴 소분류: 생채(샐러드)
식재료: 가지, 생것, 감자, 대지, 생것, 미니파프리카, 노란색, 생것, 양파, 생것, 마늘, 생것, 머스타드 소스, 씨겨자, 올리브유, 마늘, 다진것, 설탕, 가루, 과당, 발효주, 과실주, 포도주, 적포도주, 알코올 13%, 비타민채(다채), 어린잎, 생것, 치즈, 파르메산(파마산)"
D135057,두가지묵샐러드,무침류,생채(샐러드),"올방개묵, 도토리묵, 당귀, 일당귀, 잎, 생것, 양파, 생것, 파프리카, 노란색, 생것, 배추, 생것, 간장, 개량, 양조, 유자청, 고추, 초록색, 녹광, 생것, 고추, 빨간색, 생것, 파, 대파, 생것","메뉴명: 두가지묵샐러드
메뉴 대분류: 무침류
메뉴 소분류: 생채(샐러드)
식재료: 올방개묵, 도토리묵, 당귀, 일당귀, 잎, 생것, 양파, 생것, 파프리카, 노란색, 생것, 배추, 생것, 간장, 개량, 양조, 유자청, 고추, 초록색, 녹광, 생것, 고추, 빨간색, 생것, 파, 대파, 생것"
D135058,두부채소샐러드,무침류,생채(샐러드),"두부, 표고버섯, 배지재배, 말린것, 치커리, 잎, 생것, 고추, 빨간색, 생것, 파프리카, 노란색, 생것, 토마토, 방울토마토, 생것, 요구르트, 호상, 플레인, 겨자 페이스트, 꿀, 레몬 착즙","메뉴명: 두부채소샐러드
메뉴 대분류: 무침류
메뉴 소분류: 생채(샐러드)
식재료: 두부, 표고버섯, 배지재배, 말린것, 치커리, 잎, 생것, 고추, 빨간색, 생것, 파프리카, 노란색, 생것, 토마토, 방울토마토, 생것, 요구르트, 호상, 플레인, 겨자 페이스트, 꿀, 레몬 착즙"
D135059,새콤한연어샐러드,무침류,생채(샐러드),"연어, 생것, 비타민채(다채), 어린잎, 생것, 토마토, 생것, 양파, 생것, 미니파프리카, 빨간색, 생것, 미니파프리카, 노란색, 생것, 유자청, 식초, 감식초, 발효주, 청주, 알코올 16%, 소금, 천일염, 가는소금","메뉴명: 새콤한연어샐러드
메뉴 대분류: 무침류
메뉴 소분류: 생채(샐러드)
식재료: 연어, 생것, 비타민채(다채), 어린잎, 생것, 토마토, 생것, 양파, 생것, 미니파프리카, 빨간색, 생것, 미니파프리카, 노란색, 생것, 유자청, 식초, 감식초, 발효주, 청주, 알코올 16%, 소금, 천일염, 가는소금"
D135060,주꾸미보양샐러드,무침류,생채(샐러드),"주꾸미, 생것, 사과, 생것, 더덕, 뿌리, 생것, 양파, 생것, 고추, 초록색, 녹광, 생것, 고추, 빨간색, 생것, 콩기름, 식초, 사과식초, 마늘, 다진것, 파, 대파, 생것, 소금, 천일염, 가는소금, 후추, 흰색, 가루, 레몬 착즙","메뉴명: 주꾸미보양샐러드
메뉴 대분류: 무침류
메뉴 소분류: 생채(샐러드)
식재료: 주꾸미, 생것, 사과, 생것, 더덕, 뿌리, 생것, 양파, 생것, 고추, 초록색, 녹광, 생것, 고추, 빨간색, 생것, 콩기름, 식초, 사과식초, 마늘, 다진것, 파, 대파, 생것, 소금, 천일염, 가는소금, 후추, 흰색, 가루, 레몬 착즙"
D135061,토마토제철나물 샐러드,무침류,생채(샐러드),"부추, 솔부추, 생것, 치커리, 잎, 생것, 양배추, 적색, 생것, 배추, 생것, 토마토, 방울토마토, 생것, 양파, 생것, 두부, 콩기름, 마늘, 생것, 참깨, 흰색, 볶은것, 참깨, 검은색, 볶은것, 꿀, 참기름, 간장, 개량, 양조, 레몬 착즙, 식초, 사과식초","메뉴명: 토마토제철나물 샐러드
메뉴 대분류: 무침류
메뉴 소분류: 생채(샐러드)
식재료: 부추, 솔부추, 생것, 치커리, 잎, 생것, 양배추, 적색, 생것, 배추, 생것, 토마토, 방울토마토, 생것, 양파, 생것, 두부, 콩기름, 마늘, 생것, 참깨, 흰색, 볶은것, 참깨, 검은색, 볶은것, 꿀, 참기름, 간장, 개량, 양조, 레몬 착즙, 식초, 사과식초"
D135062,고구마순나물 무침,무침류,생채(샐러드),"고구마, 잎, 생것, 양파, 생것, 된장, 개량, 두부, 마늘, 생것, 참깨, 검은색, 볶은것, 설탕, 가루, 식초, 사과식초, 참기름","메뉴명: 고구마순나물 무침
메뉴 대분류: 무침류
메뉴 소분류: 생채(샐러드)
식재료: 고구마, 잎, 생것, 양파, 생것, 된장, 개량, 두부, 마늘, 생것, 참깨, 검은색, 볶은것, 설탕, 가루, 식초, 사과식초, 참기름"
D135063,연근샐러드와 흑임자소스,무침류,생채(샐러드),"참깨, 검은색, 볶은것, 연근, 생것, 레몬, 생것, 마요네즈, 요구르트, 호상, 플레인, 식초, 사과식초","메뉴명: 연근샐러드와 흑임자소스
메뉴 대분류: 무침류
메뉴 소분류: 생채(샐러드)
식재료: 참깨, 검은색, 볶은것, 연근, 생것, 레몬, 생것, 마요네즈, 요구르트, 호상, 플레인, 식초, 사과식초"
D135064,코울슬로 샐러드,무침류,생채(샐러드),"양배추, 생것, 양파, 생것, 마요네즈, 파프리카, 빨간색, 생것, 피망, 초록색, 생것, 설탕, 가루, 식초, 사과식초","메뉴명: 코울슬로 샐러드
메뉴 대분류: 무침류
메뉴 소분류: 생채(샐러드)
식재료: 양배추, 생것, 양파, 생것, 마요네즈, 파프리카, 빨간색, 생것, 피망, 초록색, 생것, 설탕, 가루, 식초, 사과식초"
D135065,완두콩과 당근을 넣은 감자요거트샐러드,무침류,생채(샐러드),"완두, 생것, 당근, 뿌리, 생것, 감자, 대지, 생것, 요구르트, 호상, 플레인","메뉴명: 완두콩과 당근을 넣은 감자요거트샐러드
메뉴 대분류: 무침류
메뉴 소분류: 생채(샐러드)
식재료: 완두, 생것, 당근, 뿌리, 생것, 감자, 대지, 생것, 요구르트, 호상, 플레인"
D135066,마늘칩 감자샐러드,무침류,생채(샐러드),"감자, 대지, 생것, 마늘, 생것, 양파, 생것, 마요네즈, 요구르트, 호상, 플레인, 머스타드 소스, 설탕, 가루, 파슬리, 말린것","메뉴명: 마늘칩 감자샐러드
메뉴 대분류: 무침류
메뉴 소분류: 생채(샐러드)
식재료: 감자, 대지, 생것, 마늘, 생것, 양파, 생것, 마요네즈, 요구르트, 호상, 플레인, 머스타드 소스, 설탕, 가루, 파슬리, 말린것"
D135067,단호박 견과류 샐러드,무침류,생채(샐러드),"호박, 단호박, 생것, 고구마, 생것, 아몬드, 볶은것, 호두, 볶은것, 블루베리, 말린것, 당근, 뿌리, 생것, 우유, 과당","메뉴명: 단호박 견과류 샐러드
메뉴 대분류: 무침류
메뉴 소분류: 생채(샐러드)
식재료: 호박, 단호박, 생것, 고구마, 생것, 아몬드, 볶은것, 호두, 볶은것, 블루베리, 말린것, 당근, 뿌리, 생것, 우유, 과당"
D135068,치즈 두부 샐러드,무침류,생채(샐러드),"치즈, 카망베르, 두부, 비타민채(다채), 어린잎, 생것, 아몬드, 볶은것, 유자청, 식초, 사과식초, 레몬 착즙, 올리브유, 간장, 개량, 양조","메뉴명: 치즈 두부 샐러드
메뉴 대분류: 무침류
메뉴 소분류: 생채(샐러드)
식재료: 치즈, 카망베르, 두부, 비타민채(다채), 어린잎, 생것, 아몬드, 볶은것, 유자청, 식초, 사과식초, 레몬 착즙, 올리브유, 간장, 개량, 양조"
D136001,매운 락교무침,무침류,기타,"염교(락교), 파, 쪽파, 생것, 고춧가루, 마늘, 생것, 설탕, 가루, 참기름, 참깨, 흰색, 볶은것","메뉴명: 매운 락교무침
메뉴 대분류: 무침류
메뉴 소분류: 기타
식재료: 염교(락교), 파, 쪽파, 생것, 고춧가루, 마늘, 생것, 설탕, 가루, 참기름, 참깨, 흰색, 볶은것"
D140001,갓김치,김치류,김치류,"김치, 갓김치","메뉴명: 갓김치
메뉴 대분류: 김치류
메뉴 소분류: 김치류
식재료: 김치, 갓김치"
D140002,고들빼기김치,김치류,김치류,"김치, 고들빼기","메뉴명: 고들빼기김치
메뉴 대분류: 김치류
메뉴 소분류: 김치류
식재료: 김치, 고들빼기"
D140003,깍두기,김치류,김치류,"김치, 깍두기","메뉴명: 깍두기
메뉴 대분류: 김치류
메뉴 소분류: 김치류
식재료: 김치, 깍두기"
D140004,깻잎김치,김치류,김치류,"들깻잎, 생것, 참깨, 흰색, 볶은것, 간장, 개량, 양조, 고춧가루, 마늘, 생것, 멸치, 액젓, 생강, 뿌리줄기, 생것, 설탕, 백설탕","메뉴명: 깻잎김치
메뉴 대분류: 김치류
메뉴 소분류: 김치류
식재료: 들깻잎, 생것, 참깨, 흰색, 볶은것, 간장, 개량, 양조, 고춧가루, 마늘, 생것, 멸치, 액젓, 생강, 뿌리줄기, 생것, 설탕, 백설탕"
D140005,나박김치,김치류,김치류,"김치, 나박 김치","메뉴명: 나박김치
메뉴 대분류: 김치류
메뉴 소분류: 김치류
식재료: 김치, 나박 김치"
D140006,동치미,김치류,김치류,"김치, 동치미","메뉴명: 동치미
메뉴 대분류: 김치류
메뉴 소분류: 김치류
식재료: 김치, 동치미"
D140007,배추김치,김치류,김치류,"김치, 배추 김치","메뉴명: 배추김치
메뉴 대분류: 김치류
메뉴 소분류: 김치류
식재료: 김치, 배추 김치"
D140009,보쌈김치,김치류,김치류,"김치, 배추 김치, 배, 신고, 생것, 밤, 생것, 대추, 말린것, 잣, 볶은것","메뉴명: 보쌈김치
메뉴 대분류: 김치류
메뉴 소분류: 김치류
식재료: 김치, 배추 김치, 배, 신고, 생것, 밤, 생것, 대추, 말린것, 잣, 볶은것"
D140010,부추김치,김치류,김치류,"부추, 재래종, 생것, 파, 쪽파, 생것, 고춧가루, 마늘, 생것, 멸치, 젓갈, 소금, 천일염","메뉴명: 부추김치
메뉴 대분류: 김치류
메뉴 소분류: 김치류
식재료: 부추, 재래종, 생것, 파, 쪽파, 생것, 고춧가루, 마늘, 생것, 멸치, 젓갈, 소금, 천일염"
D140011,양배추김치,김치류,김치류,"양배추, 생것, 오이, 다다기, 생것, 양파, 생것, 쑥갓, 생것, 파, 쪽파, 생것, 간장, 재래, 고춧가루, 들깨, 볶은것, 마늘, 생것, 소금, 천일염, 참기름","메뉴명: 양배추김치
메뉴 대분류: 김치류
메뉴 소분류: 김치류
식재료: 양배추, 생것, 오이, 다다기, 생것, 양파, 생것, 쑥갓, 생것, 파, 쪽파, 생것, 간장, 재래, 고춧가루, 들깨, 볶은것, 마늘, 생것, 소금, 천일염, 참기름"
D140012,열무김치,김치류,김치류,"김치, 열무 김치","메뉴명: 열무김치
메뉴 대분류: 김치류
메뉴 소분류: 김치류
식재료: 김치, 열무 김치"
D140014,총각김치,김치류,김치류,"김치, 총각 김치","메뉴명: 총각김치
메뉴 대분류: 김치류
메뉴 소분류: 김치류
식재료: 김치, 총각 김치"
D140015,파김치,김치류,김치류,"김치, 파 김치","메뉴명: 파김치
메뉴 대분류: 김치류
메뉴 소분류: 김치류
식재료: 김치, 파 김치"
D140017,갓물김치,김치류,김치류,"갓, 생것, 파, 쪽파, 생것, 소금, 천일염, 굵은소금, 배, 신고, 생것, 무, 조선무, 생것, 마늘, 생것, 생강, 뿌리줄기, 생것, 새우, 젓갈, 토굴육젓, 찹쌀, 백미, 가루","메뉴명: 갓물김치
메뉴 대분류: 김치류
메뉴 소분류: 김치류
식재료: 갓, 생것, 파, 쪽파, 생것, 소금, 천일염, 굵은소금, 배, 신고, 생것, 무, 조선무, 생것, 마늘, 생것, 생강, 뿌리줄기, 생것, 새우, 젓갈, 토굴육젓, 찹쌀, 백미, 가루"
D140031,백김치,김치류,김치류,"배추, 생것, 무, 조선무, 생것, 미나리, 물미나리, 생것, 갓, 생것, 파, 쪽파, 생것, 배, 신고, 생것, 밤, 생것, 소금, 천일염, 굵은소금, 양지국물, 찹쌀, 백미, 가루","메뉴명: 백김치
메뉴 대분류: 김치류
메뉴 소분류: 김치류
식재료: 배추, 생것, 무, 조선무, 생것, 미나리, 물미나리, 생것, 갓, 생것, 파, 쪽파, 생것, 배, 신고, 생것, 밤, 생것, 소금, 천일염, 굵은소금, 양지국물, 찹쌀, 백미, 가루"
D140039,오이소박이,김치류,김치류,"오이, 다다기, 생것, 부추, 재래종, 생것, 고춧가루, 마늘, 생것, 생강, 뿌리줄기, 생것, 새우, 젓갈, 토굴육젓, 소금, 천일염, 가는소금","메뉴명: 오이소박이
메뉴 대분류: 김치류
메뉴 소분류: 김치류
식재료: 오이, 다다기, 생것, 부추, 재래종, 생것, 고춧가루, 마늘, 생것, 생강, 뿌리줄기, 생것, 새우, 젓갈, 토굴육젓, 소금, 천일염, 가는소금"
D140044,배추김치,김치류,김치류,"김치, 배추 김치","메뉴명: 배추김치
메뉴 대분류: 김치류
메뉴 소분류: 김치류
식재료: 김치, 배추 김치"
D140046,총각김치,김치류,김치류,"김치, 총각 김치","메뉴명: 총각김치
메뉴 대분류: 김치류
메뉴 소분류: 김치류
식재료: 김치, 총각 김치"
D140047,총각김치,김치류,김치류,"김치, 총각 김치","메뉴명: 총각김치
메뉴 대분류: 김치류
메뉴 소분류: 김치류
식재료: 김치, 총각 김치"
D140048,총각김치,김치류,김치류,"김치, 총각 김치","메뉴명: 총각김치
메뉴 대분류: 김치류
메뉴 소분류: 김치류
식재료: 김치, 총각 김치"
D140049,총각김치,김치류,김치류,"김치, 총각 김치","메뉴명: 총각김치
메뉴 대분류: 김치류
메뉴 소분류: 김치류
식재료: 김치, 총각 김치"
D140057,열무김치,김치류,김치류,"김치, 열무 김치","메뉴명: 열무김치
메뉴 대분류: 김치류
메뉴 소분류: 김치류
식재료: 김치, 열무 김치"
D140059,백김치,김치류,김치류,"소금, 천일염, 굵은소금, 양지국물, 배, 신고, 생것, 석이버섯, 말린것, 파, 쪽파, 생것, 배추, 생것, 미나리, 물미나리, 생것, 무, 조선무, 생것, 갓, 생것, 밤, 생것, 찹쌀, 백미, 가루","메뉴명: 백김치
메뉴 대분류: 김치류
메뉴 소분류: 김치류
식재료: 소금, 천일염, 굵은소금, 양지국물, 배, 신고, 생것, 석이버섯, 말린것, 파, 쪽파, 생것, 배추, 생것, 미나리, 물미나리, 생것, 무, 조선무, 생것, 갓, 생것, 밤, 생것, 찹쌀, 백미, 가루"
D140060,백김치,김치류,김치류,"찹쌀, 백미, 가루, 밤, 생것, 갓, 생것, 무, 조선무, 생것, 미나리, 물미나리, 생것, 배추, 생것, 파, 쪽파, 생것, 석이버섯, 말린것, 배, 신고, 생것, 양지국물, 소금, 천일염, 굵은소금","메뉴명: 백김치
메뉴 대분류: 김치류
메뉴 소분류: 김치류
식재료: 찹쌀, 백미, 가루, 밤, 생것, 갓, 생것, 무, 조선무, 생것, 미나리, 물미나리, 생것, 배추, 생것, 파, 쪽파, 생것, 석이버섯, 말린것, 배, 신고, 생것, 양지국물, 소금, 천일염, 굵은소금"
D140061,나박김치,김치류,김치류,"김치, 나박 김치","메뉴명: 나박김치
메뉴 대분류: 김치류
메뉴 소분류: 김치류
식재료: 김치, 나박 김치"
D140063,동치미,김치류,김치류,"김치, 동치미","메뉴명: 동치미
메뉴 대분류: 김치류
메뉴 소분류: 김치류
식재료: 김치, 동치미"
D140064,오이소박이,김치류,김치류,"오이, 다다기, 생것, 부추, 재래종, 생것, 고춧가루, 마늘, 생것, 생강, 뿌리줄기, 생것, 새우, 젓갈, 토굴육젓, 소금, 천일염, 가는소금","메뉴명: 오이소박이
메뉴 대분류: 김치류
메뉴 소분류: 김치류
식재료: 오이, 다다기, 생것, 부추, 재래종, 생것, 고춧가루, 마늘, 생것, 생강, 뿌리줄기, 생것, 새우, 젓갈, 토굴육젓, 소금, 천일염, 가는소금"
D140065,동치미,김치류,김치류,"김치, 동치미","메뉴명: 동치미
메뉴 대분류: 김치류
메뉴 소분류: 김치류
식재료: 김치, 동치미"
D140068,나박김치,김치류,김치류,"김치, 나박 김치","메뉴명: 나박김치
메뉴 대분류: 김치류
메뉴 소분류: 김치류
식재료: 김치, 나박 김치"
D140069,부추김치,김치류,김치류,"부추, 재래종, 생것, 파, 쪽파, 생것, 고춧가루, 마늘, 생것, 멸치, 젓갈, 소금, 천일염","메뉴명: 부추김치
메뉴 대분류: 김치류
메뉴 소분류: 김치류
식재료: 부추, 재래종, 생것, 파, 쪽파, 생것, 고춧가루, 마늘, 생것, 멸치, 젓갈, 소금, 천일염"
D140070,양배추김치,김치류,김치류,"고춧가루, 간장, 재래, 참기름, 파, 쪽파, 생것, 오이, 다다기, 생것, 양파, 생것, 양배추, 생것, 쑥갓, 생것, 마늘, 생것, 들깨, 볶은것, 소금, 천일염","메뉴명: 양배추김치
메뉴 대분류: 김치류
메뉴 소분류: 김치류
식재료: 고춧가루, 간장, 재래, 참기름, 파, 쪽파, 생것, 오이, 다다기, 생것, 양파, 생것, 양배추, 생것, 쑥갓, 생것, 마늘, 생것, 들깨, 볶은것, 소금, 천일염"
D140072,열무 물김치,김치류,김치류,"김치, 열무 물김치","메뉴명: 열무 물김치
메뉴 대분류: 김치류
메뉴 소분류: 김치류
식재료: 김치, 열무 물김치"
D140073,유채김치,김치류,김치류,"김치, 유채 김치","메뉴명: 유채김치
메뉴 대분류: 김치류
메뉴 소분류: 김치류
식재료: 김치, 유채 김치"
D140074,유채 물김치,김치류,김치류,"김치, 유채 물김치","메뉴명: 유채 물김치
메뉴 대분류: 김치류
메뉴 소분류: 김치류
식재료: 김치, 유채 물김치"
D140075,얼갈이배추 김치,김치류,김치류,"김치, 얼갈이배추 김치","메뉴명: 얼갈이배추 김치
메뉴 대분류: 김치류
메뉴 소분류: 김치류
식재료: 김치, 얼갈이배추 김치"
D140076,무생채,김치류,김치류,"무, 조선무, 생것, 파, 대파, 생것, 마늘, 생것, 설탕, 백설탕, 새우, 젓새우, 젓갈, 참깨, 흰색, 볶은것, 고춧가루, 소금, 천일염","메뉴명: 무생채
메뉴 대분류: 김치류
메뉴 소분류: 김치류
식재료: 무, 조선무, 생것, 파, 대파, 생것, 마늘, 생것, 설탕, 백설탕, 새우, 젓새우, 젓갈, 참깨, 흰색, 볶은것, 고춧가루, 소금, 천일염"
D140077,섞박지,김치류,김치류,"배추, 생것, 무, 조선무, 생것, 미나리, 돌미나리, 생것, 파, 쪽파, 생것, 마늘, 생것, 생강, 뿌리줄기, 생것, 고춧가루, 고추, 빨간색, 말린것, 까나리, 액젓, 소금, 천일염","메뉴명: 섞박지
메뉴 대분류: 김치류
메뉴 소분류: 김치류
식재료: 배추, 생것, 무, 조선무, 생것, 미나리, 돌미나리, 생것, 파, 쪽파, 생것, 마늘, 생것, 생강, 뿌리줄기, 생것, 고춧가루, 고추, 빨간색, 말린것, 까나리, 액젓, 소금, 천일염"
D140078,고구마 김치,김치류,김치류,"고구마, 생것, 무, 조선무, 생것, 간장, 개량, 양조, 조청, 쌀, 까나리, 액젓, 멥쌀, 백미, 밥, 양파, 생것, 마늘, 생것, 생강, 뿌리줄기, 생것, 고추, 빨간색, 말린것, 고춧가루, 매실청, 새우, 젓새우, 젓갈, 고추, 초록색, 녹광, 생것, 고추, 빨간색, 생것, 소금, 천일염","메뉴명: 고구마 김치
메뉴 대분류: 김치류
메뉴 소분류: 김치류
식재료: 고구마, 생것, 무, 조선무, 생것, 간장, 개량, 양조, 조청, 쌀, 까나리, 액젓, 멥쌀, 백미, 밥, 양파, 생것, 마늘, 생것, 생강, 뿌리줄기, 생것, 고추, 빨간색, 말린것, 고춧가루, 매실청, 새우, 젓새우, 젓갈, 고추, 초록색, 녹광, 생것, 고추, 빨간색, 생것, 소금, 천일염"
D140079,고추소박이김치,김치류,김치류,"고추, 오이고추, 생것, 무, 조선무, 생것, 배, 생것, 파, 쪽파, 생것, 파프리카, 노란색, 생것, 파프리카, 빨간색, 생것, 고춧가루, 마늘, 생것, 새우, 젓새우, 젓갈, 매실청, 까나리, 액젓, 생강, 뿌리줄기, 생것, 밀, 중력밀가루, 생수, 참깨, 흰색, 볶은것, 소금, 천일염, 가는소금","메뉴명: 고추소박이김치
메뉴 대분류: 김치류
메뉴 소분류: 김치류
식재료: 고추, 오이고추, 생것, 무, 조선무, 생것, 배, 생것, 파, 쪽파, 생것, 파프리카, 노란색, 생것, 파프리카, 빨간색, 생것, 고춧가루, 마늘, 생것, 새우, 젓새우, 젓갈, 매실청, 까나리, 액젓, 생강, 뿌리줄기, 생것, 밀, 중력밀가루, 생수, 참깨, 흰색, 볶은것, 소금, 천일염, 가는소금"
D140080,늙은 호박 김치,김치류,김치류,"배추, 생것, 호박, 늙은호박, 생것, 파, 쪽파, 생것, 감자, 대지, 생것, 소금, 천일염, 고춧가루, 새우, 젓새우, 젓갈, 멸치, 액젓, 마늘, 생것","메뉴명: 늙은 호박 김치
메뉴 대분류: 김치류
메뉴 소분류: 김치류
식재료: 배추, 생것, 호박, 늙은호박, 생것, 파, 쪽파, 생것, 감자, 대지, 생것, 소금, 천일염, 고춧가루, 새우, 젓새우, 젓갈, 멸치, 액젓, 마늘, 생것"
D140081,무소박이,김치류,김치류,"배추, 생것, 무, 조선무, 생것, 파, 쪽파, 생것, 배, 생것, 생강, 뿌리줄기, 생것, 마늘, 생것, 밤, 생것, 대추, 말린것, 소금, 천일염, 새우, 젓새우, 젓갈, 까나리, 액젓","메뉴명: 무소박이
메뉴 대분류: 김치류
메뉴 소분류: 김치류
식재료: 배추, 생것, 무, 조선무, 생것, 파, 쪽파, 생것, 배, 생것, 생강, 뿌리줄기, 생것, 마늘, 생것, 밤, 생것, 대추, 말린것, 소금, 천일염, 새우, 젓새우, 젓갈, 까나리, 액젓"
D140082,시금치물김치,김치류,김치류,"시금치, 생것, 마늘, 생것, 생강, 뿌리줄기, 생것, 양파, 생것, 고추, 빨간색, 생것, 멸치, 대멸치, 삶아서 말린것, 다시마, 말린것, 생수, 밀, 중력밀가루, 소금, 천일염, 굵은소금, 고춧가루","메뉴명: 시금치물김치
메뉴 대분류: 김치류
메뉴 소분류: 김치류
식재료: 시금치, 생것, 마늘, 생것, 생강, 뿌리줄기, 생것, 양파, 생것, 고추, 빨간색, 생것, 멸치, 대멸치, 삶아서 말린것, 다시마, 말린것, 생수, 밀, 중력밀가루, 소금, 천일염, 굵은소금, 고춧가루"
D140083,열무김치,김치류,김치류,"열무, 생것, 소금, 천일염, 굵은소금, 고추, 빨간색, 생것, 고춧가루, 까나리, 액젓, 마늘, 생것, 생강, 뿌리줄기, 생것, 배, 생것, 양파, 생것, 설탕, 백설탕, 소금, 천일염, 참깨, 흰색, 볶은것, 참깨, 검은색, 말린것, 다시마 육수, 찹쌀, 백미, 생것","메뉴명: 열무김치
메뉴 대분류: 김치류
메뉴 소분류: 김치류
식재료: 열무, 생것, 소금, 천일염, 굵은소금, 고추, 빨간색, 생것, 고춧가루, 까나리, 액젓, 마늘, 생것, 생강, 뿌리줄기, 생것, 배, 생것, 양파, 생것, 설탕, 백설탕, 소금, 천일염, 참깨, 흰색, 볶은것, 참깨, 검은색, 말린것, 다시마 육수, 찹쌀, 백미, 생것"
D140084,오이소박이,김치류,김치류,"오이, 취청, 생것, 부추, 재래종, 생것, 고춧가루, 소금, 천일염, 굵은소금, 생수, 양파, 생것, 까나리, 액젓, 매실청, 마늘, 생것","메뉴명: 오이소박이
메뉴 대분류: 김치류
메뉴 소분류: 김치류
식재료: 오이, 취청, 생것, 부추, 재래종, 생것, 고춧가루, 소금, 천일염, 굵은소금, 생수, 양파, 생것, 까나리, 액젓, 매실청, 마늘, 생것"
D140085,죽순참외물김치,김치류,김치류,"대나무순(죽순), 생것, 참외, 생것, 씨 제거, 파, 쪽파, 생것, 고추, 빨간색, 생것, 밀, 중력밀가루, 소금, 천일염, 생수, 양파, 생것, 마늘, 생것, 생강, 뿌리줄기, 생것, 새우, 젓새우, 젓갈, 고춧가루","메뉴명: 죽순참외물김치
메뉴 대분류: 김치류
메뉴 소분류: 김치류
식재료: 대나무순(죽순), 생것, 참외, 생것, 씨 제거, 파, 쪽파, 생것, 고추, 빨간색, 생것, 밀, 중력밀가루, 소금, 천일염, 생수, 양파, 생것, 마늘, 생것, 생강, 뿌리줄기, 생것, 새우, 젓새우, 젓갈, 고춧가루"
D140086,콩나물물김치,김치류,김치류,"콩나물, 생것, 파, 쪽파, 생것, 고추, 빨간색, 생것, 소금, 천일염, 생수, 양파, 생것, 배, 생것, 마늘, 생것, 생강, 뿌리줄기, 생것, 새우, 젓새우, 젓갈","메뉴명: 콩나물물김치
메뉴 대분류: 김치류
메뉴 소분류: 김치류
식재료: 콩나물, 생것, 파, 쪽파, 생것, 고추, 빨간색, 생것, 소금, 천일염, 생수, 양파, 생것, 배, 생것, 마늘, 생것, 생강, 뿌리줄기, 생것, 새우, 젓새우, 젓갈"
D140087,풋고추 물김치,김치류,김치류,"고추, 풋고추, 생것, 무, 조선무, 생것, 파, 쪽파, 생것, 고추, 빨간색, 생것, 생수, 밀, 중력밀가루, 소금, 천일염, 굵은소금, 설탕, 백설탕, 까나리, 액젓, 새우, 젓새우, 젓갈","메뉴명: 풋고추 물김치
메뉴 대분류: 김치류
메뉴 소분류: 김치류
식재료: 고추, 풋고추, 생것, 무, 조선무, 생것, 파, 쪽파, 생것, 고추, 빨간색, 생것, 생수, 밀, 중력밀가루, 소금, 천일염, 굵은소금, 설탕, 백설탕, 까나리, 액젓, 새우, 젓새우, 젓갈"
D140088,고추김치,김치류,김치류,"고추, 오이고추, 생것, 다랑어, 가다랑어 육수, 간장, 개량, 양조, 부추, 솔부추, 생것, 연근, 생것, 무, 조선무, 생것, 고춧가루, 생강청, 참깨, 흰색, 볶은것","메뉴명: 고추김치
메뉴 대분류: 김치류
메뉴 소분류: 김치류
식재료: 고추, 오이고추, 생것, 다랑어, 가다랑어 육수, 간장, 개량, 양조, 부추, 솔부추, 생것, 연근, 생것, 무, 조선무, 생것, 고춧가루, 생강청, 참깨, 흰색, 볶은것"
D140089,함초김치,김치류,김치류,"갯나물, 퉁퉁마디(함초), 하우스, 생것, 배추, 생것, 양파, 생것, 무, 조선무, 생것, 간장, 개량, 양조, 오렌지 주스, 유자청, 식초, 양조, 설탕, 가루, 멸치 육수, 티백, 채소 포함","메뉴명: 함초김치
메뉴 대분류: 김치류
메뉴 소분류: 김치류
식재료: 갯나물, 퉁퉁마디(함초), 하우스, 생것, 배추, 생것, 양파, 생것, 무, 조선무, 생것, 간장, 개량, 양조, 오렌지 주스, 유자청, 식초, 양조, 설탕, 가루, 멸치 육수, 티백, 채소 포함"
D140090,가지겉절이,김치류,김치류,"가지, 생것, 양파, 생것, 파, 대파, 생것, 고추, 초록색, 녹광, 생것, 고추, 빨간색, 생것, 간장, 개량, 양조, 고추장, 개량, 생강청, 마늘, 다진것, 참깨, 흰색, 볶은것, 매실청, 고춧가루, 식초, 양조","메뉴명: 가지겉절이
메뉴 대분류: 김치류
메뉴 소분류: 김치류
식재료: 가지, 생것, 양파, 생것, 파, 대파, 생것, 고추, 초록색, 녹광, 생것, 고추, 빨간색, 생것, 간장, 개량, 양조, 고추장, 개량, 생강청, 마늘, 다진것, 참깨, 흰색, 볶은것, 매실청, 고춧가루, 식초, 양조"
D140091,매실동치미,김치류,김치류,"무, 조선무, 생것, 연근, 생것, 사과, 생것, 배, 생것, 소금, 가공염, 퉁퉁마디(함초), 매실청, 생강청, 고추, 청양고추, 생것","메뉴명: 매실동치미
메뉴 대분류: 김치류
메뉴 소분류: 김치류
식재료: 무, 조선무, 생것, 연근, 생것, 사과, 생것, 배, 생것, 소금, 가공염, 퉁퉁마디(함초), 매실청, 생강청, 고추, 청양고추, 생것"
D140092,저염동치미,김치류,김치류,"갯나물, 퉁퉁마디(함초), 하우스, 생것, 사과, 생것, 양파, 생것, 무, 조선무, 생것, 파, 쪽파, 생것, 고추, 초록색, 녹광, 생것, 고추, 빨간색, 생것, 마늘, 생것, 소금, 가공염, 퉁퉁마디(함초), 찹쌀, 백미, 가루, 매실청","메뉴명: 저염동치미
메뉴 대분류: 김치류
메뉴 소분류: 김치류
식재료: 갯나물, 퉁퉁마디(함초), 하우스, 생것, 사과, 생것, 양파, 생것, 무, 조선무, 생것, 파, 쪽파, 생것, 고추, 초록색, 녹광, 생것, 고추, 빨간색, 생것, 마늘, 생것, 소금, 가공염, 퉁퉁마디(함초), 찹쌀, 백미, 가루, 매실청"
D140093,참외깍두기,김치류,김치류,"참외, 생것, 씨 제거, 양파, 생것, 고추, 초록색, 녹광, 생것, 고추, 빨간색, 생것, 파, 대파, 생것, 미나리, 물미나리, 생것, 간장, 개량, 양조, 생강청, 고춧가루, 참깨, 흰색, 볶은것, 마늘, 다진것","메뉴명: 참외깍두기
메뉴 대분류: 김치류
메뉴 소분류: 김치류
식재료: 참외, 생것, 씨 제거, 양파, 생것, 고추, 초록색, 녹광, 생것, 고추, 빨간색, 생것, 파, 대파, 생것, 미나리, 물미나리, 생것, 간장, 개량, 양조, 생강청, 고춧가루, 참깨, 흰색, 볶은것, 마늘, 다진것"
D140094,토마토김치,김치류,김치류,"토마토, 방울토마토, 생것, 부추, 솔부추, 생것, 양파, 생것, 고추, 초록색, 녹광, 생것, 고추, 빨간색, 생것, 바나나, 생것, 배, 생것, 고춧가루, 매실청, 간장, 개량, 양조, 참깨, 흰색, 볶은것, 마늘, 다진것, 참기름, 새우, 젓갈","메뉴명: 토마토김치
메뉴 대분류: 김치류
메뉴 소분류: 김치류
식재료: 토마토, 방울토마토, 생것, 부추, 솔부추, 생것, 양파, 생것, 고추, 초록색, 녹광, 생것, 고추, 빨간색, 생것, 바나나, 생것, 배, 생것, 고춧가루, 매실청, 간장, 개량, 양조, 참깨, 흰색, 볶은것, 마늘, 다진것, 참기름, 새우, 젓갈"
D140095,비트양파김치,김치류,김치류,"양파, 생것, 생수, 소금, 천일염, 가는소금, 식초, 양조, 비트, 뿌리, 생것, 생강청, 고추, 청양고추, 생것","메뉴명: 비트양파김치
메뉴 대분류: 김치류
메뉴 소분류: 김치류
식재료: 양파, 생것, 생수, 소금, 천일염, 가는소금, 식초, 양조, 비트, 뿌리, 생것, 생강청, 고추, 청양고추, 생것"
D140096,더덕비트물김치,김치류,김치류,"더덕, 뿌리, 생것, 양파, 생것, 고추, 초록색, 녹광, 생것, 고추, 빨간색, 생것, 식초, 양조, 비트, 뿌리, 생것, 소금, 가공염, 퉁퉁마디(함초), 생강청","메뉴명: 더덕비트물김치
메뉴 대분류: 김치류
메뉴 소분류: 김치류
식재료: 더덕, 뿌리, 생것, 양파, 생것, 고추, 초록색, 녹광, 생것, 고추, 빨간색, 생것, 식초, 양조, 비트, 뿌리, 생것, 소금, 가공염, 퉁퉁마디(함초), 생강청"
D140097,치자연근물김치,김치류,김치류,"연근, 생것, 당근, 뿌리, 생것, 미나리, 물미나리, 생것, 고추, 초록색, 녹광, 생것, 고추, 빨간색, 생것, 마늘, 생것, 치자꽃, 생것, 생강청, 식초, 양조, 소금, 천일염, 가는소금, 설탕, 가루","메뉴명: 치자연근물김치
메뉴 대분류: 김치류
메뉴 소분류: 김치류
식재료: 연근, 생것, 당근, 뿌리, 생것, 미나리, 물미나리, 생것, 고추, 초록색, 녹광, 생것, 고추, 빨간색, 생것, 마늘, 생것, 치자꽃, 생것, 생강청, 식초, 양조, 소금, 천일염, 가는소금, 설탕, 가루"
D140098,논우렁순무섞박지,김치류,김치류,"콜라비, 생것, 우렁이, 논우렁이, 생것, 미나리, 물미나리, 생것, 양파, 생것, 고추, 초록색, 녹광, 생것, 고추, 빨간색, 생것, 파, 대파, 생것, 고춧가루, 생강청, 간장, 개량, 양조, 마늘, 다진것, 요구르트, 호상, 플레인","메뉴명: 논우렁순무섞박지
메뉴 대분류: 김치류
메뉴 소분류: 김치류
식재료: 콜라비, 생것, 우렁이, 논우렁이, 생것, 미나리, 물미나리, 생것, 양파, 생것, 고추, 초록색, 녹광, 생것, 고추, 빨간색, 생것, 파, 대파, 생것, 고춧가루, 생강청, 간장, 개량, 양조, 마늘, 다진것, 요구르트, 호상, 플레인"
D140099,고구마 김치,김치류,김치류,"고구마, 생것, 미나리, 물미나리, 생것, 고추, 빨간색, 생것, 고춧가루, 과당, 마늘, 생것, 새우, 젓갈, 참깨, 흰색, 볶은것","메뉴명: 고구마 김치
메뉴 대분류: 김치류
메뉴 소분류: 김치류
식재료: 고구마, 생것, 미나리, 물미나리, 생것, 고추, 빨간색, 생것, 고춧가루, 과당, 마늘, 생것, 새우, 젓갈, 참깨, 흰색, 볶은것"
D140100,콜라비 깍두기,김치류,김치류,"콜라비, 생것, 파, 쪽파, 생것, 고추, 빨간색, 생것, 생강, 뿌리줄기, 생것, 양파, 생것, 고춧가루, 까나리, 액젓, 마늘, 생것, 매실청, 소금, 천일염, 굵은소금","메뉴명: 콜라비 깍두기
메뉴 대분류: 김치류
메뉴 소분류: 김치류
식재료: 콜라비, 생것, 파, 쪽파, 생것, 고추, 빨간색, 생것, 생강, 뿌리줄기, 생것, 양파, 생것, 고춧가루, 까나리, 액젓, 마늘, 생것, 매실청, 소금, 천일염, 굵은소금"
D140101,비타 오이 물김치,김치류,김치류,"오이, 다다기, 생것, 무, 조선무, 생것, 고추, 빨간색, 생것, 파프리카, 노란색, 생것, 당근, 뿌리, 생것, 미나리, 물미나리, 생것, 식초, 사과식초, 배, 생것, 고춧가루, 설탕, 가루, 생수","메뉴명: 비타 오이 물김치
메뉴 대분류: 김치류
메뉴 소분류: 김치류
식재료: 오이, 다다기, 생것, 무, 조선무, 생것, 고추, 빨간색, 생것, 파프리카, 노란색, 생것, 당근, 뿌리, 생것, 미나리, 물미나리, 생것, 식초, 사과식초, 배, 생것, 고춧가루, 설탕, 가루, 생수"
D140102,배 깍두기,김치류,김치류,"배, 신고, 생것, 파, 쪽파, 생것, 고춧가루, 까나리, 액젓, 마늘, 생것","메뉴명: 배 깍두기
메뉴 대분류: 김치류
메뉴 소분류: 김치류
식재료: 배, 신고, 생것, 파, 쪽파, 생것, 고춧가루, 까나리, 액젓, 마늘, 생것"
D151001,굴회,회류,어패류회,"굴, 참굴, 양식, 생것","메뉴명: 굴회
메뉴 대분류: 회류
메뉴 소분류: 어패류회
식재료: 굴, 참굴, 양식, 생것"
D151002,낙지회,회류,어패류회,"낙지, 세발낙지, 생것","메뉴명: 낙지회
메뉴 대분류: 회류
메뉴 소분류: 어패류회
식재료: 낙지, 세발낙지, 생것"
D151003,멍게회,회류,어패류회,"멍게, 양식, 생것","메뉴명: 멍게회
메뉴 대분류: 회류
메뉴 소분류: 어패류회
식재료: 멍게, 양식, 생것"
D151004,문어회,회류,어패류회,"문어, 생것","메뉴명: 문어회
메뉴 대분류: 회류
메뉴 소분류: 어패류회
식재료: 문어, 생것"
D151005,소라회,회류,어패류회,"소라, 생것","메뉴명: 소라회
메뉴 대분류: 회류
메뉴 소분류: 어패류회
식재료: 소라, 생것"
D151006,오징어숙회,회류,어패류회,"오징어, 구운것, 간장, 개량, 양조, 고추장, 개량, 마늘, 생것, 설탕, 백설탕, 식초, 감식초, 고추냉이, 페이스트, 고춧가루, 탄산 음료, 사이다, 파, 쪽파, 생것","메뉴명: 오징어숙회
메뉴 대분류: 회류
메뉴 소분류: 어패류회
식재료: 오징어, 구운것, 간장, 개량, 양조, 고추장, 개량, 마늘, 생것, 설탕, 백설탕, 식초, 감식초, 고추냉이, 페이스트, 고춧가루, 탄산 음료, 사이다, 파, 쪽파, 생것"
D151007,한치회,회류,어패류회,"한치, 생것","메뉴명: 한치회
메뉴 대분류: 회류
메뉴 소분류: 어패류회
식재료: 한치, 생것"
D151008,해삼회,회류,어패류회,"해삼, 생것, 간장, 개량, 양조, 고추장, 개량, 마늘, 생것, 설탕, 백설탕, 식초, 감식초, 고추냉이, 페이스트, 고춧가루, 탄산 음료, 사이다, 파, 쪽파, 생것","메뉴명: 해삼회
메뉴 대분류: 회류
메뉴 소분류: 어패류회
식재료: 해삼, 생것, 간장, 개량, 양조, 고추장, 개량, 마늘, 생것, 설탕, 백설탕, 식초, 감식초, 고추냉이, 페이스트, 고춧가루, 탄산 음료, 사이다, 파, 쪽파, 생것"
D151009,홍어회,회류,어패류회,"무, 조선무, 생것, 오이, 다다기, 생것, 홍어, 생것, 미나리, 물미나리, 생것, 양파, 생것, 파, 쪽파, 생것, 고추장, 개량, 식초, 감식초, 간장, 개량, 양조, 고춧가루, 마늘, 생것, 소금, 천일염, 가는소금","메뉴명: 홍어회
메뉴 대분류: 회류
메뉴 소분류: 어패류회
식재료: 무, 조선무, 생것, 오이, 다다기, 생것, 홍어, 생것, 미나리, 물미나리, 생것, 양파, 생것, 파, 쪽파, 생것, 고추장, 개량, 식초, 감식초, 간장, 개량, 양조, 고춧가루, 마늘, 생것, 소금, 천일염, 가는소금"
D151017,생선회,회류,어패류회,"민어, 생것, 가리비, 관자, 생것, 참기름, 잣, 볶은것, 고추, 빨간색, 생것, 후추, 검은색, 가루, 고추장, 개량, 식초, 감식초, 설탕, 백설탕, 마늘, 생것","메뉴명: 생선회
메뉴 대분류: 회류
메뉴 소분류: 어패류회
식재료: 민어, 생것, 가리비, 관자, 생것, 참기름, 잣, 볶은것, 고추, 빨간색, 생것, 후추, 검은색, 가루, 고추장, 개량, 식초, 감식초, 설탕, 백설탕, 마늘, 생것"
D152001,양회,회류,육류회,"소 부산물, 양(위), 생것, 소금, 천일염, 가는소금, 참기름, 파, 쪽파, 생것, 마늘, 생것, 후추, 검은색, 가루","메뉴명: 양회
메뉴 대분류: 회류
메뉴 소분류: 육류회
식재료: 소 부산물, 양(위), 생것, 소금, 천일염, 가는소금, 참기름, 파, 쪽파, 생것, 마늘, 생것, 후추, 검은색, 가루"
D152002,육회,회류,육류회,"소고기, 한우(1등급), 우둔(우둔살), 생것, 소금, 천일염, 가는소금, 참기름, 파, 대파, 생것, 마늘, 생것, 후추, 검은색, 가루","메뉴명: 육회
메뉴 대분류: 회류
메뉴 소분류: 육류회
식재료: 소고기, 한우(1등급), 우둔(우둔살), 생것, 소금, 천일염, 가는소금, 참기름, 파, 대파, 생것, 마늘, 생것, 후추, 검은색, 가루"
D153002,부추강회,회류,채소류회,"부추, 재래종, 데친것, 오징어, 구운것, 간장, 재래, 식초, 양조, 참기름","메뉴명: 부추강회
메뉴 대분류: 회류
메뉴 소분류: 채소류회
식재료: 부추, 재래종, 데친것, 오징어, 구운것, 간장, 재래, 식초, 양조, 참기름"
D153003,파강회,회류,채소류회,"파, 쪽파, 생것, 간장, 개량, 양조, 식초, 감식초, 참기름","메뉴명: 파강회
메뉴 대분류: 회류
메뉴 소분류: 채소류회
식재료: 파, 쪽파, 생것, 간장, 개량, 양조, 식초, 감식초, 참기름"
D153005,미나리강회,회류,채소류회,"미나리, 물미나리, 데친것, 소고기, 한우(1등급), 사태(뒷사태), 생것, 소금, 천일염, 가는소금, 고추, 빨간색, 생것, 달걀, 부침(달걀프라이)","메뉴명: 미나리강회
메뉴 대분류: 회류
메뉴 소분류: 채소류회
식재료: 미나리, 물미나리, 데친것, 소고기, 한우(1등급), 사태(뒷사태), 생것, 소금, 천일염, 가는소금, 고추, 빨간색, 생것, 달걀, 부침(달걀프라이)"
D160001,갈치젓,젓갈류,젓갈류,"갈치, 젓갈","메뉴명: 갈치젓
메뉴 대분류: 젓갈류
메뉴 소분류: 젓갈류
식재료: 갈치, 젓갈"
D160002,게장,젓갈류,젓갈류,"게, 꽃게, 생것, 간장, 개량, 양조, 파, 쪽파, 생것, 마늘, 생것, 참기름","메뉴명: 게장
메뉴 대분류: 젓갈류
메뉴 소분류: 젓갈류
식재료: 게, 꽃게, 생것, 간장, 개량, 양조, 파, 쪽파, 생것, 마늘, 생것, 참기름"
D160003,꼴뚜기젓,젓갈류,젓갈류,"꼴뚜기, 젓갈","메뉴명: 꼴뚜기젓
메뉴 대분류: 젓갈류
메뉴 소분류: 젓갈류
식재료: 꼴뚜기, 젓갈"
D160004,멸치젓,젓갈류,젓갈류,"멸치, 젓갈","메뉴명: 멸치젓
메뉴 대분류: 젓갈류
메뉴 소분류: 젓갈류
식재료: 멸치, 젓갈"
D160006,밴댕이젓,젓갈류,젓갈류,"밴댕이, 젓갈","메뉴명: 밴댕이젓
메뉴 대분류: 젓갈류
메뉴 소분류: 젓갈류
식재료: 밴댕이, 젓갈"
D160007,새우젓,젓갈류,젓갈류,"새우, 젓새우, 젓갈","메뉴명: 새우젓
메뉴 대분류: 젓갈류
메뉴 소분류: 젓갈류
식재료: 새우, 젓새우, 젓갈"
D160008,아가미젓,젓갈류,젓갈류,"대구, 아가미, 젓갈","메뉴명: 아가미젓
메뉴 대분류: 젓갈류
메뉴 소분류: 젓갈류
식재료: 대구, 아가미, 젓갈"
D160009,어리굴젓,젓갈류,젓갈류,"굴, 참굴, 양념젓갈(어리굴젓)","메뉴명: 어리굴젓
메뉴 대분류: 젓갈류
메뉴 소분류: 젓갈류
식재료: 굴, 참굴, 양념젓갈(어리굴젓)"
D160011,오징어젓(양념),젓갈류,젓갈류,"오징어, 양념젓갈","메뉴명: 오징어젓(양념)
메뉴 대분류: 젓갈류
메뉴 소분류: 젓갈류
식재료: 오징어, 양념젓갈"
D160012,전어젓,젓갈류,젓갈류,"전어, 젓갈","메뉴명: 전어젓
메뉴 대분류: 젓갈류
메뉴 소분류: 젓갈류
식재료: 전어, 젓갈"
D160013,조기젓,젓갈류,젓갈류,"조기(참조기), 젓갈","메뉴명: 조기젓
메뉴 대분류: 젓갈류
메뉴 소분류: 젓갈류
식재료: 조기(참조기), 젓갈"
D160015,황새치젓,젓갈류,젓갈류,"황새치, 젓갈","메뉴명: 황새치젓
메뉴 대분류: 젓갈류
메뉴 소분류: 젓갈류
식재료: 황새치, 젓갈"
D160018,벌떡게장,젓갈류,젓갈류,"게, 꽃게, 생것, 마늘, 생것, 생강, 뿌리줄기, 생것, 간장, 개량, 양조, 간장, 재래","메뉴명: 벌떡게장
메뉴 대분류: 젓갈류
메뉴 소분류: 젓갈류
식재료: 게, 꽃게, 생것, 마늘, 생것, 생강, 뿌리줄기, 생것, 간장, 개량, 양조, 간장, 재래"
D160023,대구젓,젓갈류,젓갈류,"대구, 젓갈","메뉴명: 대구젓
메뉴 대분류: 젓갈류
메뉴 소분류: 젓갈류
식재료: 대구, 젓갈"
D160024,송어젓,젓갈류,젓갈류,"송어, 젓갈","메뉴명: 송어젓
메뉴 대분류: 젓갈류
메뉴 소분류: 젓갈류
식재료: 송어, 젓갈"
D160025,은어젓,젓갈류,젓갈류,"은어, 내장, 젓갈","메뉴명: 은어젓
메뉴 대분류: 젓갈류
메뉴 소분류: 젓갈류
식재료: 은어, 내장, 젓갈"
D160026,바지락젓,젓갈류,젓갈류,"바지락, 젓갈","메뉴명: 바지락젓
메뉴 대분류: 젓갈류
메뉴 소분류: 젓갈류
식재료: 바지락, 젓갈"
D160027,전복젓(염절임),젓갈류,젓갈류,"전복, 젓갈","메뉴명: 전복젓(염절임)
메뉴 대분류: 젓갈류
메뉴 소분류: 젓갈류
식재료: 전복, 젓갈"
D160028,게젓(염절임),젓갈류,젓갈류,"게, 닭게, 젓갈","메뉴명: 게젓(염절임)
메뉴 대분류: 젓갈류
메뉴 소분류: 젓갈류
식재료: 게, 닭게, 젓갈"
D160029,성게젓,젓갈류,젓갈류,"성게, 젓갈","메뉴명: 성게젓
메뉴 대분류: 젓갈류
메뉴 소분류: 젓갈류
식재료: 성게, 젓갈"
D160030,해삼젓(염절임),젓갈류,젓갈류,"해삼, 젓갈","메뉴명: 해삼젓(염절임)
메뉴 대분류: 젓갈류
메뉴 소분류: 젓갈류
식재료: 해삼, 젓갈"
D160031,까나리젓,젓갈류,젓갈류,"까나리, 액젓","메뉴명: 까나리젓
메뉴 대분류: 젓갈류
메뉴 소분류: 젓갈류
식재료: 까나리, 액젓"
D160032,명란젓,젓갈류,젓갈류,"명태, 알, 양념젓갈(명란젓)","메뉴명: 명란젓
메뉴 대분류: 젓갈류
메뉴 소분류: 젓갈류
식재료: 명태, 알, 양념젓갈(명란젓)"
D160033,조개젓(염절임),젓갈류,젓갈류,"조개, 젓갈","메뉴명: 조개젓(염절임)
메뉴 대분류: 젓갈류
메뉴 소분류: 젓갈류
식재료: 조개, 젓갈"
D160034,"낙지젓(양념,염절임)",젓갈류,젓갈류,"낙지, 양념젓갈","메뉴명: 낙지젓(양념,염절임)
메뉴 대분류: 젓갈류
메뉴 소분류: 젓갈류
식재료: 낙지, 양념젓갈"
D160035,"멍게젓(양념,염절임)",젓갈류,젓갈류,"멍게, 양념젓갈","메뉴명: 멍게젓(양념,염절임)
메뉴 대분류: 젓갈류
메뉴 소분류: 젓갈류
식재료: 멍게, 양념젓갈"
D170001,고들빼기장아찌,절임류,장아찌,"고들빼기, 생것, 간장, 개량, 양조, 고춧가루, 된장, 개량, 마늘, 생것","메뉴명: 고들빼기장아찌
메뉴 대분류: 절임류
메뉴 소분류: 장아찌
식재료: 고들빼기, 생것, 간장, 개량, 양조, 고춧가루, 된장, 개량, 마늘, 생것"
D170002,고추장아찌,절임류,장아찌,고추장아찌,"메뉴명: 고추장아찌
메뉴 대분류: 절임류
메뉴 소분류: 장아찌
식재료: 고추장아찌"
D170003,깻잎장아찌,절임류,장아찌,들깻잎장아찌,"메뉴명: 깻잎장아찌
메뉴 대분류: 절임류
메뉴 소분류: 장아찌
식재료: 들깻잎장아찌"
D170004,도라지장아찌,절임류,장아찌,"도라지, 뿌리, 생것, 간장, 개량, 양조, 고춧가루, 된장, 개량, 마늘, 생것","메뉴명: 도라지장아찌
메뉴 대분류: 절임류
메뉴 소분류: 장아찌
식재료: 도라지, 뿌리, 생것, 간장, 개량, 양조, 고춧가루, 된장, 개량, 마늘, 생것"
D170005,마늘장아찌,절임류,장아찌,마늘 장아찌,"메뉴명: 마늘장아찌
메뉴 대분류: 절임류
메뉴 소분류: 장아찌
식재료: 마늘 장아찌"
D170007,양파장아찌,절임류,장아찌,양파 장아찌,"메뉴명: 양파장아찌
메뉴 대분류: 절임류
메뉴 소분류: 장아찌
식재료: 양파 장아찌"
D170008,오이장아찌,절임류,장아찌,"오이, 취청, 생것, 간장, 개량, 양조, 마늘, 생것, 설탕, 백설탕, 참기름","메뉴명: 오이장아찌
메뉴 대분류: 절임류
메뉴 소분류: 장아찌
식재료: 오이, 취청, 생것, 간장, 개량, 양조, 마늘, 생것, 설탕, 백설탕, 참기름"
D170009,참외장아찌,절임류,장아찌,"참외, 생것, 씨 제거, 간장, 개량, 양조, 고춧가루, 된장, 개량, 마늘, 생것","메뉴명: 참외장아찌
메뉴 대분류: 절임류
메뉴 소분류: 장아찌
식재료: 참외, 생것, 씨 제거, 간장, 개량, 양조, 고춧가루, 된장, 개량, 마늘, 생것"
D170012,더덕장아찌,절임류,장아찌,"더덕, 뿌리, 생것, 고추장, 개량, 마늘, 생것, 파, 대파, 생것, 참기름, 설탕, 백설탕","메뉴명: 더덕장아찌
메뉴 대분류: 절임류
메뉴 소분류: 장아찌
식재료: 더덕, 뿌리, 생것, 고추장, 개량, 마늘, 생것, 파, 대파, 생것, 참기름, 설탕, 백설탕"
D170023,마늘종 장아찌,절임류,장아찌,마늘종 장아찌,"메뉴명: 마늘종 장아찌
메뉴 대분류: 절임류
메뉴 소분류: 장아찌
식재료: 마늘종 장아찌"
D170024,산마늘장아찌(명이나물),절임류,장아찌,산마늘(명이나물)장아찌,"메뉴명: 산마늘장아찌(명이나물)
메뉴 대분류: 절임류
메뉴 소분류: 장아찌
식재료: 산마늘(명이나물)장아찌"
D170025,염교(락교)장아찌,절임류,장아찌,염교(락교),"메뉴명: 염교(락교)장아찌
메뉴 대분류: 절임류
메뉴 소분류: 장아찌
식재료: 염교(락교)"
D170026,울외장아찌,절임류,장아찌,울외장아찌,"메뉴명: 울외장아찌
메뉴 대분류: 절임류
메뉴 소분류: 장아찌
식재료: 울외장아찌"
D170027,가지장아찌,절임류,장아찌,"가지, 생것, 소금, 천일염, 가는소금, 간장, 개량, 양조, 식초, 감식초, 설탕, 백설탕, 마늘, 생것, 생강, 뿌리줄기, 생것, 고추, 빨간색, 말린것","메뉴명: 가지장아찌
메뉴 대분류: 절임류
메뉴 소분류: 장아찌
식재료: 가지, 생것, 소금, 천일염, 가는소금, 간장, 개량, 양조, 식초, 감식초, 설탕, 백설탕, 마늘, 생것, 생강, 뿌리줄기, 생것, 고추, 빨간색, 말린것"
D170028,무장아찌무침,절임류,장아찌,"무 절임, 단무지, 생수, 간장, 개량, 양조, 식초, 감식초, 마늘, 생것, 파, 대파, 생것, 설탕, 백설탕, 참기름, 참깨, 흰색, 볶은것","메뉴명: 무장아찌무침
메뉴 대분류: 절임류
메뉴 소분류: 장아찌
식재료: 무 절임, 단무지, 생수, 간장, 개량, 양조, 식초, 감식초, 마늘, 생것, 파, 대파, 생것, 설탕, 백설탕, 참기름, 참깨, 흰색, 볶은것"
D170029,새송이버섯장아찌,절임류,장아찌,"큰느타리버섯(새송이버섯), 생것, 고추, 청양고추, 생것, 고추, 빨간색, 생것, 양파, 생것, 파, 대파, 생것, 마늘, 생것, 레몬, 생것, 다시마, 말린것, 설탕, 백설탕, 간장, 개량, 양조, 생수, 식초, 감식초","메뉴명: 새송이버섯장아찌
메뉴 대분류: 절임류
메뉴 소분류: 장아찌
식재료: 큰느타리버섯(새송이버섯), 생것, 고추, 청양고추, 생것, 고추, 빨간색, 생것, 양파, 생것, 파, 대파, 생것, 마늘, 생것, 레몬, 생것, 다시마, 말린것, 설탕, 백설탕, 간장, 개량, 양조, 생수, 식초, 감식초"
D170030,양파매실장아찌,절임류,장아찌,"양파, 생것, 오이, 취청, 생것, 들깻잎, 생것, 매실청, 간장, 개량, 양조, 식초, 감식초","메뉴명: 양파매실장아찌
메뉴 대분류: 절임류
메뉴 소분류: 장아찌
식재료: 양파, 생것, 오이, 취청, 생것, 들깻잎, 생것, 매실청, 간장, 개량, 양조, 식초, 감식초"
D170031,움파장아찌,절임류,장아찌,"파, 대파, 생것, 설탕, 백설탕, 생수, 식초, 감식초, 간장, 개량, 양조","메뉴명: 움파장아찌
메뉴 대분류: 절임류
메뉴 소분류: 장아찌
식재료: 파, 대파, 생것, 설탕, 백설탕, 생수, 식초, 감식초, 간장, 개량, 양조"
D170032,사과장아찌,절임류,장아찌,"사과, 아오리, 생것, 양파, 생것, 고추, 초록색, 녹광, 생것, 고추, 빨간색, 생것, 간장, 개량, 양조, 식초, 양조, 설탕, 가루, 생강청, 매실청, 발효주, 청주, 알코올 16%","메뉴명: 사과장아찌
메뉴 대분류: 절임류
메뉴 소분류: 장아찌
식재료: 사과, 아오리, 생것, 양파, 생것, 고추, 초록색, 녹광, 생것, 고추, 빨간색, 생것, 간장, 개량, 양조, 식초, 양조, 설탕, 가루, 생강청, 매실청, 발효주, 청주, 알코올 16%"
D171001,단무지,절임류,절임류,"무 절임, 단무지","메뉴명: 단무지
메뉴 대분류: 절임류
메뉴 소분류: 절임류
식재료: 무 절임, 단무지"
D171002,무절임,절임류,절임류,"무 절임, 치킨무","메뉴명: 무절임
메뉴 대분류: 절임류
메뉴 소분류: 절임류
식재료: 무 절임, 치킨무"
D171003,무초절임(쌈무),절임류,절임류,"무 절임, 쌈무","메뉴명: 무초절임(쌈무)
메뉴 대분류: 절임류
메뉴 소분류: 절임류
식재료: 무 절임, 쌈무"
D171004,오이지,절임류,절임류,"오이지, 염절임","메뉴명: 오이지
메뉴 대분류: 절임류
메뉴 소분류: 절임류
식재료: 오이지, 염절임"
D171009,생강피클,절임류,절임류,생강 피클,"메뉴명: 생강피클
메뉴 대분류: 절임류
메뉴 소분류: 절임류
식재료: 생강 피클"
D171010,단감 피클,절임류,절임류,"감, 단감, 생것, 생수, 식초, 감식초, 설탕, 백설탕, 레몬 착즙, 소금, 천일염, 가는소금, 후추, 검은색, 가루","메뉴명: 단감 피클
메뉴 대분류: 절임류
메뉴 소분류: 절임류
식재료: 감, 단감, 생것, 생수, 식초, 감식초, 설탕, 백설탕, 레몬 착즙, 소금, 천일염, 가는소금, 후추, 검은색, 가루"
D171011,무켜피클,절임류,절임류,"무, 조선무, 생것, 양배추, 생것, 마늘, 생것, 생강, 뿌리줄기, 생것, 까나리, 액젓, 소금, 천일염, 가는소금, 설탕, 백설탕, 식초, 감식초, 비트, 뿌리, 생것","메뉴명: 무켜피클
메뉴 대분류: 절임류
메뉴 소분류: 절임류
식재료: 무, 조선무, 생것, 양배추, 생것, 마늘, 생것, 생강, 뿌리줄기, 생것, 까나리, 액젓, 소금, 천일염, 가는소금, 설탕, 백설탕, 식초, 감식초, 비트, 뿌리, 생것"
D171012,방울토마토 즉석피클,절임류,절임류,"토마토, 방울토마토, 생것, 후추, 검은색, 가루, 식초, 감식초, 식초, 발사믹, 설탕, 백설탕, 소금, 천일염, 가는소금, 바질, 잎, 생것, 올리브유, 마늘, 생것","메뉴명: 방울토마토 즉석피클
메뉴 대분류: 절임류
메뉴 소분류: 절임류
식재료: 토마토, 방울토마토, 생것, 후추, 검은색, 가루, 식초, 감식초, 식초, 발사믹, 설탕, 백설탕, 소금, 천일염, 가는소금, 바질, 잎, 생것, 올리브유, 마늘, 생것"
D171013,배피클,절임류,절임류,"배, 생것, 오이, 취청, 생것, 설탕, 백설탕, 식초, 감식초, 유자청, 소금, 천일염, 가는소금","메뉴명: 배피클
메뉴 대분류: 절임류
메뉴 소분류: 절임류
식재료: 배, 생것, 오이, 취청, 생것, 설탕, 백설탕, 식초, 감식초, 유자청, 소금, 천일염, 가는소금"
D171014,버섯고추기름절임,절임류,절임류,"팽이버섯, 생것, 양파, 생것, 파, 대파, 생것, 마늘, 생것, 파, 쪽파, 생것, 콩기름, 고춧가루, 설탕, 백설탕, 식초, 감식초, 간장, 개량, 양조","메뉴명: 버섯고추기름절임
메뉴 대분류: 절임류
메뉴 소분류: 절임류
식재료: 팽이버섯, 생것, 양파, 생것, 파, 대파, 생것, 마늘, 생것, 파, 쪽파, 생것, 콩기름, 고춧가루, 설탕, 백설탕, 식초, 감식초, 간장, 개량, 양조"
D171015,생강초절임,절임류,절임류,"생강, 뿌리줄기, 생것, 비트, 뿌리, 생것, 소금, 천일염, 가는소금, 설탕, 백설탕, 식초, 감식초, 생수","메뉴명: 생강초절임
메뉴 대분류: 절임류
메뉴 소분류: 절임류
식재료: 생강, 뿌리줄기, 생것, 비트, 뿌리, 생것, 소금, 천일염, 가는소금, 설탕, 백설탕, 식초, 감식초, 생수"
D171016,연근 피클,절임류,절임류,"연근, 생것, 식초, 감식초, 유자청, 소금, 천일염, 가는소금, 생수, 비트, 뿌리, 생것, 레몬, 생것","메뉴명: 연근 피클
메뉴 대분류: 절임류
메뉴 소분류: 절임류
식재료: 연근, 생것, 식초, 감식초, 유자청, 소금, 천일염, 가는소금, 생수, 비트, 뿌리, 생것, 레몬, 생것"
D171017,유부초절임,절임류,절임류,"사과, 생것, 두부, 유부, 양배추, 생것, 당근, 뿌리, 생것, 설탕, 가루, 식초, 사과식초, 오이, 다다기, 생것, 다시마, 생것","메뉴명: 유부초절임
메뉴 대분류: 절임류
메뉴 소분류: 절임류
식재료: 사과, 생것, 두부, 유부, 양배추, 생것, 당근, 뿌리, 생것, 설탕, 가루, 식초, 사과식초, 오이, 다다기, 생것, 다시마, 생것"
D190001,밀크쉐이크,우유 및 유제품류,우유 및 유제품류,"우유, 설탕, 백설탕, 연유, 점성이 높은것, 크림, 휘핑, 동물성","메뉴명: 밀크쉐이크
메뉴 대분류: 우유 및 유제품류
메뉴 소분류: 우유 및 유제품류
식재료: 우유, 설탕, 백설탕, 연유, 점성이 높은것, 크림, 휘핑, 동물성"
D190002,아이스크림(바닐라),우유 및 유제품류,우유 및 유제품류,"아이스크림, 바닐라맛","메뉴명: 아이스크림(바닐라)
메뉴 대분류: 우유 및 유제품류
메뉴 소분류: 우유 및 유제품류
식재료: 아이스크림, 바닐라맛"
D190003,요구르트(액상),우유 및 유제품류,우유 및 유제품류,"요구르트, 액상(농후), 플레인, 요구르트, 호상, 플레인","메뉴명: 요구르트(액상)
메뉴 대분류: 우유 및 유제품류
메뉴 소분류: 우유 및 유제품류
식재료: 요구르트, 액상(농후), 플레인, 요구르트, 호상, 플레인"
D190004,우유,우유 및 유제품류,우유 및 유제품류,우유,"메뉴명: 우유
메뉴 대분류: 우유 및 유제품류
메뉴 소분류: 우유 및 유제품류
식재료: 우유"
D190005,치즈(체다),우유 및 유제품류,우유 및 유제품류,"치즈, 체다","메뉴명: 치즈(체다)
메뉴 대분류: 우유 및 유제품류
메뉴 소분류: 우유 및 유제품류
식재료: 치즈, 체다"
D190010,잡곡 쉐이크,우유 및 유제품류,우유 및 유제품류,"잡곡, 현미, 찹쌀, 현미찹쌀, 보리 등, 생것, 우유, 꿀","메뉴명: 잡곡 쉐이크
메뉴 대분류: 우유 및 유제품류
메뉴 소분류: 우유 및 유제품류
식재료: 잡곡, 현미, 찹쌀, 현미찹쌀, 보리 등, 생것, 우유, 꿀"
D190011,우유(저지방),우유 및 유제품류,우유 및 유제품류,"우유, 저지방우유","메뉴명: 우유(저지방)
메뉴 대분류: 우유 및 유제품류
메뉴 소분류: 우유 및 유제품류
식재료: 우유, 저지방우유"
D190017,우유,우유 및 유제품류,우유 및 유제품류,"우유, 저지방우유","메뉴명: 우유
메뉴 대분류: 우유 및 유제품류
메뉴 소분류: 우유 및 유제품류
식재료: 우유, 저지방우유"
D190018,요구르트(액상),우유 및 유제품류,우유 및 유제품류,"요구르트, 호상, 플레인","메뉴명: 요구르트(액상)
메뉴 대분류: 우유 및 유제품류
메뉴 소분류: 우유 및 유제품류
식재료: 요구르트, 호상, 플레인"
D190019,요구르트(액상),우유 및 유제품류,우유 및 유제품류,"요구르트, 액상(농후), 딸기맛","메뉴명: 요구르트(액상)
메뉴 대분류: 우유 및 유제품류
메뉴 소분류: 우유 및 유제품류
식재료: 요구르트, 액상(농후), 딸기맛"
D190020,우유(저지방),우유 및 유제품류,우유 및 유제품류,"우유, 저지방우유","메뉴명: 우유(저지방)
메뉴 대분류: 우유 및 유제품류
메뉴 소분류: 우유 및 유제품류
식재료: 우유, 저지방우유"
D190023,우유(저지방),우유 및 유제품류,우유 및 유제품류,"우유, 저지방우유","메뉴명: 우유(저지방)
메뉴 대분류: 우유 및 유제품류
메뉴 소분류: 우유 및 유제품류
식재료: 우유, 저지방우유"
D190024,분유(1단계),우유 및 유제품류,우유 및 유제품류,"분유, 1단계","메뉴명: 분유(1단계)
메뉴 대분류: 우유 및 유제품류
메뉴 소분류: 우유 및 유제품류
식재료: 분유, 1단계"
D190025,분유(2단계),우유 및 유제품류,우유 및 유제품류,"분유, 2단계","메뉴명: 분유(2단계)
메뉴 대분류: 우유 및 유제품류
메뉴 소분류: 우유 및 유제품류
식재료: 분유, 2단계"
D190026,분유(3단계),우유 및 유제품류,우유 및 유제품류,"분유, 3단계","메뉴명: 분유(3단계)
메뉴 대분류: 우유 및 유제품류
메뉴 소분류: 우유 및 유제품류
식재료: 분유, 3단계"
D190027,분유(전지),우유 및 유제품류,우유 및 유제품류,"분유, 전지","메뉴명: 분유(전지)
메뉴 대분류: 우유 및 유제품류
메뉴 소분류: 우유 및 유제품류
식재료: 분유, 전지"
D190028,분유(탈지),우유 및 유제품류,우유 및 유제품류,"분유, 탈지","메뉴명: 분유(탈지)
메뉴 대분류: 우유 및 유제품류
메뉴 소분류: 우유 및 유제품류
식재료: 분유, 탈지"
D190029,산양유,우유 및 유제품류,우유 및 유제품류,산양유,"메뉴명: 산양유
메뉴 대분류: 우유 및 유제품류
메뉴 소분류: 우유 및 유제품류
식재료: 산양유"
D190030,샤베트,우유 및 유제품류,우유 및 유제품류,셔벗,"메뉴명: 샤베트
메뉴 대분류: 우유 및 유제품류
메뉴 소분류: 우유 및 유제품류
식재료: 셔벗"
D190031,아이스밀크,우유 및 유제품류,우유 및 유제품류,아이스밀크,"메뉴명: 아이스밀크
메뉴 대분류: 우유 및 유제품류
메뉴 소분류: 우유 및 유제품류
식재료: 아이스밀크"
D190034,연유,우유 및 유제품류,우유 및 유제품류,"연유, 점성이 낮은것","메뉴명: 연유
메뉴 대분류: 우유 및 유제품류
메뉴 소분류: 우유 및 유제품류
식재료: 연유, 점성이 낮은것"
D190035,"요구르트(액상,딸기맛)",우유 및 유제품류,우유 및 유제품류,"요구르트, 액상(농후), 딸기맛","메뉴명: 요구르트(액상,딸기맛)
메뉴 대분류: 우유 및 유제품류
메뉴 소분류: 우유 및 유제품류
식재료: 요구르트, 액상(농후), 딸기맛"
D190036,"요구르트(액상,플레인)",우유 및 유제품류,우유 및 유제품류,"요구르트, 액상(농후), 플레인","메뉴명: 요구르트(액상,플레인)
메뉴 대분류: 우유 및 유제품류
메뉴 소분류: 우유 및 유제품류
식재료: 요구르트, 액상(농후), 플레인"
D190037,"요구르트(호상,딸기맛)",우유 및 유제품류,우유 및 유제품류,"요구르트, 호상, 딸기맛","메뉴명: 요구르트(호상,딸기맛)
메뉴 대분류: 우유 및 유제품류
메뉴 소분류: 우유 및 유제품류
식재료: 요구르트, 호상, 딸기맛"
D190038,"요구르트(호상,플레인)",우유 및 유제품류,우유 및 유제품류,"요구르트, 호상, 플레인","메뉴명: 요구르트(호상,플레인)
메뉴 대분류: 우유 및 유제품류
메뉴 소분류: 우유 및 유제품류
식재료: 요구르트, 호상, 플레인"
D190039,"요구르트(호상,망고맛)",우유 및 유제품류,우유 및 유제품류,"요구르트, 호상, 망고맛","메뉴명: 요구르트(호상,망고맛)
메뉴 대분류: 우유 및 유제품류
메뉴 소분류: 우유 및 유제품류
식재료: 요구르트, 호상, 망고맛"
D190040,우유(딸기맛),우유 및 유제품류,우유 및 유제품류,"우유, 가공우유, 딸기맛","메뉴명: 우유(딸기맛)
메뉴 대분류: 우유 및 유제품류
메뉴 소분류: 우유 및 유제품류
식재료: 우유, 가공우유, 딸기맛"
D190041,우유(초코맛),우유 및 유제품류,우유 및 유제품류,"우유, 가공우유, 초코맛","메뉴명: 우유(초코맛)
메뉴 대분류: 우유 및 유제품류
메뉴 소분류: 우유 및 유제품류
식재료: 우유, 가공우유, 초코맛"
D190042,우유(커피맛),우유 및 유제품류,우유 및 유제품류,"우유, 가공우유, 커피맛","메뉴명: 우유(커피맛)
메뉴 대분류: 우유 및 유제품류
메뉴 소분류: 우유 및 유제품류
식재료: 우유, 가공우유, 커피맛"
D190043,우유(바나나맛),우유 및 유제품류,우유 및 유제품류,"우유, 가공우유, 바나나맛","메뉴명: 우유(바나나맛)
메뉴 대분류: 우유 및 유제품류
메뉴 소분류: 우유 및 유제품류
식재료: 우유, 가공우유, 바나나맛"
D190044,우유(고칼슘),우유 및 유제품류,우유 및 유제품류,"우유, 강화우유, 고칼슘","메뉴명: 우유(고칼슘)
메뉴 대분류: 우유 및 유제품류
메뉴 소분류: 우유 및 유제품류
식재료: 우유, 강화우유, 고칼슘"
D190045,우유(저지방우유),우유 및 유제품류,우유 및 유제품류,"우유, 저지방우유","메뉴명: 우유(저지방우유)
메뉴 대분류: 우유 및 유제품류
메뉴 소분류: 우유 및 유제품류
식재료: 우유, 저지방우유"
D190046,치즈(모짜렐라),우유 및 유제품류,우유 및 유제품류,"치즈, 모차렐라","메뉴명: 치즈(모짜렐라)
메뉴 대분류: 우유 및 유제품류
메뉴 소분류: 우유 및 유제품류
식재료: 치즈, 모차렐라"
D190047,치즈(카테지),우유 및 유제품류,우유 및 유제품류,"치즈, 카테지","메뉴명: 치즈(카테지)
메뉴 대분류: 우유 및 유제품류
메뉴 소분류: 우유 및 유제품류
식재료: 치즈, 카테지"
D190048,치즈(크림),우유 및 유제품류,우유 및 유제품류,"치즈, 크림","메뉴명: 치즈(크림)
메뉴 대분류: 우유 및 유제품류
메뉴 소분류: 우유 및 유제품류
식재료: 치즈, 크림"
D190049,치즈(파마산),우유 및 유제품류,우유 및 유제품류,"치즈, 파르메산(파마산)","메뉴명: 치즈(파마산)
메뉴 대분류: 우유 및 유제품류
메뉴 소분류: 우유 및 유제품류
식재료: 치즈, 파르메산(파마산)"
D190050,치즈(블루),우유 및 유제품류,우유 및 유제품류,"치즈, 블루","메뉴명: 치즈(블루)
메뉴 대분류: 우유 및 유제품류
메뉴 소분류: 우유 및 유제품류
식재료: 치즈, 블루"
D190051,치즈(브리),우유 및 유제품류,우유 및 유제품류,"치즈, 브리","메뉴명: 치즈(브리)
메뉴 대분류: 우유 및 유제품류
메뉴 소분류: 우유 및 유제품류
식재료: 치즈, 브리"
D190052,치즈(까망베르),우유 및 유제품류,우유 및 유제품류,"치즈, 카망베르","메뉴명: 치즈(까망베르)
메뉴 대분류: 우유 및 유제품류
메뉴 소분류: 우유 및 유제품류
식재료: 치즈, 카망베르"
D190053,치즈(고다),우유 및 유제품류,우유 및 유제품류,"치즈, 고다","메뉴명: 치즈(고다)
메뉴 대분류: 우유 및 유제품류
메뉴 소분류: 우유 및 유제품류
식재료: 치즈, 고다"
D190054,치즈(브릭),우유 및 유제품류,우유 및 유제품류,"치즈, 브릭","메뉴명: 치즈(브릭)
메뉴 대분류: 우유 및 유제품류
메뉴 소분류: 우유 및 유제품류
식재료: 치즈, 브릭"
D190055,치즈(리코타),우유 및 유제품류,우유 및 유제품류,"치즈, 리코타","메뉴명: 치즈(리코타)
메뉴 대분류: 우유 및 유제품류
메뉴 소분류: 우유 및 유제품류
식재료: 치즈, 리코타"
D190056,생크림,우유 및 유제품류,우유 및 유제품류,"크림, 생크림","메뉴명: 생크림
메뉴 대분류: 우유 및 유제품류
메뉴 소분류: 우유 및 유제품류
식재료: 크림, 생크림"
D190057,딸기요거트아이스크림,우유 및 유제품류,우유 및 유제품류,"딸기, 생것, 요구르트, 액상(농후), 플레인, 식이섬유 첨가, 우유, 꿀, 과자, 쿠키, 통밀","메뉴명: 딸기요거트아이스크림
메뉴 대분류: 우유 및 유제품류
메뉴 소분류: 우유 및 유제품류
식재료: 딸기, 생것, 요구르트, 액상(농후), 플레인, 식이섬유 첨가, 우유, 꿀, 과자, 쿠키, 통밀"
D190058,리코타치즈,우유 및 유제품류,우유 및 유제품류,"우유, 크림, 생크림, 소금, 천일염, 가는소금, 레몬 착즙","메뉴명: 리코타치즈
메뉴 대분류: 우유 및 유제품류
메뉴 소분류: 우유 및 유제품류
식재료: 우유, 크림, 생크림, 소금, 천일염, 가는소금, 레몬 착즙"
D190059,복숭아라씨,우유 및 유제품류,우유 및 유제품류,"복숭아, 백도, 생것, 우유, 요구르트, 액상, 꿀, 피스타치오, 말린것, 민트, 말린것","메뉴명: 복숭아라씨
메뉴 대분류: 우유 및 유제품류
메뉴 소분류: 우유 및 유제품류
식재료: 복숭아, 백도, 생것, 우유, 요구르트, 액상, 꿀, 피스타치오, 말린것, 민트, 말린것"
D190060,우유 아이스크림,우유 및 유제품류,우유 및 유제품류,"우유, 달걀, 생것, 크림, 생크림, 설탕, 백설탕, 꿀","메뉴명: 우유 아이스크림
메뉴 대분류: 우유 및 유제품류
메뉴 소분류: 우유 및 유제품류
식재료: 우유, 달걀, 생것, 크림, 생크림, 설탕, 백설탕, 꿀"
D190061,우유과일푸딩,우유 및 유제품류,우유 및 유제품류,"우유, 복숭아, 천도, 생것, 블루베리, 생것, 한천, 설탕, 백설탕","메뉴명: 우유과일푸딩
메뉴 대분류: 우유 및 유제품류
메뉴 소분류: 우유 및 유제품류
식재료: 우유, 복숭아, 천도, 생것, 블루베리, 생것, 한천, 설탕, 백설탕"
D190062,녹차귀리라떼,우유 및 유제품류,우유 및 유제품류,"브로콜리, 생것, 귀리, 쌀귀리, 도정, 생것, 닭 육수, 우유, 녹차, 가루, 아몬드, 볶은것, 버터, 무가염, 후추, 흰색, 가루, 소금, 천일염, 크림, 생크림, 양파, 생것","메뉴명: 녹차귀리라떼
메뉴 대분류: 우유 및 유제품류
메뉴 소분류: 우유 및 유제품류
식재료: 브로콜리, 생것, 귀리, 쌀귀리, 도정, 생것, 닭 육수, 우유, 녹차, 가루, 아몬드, 볶은것, 버터, 무가염, 후추, 흰색, 가루, 소금, 천일염, 크림, 생크림, 양파, 생것"
D200001,당근주스(캔),음료류,과채류,당근 주스,"메뉴명: 당근주스(캔)
메뉴 대분류: 음료류
메뉴 소분류: 과채류
식재료: 당근 주스"
D200002,사과주스,음료류,과채류,사과 주스,"메뉴명: 사과주스
메뉴 대분류: 음료류
메뉴 소분류: 과채류
식재료: 사과 주스"
D200003,오렌지주스,음료류,과채류,오렌지 주스,"메뉴명: 오렌지주스
메뉴 대분류: 음료류
메뉴 소분류: 과채류
식재료: 오렌지 주스"
D200004,토마토주스,음료류,과채류,토마토 음료,"메뉴명: 토마토주스
메뉴 대분류: 음료류
메뉴 소분류: 과채류
식재료: 토마토 음료"
D200005,포도주스(천연과즙),음료류,과채류,포도 주스,"메뉴명: 포도주스(천연과즙)
메뉴 대분류: 음료류
메뉴 소분류: 과채류
식재료: 포도 주스"
D200007,알로에음료,음료류,과채류,알로에 음료,"메뉴명: 알로에음료
메뉴 대분류: 음료류
메뉴 소분류: 과채류
식재료: 알로에 음료"
D200008,호박즙,음료류,과채류,호박즙,"메뉴명: 호박즙
메뉴 대분류: 음료류
메뉴 소분류: 과채류
식재료: 호박즙"
D200009,감주스,음료류,과채류,감 주스,"메뉴명: 감주스
메뉴 대분류: 음료류
메뉴 소분류: 과채류
식재료: 감 주스"
D200010,구아바주스,음료류,과채류,"구아바 주스, 과즙 음료(10%)","메뉴명: 구아바주스
메뉴 대분류: 음료류
메뉴 소분류: 과채류
식재료: 구아바 주스, 과즙 음료(10%)"
D200011,귤주스(천연과즙),음료류,과채류,귤 주스,"메뉴명: 귤주스(천연과즙)
메뉴 대분류: 음료류
메뉴 소분류: 과채류
식재료: 귤 주스"
D200012,라임주스(천연과즙),음료류,과채류,"라임 주스, 천연과즙","메뉴명: 라임주스(천연과즙)
메뉴 대분류: 음료류
메뉴 소분류: 과채류
식재료: 라임 주스, 천연과즙"
D200013,레몬과즙,음료류,과채류,레몬 착즙,"메뉴명: 레몬과즙
메뉴 대분류: 음료류
메뉴 소분류: 과채류
식재료: 레몬 착즙"
D200014,머루주스,음료류,과채류,포도 주스,"메뉴명: 머루주스
메뉴 대분류: 음료류
메뉴 소분류: 과채류
식재료: 포도 주스"
D200015,배즙,음료류,과채류,배즙,"메뉴명: 배즙
메뉴 대분류: 음료류
메뉴 소분류: 과채류
식재료: 배즙"
D200016,배 음료(캔),음료류,과채류,"배 음료, 캔","메뉴명: 배 음료(캔)
메뉴 대분류: 음료류
메뉴 소분류: 과채류
식재료: 배 음료, 캔"
D200017,사과음료,음료류,과채류,사과 음료,"메뉴명: 사과음료
메뉴 대분류: 음료류
메뉴 소분류: 과채류
식재료: 사과 음료"
D200018,유자(과육),음료류,과채류,"유자, 과육, 생것","메뉴명: 유자(과육)
메뉴 대분류: 음료류
메뉴 소분류: 과채류
식재료: 유자, 과육, 생것"
D200019,자몽주스(천연과즙),음료류,과채류,자몽 주스,"메뉴명: 자몽주스(천연과즙)
메뉴 대분류: 음료류
메뉴 소분류: 과채류
식재료: 자몽 주스"
D200020,크랜베리주스,음료류,과채류,"크랜베리 주스, 칵테일","메뉴명: 크랜베리주스
메뉴 대분류: 음료류
메뉴 소분류: 과채류
식재료: 크랜베리 주스, 칵테일"
D200021,키위주스,음료류,과채류,키위 주스,"메뉴명: 키위주스
메뉴 대분류: 음료류
메뉴 소분류: 과채류
식재료: 키위 주스"
D200022,파인애플주스,음료류,과채류,파인애플 주스,"메뉴명: 파인애플주스
메뉴 대분류: 음료류
메뉴 소분류: 과채류
식재료: 파인애플 주스"
D200023,백향과주스(천연과즙),음료류,과채류,"백향과(패션프루트) 주스, 천연과즙","메뉴명: 백향과주스(천연과즙)
메뉴 대분류: 음료류
메뉴 소분류: 과채류
식재료: 백향과(패션프루트) 주스, 천연과즙"
D200024,과일채소(음료),음료류,과채류,채소 주스,"메뉴명: 과일채소(음료)
메뉴 대분류: 음료류
메뉴 소분류: 과채류
식재료: 채소 주스"
D200025,배숙,음료류,과채류,"배, 생것, 후추, 검은색, 가루, 잣, 생것, 생강, 뿌리줄기, 생것, 설탕, 백설탕","메뉴명: 배숙
메뉴 대분류: 음료류
메뉴 소분류: 과채류
식재료: 배, 생것, 후추, 검은색, 가루, 잣, 생것, 생강, 뿌리줄기, 생것, 설탕, 백설탕"
D201001,두유,음료류,기타 음료류,"두유, 대두","메뉴명: 두유
메뉴 대분류: 음료류
메뉴 소분류: 기타 음료류
식재료: 두유, 대두"
D201003,화채(수박),음료류,기타 음료류,"수박, 적육질, 생것, 탄산 음료, 사이다","메뉴명: 화채(수박)
메뉴 대분류: 음료류
메뉴 소분류: 기타 음료류
식재료: 수박, 적육질, 생것, 탄산 음료, 사이다"
D201009,미숫가루,음료류,기타 음료류,"멥쌀, 백미, 가루, 보리, 가루, 대두, 노란색, 삶은것, 들깨, 볶은것, 참깨, 흰색, 볶은것, 율무, 도정, 생것, 설탕, 백설탕","메뉴명: 미숫가루
메뉴 대분류: 음료류
메뉴 소분류: 기타 음료류
식재료: 멥쌀, 백미, 가루, 보리, 가루, 대두, 노란색, 삶은것, 들깨, 볶은것, 참깨, 흰색, 볶은것, 율무, 도정, 생것, 설탕, 백설탕"
D201014,안동식혜,음료류,기타 음료류,"찹쌀, 백미, 생것, 무, 조선무, 생것, 보리, 엿기름, 생강, 뿌리줄기, 생것, 설탕, 백설탕, 밤, 생것, 잣, 볶은것, 고춧가루","메뉴명: 안동식혜
메뉴 대분류: 음료류
메뉴 소분류: 기타 음료류
식재료: 찹쌀, 백미, 생것, 무, 조선무, 생것, 보리, 엿기름, 생강, 뿌리줄기, 생것, 설탕, 백설탕, 밤, 생것, 잣, 볶은것, 고춧가루"
D201022,호박식혜,음료류,기타 음료류,"호박, 늙은호박, 삶은것, 호박, 단호박, 찐것, 찹쌀, 백미, 생것, 보리, 엿기름, 설탕, 백설탕, 잣, 볶은것","메뉴명: 호박식혜
메뉴 대분류: 음료류
메뉴 소분류: 기타 음료류
식재료: 호박, 늙은호박, 삶은것, 호박, 단호박, 찐것, 찹쌀, 백미, 생것, 보리, 엿기름, 설탕, 백설탕, 잣, 볶은것"
D201023,매실음료,음료류,기타 음료류,매실 음료,"메뉴명: 매실음료
메뉴 대분류: 음료류
메뉴 소분류: 기타 음료류
식재료: 매실 음료"
D201024,칡즙,음료류,기타 음료류,칡즙,"메뉴명: 칡즙
메뉴 대분류: 음료류
메뉴 소분류: 기타 음료류
식재료: 칡즙"
D201025,코코넛밀크,음료류,기타 음료류,"코코넛, 코코넛밀크","메뉴명: 코코넛밀크
메뉴 대분류: 음료류
메뉴 소분류: 기타 음료류
식재료: 코코넛, 코코넛밀크"
D201026,커피(무카페인),음료류,기타 음료류,"커피, 커피가루, 디카페인","메뉴명: 커피(무카페인)
메뉴 대분류: 음료류
메뉴 소분류: 기타 음료류
식재료: 커피, 커피가루, 디카페인"
D201027,아메리카노(2샷),음료류,기타 음료류,"커피, 아메리카노(2샷)","메뉴명: 아메리카노(2샷)
메뉴 대분류: 음료류
메뉴 소분류: 기타 음료류
식재료: 커피, 아메리카노(2샷)"
D201028,커피(에스프레소),음료류,기타 음료류,"커피, 에스프레소","메뉴명: 커피(에스프레소)
메뉴 대분류: 음료류
메뉴 소분류: 기타 음료류
식재료: 커피, 에스프레소"
D201029,기능성음료,음료류,기타 음료류,"혼합 음료, 비타민C 함유","메뉴명: 기능성음료
메뉴 대분류: 음료류
메뉴 소분류: 기타 음료류
식재료: 혼합 음료, 비타민C 함유"
D201030,레모네이드,음료류,기타 음료류,레모네이드,"메뉴명: 레모네이드
메뉴 대분류: 음료류
메뉴 소분류: 기타 음료류
식재료: 레모네이드"
D201031,쉐이크(딸기맛),음료류,기타 음료류,"셰이크, 딸기맛","메뉴명: 쉐이크(딸기맛)
메뉴 대분류: 음료류
메뉴 소분류: 기타 음료류
식재료: 셰이크, 딸기맛"
D201032,쉐이크(바닐라맛),음료류,기타 음료류,"셰이크, 바닐라맛","메뉴명: 쉐이크(바닐라맛)
메뉴 대분류: 음료류
메뉴 소분류: 기타 음료류
식재료: 셰이크, 바닐라맛"
D201033,쉐이크(초콜릿맛),음료류,기타 음료류,"셰이크, 초콜릿맛","메뉴명: 쉐이크(초콜릿맛)
메뉴 대분류: 음료류
메뉴 소분류: 기타 음료류
식재료: 셰이크, 초콜릿맛"
D201034,식혜(캔),음료류,기타 음료류,"식혜, 캔","메뉴명: 식혜(캔)
메뉴 대분류: 음료류
메뉴 소분류: 기타 음료류
식재료: 식혜, 캔"
D201035,쌀음료,음료류,기타 음료류,쌀 음료,"메뉴명: 쌀음료
메뉴 대분류: 음료류
메뉴 소분류: 기타 음료류
식재료: 쌀 음료"
D201036,이온음료(레몬향),음료류,기타 음료류,"이온 음료, 레몬향","메뉴명: 이온음료(레몬향)
메뉴 대분류: 음료류
메뉴 소분류: 기타 음료류
식재료: 이온 음료, 레몬향"
D201037,탄산음료(레몬소다),음료류,기타 음료류,"탄산 음료, 레몬소다","메뉴명: 탄산음료(레몬소다)
메뉴 대분류: 음료류
메뉴 소분류: 기타 음료류
식재료: 탄산 음료, 레몬소다"
D201038,탄산음료(보리소다),음료류,기타 음료류,"탄산 음료, 보리소다","메뉴명: 탄산음료(보리소다)
메뉴 대분류: 음료류
메뉴 소분류: 기타 음료류
식재료: 탄산 음료, 보리소다"
D201039,탄산음료(사이다),음료류,기타 음료류,"탄산 음료, 사이다","메뉴명: 탄산음료(사이다)
메뉴 대분류: 음료류
메뉴 소분류: 기타 음료류
식재료: 탄산 음료, 사이다"
D201040,탄산음료(소다수),음료류,기타 음료류,"탄산 음료, 소다수","메뉴명: 탄산음료(소다수)
메뉴 대분류: 음료류
메뉴 소분류: 기타 음료류
식재료: 탄산 음료, 소다수"
D201041,탄산음료(오렌지소다),음료류,기타 음료류,"탄산 음료, 오렌지소다","메뉴명: 탄산음료(오렌지소다)
메뉴 대분류: 음료류
메뉴 소분류: 기타 음료류
식재료: 탄산 음료, 오렌지소다"
D201042,탄산음료(요구르트소다),음료류,기타 음료류,"탄산 음료, 요구르트소다","메뉴명: 탄산음료(요구르트소다)
메뉴 대분류: 음료류
메뉴 소분류: 기타 음료류
식재료: 탄산 음료, 요구르트소다"
D201043,탄산음료(저칼로리콜라),음료류,기타 음료류,"탄산 음료, 저칼로리콜라","메뉴명: 탄산음료(저칼로리콜라)
메뉴 대분류: 음료류
메뉴 소분류: 기타 음료류
식재료: 탄산 음료, 저칼로리콜라"
D201044,탄산음료(진저에일),음료류,기타 음료류,"탄산 음료, 진저에일","메뉴명: 탄산음료(진저에일)
메뉴 대분류: 음료류
메뉴 소분류: 기타 음료류
식재료: 탄산 음료, 진저에일"
D201045,탄산음료(콜라),음료류,기타 음료류,"탄산 음료, 콜라","메뉴명: 탄산음료(콜라)
메뉴 대분류: 음료류
메뉴 소분류: 기타 음료류
식재료: 탄산 음료, 콜라"
D201047,탄산음료(파인애플소다),음료류,기타 음료류,"탄산 음료, 파인애플소다","메뉴명: 탄산음료(파인애플소다)
메뉴 대분류: 음료류
메뉴 소분류: 기타 음료류
식재료: 탄산 음료, 파인애플소다"
D201048,탄산음료(포도소다),음료류,기타 음료류,"탄산 음료, 포도소다","메뉴명: 탄산음료(포도소다)
메뉴 대분류: 음료류
메뉴 소분류: 기타 음료류
식재료: 탄산 음료, 포도소다"
D201049,토닉워터,음료류,기타 음료류,토닉워터,"메뉴명: 토닉워터
메뉴 대분류: 음료류
메뉴 소분류: 기타 음료류
식재료: 토닉워터"
D201050,두유(검은콩),음료류,기타 음료류,"두유, 검은콩","메뉴명: 두유(검은콩)
메뉴 대분류: 음료류
메뉴 소분류: 기타 음료류
식재료: 두유, 검은콩"
D201051,"두유(검은콩,검은참깨)",음료류,기타 음료류,"두유, 검은콩, 검은참깨","메뉴명: 두유(검은콩,검은참깨)
메뉴 대분류: 음료류
메뉴 소분류: 기타 음료류
식재료: 두유, 검은콩, 검은참깨"
D201052,두유(콩국물),음료류,기타 음료류,"두유, 콩국물, 소금 0.3%","메뉴명: 두유(콩국물)
메뉴 대분류: 음료류
메뉴 소분류: 기타 음료류
식재료: 두유, 콩국물, 소금 0.3%"
D201053,참외스무디,음료류,기타 음료류,"참외, 생것, 씨 제거, 요구르트, 호상, 플레인, 생수, 아몬드, 볶은것, 꿀","메뉴명: 참외스무디
메뉴 대분류: 음료류
메뉴 소분류: 기타 음료류
식재료: 참외, 생것, 씨 제거, 요구르트, 호상, 플레인, 생수, 아몬드, 볶은것, 꿀"
D203001,결명자차,음료류,차류,"결명자차, 말린것","메뉴명: 결명자차
메뉴 대분류: 음료류
메뉴 소분류: 차류
식재료: 결명자차, 말린것"
D203002,녹차,음료류,차류,녹차,"메뉴명: 녹차
메뉴 대분류: 음료류
메뉴 소분류: 차류
식재료: 녹차"
D203003,녹차(현미),음료류,차류,"녹차, 현미","메뉴명: 녹차(현미)
메뉴 대분류: 음료류
메뉴 소분류: 차류
식재료: 녹차, 현미"
D203004,보리차,음료류,차류,보리차,"메뉴명: 보리차
메뉴 대분류: 음료류
메뉴 소분류: 차류
식재료: 보리차"
D203005,수정과,음료류,차류,"감, 떫은감, 곶감, 반건시, 설탕, 흑설탕, 생강, 뿌리줄기, 생것, 설탕, 백설탕, 계피, 가루, 잣, 볶은것","메뉴명: 수정과
메뉴 대분류: 음료류
메뉴 소분류: 차류
식재료: 감, 떫은감, 곶감, 반건시, 설탕, 흑설탕, 생강, 뿌리줄기, 생것, 설탕, 백설탕, 계피, 가루, 잣, 볶은것"
D203006,식혜,음료류,차류,"보리, 엿기름, 설탕, 백설탕, 찹쌀, 백미, 생것","메뉴명: 식혜
메뉴 대분류: 음료류
메뉴 소분류: 차류
식재료: 보리, 엿기름, 설탕, 백설탕, 찹쌀, 백미, 생것"
D203007,쌍화차,음료류,차류,"쌍화차, 가루, 설탕, 백설탕","메뉴명: 쌍화차
메뉴 대분류: 음료류
메뉴 소분류: 차류
식재료: 쌍화차, 가루, 설탕, 백설탕"
D203008,오미자차,음료류,차류,"오미자, 추출","메뉴명: 오미자차
메뉴 대분류: 음료류
메뉴 소분류: 차류
식재료: 오미자, 추출"
D203009,율무차,음료류,차류,"율무차, 가루","메뉴명: 율무차
메뉴 대분류: 음료류
메뉴 소분류: 차류
식재료: 율무차, 가루"
D203010,커피(인스턴트),음료류,차류,"커피, 커피가루, 설탕, 크림, 물에 탄것(중량 12g)","메뉴명: 커피(인스턴트)
메뉴 대분류: 음료류
메뉴 소분류: 차류
식재료: 커피, 커피가루, 설탕, 크림, 물에 탄것(중량 12g)"
D203011,커피(캔),음료류,차류,"커피, 캔","메뉴명: 커피(캔)
메뉴 대분류: 음료류
메뉴 소분류: 차류
식재료: 커피, 캔"
D203012,"코코아(밀크코코아, 가루 )",음료류,차류,"코코아, 밀크코코아, 가루","메뉴명: 코코아(밀크코코아, 가루 )
메뉴 대분류: 음료류
메뉴 소분류: 차류
식재료: 코코아, 밀크코코아, 가루"
D203019,감잎차(가루),음료류,차류,감잎차,"메뉴명: 감잎차(가루)
메뉴 대분류: 음료류
메뉴 소분류: 차류
식재료: 감잎차"
D203020,계피차(가루),음료류,차류,"계피차, 가루","메뉴명: 계피차(가루)
메뉴 대분류: 음료류
메뉴 소분류: 차류
식재료: 계피차, 가루"
D203021,구기자차(말린것),음료류,차류,"구기자차, 말린것","메뉴명: 구기자차(말린것)
메뉴 대분류: 음료류
메뉴 소분류: 차류
식재료: 구기자차, 말린것"
D203022,구절초차(말린것),음료류,차류,"구절초차, 말린것","메뉴명: 구절초차(말린것)
메뉴 대분류: 음료류
메뉴 소분류: 차류
식재료: 구절초차, 말린것"
D203023,국화차(말린것),음료류,차류,"국화차, 말린것","메뉴명: 국화차(말린것)
메뉴 대분류: 음료류
메뉴 소분류: 차류
식재료: 국화차, 말린것"
D203024,녹차라떼(가루),음료류,차류,"녹차라테, 가루","메뉴명: 녹차라떼(가루)
메뉴 대분류: 음료류
메뉴 소분류: 차류
식재료: 녹차라테, 가루"
D203025,다래나무순차(추출),음료류,차류,다래나무순차,"메뉴명: 다래나무순차(추출)
메뉴 대분류: 음료류
메뉴 소분류: 차류
식재료: 다래나무순차"
D203026,대추차(추출),음료류,차류,대추차,"메뉴명: 대추차(추출)
메뉴 대분류: 음료류
메뉴 소분류: 차류
식재료: 대추차"
D203027,도라지차(추출),음료류,차류,도라지차,"메뉴명: 도라지차(추출)
메뉴 대분류: 음료류
메뉴 소분류: 차류
식재료: 도라지차"
D203028,두충차(가루),음료류,차류,"두충차, 가루","메뉴명: 두충차(가루)
메뉴 대분류: 음료류
메뉴 소분류: 차류
식재료: 두충차, 가루"
D203029,둥글레차(추출),음료류,차류,둥굴레차,"메뉴명: 둥글레차(추출)
메뉴 대분류: 음료류
메뉴 소분류: 차류
식재료: 둥굴레차"
D203030,둥글레차(티백),음료류,차류,둥굴레차,"메뉴명: 둥글레차(티백)
메뉴 대분류: 음료류
메뉴 소분류: 차류
식재료: 둥굴레차"
D203031,민들레차,음료류,차류,민들레차,"메뉴명: 민들레차
메뉴 대분류: 음료류
메뉴 소분류: 차류
식재료: 민들레차"
D203032,보이차,음료류,차류,보이차,"메뉴명: 보이차
메뉴 대분류: 음료류
메뉴 소분류: 차류
식재료: 보이차"
D203033,사과차,음료류,차류,사과차,"메뉴명: 사과차
메뉴 대분류: 음료류
메뉴 소분류: 차류
식재료: 사과차"
D203034,상지차,음료류,차류,"상지차, 말린것","메뉴명: 상지차
메뉴 대분류: 음료류
메뉴 소분류: 차류
식재료: 상지차, 말린것"
D203035,생강차(가루),음료류,차류,"생강차, 가루","메뉴명: 생강차(가루)
메뉴 대분류: 음료류
메뉴 소분류: 차류
식재료: 생강차, 가루"
D203036,쑥차(말린것),음료류,차류,"쑥차, 말린것","메뉴명: 쑥차(말린것)
메뉴 대분류: 음료류
메뉴 소분류: 차류
식재료: 쑥차, 말린것"
D203037,야콘차(추출),음료류,차류,야콘차,"메뉴명: 야콘차(추출)
메뉴 대분류: 음료류
메뉴 소분류: 차류
식재료: 야콘차"
D203038,우롱차(추출),음료류,차류,우롱차,"메뉴명: 우롱차(추출)
메뉴 대분류: 음료류
메뉴 소분류: 차류
식재료: 우롱차"
D203039,우롱차(캔),음료류,차류,"우롱차, 캔","메뉴명: 우롱차(캔)
메뉴 대분류: 음료류
메뉴 소분류: 차류
식재료: 우롱차, 캔"
D203040,유자차(당절임),음료류,차류,유자청,"메뉴명: 유자차(당절임)
메뉴 대분류: 음료류
메뉴 소분류: 차류
식재료: 유자청"
D203041,인삼차(가루),음료류,차류,"인삼차, 과립차, 가루","메뉴명: 인삼차(가루)
메뉴 대분류: 음료류
메뉴 소분류: 차류
식재료: 인삼차, 과립차, 가루"
D203042,치커리차(말린것),음료류,차류,"치커리차, 말린것","메뉴명: 치커리차(말린것)
메뉴 대분류: 음료류
메뉴 소분류: 차류
식재료: 치커리차, 말린것"
D203043,카모마일차(추출),음료류,차류,카모마일차,"메뉴명: 카모마일차(추출)
메뉴 대분류: 음료류
메뉴 소분류: 차류
식재료: 카모마일차"
D203044,헛개차,음료류,차류,헛개 음료,"메뉴명: 헛개차
메뉴 대분류: 음료류
메뉴 소분류: 차류
식재료: 헛개 음료"
D203045,홍삼차(가루),음료류,차류,"홍삼차, 가루","메뉴명: 홍삼차(가루)
메뉴 대분류: 음료류
메뉴 소분류: 차류
식재료: 홍삼차, 가루"
D203046,홍차(추출),음료류,차류,홍차,"메뉴명: 홍차(추출)
메뉴 대분류: 음료류
메뉴 소분류: 차류
식재료: 홍차"
D203047,홍차(티백),음료류,차류,홍차,"메뉴명: 홍차(티백)
메뉴 대분류: 음료류
메뉴 소분류: 차류
식재료: 홍차"
D203048,생강차(당절임),음료류,차류,생강청,"메뉴명: 생강차(당절임)
메뉴 대분류: 음료류
메뉴 소분류: 차류
식재료: 생강청"
D203049,홍삼차(액상),음료류,차류,홍삼 음료,"메뉴명: 홍삼차(액상)
메뉴 대분류: 음료류
메뉴 소분류: 차류
식재료: 홍삼 음료"
D203050,"홍차(복숭아,가루)",음료류,차류,"홍차, 복숭아, 가루","메뉴명: 홍차(복숭아,가루)
메뉴 대분류: 음료류
메뉴 소분류: 차류
식재료: 홍차, 복숭아, 가루"
D203051,생강대추차,음료류,차류,"생강, 뿌리줄기, 생것, 대추, 말린것, 식초, 감식초, 꿀","메뉴명: 생강대추차
메뉴 대분류: 음료류
메뉴 소분류: 차류
식재료: 생강, 뿌리줄기, 생것, 대추, 말린것, 식초, 감식초, 꿀"
D211001,감(단감),과일 및 과일가공품,과일류,"감, 단감, 생것","메뉴명: 감(단감)
메뉴 대분류: 과일 및 과일가공품
메뉴 소분류: 과일류
식재료: 감, 단감, 생것"
D211002,감(연시),과일 및 과일가공품,과일류,"감, 떫은감, 연시, 생것","메뉴명: 감(연시)
메뉴 대분류: 과일 및 과일가공품
메뉴 소분류: 과일류
식재료: 감, 떫은감, 연시, 생것"
D211003,구아바,과일 및 과일가공품,과일류,"구아바, 생것","메뉴명: 구아바
메뉴 대분류: 과일 및 과일가공품
메뉴 소분류: 과일류
식재료: 구아바, 생것"
D211004,귤,과일 및 과일가공품,과일류,"귤, 온주밀감, 생것","메뉴명: 귤
메뉴 대분류: 과일 및 과일가공품
메뉴 소분류: 과일류
식재료: 귤, 온주밀감, 생것"
D211005,금귤,과일 및 과일가공품,과일류,"금귤, 생것","메뉴명: 금귤
메뉴 대분류: 과일 및 과일가공품
메뉴 소분류: 과일류
식재료: 금귤, 생것"
D211006,다래,과일 및 과일가공품,과일류,"다래, 생것","메뉴명: 다래
메뉴 대분류: 과일 및 과일가공품
메뉴 소분류: 과일류
식재료: 다래, 생것"
D211007,대추(말린것),과일 및 과일가공품,과일류,"대추, 말린것","메뉴명: 대추(말린것)
메뉴 대분류: 과일 및 과일가공품
메뉴 소분류: 과일류
식재료: 대추, 말린것"
D211008,딸기,과일 및 과일가공품,과일류,"딸기, 생것","메뉴명: 딸기
메뉴 대분류: 과일 및 과일가공품
메뉴 소분류: 과일류
식재료: 딸기, 생것"
D211009,라임,과일 및 과일가공품,과일류,"라임, 생것","메뉴명: 라임
메뉴 대분류: 과일 및 과일가공품
메뉴 소분류: 과일류
식재료: 라임, 생것"
D211010,레몬,과일 및 과일가공품,과일류,"레몬, 생것","메뉴명: 레몬
메뉴 대분류: 과일 및 과일가공품
메뉴 소분류: 과일류
식재료: 레몬, 생것"
D211011,매실,과일 및 과일가공품,과일류,"매실, 생것","메뉴명: 매실
메뉴 대분류: 과일 및 과일가공품
메뉴 소분류: 과일류
식재료: 매실, 생것"
D211012,머루,과일 및 과일가공품,과일류,"머루, 개량머루, 생것, 껍질과 씨 포함","메뉴명: 머루
메뉴 대분류: 과일 및 과일가공품
메뉴 소분류: 과일류
식재료: 머루, 개량머루, 생것, 껍질과 씨 포함"
D211013,멜론,과일 및 과일가공품,과일류,"멜론, 머스크, 생것","메뉴명: 멜론
메뉴 대분류: 과일 및 과일가공품
메뉴 소분류: 과일류
식재료: 멜론, 머스크, 생것"
D211014,모과,과일 및 과일가공품,과일류,"모과, 생것","메뉴명: 모과
메뉴 대분류: 과일 및 과일가공품
메뉴 소분류: 과일류
식재료: 모과, 생것"
D211015,무화과,과일 및 과일가공품,과일류,"무화과, 봉래시, 생것","메뉴명: 무화과
메뉴 대분류: 과일 및 과일가공품
메뉴 소분류: 과일류
식재료: 무화과, 봉래시, 생것"
D211016,바나나,과일 및 과일가공품,과일류,"바나나, 생것","메뉴명: 바나나
메뉴 대분류: 과일 및 과일가공품
메뉴 소분류: 과일류
식재료: 바나나, 생것"
D211017,버찌,과일 및 과일가공품,과일류,"버찌, 생것","메뉴명: 버찌
메뉴 대분류: 과일 및 과일가공품
메뉴 소분류: 과일류
식재료: 버찌, 생것"
D211018,복숭아(백도),과일 및 과일가공품,과일류,"복숭아, 백도, 생것","메뉴명: 복숭아(백도)
메뉴 대분류: 과일 및 과일가공품
메뉴 소분류: 과일류
식재료: 복숭아, 백도, 생것"
D211019,블루베리,과일 및 과일가공품,과일류,"블루베리, 생것","메뉴명: 블루베리
메뉴 대분류: 과일 및 과일가공품
메뉴 소분류: 과일류
식재료: 블루베리, 생것"
D211020,산딸기,과일 및 과일가공품,과일류,"산딸기, 생것","메뉴명: 산딸기
메뉴 대분류: 과일 및 과일가공품
메뉴 소분류: 과일류
식재료: 산딸기, 생것"
D211021,살구,과일 및 과일가공품,과일류,"살구, 생것","메뉴명: 살구
메뉴 대분류: 과일 및 과일가공품
메뉴 소분류: 과일류
식재료: 살구, 생것"
D211022,석류,과일 및 과일가공품,과일류,"석류, 생것","메뉴명: 석류
메뉴 대분류: 과일 및 과일가공품
메뉴 소분류: 과일류
식재료: 석류, 생것"
D211023,수박,과일 및 과일가공품,과일류,"수박, 적육질, 생것","메뉴명: 수박
메뉴 대분류: 과일 및 과일가공품
메뉴 소분류: 과일류
식재료: 수박, 적육질, 생것"
D211024,아보카도,과일 및 과일가공품,과일류,"아보카도, 생것","메뉴명: 아보카도
메뉴 대분류: 과일 및 과일가공품
메뉴 소분류: 과일류
식재료: 아보카도, 생것"
D211025,앵두,과일 및 과일가공품,과일류,"앵두, 생것","메뉴명: 앵두
메뉴 대분류: 과일 및 과일가공품
메뉴 소분류: 과일류
식재료: 앵두, 생것"
D211026,엘더베리,과일 및 과일가공품,과일류,"엘더베리, 생것","메뉴명: 엘더베리
메뉴 대분류: 과일 및 과일가공품
메뉴 소분류: 과일류
식재료: 엘더베리, 생것"
D211027,오디,과일 및 과일가공품,과일류,"오디, 생것","메뉴명: 오디
메뉴 대분류: 과일 및 과일가공품
메뉴 소분류: 과일류
식재료: 오디, 생것"
D211028,오렌지,과일 및 과일가공품,과일류,"오렌지, 생것","메뉴명: 오렌지
메뉴 대분류: 과일 및 과일가공품
메뉴 소분류: 과일류
식재료: 오렌지, 생것"
D211029,자두,과일 및 과일가공품,과일류,"자두, 포모사, 생것","메뉴명: 자두
메뉴 대분류: 과일 및 과일가공품
메뉴 소분류: 과일류
식재료: 자두, 포모사, 생것"
D211030,참외,과일 및 과일가공품,과일류,"참외, 생것, 씨 포함","메뉴명: 참외
메뉴 대분류: 과일 및 과일가공품
메뉴 소분류: 과일류
식재료: 참외, 생것, 씨 포함"
D211031,코코넛(말린것),과일 및 과일가공품,과일류,"코코넛, 말린것","메뉴명: 코코넛(말린것)
메뉴 대분류: 과일 및 과일가공품
메뉴 소분류: 과일류
식재료: 코코넛, 말린것"
D211032,크랜베리,과일 및 과일가공품,과일류,"크랜베리, 생것","메뉴명: 크랜베리
메뉴 대분류: 과일 및 과일가공품
메뉴 소분류: 과일류
식재료: 크랜베리, 생것"
D211033,키위,과일 및 과일가공품,과일류,"키위, 그린, 생것","메뉴명: 키위
메뉴 대분류: 과일 및 과일가공품
메뉴 소분류: 과일류
식재료: 키위, 그린, 생것"
D211034,파인애플,과일 및 과일가공품,과일류,"파인애플, 생것","메뉴명: 파인애플
메뉴 대분류: 과일 및 과일가공품
메뉴 소분류: 과일류
식재료: 파인애플, 생것"
D211036,파파야,과일 및 과일가공품,과일류,"파파야, 완숙, 생것","메뉴명: 파파야
메뉴 대분류: 과일 및 과일가공품
메뉴 소분류: 과일류
식재료: 파파야, 완숙, 생것"
D211037,포도(거봉),과일 및 과일가공품,과일류,"포도, 거봉, 생것, 껍질 포함","메뉴명: 포도(거봉)
메뉴 대분류: 과일 및 과일가공품
메뉴 소분류: 과일류
식재료: 포도, 거봉, 생것, 껍질 포함"
D211039,수박,과일 및 과일가공품,과일류,"수박, 적육질, 생것","메뉴명: 수박
메뉴 대분류: 과일 및 과일가공품
메뉴 소분류: 과일류
식재료: 수박, 적육질, 생것"
D211040,포도(거봉),과일 및 과일가공품,과일류,"포도, 거봉, 생것, 껍질 포함","메뉴명: 포도(거봉)
메뉴 대분류: 과일 및 과일가공품
메뉴 소분류: 과일류
식재료: 포도, 거봉, 생것, 껍질 포함"
D211041,사과(아오리),과일 및 과일가공품,과일류,"사과, 아오리, 생것, 껍질 포함","메뉴명: 사과(아오리)
메뉴 대분류: 과일 및 과일가공품
메뉴 소분류: 과일류
식재료: 사과, 아오리, 생것, 껍질 포함"
D211042,사과,과일 및 과일가공품,과일류,"사과, 부사, 생것","메뉴명: 사과
메뉴 대분류: 과일 및 과일가공품
메뉴 소분류: 과일류
식재료: 사과, 부사, 생것"
D211043,감(단감),과일 및 과일가공품,과일류,"감, 단감, 생것","메뉴명: 감(단감)
메뉴 대분류: 과일 및 과일가공품
메뉴 소분류: 과일류
식재료: 감, 단감, 생것"
D211047,배,과일 및 과일가공품,과일류,"배, 생것","메뉴명: 배
메뉴 대분류: 과일 및 과일가공품
메뉴 소분류: 과일류
식재료: 배, 생것"
D211048,복숭아(백도),과일 및 과일가공품,과일류,"복숭아, 황도, 생것","메뉴명: 복숭아(백도)
메뉴 대분류: 과일 및 과일가공품
메뉴 소분류: 과일류
식재료: 복숭아, 황도, 생것"
D211049,멜론,과일 및 과일가공품,과일류,"멜론, 머스크, 생것","메뉴명: 멜론
메뉴 대분류: 과일 및 과일가공품
메뉴 소분류: 과일류
식재료: 멜론, 머스크, 생것"
D211050,복숭아(황도),과일 및 과일가공품,과일류,"복숭아, 황도, 생것","메뉴명: 복숭아(황도)
메뉴 대분류: 과일 및 과일가공품
메뉴 소분류: 과일류
식재료: 복숭아, 황도, 생것"
D211051,바나나,과일 및 과일가공품,과일류,"바나나, 생것","메뉴명: 바나나
메뉴 대분류: 과일 및 과일가공품
메뉴 소분류: 과일류
식재료: 바나나, 생것"
D211052,감(연시),과일 및 과일가공품,과일류,"감, 떫은감, 연시, 생것","메뉴명: 감(연시)
메뉴 대분류: 과일 및 과일가공품
메뉴 소분류: 과일류
식재료: 감, 떫은감, 연시, 생것"
D211053,사과,과일 및 과일가공품,과일류,"사과, 부사, 생것","메뉴명: 사과
메뉴 대분류: 과일 및 과일가공품
메뉴 소분류: 과일류
식재료: 사과, 부사, 생것"
D211054,포도(거봉),과일 및 과일가공품,과일류,"포도, 거봉, 생것, 껍질 포함","메뉴명: 포도(거봉)
메뉴 대분류: 과일 및 과일가공품
메뉴 소분류: 과일류
식재료: 포도, 거봉, 생것, 껍질 포함"
D211058,감(대봉),과일 및 과일가공품,과일류,"감, 떫은감, 연시, 갑주백목(대봉), 생것","메뉴명: 감(대봉)
메뉴 대분류: 과일 및 과일가공품
메뉴 소분류: 과일류
식재료: 감, 떫은감, 연시, 갑주백목(대봉), 생것"
D211059,감(둥시),과일 및 과일가공품,과일류,"감, 떫은감, 연시, 생것","메뉴명: 감(둥시)
메뉴 대분류: 과일 및 과일가공품
메뉴 소분류: 과일류
식재료: 감, 떫은감, 연시, 생것"
D211060,구즈베리(생것),과일 및 과일가공품,과일류,"구스베리, 생것","메뉴명: 구즈베리(생것)
메뉴 대분류: 과일 및 과일가공품
메뉴 소분류: 과일류
식재료: 구스베리, 생것"
D211061,레드향,과일 및 과일가공품,과일류,"귤, 만감류, 레드향, 생것","메뉴명: 레드향
메뉴 대분류: 과일 및 과일가공품
메뉴 소분류: 과일류
식재료: 귤, 만감류, 레드향, 생것"
D211062,신예감,과일 및 과일가공품,과일류,"귤, 만감류, 신예감, 생것","메뉴명: 신예감
메뉴 대분류: 과일 및 과일가공품
메뉴 소분류: 과일류
식재료: 귤, 만감류, 신예감, 생것"
D211063,천혜향,과일 및 과일가공품,과일류,"귤, 만감류, 천혜향, 생것","메뉴명: 천혜향
메뉴 대분류: 과일 및 과일가공품
메뉴 소분류: 과일류
식재료: 귤, 만감류, 천혜향, 생것"
D211064,한라봉,과일 및 과일가공품,과일류,"귤, 만감류, 한라봉, 생것","메뉴명: 한라봉
메뉴 대분류: 과일 및 과일가공품
메뉴 소분류: 과일류
식재료: 귤, 만감류, 한라봉, 생것"
D211065,황금향,과일 및 과일가공품,과일류,"귤, 만감류, 황금향, 생것","메뉴명: 황금향
메뉴 대분류: 과일 및 과일가공품
메뉴 소분류: 과일류
식재료: 귤, 만감류, 황금향, 생것"
D211066,두리안(생것),과일 및 과일가공품,과일류,"두리안, 생것","메뉴명: 두리안(생것)
메뉴 대분류: 과일 및 과일가공품
메뉴 소분류: 과일류
식재료: 두리안, 생것"
D211067,라즈베리(냉동),과일 및 과일가공품,과일류,"라즈베리, 냉동","메뉴명: 라즈베리(냉동)
메뉴 대분류: 과일 및 과일가공품
메뉴 소분류: 과일류
식재료: 라즈베리, 냉동"
D211068,라즈베리(생것),과일 및 과일가공품,과일류,"라즈베리, 생것","메뉴명: 라즈베리(생것)
메뉴 대분류: 과일 및 과일가공품
메뉴 소분류: 과일류
식재료: 라즈베리, 생것"
D211069,리치,과일 및 과일가공품,과일류,"리치, 생것","메뉴명: 리치
메뉴 대분류: 과일 및 과일가공품
메뉴 소분류: 과일류
식재료: 리치, 생것"
D211070,망고,과일 및 과일가공품,과일류,"망고, 생것","메뉴명: 망고
메뉴 대분류: 과일 및 과일가공품
메뉴 소분류: 과일류
식재료: 망고, 생것"
D211071,애플망고,과일 및 과일가공품,과일류,"망고, 애플망고, 생것","메뉴명: 애플망고
메뉴 대분류: 과일 및 과일가공품
메뉴 소분류: 과일류
식재료: 망고, 애플망고, 생것"
D211072,망고음료,과일 및 과일가공품,과일류,망고 음료,"메뉴명: 망고음료
메뉴 대분류: 과일 및 과일가공품
메뉴 소분류: 과일류
식재료: 망고 음료"
D211073,망고스틴,과일 및 과일가공품,과일류,"망고스틴, 생것","메뉴명: 망고스틴
메뉴 대분류: 과일 및 과일가공품
메뉴 소분류: 과일류
식재료: 망고스틴, 생것"
D211074,복분자,과일 및 과일가공품,과일류,"복분자, 생것","메뉴명: 복분자
메뉴 대분류: 과일 및 과일가공품
메뉴 소분류: 과일류
식재료: 복분자, 생것"
D211075,복숭아(천도),과일 및 과일가공품,과일류,"복숭아, 천도, 생것","메뉴명: 복숭아(천도)
메뉴 대분류: 과일 및 과일가공품
메뉴 소분류: 과일류
식재료: 복숭아, 천도, 생것"
D211076,복숭아(황도),과일 및 과일가공품,과일류,"복숭아, 황도, 생것","메뉴명: 복숭아(황도)
메뉴 대분류: 과일 및 과일가공품
메뉴 소분류: 과일류
식재료: 복숭아, 황도, 생것"
D211077,블랙베리,과일 및 과일가공품,과일류,"블랙베리, 생것","메뉴명: 블랙베리
메뉴 대분류: 과일 및 과일가공품
메뉴 소분류: 과일류
식재료: 블랙베리, 생것"
D211078,블랙커런트,과일 및 과일가공품,과일류,"블랙커런트, 생것","메뉴명: 블랙커런트
메뉴 대분류: 과일 및 과일가공품
메뉴 소분류: 과일류
식재료: 블랙커런트, 생것"
D211079,비파,과일 및 과일가공품,과일류,"비파, 생것","메뉴명: 비파
메뉴 대분류: 과일 및 과일가공품
메뉴 소분류: 과일류
식재료: 비파, 생것"
D211080,사과(부사),과일 및 과일가공품,과일류,"사과, 부사, 생것","메뉴명: 사과(부사)
메뉴 대분류: 과일 및 과일가공품
메뉴 소분류: 과일류
식재료: 사과, 부사, 생것"
D211081,사과(아오리),과일 및 과일가공품,과일류,"사과, 아오리, 생것, 껍질 포함","메뉴명: 사과(아오리)
메뉴 대분류: 과일 및 과일가공품
메뉴 소분류: 과일류
식재료: 사과, 아오리, 생것, 껍질 포함"
D211082,사과(홍옥),과일 및 과일가공품,과일류,"사과, 홍옥, 생것","메뉴명: 사과(홍옥)
메뉴 대분류: 과일 및 과일가공품
메뉴 소분류: 과일류
식재료: 사과, 홍옥, 생것"
D211083,"산수유(열매,생것)",과일 및 과일가공품,과일류,"산수유, 열매, 생것","메뉴명: 산수유(열매,생것)
메뉴 대분류: 과일 및 과일가공품
메뉴 소분류: 과일류
식재료: 산수유, 열매, 생것"
D211084,아떼모야,과일 및 과일가공품,과일류,"아떼모야, 생것","메뉴명: 아떼모야
메뉴 대분류: 과일 및 과일가공품
메뉴 소분류: 과일류
식재료: 아떼모야, 생것"
D211085,아로니아,과일 및 과일가공품,과일류,"아로니아, 네로, 생것","메뉴명: 아로니아
메뉴 대분류: 과일 및 과일가공품
메뉴 소분류: 과일류
식재료: 아로니아, 네로, 생것"
D211086,애플수박,과일 및 과일가공품,과일류,"미니수박, 적육질, 생것","메뉴명: 애플수박
메뉴 대분류: 과일 및 과일가공품
메뉴 소분류: 과일류
식재료: 미니수박, 적육질, 생것"
D211087,오미자(생것),과일 및 과일가공품,과일류,"오미자, 생것","메뉴명: 오미자(생것)
메뉴 대분류: 과일 및 과일가공품
메뉴 소분류: 과일류
식재료: 오미자, 생것"
D211088,용과(백육종),과일 및 과일가공품,과일류,"용과, 백육종, 생것","메뉴명: 용과(백육종)
메뉴 대분류: 과일 및 과일가공품
메뉴 소분류: 과일류
식재료: 용과, 백육종, 생것"
D211089,용과(적육종),과일 및 과일가공품,과일류,"용과, 적육종, 생것","메뉴명: 용과(적육종)
메뉴 대분류: 과일 및 과일가공품
메뉴 소분류: 과일류
식재료: 용과, 적육종, 생것"
D211090,용과(황색종),과일 및 과일가공품,과일류,"용과, 백육종, 생것","메뉴명: 용과(황색종)
메뉴 대분류: 과일 및 과일가공품
메뉴 소분류: 과일류
식재료: 용과, 백육종, 생것"
D211091,으름,과일 및 과일가공품,과일류,"으름, 생것","메뉴명: 으름
메뉴 대분류: 과일 및 과일가공품
메뉴 소분류: 과일류
식재료: 으름, 생것"
D211092,자몽,과일 및 과일가공품,과일류,"자몽, 생것","메뉴명: 자몽
메뉴 대분류: 과일 및 과일가공품
메뉴 소분류: 과일류
식재료: 자몽, 생것"
D211093,잭프루트,과일 및 과일가공품,과일류,"잭프루트, 생것","메뉴명: 잭프루트
메뉴 대분류: 과일 및 과일가공품
메뉴 소분류: 과일류
식재료: 잭프루트, 생것"
D211094,체리,과일 및 과일가공품,과일류,"체리, 생것","메뉴명: 체리
메뉴 대분류: 과일 및 과일가공품
메뉴 소분류: 과일류
식재료: 체리, 생것"
D211095,골드키위,과일 및 과일가공품,과일류,"키위, 골드, 생것","메뉴명: 골드키위
메뉴 대분류: 과일 및 과일가공품
메뉴 소분류: 과일류
식재료: 키위, 골드, 생것"
D211096,백향과,과일 및 과일가공품,과일류,"백향과(패션프루트), 생것, 씨 포함","메뉴명: 백향과
메뉴 대분류: 과일 및 과일가공품
메뉴 소분류: 과일류
식재료: 백향과(패션프루트), 생것, 씨 포함"
D211097,샤인머스켓,과일 및 과일가공품,과일류,"포도, 샤인머스캣, 생것, 껍질 포함","메뉴명: 샤인머스켓
메뉴 대분류: 과일 및 과일가공품
메뉴 소분류: 과일류
식재료: 포도, 샤인머스캣, 생것, 껍질 포함"
D211098,포도(캠벨엘리),과일 및 과일가공품,과일류,"포도, 캠벨얼리, 생것","메뉴명: 포도(캠벨엘리)
메뉴 대분류: 과일 및 과일가공품
메뉴 소분류: 과일류
식재료: 포도, 캠벨얼리, 생것"
D211099,플럼코트,과일 및 과일가공품,과일류,"플럼코트, 생것","메뉴명: 플럼코트
메뉴 대분류: 과일 및 과일가공품
메뉴 소분류: 과일류
식재료: 플럼코트, 생것"
D211100,귤 프리저브,과일 및 과일가공품,과일류,"귤, 온주밀감, 생것, 설탕, 백설탕, 물엿, 레몬 착즙, 빵, 바게트","메뉴명: 귤 프리저브
메뉴 대분류: 과일 및 과일가공품
메뉴 소분류: 과일류
식재료: 귤, 온주밀감, 생것, 설탕, 백설탕, 물엿, 레몬 착즙, 빵, 바게트"
D211101,쌀푸딩,과일 및 과일가공품,과일류,"멥쌀, 백미, 밥, 우유, 설탕, 백설탕, 버터, 가염, 달걀, 난황, 생것, 블루베리, 생것, 키위, 골드, 생것, 파인애플, 생것, 사과, 생것","메뉴명: 쌀푸딩
메뉴 대분류: 과일 및 과일가공품
메뉴 소분류: 과일류
식재료: 멥쌀, 백미, 밥, 우유, 설탕, 백설탕, 버터, 가염, 달걀, 난황, 생것, 블루베리, 생것, 키위, 골드, 생것, 파인애플, 생것, 사과, 생것"
D212035,파인애플(통조림),과일 및 과일가공품,가공품류,"파인애플, 통조림, 고형물","메뉴명: 파인애플(통조림)
메뉴 대분류: 과일 및 과일가공품
메뉴 소분류: 가공품류
식재료: 파인애플, 통조림, 고형물"
D212038,프루트칵테일(통조림),과일 및 과일가공품,가공품류,"프루트칵테일, 통조림","메뉴명: 프루트칵테일(통조림)
메뉴 대분류: 과일 및 과일가공품
메뉴 소분류: 가공품류
식재료: 프루트칵테일, 통조림"
D212039,감잼(단감),과일 및 과일가공품,가공품류,"감, 단감, 잼","메뉴명: 감잼(단감)
메뉴 대분류: 과일 및 과일가공품
메뉴 소분류: 가공품류
식재료: 감, 단감, 잼"
D212040,곶감,과일 및 과일가공품,가공품류,"감, 떫은감, 곶감, 반건시","메뉴명: 곶감
메뉴 대분류: 과일 및 과일가공품
메뉴 소분류: 가공품류
식재료: 감, 떫은감, 곶감, 반건시"
D212041,귤(통조림),과일 및 과일가공품,가공품류,"귤, 통조림","메뉴명: 귤(통조림)
메뉴 대분류: 과일 및 과일가공품
메뉴 소분류: 가공품류
식재료: 귤, 통조림"
D212042,귤잼,과일 및 과일가공품,가공품류,"귤, 잼","메뉴명: 귤잼
메뉴 대분류: 과일 및 과일가공품
메뉴 소분류: 가공품류
식재료: 귤, 잼"
D212043,딸기(말린것),과일 및 과일가공품,가공품류,"딸기, 말린것","메뉴명: 딸기(말린것)
메뉴 대분류: 과일 및 과일가공품
메뉴 소분류: 가공품류
식재료: 딸기, 말린것"
D212044,딸기잼,과일 및 과일가공품,가공품류,"딸기, 잼","메뉴명: 딸기잼
메뉴 대분류: 과일 및 과일가공품
메뉴 소분류: 가공품류
식재료: 딸기, 잼"
D212045,람부탄(통조림),과일 및 과일가공품,가공품류,"람부탄, 통조림","메뉴명: 람부탄(통조림)
메뉴 대분류: 과일 및 과일가공품
메뉴 소분류: 가공품류
식재료: 람부탄, 통조림"
D212046,매실청,과일 및 과일가공품,가공품류,매실청,"메뉴명: 매실청
메뉴 대분류: 과일 및 과일가공품
메뉴 소분류: 가공품류
식재료: 매실청"
D212047,매실절임,과일 및 과일가공품,가공품류,"매실 절임, 염절임, 고형물","메뉴명: 매실절임
메뉴 대분류: 과일 및 과일가공품
메뉴 소분류: 가공품류
식재료: 매실 절임, 염절임, 고형물"
D212048,무화과(통조림),과일 및 과일가공품,가공품류,"무화과, 통조림","메뉴명: 무화과(통조림)
메뉴 대분류: 과일 및 과일가공품
메뉴 소분류: 가공품류
식재료: 무화과, 통조림"
D212049,바나나(말린것),과일 및 과일가공품,가공품류,"바나나칩, 튀긴것","메뉴명: 바나나(말린것)
메뉴 대분류: 과일 및 과일가공품
메뉴 소분류: 가공품류
식재료: 바나나칩, 튀긴것"
D212050,바나나칩,과일 및 과일가공품,가공품류,"바나나칩, 튀긴것","메뉴명: 바나나칩
메뉴 대분류: 과일 및 과일가공품
메뉴 소분류: 가공품류
식재료: 바나나칩, 튀긴것"
D212051,버찌(통조림),과일 및 과일가공품,가공품류,"버찌, 생것","메뉴명: 버찌(통조림)
메뉴 대분류: 과일 및 과일가공품
메뉴 소분류: 가공품류
식재료: 버찌, 생것"
D212052,복숭아(통조림),과일 및 과일가공품,가공품류,"복숭아, 백도, 통조림, 고형물","메뉴명: 복숭아(통조림)
메뉴 대분류: 과일 및 과일가공품
메뉴 소분류: 가공품류
식재료: 복숭아, 백도, 통조림, 고형물"
D212053,황도복숭아(통조림),과일 및 과일가공품,가공품류,"복숭아, 황도, 통조림","메뉴명: 황도복숭아(통조림)
메뉴 대분류: 과일 및 과일가공품
메뉴 소분류: 가공품류
식재료: 복숭아, 황도, 통조림"
D212054,복숭아잼,과일 및 과일가공품,가공품류,"복숭아, 잼","메뉴명: 복숭아잼
메뉴 대분류: 과일 및 과일가공품
메뉴 소분류: 가공품류
식재료: 복숭아, 잼"
D212055,블루베리(말린것),과일 및 과일가공품,가공품류,"블루베리, 말린것","메뉴명: 블루베리(말린것)
메뉴 대분류: 과일 및 과일가공품
메뉴 소분류: 가공품류
식재료: 블루베리, 말린것"
D212056,블루베리(통조림),과일 및 과일가공품,가공품류,"블루베리, 통조림","메뉴명: 블루베리(통조림)
메뉴 대분류: 과일 및 과일가공품
메뉴 소분류: 가공품류
식재료: 블루베리, 통조림"
D212057,블루베리잼,과일 및 과일가공품,가공품류,"블루베리, 잼","메뉴명: 블루베리잼
메뉴 대분류: 과일 및 과일가공품
메뉴 소분류: 가공품류
식재료: 블루베리, 잼"
D212058,비파(통조림),과일 및 과일가공품,가공품류,"비파, 통조림","메뉴명: 비파(통조림)
메뉴 대분류: 과일 및 과일가공품
메뉴 소분류: 가공품류
식재료: 비파, 통조림"
D212059,사과(통조림),과일 및 과일가공품,가공품류,"사과, 통조림","메뉴명: 사과(통조림)
메뉴 대분류: 과일 및 과일가공품
메뉴 소분류: 가공품류
식재료: 사과, 통조림"
D212060,사과잼,과일 및 과일가공품,가공품류,"사과, 잼","메뉴명: 사과잼
메뉴 대분류: 과일 및 과일가공품
메뉴 소분류: 가공품류
식재료: 사과, 잼"
D212061,산수유(말린것),과일 및 과일가공품,가공품류,"산수유, 과육, 말린것","메뉴명: 산수유(말린것)
메뉴 대분류: 과일 및 과일가공품
메뉴 소분류: 가공품류
식재료: 산수유, 과육, 말린것"
D212062,살구(말린것),과일 및 과일가공품,가공품류,"살구, 말린것","메뉴명: 살구(말린것)
메뉴 대분류: 과일 및 과일가공품
메뉴 소분류: 가공품류
식재료: 살구, 말린것"
D212063,살구(통조림),과일 및 과일가공품,가공품류,"살구, 통조림","메뉴명: 살구(통조림)
메뉴 대분류: 과일 및 과일가공품
메뉴 소분류: 가공품류
식재료: 살구, 통조림"
D212064,살구잼,과일 및 과일가공품,가공품류,"살구, 잼","메뉴명: 살구잼
메뉴 대분류: 과일 및 과일가공품
메뉴 소분류: 가공품류
식재료: 살구, 잼"
D212065,올리브피클(검은색),과일 및 과일가공품,가공품류,"올리브 절임, 완숙, 검은색","메뉴명: 올리브피클(검은색)
메뉴 대분류: 과일 및 과일가공품
메뉴 소분류: 가공품류
식재료: 올리브 절임, 완숙, 검은색"
D212066,올리브피클(초록색),과일 및 과일가공품,가공품류,"올리브 절임, 미숙, 초록색","메뉴명: 올리브피클(초록색)
메뉴 대분류: 과일 및 과일가공품
메뉴 소분류: 가공품류
식재료: 올리브 절임, 미숙, 초록색"
D212067,자두(말린것),과일 및 과일가공품,가공품류,"자두, 말린것, 프룬","메뉴명: 자두(말린것)
메뉴 대분류: 과일 및 과일가공품
메뉴 소분류: 가공품류
식재료: 자두, 말린것, 프룬"
D212068,잭프루트(통조림),과일 및 과일가공품,가공품류,"잭프루트, 통조림","메뉴명: 잭프루트(통조림)
메뉴 대분류: 과일 및 과일가공품
메뉴 소분류: 가공품류
식재료: 잭프루트, 통조림"
D212069,체리(통조림),과일 및 과일가공품,가공품류,"체리, 통조림, 고형물, 빨간색","메뉴명: 체리(통조림)
메뉴 대분류: 과일 및 과일가공품
메뉴 소분류: 가공품류
식재료: 체리, 통조림, 고형물, 빨간색"
D212070,크랜베리(말린것),과일 및 과일가공품,가공품류,"크랜베리, 말린것, 가당","메뉴명: 크랜베리(말린것)
메뉴 대분류: 과일 및 과일가공품
메뉴 소분류: 가공품류
식재료: 크랜베리, 말린것, 가당"
D212071,건포도,과일 및 과일가공품,가공품류,"포도, 건포도","메뉴명: 건포도
메뉴 대분류: 과일 및 과일가공품
메뉴 소분류: 가공품류
식재료: 포도, 건포도"
D212072,포도(통조림),과일 및 과일가공품,가공품류,"포도, 통조림","메뉴명: 포도(통조림)
메뉴 대분류: 과일 및 과일가공품
메뉴 소분류: 가공품류
식재료: 포도, 통조림"
D212073,포도잼,과일 및 과일가공품,가공품류,"포도, 잼","메뉴명: 포도잼
메뉴 대분류: 과일 및 과일가공품
메뉴 소분류: 가공품류
식재료: 포도, 잼"
D212074,프루트샐러드(통조림),과일 및 과일가공품,가공품류,"프루트샐러드, 통조림","메뉴명: 프루트샐러드(통조림)
메뉴 대분류: 과일 및 과일가공품
메뉴 소분류: 가공품류
식재료: 프루트샐러드, 통조림"
D212076,프루트펀치(통조림),과일 및 과일가공품,가공품류,"프루트펀치, 통조림","메뉴명: 프루트펀치(통조림)
메뉴 대분류: 과일 및 과일가공품
메뉴 소분류: 가공품류
식재료: 프루트펀치, 통조림"
D212078,귤젤리,과일 및 과일가공품,가공품류,"귤, 온주밀감, 생것, 한천, 설탕, 백설탕, 물엿","메뉴명: 귤젤리
메뉴 대분류: 과일 및 과일가공품
메뉴 소분류: 가공품류
식재료: 귤, 온주밀감, 생것, 한천, 설탕, 백설탕, 물엿"
D212079,대추모과잼,과일 및 과일가공품,가공품류,"모과, 생것, 대추, 말린것, 설탕, 백설탕, 레몬 착즙, 팽창제, 베이킹파우더","메뉴명: 대추모과잼
메뉴 대분류: 과일 및 과일가공품
메뉴 소분류: 가공품류
식재료: 모과, 생것, 대추, 말린것, 설탕, 백설탕, 레몬 착즙, 팽창제, 베이킹파우더"
D230001,가래떡,떡류,떡류,"멥쌀떡, 가래떡","메뉴명: 가래떡
메뉴 대분류: 떡류
메뉴 소분류: 떡류
식재료: 멥쌀떡, 가래떡"
D230002,개피떡,떡류,떡류,"멥쌀떡, 개피떡(바람떡)","메뉴명: 개피떡
메뉴 대분류: 떡류
메뉴 소분류: 떡류
식재료: 멥쌀떡, 개피떡(바람떡)"
D230003,개피떡(쑥),떡류,떡류,"멥쌀떡, 개피떡(바람떡)","메뉴명: 개피떡(쑥)
메뉴 대분류: 떡류
메뉴 소분류: 떡류
식재료: 멥쌀떡, 개피떡(바람떡)"
D230004,경단(카스텔라),떡류,떡류,"찹쌀떡, 경단 카스텔라","메뉴명: 경단(카스텔라)
메뉴 대분류: 떡류
메뉴 소분류: 떡류
식재료: 찹쌀떡, 경단 카스텔라"
D230005,꿀떡,떡류,떡류,"멥쌀떡, 꿀떡","메뉴명: 꿀떡
메뉴 대분류: 떡류
메뉴 소분류: 떡류
식재료: 멥쌀떡, 꿀떡"
D230006,백설기,떡류,떡류,"멥쌀떡, 백설기","메뉴명: 백설기
메뉴 대분류: 떡류
메뉴 소분류: 떡류
식재료: 멥쌀떡, 백설기"
D230007,송편(깨),떡류,떡류,"멥쌀떡, 송편, 깨","메뉴명: 송편(깨)
메뉴 대분류: 떡류
메뉴 소분류: 떡류
식재료: 멥쌀떡, 송편, 깨"
D230008,시루떡(멥쌀),떡류,떡류,"멥쌀떡, 시루떡, 팥","메뉴명: 시루떡(멥쌀)
메뉴 대분류: 떡류
메뉴 소분류: 떡류
식재료: 멥쌀떡, 시루떡, 팥"
D230009,시루떡(찹쌀),떡류,떡류,"찹쌀떡, 찰시루떡","메뉴명: 시루떡(찹쌀)
메뉴 대분류: 떡류
메뉴 소분류: 떡류
식재료: 찹쌀떡, 찰시루떡"
D230010,인절미,떡류,떡류,"찹쌀떡, 인절미, 콩고물","메뉴명: 인절미
메뉴 대분류: 떡류
메뉴 소분류: 떡류
식재료: 찹쌀떡, 인절미, 콩고물"
D230011,절편,떡류,떡류,"멥쌀떡, 절편","메뉴명: 절편
메뉴 대분류: 떡류
메뉴 소분류: 떡류
식재료: 멥쌀떡, 절편"
D230013,찹쌀떡,떡류,떡류,찹쌀떡,"메뉴명: 찹쌀떡
메뉴 대분류: 떡류
메뉴 소분류: 떡류
식재료: 찹쌀떡"
D230018,고추장떡(장떡),떡류,떡류,"밀, 중력밀가루, 부추, 재래종, 생것, 고추, 빨간색, 생것, 고추장, 개량, 된장, 개량, 콩기름, 소금, 천일염, 가는소금","메뉴명: 고추장떡(장떡)
메뉴 대분류: 떡류
메뉴 소분류: 떡류
식재료: 밀, 중력밀가루, 부추, 재래종, 생것, 고추, 빨간색, 생것, 고추장, 개량, 된장, 개량, 콩기름, 소금, 천일염, 가는소금"
D230035,빙떡,떡류,떡류,"메밀, 도정, 가루, 무, 조선무, 생것, 파, 쪽파, 생것, 소금, 천일염, 가는소금, 참깨, 흰색, 볶은것, 참기름, 콩기름","메뉴명: 빙떡
메뉴 대분류: 떡류
메뉴 소분류: 떡류
식재료: 메밀, 도정, 가루, 무, 조선무, 생것, 파, 쪽파, 생것, 소금, 천일염, 가는소금, 참깨, 흰색, 볶은것, 참기름, 콩기름"
D230038,송기떡(송구떡),떡류,떡류,"찹쌀, 백미, 가루, 찹쌀떡, 인절미, 콩고물, 설탕, 백설탕, 소금, 천일염, 가는소금","메뉴명: 송기떡(송구떡)
메뉴 대분류: 떡류
메뉴 소분류: 떡류
식재료: 찹쌀, 백미, 가루, 찹쌀떡, 인절미, 콩고물, 설탕, 백설탕, 소금, 천일염, 가는소금"
D230043,수수제비치(수수부꾸미),떡류,떡류,"수수, 찰수수, 도정, 생것, 팥, 적색, 삶은것, 소금, 천일염, 가는소금, 설탕, 백설탕, 콩기름","메뉴명: 수수제비치(수수부꾸미)
메뉴 대분류: 떡류
메뉴 소분류: 떡류
식재료: 수수, 찰수수, 도정, 생것, 팥, 적색, 삶은것, 소금, 천일염, 가는소금, 설탕, 백설탕, 콩기름"
D230047,"우메기떡(개성주악, 우매기)",떡류,떡류,"찹쌀, 백미, 가루, 멥쌀, 백미, 가루, 발효주, 탁주, 막걸리, 알코올 6%, 설탕, 백설탕, 소금, 천일염, 가는소금, 콩기름, 대추, 말린것, 조청, 쌀, 생강, 뿌리줄기, 생것","메뉴명: 우메기떡(개성주악, 우매기)
메뉴 대분류: 떡류
메뉴 소분류: 떡류
식재료: 찹쌀, 백미, 가루, 멥쌀, 백미, 가루, 발효주, 탁주, 막걸리, 알코올 6%, 설탕, 백설탕, 소금, 천일염, 가는소금, 콩기름, 대추, 말린것, 조청, 쌀, 생강, 뿌리줄기, 생것"
D230050,증편,떡류,떡류,"멥쌀, 백미, 가루, 발효주, 탁주, 막걸리, 알코올 6%, 설탕, 백설탕, 소금, 천일염, 가는소금, 대추, 말린것, 석이버섯, 말린것","메뉴명: 증편
메뉴 대분류: 떡류
메뉴 소분류: 떡류
식재료: 멥쌀, 백미, 가루, 발효주, 탁주, 막걸리, 알코올 6%, 설탕, 백설탕, 소금, 천일염, 가는소금, 대추, 말린것, 석이버섯, 말린것"
D230060,가래떡(흑미),떡류,떡류,"멥쌀떡, 가래떡, 흑미","메뉴명: 가래떡(흑미)
메뉴 대분류: 떡류
메뉴 소분류: 떡류
식재료: 멥쌀떡, 가래떡, 흑미"
D230061,무지개떡(멥쌀),떡류,떡류,"멥쌀떡, 무지개떡","메뉴명: 무지개떡(멥쌀)
메뉴 대분류: 떡류
메뉴 소분류: 떡류
식재료: 멥쌀떡, 무지개떡"
D230062,백설기(검정콩),떡류,떡류,"멥쌀떡, 백설기, 검정콩","메뉴명: 백설기(검정콩)
메뉴 대분류: 떡류
메뉴 소분류: 떡류
식재료: 멥쌀떡, 백설기, 검정콩"
D230063,송편(검정콩),떡류,떡류,"멥쌀떡, 송편, 검정콩","메뉴명: 송편(검정콩)
메뉴 대분류: 떡류
메뉴 소분류: 떡류
식재료: 멥쌀떡, 송편, 검정콩"
D230064,송편(팥),떡류,떡류,"멥쌀떡, 송편, 팥","메뉴명: 송편(팥)
메뉴 대분류: 떡류
메뉴 소분류: 떡류
식재료: 멥쌀떡, 송편, 팥"
D230065,모싯잎송편(동부),떡류,떡류,"멥쌀떡, 모싯잎송편, 동부(국내산)","메뉴명: 모싯잎송편(동부)
메뉴 대분류: 떡류
메뉴 소분류: 떡류
식재료: 멥쌀떡, 모싯잎송편, 동부(국내산)"
D230067,수수떡,떡류,떡류,"수수떡, 수수경단","메뉴명: 수수떡
메뉴 대분류: 떡류
메뉴 소분류: 떡류
식재료: 수수떡, 수수경단"
D230068,찹쌀떡(경단 카스텔라),떡류,떡류,"찹쌀떡, 경단 카스텔라","메뉴명: 찹쌀떡(경단 카스텔라)
메뉴 대분류: 떡류
메뉴 소분류: 떡류
식재료: 찹쌀떡, 경단 카스텔라"
D230069,모듬찰떡,떡류,떡류,"찹쌀떡, 모둠 찰떡","메뉴명: 모듬찰떡
메뉴 대분류: 떡류
메뉴 소분류: 떡류
식재료: 찹쌀떡, 모둠 찰떡"
D230070,찹쌀떡(약식),떡류,떡류,"찹쌀떡, 약식","메뉴명: 찹쌀떡(약식)
메뉴 대분류: 떡류
메뉴 소분류: 떡류
식재료: 찹쌀떡, 약식"
D230071,인절미(팥고물),떡류,떡류,"찹쌀떡, 인절미, 팥고물","메뉴명: 인절미(팥고물)
메뉴 대분류: 떡류
메뉴 소분류: 떡류
식재료: 찹쌀떡, 인절미, 팥고물"
D230072,찰시루떡,떡류,떡류,"찹쌀떡, 찰시루떡","메뉴명: 찰시루떡
메뉴 대분류: 떡류
메뉴 소분류: 떡류
식재료: 찹쌀떡, 찰시루떡"
D230073,백편,떡류,떡류,"멥쌀, 백미, 생것, 소금, 천일염, 가는소금, 설탕, 백설탕, 대추, 말린것, 석이버섯, 말린것, 밤, 생것, 잣, 볶은것","메뉴명: 백편
메뉴 대분류: 떡류
메뉴 소분류: 떡류
식재료: 멥쌀, 백미, 생것, 소금, 천일염, 가는소금, 설탕, 백설탕, 대추, 말린것, 석이버섯, 말린것, 밤, 생것, 잣, 볶은것"
D230074,기장밥 인절미,떡류,떡류,"찹쌀, 백미, 생것, 멥쌀, 백미, 생것, 기장, 찰기장, 도정, 생것, 생수, 찹쌀떡, 인절미, 콩고물, 소금, 천일염, 가는소금, 설탕, 백설탕","메뉴명: 기장밥 인절미
메뉴 대분류: 떡류
메뉴 소분류: 떡류
식재료: 찹쌀, 백미, 생것, 멥쌀, 백미, 생것, 기장, 찰기장, 도정, 생것, 생수, 찹쌀떡, 인절미, 콩고물, 소금, 천일염, 가는소금, 설탕, 백설탕"
D230075,메밀범벅,떡류,떡류,"고구마, 생것, 메밀, 도정, 가루, 소금, 천일염, 가는소금, 설탕, 백설탕, 요구르트, 호상, 플레인, 포도, 건포도","메뉴명: 메밀범벅
메뉴 대분류: 떡류
메뉴 소분류: 떡류
식재료: 고구마, 생것, 메밀, 도정, 가루, 소금, 천일염, 가는소금, 설탕, 백설탕, 요구르트, 호상, 플레인, 포도, 건포도"
D230076,무화과소스를 곁들인 찹쌀구이떡,떡류,떡류,"무화과, 수입산, 말린것, 찹쌀, 백미, 가루, 설탕, 백설탕, 팽창제, 베이킹파우더, 크림, 생크림, 달걀, 생것, 강낭콩, 생것, 팥, 팥빙수용 단팥, 생수, 무화과, 봉래시, 생것, 레몬 착즙","메뉴명: 무화과소스를 곁들인 찹쌀구이떡
메뉴 대분류: 떡류
메뉴 소분류: 떡류
식재료: 무화과, 수입산, 말린것, 찹쌀, 백미, 가루, 설탕, 백설탕, 팽창제, 베이킹파우더, 크림, 생크림, 달걀, 생것, 강낭콩, 생것, 팥, 팥빙수용 단팥, 생수, 무화과, 봉래시, 생것, 레몬 착즙"
D230077,밤 설기,떡류,떡류,"밤, 생것, 멥쌀, 백미, 생것, 블루베리, 말린것, 대추, 말린것, 소금, 천일염, 가는소금, 설탕, 백설탕","메뉴명: 밤 설기
메뉴 대분류: 떡류
메뉴 소분류: 떡류
식재료: 밤, 생것, 멥쌀, 백미, 생것, 블루베리, 말린것, 대추, 말린것, 소금, 천일염, 가는소금, 설탕, 백설탕"
D230078,보리밥장떡,떡류,떡류,"보리, 쌀보리, 도정, 생것, 멥쌀, 백미, 생것, 양파, 생것, 부추, 재래종, 생것, 콩기름, 고추장, 개량, 달걀, 생것, 생수, 밀, 부침가루","메뉴명: 보리밥장떡
메뉴 대분류: 떡류
메뉴 소분류: 떡류
식재료: 보리, 쌀보리, 도정, 생것, 멥쌀, 백미, 생것, 양파, 생것, 부추, 재래종, 생것, 콩기름, 고추장, 개량, 달걀, 생것, 생수, 밀, 부침가루"
D230079,보리빈대떡,떡류,떡류,"보리, 가루, 녹두, 말린것, 생수, 고사리, 생것, 도라지, 뿌리, 생것, 숙주나물, 생것, 김치, 배추 김치, 파, 대파, 생것, 마늘, 생것, 참기름, 생강, 뿌리줄기, 생것, 콩기름, 달걀, 생것","메뉴명: 보리빈대떡
메뉴 대분류: 떡류
메뉴 소분류: 떡류
식재료: 보리, 가루, 녹두, 말린것, 생수, 고사리, 생것, 도라지, 뿌리, 생것, 숙주나물, 생것, 김치, 배추 김치, 파, 대파, 생것, 마늘, 생것, 참기름, 생강, 뿌리줄기, 생것, 콩기름, 달걀, 생것"
D230080,쑥찰떡구이,떡류,떡류,"쑥, 말린것, 찹쌀, 백미, 생것, 우유, 달걀, 생것, 소금, 천일염, 가는소금, 호두, 말린것, 캐슈너트, 조미, 볶은것, 설탕, 백설탕, 아몬드, 말린것, 콩기름","메뉴명: 쑥찰떡구이
메뉴 대분류: 떡류
메뉴 소분류: 떡류
식재료: 쑥, 말린것, 찹쌀, 백미, 생것, 우유, 달걀, 생것, 소금, 천일염, 가는소금, 호두, 말린것, 캐슈너트, 조미, 볶은것, 설탕, 백설탕, 아몬드, 말린것, 콩기름"
D230081,오색송편,떡류,떡류,"멥쌀, 백미, 가루, 밤, 생것, 대두, 검은색, 서리태, 말린것, 소금, 천일염, 가는소금, 참깨, 흰색, 볶은것, 미숫가루, 혼합곡물, 설탕, 백설탕, 쑥, 생것, 호박, 단호박, 생것, 포도 주스, 당근, 뿌리, 생것","메뉴명: 오색송편
메뉴 대분류: 떡류
메뉴 소분류: 떡류
식재료: 멥쌀, 백미, 가루, 밤, 생것, 대두, 검은색, 서리태, 말린것, 소금, 천일염, 가는소금, 참깨, 흰색, 볶은것, 미숫가루, 혼합곡물, 설탕, 백설탕, 쑥, 생것, 호박, 단호박, 생것, 포도 주스, 당근, 뿌리, 생것"
D230082,율무범벅,떡류,떡류,"옥수수, 단옥수수, 생것, 율무, 도정, 생것, 팥, 적색, 말린것, 생수, 설탕, 백설탕, 소금, 천일염, 가는소금","메뉴명: 율무범벅
메뉴 대분류: 떡류
메뉴 소분류: 떡류
식재료: 옥수수, 단옥수수, 생것, 율무, 도정, 생것, 팥, 적색, 말린것, 생수, 설탕, 백설탕, 소금, 천일염, 가는소금"
D230083,홍시 찰떡,떡류,떡류,"감, 떫은감, 연시, 생것, 찹쌀, 백미, 가루, 꿀, 잣, 생것, 소금, 천일염, 가는소금, 설탕, 백설탕, 생수","메뉴명: 홍시 찰떡
메뉴 대분류: 떡류
메뉴 소분류: 떡류
식재료: 감, 떫은감, 연시, 생것, 찹쌀, 백미, 가루, 꿀, 잣, 생것, 소금, 천일염, 가는소금, 설탕, 백설탕, 생수"
D311001,스파게티,조리가공식품류,조리가공식품류,"스파게티, 미트소스 스파게티, 냉동","메뉴명: 스파게티
메뉴 대분류: 조리가공식품류
메뉴 소분류: 조리가공식품류
식재료: 스파게티, 미트소스 스파게티, 냉동"
D311002,스프(소고기),조리가공식품류,조리가공식품류,"스프, 소고기 스프, 가루, 끓인것","메뉴명: 스프(소고기)
메뉴 대분류: 조리가공식품류
메뉴 소분류: 조리가공식품류
식재료: 스프, 소고기 스프, 가루, 끓인것"
D311003,"스프(소고기, 채소)",조리가공식품류,조리가공식품류,"스프, 소고기 스프, 가루, 끓인것","메뉴명: 스프(소고기, 채소)
메뉴 대분류: 조리가공식품류
메뉴 소분류: 조리가공식품류
식재료: 스프, 소고기 스프, 가루, 끓인것"
D311004,스프(양송이),조리가공식품류,조리가공식품류,"스프, 양송이 스프, 가루, 끓인것","메뉴명: 스프(양송이)
메뉴 대분류: 조리가공식품류
메뉴 소분류: 조리가공식품류
식재료: 스프, 양송이 스프, 가루, 끓인것"
D311005,스프(콘소메),조리가공식품류,조리가공식품류,"스프, 옥수수 스프, 가루, 끓인것","메뉴명: 스프(콘소메)
메뉴 대분류: 조리가공식품류
메뉴 소분류: 조리가공식품류
식재료: 스프, 옥수수 스프, 가루, 끓인것"
D311006,스프(크림),조리가공식품류,조리가공식품류,"스프, 크림 스프, 가루, 끓인것","메뉴명: 스프(크림)
메뉴 대분류: 조리가공식품류
메뉴 소분류: 조리가공식품류
식재료: 스프, 크림 스프, 가루, 끓인것"
D311008,즉석밥(누룽지),조리가공식품류,조리가공식품류,"즉석밥, 누룽지, 끓는물 부음","메뉴명: 즉석밥(누룽지)
메뉴 대분류: 조리가공식품류
메뉴 소분류: 조리가공식품류
식재료: 즉석밥, 누룽지, 끓는물 부음"
D311009,즉석밥(잡곡),조리가공식품류,조리가공식품류,"즉석밥, 잡곡밥(멥쌀, 찹쌀, 흑미, 팥, 기장, 찰수수)","메뉴명: 즉석밥(잡곡)
메뉴 대분류: 조리가공식품류
메뉴 소분류: 조리가공식품류
식재료: 즉석밥, 잡곡밥(멥쌀, 찹쌀, 흑미, 팥, 기장, 찰수수)"
D311010,즉석밥(백미),조리가공식품류,조리가공식품류,"즉석밥, 백미","메뉴명: 즉석밥(백미)
메뉴 대분류: 조리가공식품류
메뉴 소분류: 조리가공식품류
식재료: 즉석밥, 백미"
D311011,옥수수(통조림),조리가공식품류,조리가공식품류,"옥수수, 통조림, 가당","메뉴명: 옥수수(통조림)
메뉴 대분류: 조리가공식품류
메뉴 소분류: 조리가공식품류
식재료: 옥수수, 통조림, 가당"
D311012,밤(통조림),조리가공식품류,조리가공식품류,"밤, 통조림","메뉴명: 밤(통조림)
메뉴 대분류: 조리가공식품류
메뉴 소분류: 조리가공식품류
식재료: 밤, 통조림"
D311013,녹색완두(통조림),조리가공식품류,조리가공식품류,"완두, 통조림","메뉴명: 녹색완두(통조림)
메뉴 대분류: 조리가공식품류
메뉴 소분류: 조리가공식품류
식재료: 완두, 통조림"
D311014,들깻잎장아찌(통조림),조리가공식품류,조리가공식품류,"들깻잎장아찌, 통조림","메뉴명: 들깻잎장아찌(통조림)
메뉴 대분류: 조리가공식품류
메뉴 소분류: 조리가공식품류
식재료: 들깻잎장아찌, 통조림"
D311015,무말랭이 무침,조리가공식품류,조리가공식품류,무말랭이 무침,"메뉴명: 무말랭이 무침
메뉴 대분류: 조리가공식품류
메뉴 소분류: 조리가공식품류
식재료: 무말랭이 무침"
D311016,양배추샐러드(코울슬로),조리가공식품류,조리가공식품류,"양배추 샐러드, 코울슬로","메뉴명: 양배추샐러드(코울슬로)
메뉴 대분류: 조리가공식품류
메뉴 소분류: 조리가공식품류
식재료: 양배추 샐러드, 코울슬로"
D311017,토마토(통조림),조리가공식품류,조리가공식품류,"토마토, 통조림","메뉴명: 토마토(통조림)
메뉴 대분류: 조리가공식품류
메뉴 소분류: 조리가공식품류
식재료: 토마토, 통조림"
D311018,할라피뇨(통조림),조리가공식품류,조리가공식품류,"할라페뇨, 통조림","메뉴명: 할라피뇨(통조림)
메뉴 대분류: 조리가공식품류
메뉴 소분류: 조리가공식품류
식재료: 할라페뇨, 통조림"
D311019,양송이버섯(통조림),조리가공식품류,조리가공식품류,"양송이버섯, 통조림","메뉴명: 양송이버섯(통조림)
메뉴 대분류: 조리가공식품류
메뉴 소분류: 조리가공식품류
식재료: 양송이버섯, 통조림"
D311020,닭꼬치,조리가공식품류,조리가공식품류,닭꼬치,"메뉴명: 닭꼬치
메뉴 대분류: 조리가공식품류
메뉴 소분류: 조리가공식품류
식재료: 닭꼬치"
D311021,육포,조리가공식품류,조리가공식품류,"소고기, 육포","메뉴명: 육포
메뉴 대분류: 조리가공식품류
메뉴 소분류: 조리가공식품류
식재료: 소고기, 육포"
D311027,동그랑땡(냉동),조리가공식품류,조리가공식품류,"돈저냐(동그랑땡), 냉동","메뉴명: 동그랑땡(냉동)
메뉴 대분류: 조리가공식품류
메뉴 소분류: 조리가공식품류
식재료: 돈저냐(동그랑땡), 냉동"
D311032,샌드위치(닭고기),조리가공식품류,조리가공식품류,"샌드위치, 닭고기","메뉴명: 샌드위치(닭고기)
메뉴 대분류: 조리가공식품류
메뉴 소분류: 조리가공식품류
식재료: 샌드위치, 닭고기"
D311033,샌드위치(생선),조리가공식품류,조리가공식품류,"샌드위치, 생선","메뉴명: 샌드위치(생선)
메뉴 대분류: 조리가공식품류
메뉴 소분류: 조리가공식품류
식재료: 샌드위치, 생선"
D311034,샌드위치(소고기),조리가공식품류,조리가공식품류,"샌드위치, 소고기","메뉴명: 샌드위치(소고기)
메뉴 대분류: 조리가공식품류
메뉴 소분류: 조리가공식품류
식재료: 샌드위치, 소고기"
D311036,"샌드위치(햄,치즈,채소)",조리가공식품류,조리가공식품류,"샌드위치, 햄, 치즈, 채소","메뉴명: 샌드위치(햄,치즈,채소)
메뉴 대분류: 조리가공식품류
메뉴 소분류: 조리가공식품류
식재료: 샌드위치, 햄, 치즈, 채소"
D311039,스튜,조리가공식품류,조리가공식품류,"스튜, 레토르트","메뉴명: 스튜
메뉴 대분류: 조리가공식품류
메뉴 소분류: 조리가공식품류
식재료: 스튜, 레토르트"
D311042,연잎밥,조리가공식품류,조리가공식품류,연잎밥,"메뉴명: 연잎밥
메뉴 대분류: 조리가공식품류
메뉴 소분류: 조리가공식품류
식재료: 연잎밥"
D311045,초밥(모듬),조리가공식품류,조리가공식품류,"초밥, 유부 초밥","메뉴명: 초밥(모듬)
메뉴 대분류: 조리가공식품류
메뉴 소분류: 조리가공식품류
식재료: 초밥, 유부 초밥"
D311053,"햄버거(소고기,토마토,양상추,양파)",조리가공식품류,조리가공식품류,"햄버거, 소고기패티, 토마토, 양상추, 양파","메뉴명: 햄버거(소고기,토마토,양상추,양파)
메뉴 대분류: 조리가공식품류
메뉴 소분류: 조리가공식품류
식재료: 햄버거, 소고기패티, 토마토, 양상추, 양파"
D311054,누에번데기(통조림),조리가공식품류,조리가공식품류,"누에, 번데기, 통조림","메뉴명: 누에번데기(통조림)
메뉴 대분류: 조리가공식품류
메뉴 소분류: 조리가공식품류
식재료: 누에, 번데기, 통조림"
D311055,달팽이(통조림),조리가공식품류,조리가공식품류,"달팽이, 통조림","메뉴명: 달팽이(통조림)
메뉴 대분류: 조리가공식품류
메뉴 소분류: 조리가공식품류
식재료: 달팽이, 통조림"
